{"type": "FeatureCollection", "features": [{"type": "Feature", "properties": {"name": "gabon_water_mask", "buffer_deg": 0.04}, "geometry": {"type": "MultiPolygon", "coordinates": [[[[10.426272586709198, -2.9452862667948394], [10.42894303162248, -2.9482610324418808], [10.430569860431516, -2.9504849662398427], [10.431416140397454, -2.950639367726963], [10.432786040397454, -2.950972167726963], [10.436336149560619, -2.9520106171722276], [10.437539326973607, -2.9524871093748715], [10.437972142558314, -2.9494216914594613], [10.43885199536169, -2.9457441305583227], [10.44007518160464, -2.942166084925264], [10.441630770134125, -2.9387195302014666], [10.443504859243529, -2.9354352669435637], [10.445680700906959, -2.9323426453707113], [10.446801300906959, -2.9308999453707116], [10.449306305836384, -2.927976890341253], [10.450914284801065, -2.926430158446766], [10.450866087760234, -2.926109961970743], [10.450466524269565, -2.92207438656141], [10.450477625717431, -2.918019094139728], [10.45089927799816, -2.9139857668257547], [10.4517271471799, -2.9100158609722846], [10.4528407471799, -2.905766560972285], [10.454724228761798, -2.900253257927138], [10.456478528761798, -2.896127957927138], [10.457887986283641, -2.893158645527322], [10.46119818628364, -2.886866245527322], [10.461305506004217, -2.8866636513677664], [10.463240106004218, -2.8830367513677664], [10.46511408411696, -2.879881237928336], [10.46655518411696, -2.8776902379283356], [10.468719868810973, -2.874708016488066], [10.469109743249025, -2.8742635252018984], [10.469552676603262, -2.8716967526857364], [10.470399744280567, -2.8687502529660502], [10.470850934369771, -2.865825939430625], [10.471724034121086, -2.8623130655450817], [10.471973934121086, -2.8614721655450817], [10.473271027889544, -2.857779634276584], [10.474922769093753, -2.85423153754632], [10.476913345161547, -2.850861842258712], [10.47922369976155, -2.8477028074321797], [10.481672439709593, -2.844962890197614], [10.481743816656627, -2.844869215984975], [10.484355270605711, -2.842050344255952], [10.487225158316129, -2.8394950606939067], [10.487255352351976, -2.8394729823192355], [10.48841655018631, -2.8355911484221585], [10.489990988481251, -2.831797562696861], [10.491946150302477, -2.828185431628837], [10.494261420730945, -2.8247928409605105], [10.496912387919048, -2.8216555616348273], [10.497612687919048, -2.8209082616348273], [10.500277173417508, -2.8183174391273105], [10.503170613771154, -2.815985091135081], [10.506268031637815, -2.8139313514251243], [10.509542688859296, -2.81217394870555], [10.511780944244542, -2.8112286701449354], [10.511891106949962, -2.8111496434309284], [10.512590606949962, -2.8107038434309284], [10.513890117955912, -2.8099523629751726], [10.516404819786805, -2.8082420111520707], [10.519511377283578, -2.8065111029204823], [10.520766677283579, -2.8058831029204825], [10.524381312776342, -2.8042927459662694], [10.52511465317283, -2.8040532016853743], [10.525202485002753, -2.8039393944007895], [10.525949285002753, -2.8030499944007894], [10.528723745419258, -2.8000682194930997], [10.531787042133384, -2.7973840389022864], [10.53510741524435, -2.7950252818976637], [10.538650439513463, -2.7930164037950016], [10.539397416672172, -2.792641778466345], [10.540113392337782, -2.792188385854808], [10.543940998184999, -2.7900490286029016], [10.547979775158518, -2.788341487525472], [10.552181188730282, -2.787086282374135], [10.553874188730282, -2.786680082374135], [10.55820660408846, -2.7858899172202567], [10.558991413449425, -2.7858346944092522], [10.559186269271454, -2.785404522141229], [10.559390656692775, -2.785006514195075], [10.559564309113243, -2.784594168005496], [10.560286867537815, -2.783261303871236], [10.56097945120551, -2.781912621054379], [10.561221866046246, -2.7815365630958278], [10.561435099277173, -2.7811432233795244], [10.562454399277174, -2.7794651233795244], [10.564587455380027, -2.7763036309222264], [10.565926085000752, -2.7746781498784876], [10.56798363846131, -2.7716327314111893], [10.570413268530553, -2.768686974181413], [10.573112713577505, -2.7659863104910163], [10.574689813577505, -2.7645524104910164], [10.578344009061864, -2.7616026068585184], [10.581631409061863, -2.7592537068585186], [10.58492782685032, -2.7571343111767432], [10.588415819791615, -2.755347662488986], [10.592061907059426, -2.7539109106219284], [10.59362222407248, -2.7534666977367777], [10.59431541517323, -2.753007283318185], [10.595711517656646, -2.7521689498536634], [10.598040488021978, -2.750555486684528], [10.601465524327756, -2.7486494002774977], [10.602962338982584, -2.74799919351223], [10.603479794298188, -2.747576653962987], [10.606487645278367, -2.7455452821709616], [10.609667248025946, -2.7437949207100147], [10.612992423204451, -2.7423399812237634], [10.613501743871447, -2.7421441495182344], [10.615734995473446, -2.7408252342372967], [10.619096204604714, -2.739240659509683], [10.622589957306772, -2.7379748412176723], [10.623899457306772, -2.7375681412176722], [10.627737513122991, -2.7365816776402636], [10.631654342911073, -2.7359798244611757], [10.63561150351826, -2.735768488787673], [10.639570155950286, -2.7359497448507084], [10.643491446570824, -2.7365218136466236], [10.647336888444654, -2.7374790803978315], [10.648825988444655, -2.7379291803978316], [10.651631534081886, -2.7388920859585415], [10.654358011097962, -2.740060245417795], [10.657778411097961, -2.741678345417795], [10.660719723229171, -2.743222401563342], [10.663522770273236, -2.7450051953547185], [10.666168219218, -2.7470144306108426], [10.668434119218, -2.7488887306108425], [10.672058861248997, -2.752287573685575], [10.673122864432921, -2.7534174131914506], [10.674151340375245, -2.7540283337213283], [10.675556840375245, -2.754954233721328], [10.678471783859777, -2.7570686137234244], [10.681184758688923, -2.759436580337992], [10.683673777052359, -2.7620389419381075], [10.683937316440504, -2.7623405666465533], [10.68733407867166, -2.7601603659462124], [10.691089051122175, -2.7582740802226664], [10.695021190156371, -2.756792130645005], [10.699087099970411, -2.7557308722791625], [10.700889699970412, -2.7553602722791624], [10.705480488235775, -2.7546911092718664], [10.708751407849899, -2.754597224055529], [10.709447964114142, -2.7545027455219033], [10.710875029997998, -2.754390620266961], [10.711845247034926, -2.753994023720976], [10.71242891725016, -2.753819931802201], [10.712999465492702, -2.7536067332579846], [10.714308772326321, -2.7532592254843418], [10.715606896985198, -2.7528720324997162], [10.716204820660842, -2.752755988566508], [10.716793518669279, -2.752599740138708], [10.718130582550847, -2.7523822402216225], [10.71946040793378, -2.7521241501439047], [10.720066826737979, -2.7520672717627748], [10.720668005028674, -2.7519694782091664], [10.722191405028674, -2.751797878209166], [10.72765607272064, -2.751558685698952], [10.72887927272064, -2.751588885698952], [10.733012356716651, -2.7519057793263597], [10.737090451906148, -2.7526487090098355], [10.741069762592902, -2.7538096962395064], [10.742893662592902, -2.7544460962395068], [10.746744545795755, -2.7560188294262926], [10.750411277060332, -2.7579829763027255], [10.753854203458408, -2.7603172961043496], [10.755324103458408, -2.7614296961043494], [10.758610847100242, -2.7642073477311904], [10.761580179549089, -2.767322006161171], [10.764197734433525, -2.7707376230533574], [10.766433216774821, -2.774414666842732], [10.767216316774821, -2.775874266842732], [10.76923698260488, -2.7802561627038394], [10.77071530229318, -2.7848494918487567], [10.77168090229318, -2.7886150918487567], [10.772116758507105, -2.79050392311217], [10.772663858507103, -2.79316792311217], [10.773215981872205, -2.7966126464112477], [10.773465851783929, -2.8000923768382653], [10.77345069789199, -2.8010661550300715], [10.774412298476056, -2.8015917364625413], [10.777530266797147, -2.8036989625878985], [10.78043640449153, -2.806089881259874], [10.78310498837473, -2.808743329667708], [10.785512397929505, -2.8116358212632506], [10.78763732437885, -2.8147417536481543], [10.787816310973296, -2.8150317638113305], [10.78790786261908, -2.815127848656189], [10.790340328541761, -2.8182471228627577], [10.79219682854176, -2.8208873228627573], [10.793170949113222, -2.8223390799895984], [10.794853049113222, -2.8249683799895986], [10.797062147313229, -2.8288916499102457], [10.798816341405637, -2.833038331090863], [10.799107789590781, -2.8340236716741245], [10.801973748751417, -2.8364811694593843], [10.804890566084895, -2.839577310028413], [10.807462105637661, -2.8429656863517603], [10.80813800563766, -2.84396218635176], [10.810244704418011, -2.847435656407627], [10.811988227086047, -2.8511048937515686], [10.813350590105562, -2.854932052094673], [10.814317741405347, -2.8588776562744473], [10.814826724842359, -2.862521698289928], [10.81582549516397, -2.8633040071621707], [10.817174462020736, -2.8645361344954083], [10.820435446072029, -2.8654750057795537], [10.824473973935849, -2.8671328054057588], [10.828307789337805, -2.869220834709009], [10.830326989337806, -2.870468034709009], [10.833633724502265, -2.8727474996148885], [10.836695205891836, -2.8753470744659593], [10.839480569071474, -2.8782405515546063], [10.84196173330183, -2.8813987601872046], [10.842862633301829, -2.882672260187205], [10.843004220200262, -2.8828986264465155], [10.847351161406223, -2.8836123183485114], [10.85163139792519, -2.8848150770580725], [10.85340939792519, -2.8854231770580725], [10.856629180105017, -2.886682287027585], [10.858411133964811, -2.887563441865982], [10.858781341034106, -2.887343434685147], [10.86211750288612, -2.885568464543699], [10.863485424032405, -2.8849990601862823], [10.865184709214805, -2.8841008971799944], [10.868649342565952, -2.882666803859547], [10.872233040866728, -2.8815634388253715], [10.875904311678658, -2.880800498110042], [10.879630893002966, -2.8803846862019165], [10.883380036789113, -2.880319657128159], [10.884249636789113, -2.880345357128159], [10.885604986084298, -2.880452247460873], [10.887095388380471, -2.8802283692522925], [10.890698803225398, -2.880016148453481], [10.892174203225398, -2.8799959484534807], [10.895548008884202, -2.880092168128548], [10.8970812088842, -2.880200768128548], [10.901072285412065, -2.8806860233342566], [10.904994489613298, -2.8815694703727233], [10.907268089613298, -2.882203170372723], [10.909669243228723, -2.8830058957655638], [10.91194484477967, -2.883310783374651], [10.914840481290385, -2.8840220841346134], [10.918854111994154, -2.8835301670879816], [10.922914012533418, -2.883447369609411], [10.926961386994796, -2.8837766229777735], [10.93095452301614, -2.884514533898016], [10.934852267218297, -2.885653497438144], [10.938614449333043, -2.8871817754058786], [10.940457249333043, -2.8880417754058785], [10.944259424932094, -2.890072479338085], [10.947821008611173, -2.892500527822611], [10.951100640817028, -2.895297724694591], [10.951735622581866, -2.8959700954559078], [10.954132298112198, -2.8951421141925433], [10.957534868451868, -2.8942916656397175], [10.960998855898335, -2.8937425403096517], [10.963794655898337, -2.8934242403096517], [10.967631544512965, -2.8931734147519417], [10.97147478918215, -2.8932921502321403], [10.974381512444607, -2.89366344576493], [10.976668482037455, -2.893742335448459], [10.978279797688304, -2.8939862989352254], [10.979295542502582, -2.893775329791706], [10.983745609314843, -2.8931095363777812], [10.985836409314842, -2.8929161363777816], [10.99018917803257, -2.8927516861760676], [10.994534019587096, -2.893061510715019], [10.998819410567911, -2.8938419359327154], [11.000128110567912, -2.894154735932715], [11.003661758883608, -2.895173143237302], [11.007086943098544, -2.8965117757301067], [11.00934558309525, -2.8976436090378908], [11.011407643155007, -2.8969114651036283], [11.012649243155007, -2.8965326651036283], [11.016267026119246, -2.8956110641108936], [11.019954973860976, -2.895030768134326], [11.023680960432388, -2.894796832169158], [11.027412528527009, -2.8949112940464916], [11.031117172217355, -2.895373156681618], [11.03476262011615, -2.896178396759689], [11.035765220116149, -2.896449496759689], [11.040058734479747, -2.8978754844130683], [11.044163761294234, -2.89977718397671], [11.048027787757414, -2.902130268307934], [11.048938587757414, -2.902758168307934], [11.051966223795326, -2.9050653956222536], [11.054760834307647, -2.9076499710114465], [11.057297110816265, -2.910488488111948], [11.05955208436066, -2.9135552408199556], [11.060300984360662, -2.9146824408199556], [11.062432553857244, -2.918286844190087], [11.064175622442587, -2.922094339965549], [11.065511086834327, -2.9260631996294535], [11.066424310916837, -2.930149926186063], [11.066905286146756, -2.9343097308691672], [11.067008286146756, -2.9359491308691674], [11.067014382710289, -2.9364707878622704], [11.071585228401181, -2.9379513685979792], [11.075999096880123, -2.9400024746831916], [11.077286596880123, -2.9406989746831917], [11.080865176090471, -2.9428847826490734], [11.084195260876683, -2.945433217648264], [11.085364760876683, -2.946429617648264], [11.088061230352425, -2.948950756080032], [11.09051379601138, -2.951709742907522], [11.092701569525618, -2.9546830800354233], [11.094605917783136, -2.9578454437621047], [11.095667298966518, -2.960044301757139], [11.09762466324773, -2.962094623919229], [11.098858463247732, -2.963519623919229], [11.10154010099408, -2.966983254700821], [11.103826925704688, -2.970719342485764], [11.104728125704687, -2.972390842485764], [11.10646944061121, -2.976053816683166], [11.10783087415807, -2.9798742952228237], [11.107975255940545, -2.9804620416620717], [11.10878513549525, -2.9822989175792305], [11.109924137751259, -2.9856633406077497], [11.110760183535417, -2.989115542209745], [11.111182979794084, -2.9919364162508093], [11.111459706502865, -2.9921511989931977], [11.113308435930366, -2.993867762026317], [11.115334349714555, -2.994093652330535], [11.118991387816978, -2.994673857861845], [11.122579105401389, -2.9955897446865367], [11.126066758943264, -2.996833464475306], [11.127673258943263, -2.9974916644753056], [11.131184993853509, -2.999133461513332], [11.13452131048952, -3.001107485550212], [11.137650872956886, -3.0033951958371072], [11.140544287271238, -3.0059751053702906], [11.141467587271238, -3.0068824053702907], [11.144031549695354, -3.0096515290949806], [11.146323135282769, -3.0126499595194636], [11.148321946129581, -3.0158510069595343], [11.150010190383808, -3.0192261781926697], [11.151093328198785, -3.022023546670818], [11.152637822885362, -3.022688254541054], [11.154212222885361, -3.023467654541054], [11.157576249034127, -3.0253397268129585], [11.160744723072892, -3.0275265278524897], [11.163688294383965, -3.0300078006019953], [11.165604289089073, -3.0319674759640676], [11.165880420020365, -3.032001069624603], [11.169824333083204, -3.032682592905123], [11.173680396031983, -3.0337548348387315], [11.177410002629076, -3.035207060323997], [11.178548302629077, -3.035717260323997], [11.181999311947257, -3.0374692277928226], [11.185264852030762, -3.03954651046232], [11.188314351596803, -3.0419296612596276], [11.188943051596803, -3.042471961259628], [11.191685493187292, -3.0450733880604663], [11.194170129106112, -3.0479220704977092], [11.196374770922054, -3.0509925691120654], [11.19827973062251, -3.054257463569318], [11.199867996432449, -3.05768759753089], [11.200314196432448, -3.05878439753089], [11.201351765663004, -3.0617565288996285], [11.202116685859021, -3.062049935049038], [11.20482468311718, -3.0633286294099364], [11.20721988311718, -3.0645713294099366], [11.210351369423444, -3.066380207576744], [11.211350155997204, -3.0670846276496166], [11.213484968273436, -3.067657878277612], [11.216777236024456, -3.0688595860348182], [11.2199516760536, -3.0703448668094535], [11.222781376053602, -3.0718232668094534], [11.226758959985242, -3.07420448549052], [11.226806162973675, -3.074236599928117], [11.23099315620561, -3.0735489871418684], [11.235717238546664, -3.0733386976420127], [11.238091038546665, -3.073373497642013], [11.242161277955322, -3.07364117108154], [11.246183093324856, -3.074321978724996], [11.250114661551118, -3.075408840812035], [11.25391509801553, -3.076890454997301], [11.255906598015528, -3.0777863549973006], [11.260052255080147, -3.0799511290910258], [11.263916901629635, -3.082584990594944], [11.265093001629635, -3.083491590594944], [11.26812437682101, -3.0860790294760805], [11.269551501864417, -3.0875668919073593], [11.270777164466798, -3.087350152234819], [11.274316686546051, -3.0870443644818804], [11.277869380287932, -3.087053844765287], [11.27968788028793, -3.0871395447652867], [11.28379249146183, -3.087545879544571], [11.28783343604865, -3.0883727457296297], [11.291767746328894, -3.0896113511795322], [11.295553588435027, -3.091248525693499], [11.299150707174682, -3.0932668610508105], [11.300797607174683, -3.0943060610508106], [11.304420655068812, -3.096884499575316], [11.307735106309037, -3.0998491638470305], [11.310699996719809, -3.103163412799647], [11.311949896719808, -3.1047275127996468], [11.314433107650329, -3.1081998456717104], [11.316348710972601, -3.111592220954427], [11.316623996137537, -3.1115001776664113], [11.317567696137537, -3.111235777666411], [11.32165181931324, -3.1103189546474708], [11.325809389839044, -3.1098339454874147], [11.329994880689581, -3.109786061226476], [11.334162459100993, -3.1101758262160626], [11.338266488457645, -3.1109989723769074], [11.339376988457644, -3.1112828723769077], [11.343059918305858, -3.112415983677846], [11.346616730735027, -3.1138982113360933], [11.35001441871813, -3.115715800359126], [11.353221451894399, -3.117851883619088], [11.354085151894399, -3.118489283619088], [11.357305642532491, -3.121135911945464], [11.360233210134728, -3.1241033265410927], [11.362836060948352, -3.127359300909854], [11.363145382364683, -3.127841757318252], [11.364847101958032, -3.1271302011398934], [11.368682203645943, -3.1259616017856233], [11.372615022918003, -3.125182780894332], [11.376606050599525, -3.124801562515007], [11.380615192753066, -3.1248217763744943], [11.384602173462863, -3.12524321940399], [11.386447573462863, -3.12553241940399], [11.3905318976308, -3.126392925330762], [11.394504313754195, -3.12767436378085], [11.3983215667541, -3.1293627813516864], [11.3998557667541, -3.1301394813516863], [11.403086521005909, -3.1319681662420575], [11.406133823857468, -3.1340884980073076], [11.40897142686769, -3.1364822128232834], [11.409639345392375, -3.1371611676774633], [11.412019541646652, -3.138002685868825], [11.412947641646651, -3.1383856858688253], [11.416753525936782, -3.1401964745403026], [11.420018218584541, -3.142195857502411], [11.421663743789896, -3.1420807057514395], [11.42559989629736, -3.142193385632594], [11.42930669629736, -3.142482585632594], [11.43337989722497, -3.1430119019139457], [11.437377341484176, -3.143956137539701], [11.441256878170085, -3.145305336051814], [11.444977599649903, -3.1470452708758856], [11.446619099649904, -3.1479182708758855], [11.450267375996138, -3.1501153156740904], [11.453661389913302, -3.1526877844637764], [11.456762668289052, -3.155606516822165], [11.457454788844098, -3.1563311513761216], [11.458760362707459, -3.1568995676463487], [11.4633664469348, -3.1592708538098324], [11.4657374469348, -3.1606928538098322], [11.468556728876358, -3.162549824900042], [11.471209385984812, -3.1646379107605447], [11.473676523562146, -3.166942238096316], [11.474600649107053, -3.1678814624247424], [11.47532327459632, -3.1686158866974243], [11.477809845481202, -3.171390457535856], [11.48002747575163, -3.174384350333986], [11.48029176711791, -3.17477827088537], [11.481074523269925, -3.175288390800035], [11.481158202265677, -3.1753373966080884], [11.481616321432547, -3.1756056897413405], [11.483979400568032, -3.1758222051090668], [11.487780634879641, -3.176545948017659], [11.48902853487964, -3.176846748017659], [11.493021716259905, -3.178032386701624], [11.496869944148624, -3.179626870549485], [11.498045744148625, -3.180187470549485], [11.498116828911987, -3.180225611764301], [11.499156165313192, -3.1805495870730844], [11.50279649538225, -3.1820932489816283], [11.506266630868646, -3.1839887844747397], [11.507364330868647, -3.1846608844747397], [11.508303598388988, -3.185280366730007], [11.508390563160644, -3.185319867979881], [11.512243814044876, -3.1876224959763517], [11.515814806103487, -3.19034235880089], [11.517024506103487, -3.19137595880089], [11.51736980219116, -3.191674413825336], [11.52013250219116, -3.194090013825336], [11.522720841409738, -3.1965662106682178], [11.525077278301135, -3.1992640349567867], [11.525125521356424, -3.199324533910354], [11.526504555664753, -3.2001393167029764], [11.526897687914243, -3.2004176900741874], [11.52910976157471, -3.2014867692343625], [11.532092450078295, -3.203087360110111], [11.534447450078295, -3.2044825601101112], [11.537667119261364, -3.2066061585934915], [11.538994819261363, -3.2075768585934914], [11.541232054704613, -3.209399810488572], [11.544099397635547, -3.210647690826363], [11.545160097635547, -3.211177690826363], [11.548376985070663, -3.212974806182071], [11.551414846855788, -3.215060323898706], [11.554247902958428, -3.217416545766701], [11.555225002958428, -3.2183084457667013], [11.55765414491641, -3.220724429227863], [11.559867635527866, -3.2233394179562604], [11.560742208663122, -3.22446722763486], [11.561572533318026, -3.2255253818526577], [11.562185169599756, -3.2262015658768544], [11.562282134421098, -3.226322273157292], [11.56228559744207, -3.2263238486097374], [11.563879597442071, -3.227149348609738], [11.566941744309938, -3.228910844776376], [11.56983653221301, -3.2309356448113666], [11.57120363221301, -3.2319847448113666], [11.574233832099955, -3.234559199849386], [11.575950432099955, -3.2361711998493856], [11.578048681269301, -3.238294387940319], [11.579982752043378, -3.240568139792876], [11.581861063245922, -3.2429510778812447], [11.5834630742513, -3.244983016125998], [11.585528063037394, -3.247854775329311], [11.587331283047412, -3.2508977306697617], [11.587750907686592, -3.2517742498703535], [11.589141958681877, -3.2532550887424203], [11.59186028740303, -3.256903507478534], [11.594146718084804, -3.2608370180032074], [11.594752218084805, -3.2620301180032074], [11.596395051643281, -3.2657172733162505], [11.597043397539432, -3.2676856150797855], [11.59894471492467, -3.2691354625268256], [11.602122742935842, -3.272163808845222], [11.603435042935843, -3.2735595088452216], [11.605770046552163, -3.276277175470497], [11.607852491137475, -3.2791928877888634], [11.6096656677372, -3.2822832509378435], [11.610663018979714, -3.2843963144502646], [11.613683435674712, -3.2852989312209315], [11.617192478724533, -3.2867212176902774], [11.620394515116006, -3.2883873292101415], [11.618708861002277, -3.286652133920544], [11.616125861002276, -3.283726733920544], [11.613053542814972, -3.279773782342641], [11.611179207543946, -3.2770227208542497], [11.609620979406806, -3.2757393784074504], [11.607161283108796, -3.2735370805229196], [11.604891585286621, -3.271139437170238], [11.6028273485714, -3.2685627826271952], [11.6002450485714, -3.265051782627195], [11.5995454959686, -3.264069981586794], [11.598466895968599, -3.2625068815867944], [11.59661869872688, -3.2595625019363097], [11.595033134139202, -3.2564687680258406], [11.593722178375815, -3.253249047609884], [11.592984878375816, -3.2511857476098838], [11.591829805949075, -3.2473601029474963], [11.591609905949076, -3.2464740029474966], [11.590828977358143, -3.2424589269814943], [11.59046216795181, -3.238385091523805], [11.59051331333785, -3.2342950953592116], [11.59098187870544, -3.230231706259802], [11.59110937870544, -3.2294705062598017], [11.591953763095558, -3.2256106440545818], [11.593174834338917, -3.221852917845795], [11.594760678198233, -3.218233992522522], [11.596695821276574, -3.214789178665735], [11.59896138199439, -3.2115520880158708], [11.601535254820893, -3.20855430551633], [11.60439232596214, -3.205825081132843], [11.607504718401373, -3.203391044455682], [11.608049718401372, -3.2030066444556824], [11.611235321282503, -3.2009779544951478], [11.614598056203464, -3.1992587504573446], [11.615711312323711, -3.1988164814200033], [11.616022479060616, -3.198480139356125], [11.61670289942315, -3.196003873652364], [11.618029104142158, -3.192500183629403], [11.619677278022605, -3.1891359325101307], [11.620689663557489, -3.1874818438844126], [11.621817722289666, -3.1845504012735337], [11.623435372297607, -3.181274770278187], [11.625139434969531, -3.178495838840778], [11.62516536353575, -3.1783383062945854], [11.625686863535751, -3.1760373062945852], [11.626475108249496, -3.173086805798009], [11.627360612102057, -3.1705628885980817], [11.625515212103494, -3.1669246074711004], [11.623932565006529, -3.1626650049306355], [11.62358926500653, -3.1615509049306354], [11.622616237153228, -3.157734836632282], [11.622023177555151, -3.153841580825875], [11.621815834872592, -3.149908875717049], [11.621996218924886, -3.145974841902416], [11.622082018924885, -3.145075041902416], [11.622761087414592, -3.140623610416782], [11.623936170720482, -3.1362767085879826], [11.625592377323008, -3.1320894235517387], [11.626107377323008, -3.1309752235517387], [11.627850794871467, -3.127627749277303], [11.629901956240749, -3.1244594964775008], [11.63224259957099, -3.1214986726788125], [11.634851885692187, -3.118771638629884], [11.635753085692187, -3.117914638629884], [11.638876855469956, -3.1152361508338213], [11.642259273008783, -3.1128927588283735], [11.645864543379332, -3.110909261902889], [11.647366643379334, -3.1101808619028892], [11.64831771866442, -3.109775524929948], [11.648399520404524, -3.109272843920247], [11.649537575521787, -3.105137980803211], [11.649837975521788, -3.104238180803211], [11.651338600743497, -3.1004105115402987], [11.653224198594978, -3.0967570954970913], [11.65547484899823, -3.0933165285663935], [11.658066775339622, -3.090125158032739], [11.658839275339622, -3.0892680580327387], [11.661636250161612, -3.0864582431284298], [11.664697639751134, -3.0839391119820854], [11.667993369537392, -3.0817354121097575], [11.671491062831338, -3.079868792284297], [11.674426879583503, -3.078658354349875], [11.675252213816606, -3.0779583132646575], [11.675946713811765, -3.077382583415108], [11.680495713811766, -3.073697283415108], [11.684819068363083, -3.070645323612256], [11.687694368363083, -3.0688884236122562], [11.691014396344666, -3.0670697028599863], [11.694491484786457, -3.065572977453904], [11.698094491295832, -3.064411652750538], [11.700626491295832, -3.063725952750538], [11.704200436691076, -3.06293166486653], [11.707832035643317, -3.0624674795792286], [11.711490864480156, -3.062337285594766], [11.71514627141119, -3.062542173611532], [11.718767633312991, -3.063080427182865], [11.72095633331299, -3.063508927182865], [11.724449429914316, -3.064357386191894], [11.727852250277447, -3.0655160147486114], [11.731128404073491, -3.0669714977391216], [11.733551810951315, -3.065464756362674], [11.73363756171162, -3.065270972141048], [11.73458166171162, -3.063385472141048], [11.736723315171218, -3.0596300834320362], [11.739257744917012, -3.0561277570965237], [11.742155346237286, -3.052919403860745], [11.745382272207742, -3.050042500546765], [11.74688427220774, -3.048842600546765], [11.750279330767462, -3.0464095193567644], [11.750544622884716, -3.0462585566114315], [11.750656378011561, -3.0454219549553363], [11.751450681192665, -3.041210094179803], [11.752691088061459, -3.0371074024370768], [11.754363356662639, -3.0331609855227732], [11.75522165666264, -3.0314039855227732], [11.755744836461083, -3.0304542166776227], [11.756225767976298, -3.029482371608539], [11.75669125845677, -3.0287361034619686], [11.757115629602152, -3.0279657096243953], [11.757729383773025, -3.02707179476358], [11.757994308644912, -3.026647070732868], [11.758727805550569, -3.0252281679557633], [11.7606193819557, -3.022246998663448], [11.762766469465664, -3.019444241651067], [11.765152340347589, -3.016841732903594], [11.76568884034759, -3.0163060329035942], [11.768631139250902, -3.013646032071865], [11.771822417026831, -3.011290512295235], [11.773138673379329, -3.010507496064748], [11.77293155984382, -3.0092926792819186], [11.772505093766876, -3.00594340651978], [11.772362600000001, -3.0025701], [11.772362600000001, -3.0005558], [11.772559453513498, -2.9965922750821874], [11.773148076488706, -2.992667761854671], [11.774122675300582, -2.98882088802833], [11.774938075300582, -2.98616378802833], [11.776439441941013, -2.9820785118928255], [11.778375783531402, -2.9781805426603083], [11.7802211835314, -2.9749234426603084], [11.782263680283423, -2.9716894592699643], [11.784605732763284, -2.9686653508505088], [11.787225925182286, -2.965878769927864], [11.789886625182286, -2.9633073699278643], [11.792712211838921, -2.9608227232751405], [11.795751316047774, -2.9586199610812076], [11.795819931538123, -2.9583005799865107], [11.796141731538123, -2.9571862799865105], [11.79748284907292, -2.9533028510871016], [11.799215240869772, -2.9495774739355767], [11.799816140869773, -2.948441773935577], [11.801606817360103, -2.94539174506055], [11.803659916370353, -2.94251181747715], [11.8059593862612, -2.9398245071763833], [11.808487249204424, -2.9373508242193735], [11.809109449204422, -2.9367936242193733], [11.81204334413192, -2.9344101200373105], [11.81213457673581, -2.9334977376135147], [11.81277827673581, -2.929083237613515], [11.813844687791061, -2.924056937501092], [11.814145087791061, -2.922985437501092], [11.815314642555519, -2.919454419783371], [11.816807140867105, -2.916047310560021], [11.81860967639847, -2.912793572689803], [11.820706661786165, -2.909721342758024], [11.82307996342183, -2.9068571877663936], [11.82393826342183, -2.9059142877663935], [11.827069491958712, -2.902832813235592], [11.830519761728873, -2.900113306672394], [11.832837261728873, -2.8984847066723938], [11.83604814872933, -2.896449105920713], [11.839437786720573, -2.8947275310491896], [11.842975555692222, -2.893335533759973], [11.846629497505111, -2.8922856885437795], [11.84826029750511, -2.8918999885437797], [11.852133666295284, -2.8911832096978993], [11.85605875470533, -2.8908508865540754], [11.859997497331621, -2.8909062419733704], [11.860451010527882, -2.8909349933278015], [11.862266085061398, -2.8878887015500774], [11.865116386602903, -2.8841739164682663], [11.865727986602902, -2.8834667164682664], [11.86835475883487, -2.8807067646719173], [11.871232211965093, -2.878209259965179], [11.874334238022765, -2.8759968629360864], [11.875299838022766, -2.875375362936086], [11.8789320293487, -2.8732978135244847], [11.8830948293487, -2.871197713524485], [11.885521030550546, -2.8700738129669734], [11.890284330550546, -2.868057812966973], [11.891475618193441, -2.867576030750322], [11.89336391819344, -2.866847430750322], [11.89785492102841, -2.8654124000482386], [11.902483577227313, -2.8645157611175707], [11.905283113264748, -2.8641429873540942], [11.906834087446443, -2.8622163241494443], [11.909369705957676, -2.8595960171508956], [11.910914605957677, -2.8581387171508954], [11.913824239145923, -2.855646294117522], [11.915369239145923, -2.8544461941175223], [11.918565242471702, -2.8522048429643965], [11.921964499638849, -2.8502856913389043], [11.923477399638848, -2.849526391338904], [11.926662649106468, -2.8480981931866776], [11.929960288704484, -2.8469531441857194], [11.933345203683642, -2.846099965003553], [11.936791614607335, -2.845545153433704], [11.938368614607334, -2.845361453433704], [11.942814757448149, -2.845103367069485], [11.943732584808206, -2.8436774249615073], [11.946226798650512, -2.840542711935645], [11.947829698650512, -2.838723211935645], [11.950804864273477, -2.83568764231193], [11.95408534049643, -2.8329849086633554], [11.95763408604061, -2.830645528726886], [11.95946682379627, -2.8295725108765293], [11.959478430267714, -2.8295589043638794], [11.961841080582579, -2.827215357614829], [11.96315448058258, -2.826016757614829], [11.96355892605136, -2.8256885669237617], [11.964175791087685, -2.8249271564007046], [11.96389896476344, -2.822607790964164], [11.96381286476344, -2.821333290964164], [11.963754939839452, -2.8170117475936913], [11.964163606504073, -2.812709180458024], [11.964303406504072, -2.811776280458024], [11.965042626488886, -2.8080565265916597], [11.966130806046868, -2.8044235002689], [11.967558163113699, -2.8009098601598326], [11.96931186662805, -2.7975471917259798], [11.970030466628051, -2.79631549172598], [11.97286642073854, -2.792095769562275], [11.97343522073854, -2.791355769562275], [11.975921669255207, -2.7884240428784994], [11.97867805953785, -2.78574453542672], [11.981678933828412, -2.783341994882497], [11.982226133828412, -2.782945494882497], [11.986309700264185, -2.780348105620738], [11.99067706163027, -2.778262895676753], [11.99126256163027, -2.778025695676753], [11.992497124896653, -2.7775491632193625], [11.993456524896652, -2.7771969632193625], [11.996962514764167, -2.7760898942625536], [12.000555343889497, -2.7753094165226906], [12.000902093907639, -2.7752669157338494], [12.001193554959142, -2.7749126806939204], [12.003702620234087, -2.772365680197848], [12.005156229520933, -2.771016395411056], [12.006980434273489, -2.768984959181458], [12.00729123427349, -2.768674859181458], [12.010177294835207, -2.766062848385547], [12.01330357345015, -2.7637437261409006], [12.016640464365416, -2.761739454456854], [12.020156367336734, -2.7600690137185646], [12.021057867336733, -2.759693313718565], [12.024248994741443, -2.7585199588606666], [12.027528239431495, -2.7576218441695426], [12.028321939431496, -2.7574403441695425], [12.028866854876195, -2.7573435920862215], [12.02940359873834, -2.7572086853259896], [12.030798394296356, -2.7570006389459953], [12.032186903584428, -2.7567541031437193], [12.03273867847485, -2.7567112280017354], [12.033286060943437, -2.7566295809528847], [12.03469453229083, -2.756559250245016], [12.036100520261488, -2.7564499992897513], [12.036653840703805, -2.7564614140001598], [12.037206590186438, -2.756433812968403], [12.038075890186438, -2.756433112968403], [12.039812427856743, -2.7565265739958744], [12.039932081253461, -2.7565290423826685], [12.040068079149108, -2.7543779585354025], [12.040723225722582, -2.750411385817662], [12.041773231067765, -2.7465306120632484], [12.043207488216932, -2.7427748401601746], [12.045011508558801, -2.7391820102499262], [12.047167068199915, -2.7357884164628836], [12.04965239205918, -2.7326283402814555], [12.050011792059179, -2.7322158402814556], [12.052647757482264, -2.7294664728058877], [12.055533273937902, -2.7269802849586684], [12.058642178204511, -2.7247798192151342], [12.059143134469966, -2.7244925376956606], [12.060095784444297, -2.7223254505359056], [12.061957288834085, -2.718994430502532], [12.063974288834084, -2.715758030502532], [12.066054472878369, -2.712738054978013], [12.068402486009605, -2.7099212745175687], [12.070998594031765, -2.7073313631360594], [12.071068851455543, -2.7072730819178688], [12.071289312568375, -2.7066053684421876], [12.072688578355029, -2.7029718311626363], [12.074434489098408, -2.6994915533605437], [12.076510501707261, -2.6961975118381174], [12.078896945264185, -2.6931209187462057], [12.081571207414182, -2.690290925838674], [12.08450794862432, -2.6877343482497347], [12.08767934228433, -2.685475410411539], [12.091055338373096, -2.683535516519535], [12.094603948192697, -2.6819330477205225], [12.09829154747209, -2.680683187945105], [12.099643247472091, -2.680297287945105], [12.103090263904313, -2.6794764089846015], [12.10659640179139, -2.6789638061474865], [12.110134147232197, -2.678763502009091], [12.113675738289984, -2.678877068426667], [12.117193382850092, -2.679303614204463], [12.118609682850092, -2.679539414204463], [12.12225919235647, -2.6803235922266384], [12.124866084447488, -2.681144325518166], [12.126174121110383, -2.681043305244889], [12.128019421110382, -2.681000405244889], [12.132555000105775, -2.6811524629991164], [12.137044165310861, -2.6818172894016588], [12.138288765310861, -2.682074489401659], [12.142192291644092, -2.6830887890644397], [12.14312998424816, -2.6834364941556625], [12.146055777948389, -2.681773611356301], [12.149903774292046, -2.680092909138911], [12.15390675806169, -2.678824856796027], [12.154901658620135, -2.6785662927262193], [12.156163287145331, -2.677442790955509], [12.159264748408582, -2.6749462160385953], [12.162599037654877, -2.6727703338025233], [12.166133120521282, -2.6709367017302155], [12.16983198319603, -2.6694634864721603], [12.173658979316729, -2.6683652838609078], [12.177576193043015, -2.667652974303332], [12.179378593043015, -2.667417174303332], [12.182657500142172, -2.667140245175483], [12.183486312916779, -2.666758297762928], [12.18463298644662, -2.665707938798974], [12.187880750279938, -2.6632883479066587], [12.191356535523038, -2.6612095725587603], [12.195024710185217, -2.6594929233077695], [12.198847669996846, -2.6581559983727576], [12.200306769996846, -2.6577272983727576], [12.203629221572491, -2.6569037764051413], [12.207009916100754, -2.65636732751641], [12.210424096601564, -2.6561218801462187], [12.211904696601565, -2.656078980146219], [12.216117971116466, -2.6561790159066256], [12.217264626997256, -2.656327934107903], [12.218013831919862, -2.6562263344265196], [12.218646831919862, -2.65617273442652], [12.22233569364997, -2.656031331634255], [12.22602188185063, -2.656230610742118], [12.227602189691103, -2.656463522784332], [12.228492615702567, -2.654834105048093], [12.230600557091075, -2.6517148102005246], [12.232992421639743, -2.6488075088359837], [12.23357844837218, -2.648159889804079], [12.234000775224699, -2.6476931706403573], [12.236594544185722, -2.64507937498073], [12.239417688919175, -2.6427151797714825], [12.241302022738004, -2.6414119854148437], [12.24358000229428, -2.6391276189568416], [12.24420220229428, -2.6385596189568417], [12.24732230049379, -2.635988010222837], [12.250686070418107, -2.6337445227252845], [12.254259142360652, -2.63185207955605], [12.258005008047386, -2.630330016971148], [12.261608873771463, -2.629274848512932], [12.262671154723469, -2.6283595091331233], [12.265809910025483, -2.62614178777028], [12.268146929438913, -2.6248068041961896], [12.269367475149686, -2.6233205141596003], [12.27201110748158, -2.6206557229080025], [12.274892891713515, -2.6182504736565955], [12.27798745030543, -2.6161259474877667], [12.280218950305429, -2.614743347487767], [12.283480408619948, -2.6129275053426353], [12.286896938364965, -2.6114236045697172], [12.28908853048418, -2.610694158945687], [12.29087273744277, -2.6085788340616323], [12.29353472915959, -2.605962437863965], [12.29389402915959, -2.605640837863965], [12.296970447624634, -2.603150066159042], [12.300277982756295, -2.600975553429503], [12.303784244908506, -2.5991385939911686], [12.307454898364297, -2.5976571766071768], [12.309214598364296, -2.5970463766071767], [12.312556838784104, -2.596076092188948], [12.312758193227092, -2.595969000181037], [12.313127536737095, -2.595242150098088], [12.315121840222265, -2.5920858772768844], [12.317401737055112, -2.5891292956452703], [12.319947364625508, -2.586398163135547], [12.320687664625508, -2.585674763135547], [12.323719425170216, -2.582998072407136], [12.32700597589036, -2.5806412038024114], [12.330513719517423, -2.5786282507719567], [12.334206797604493, -2.5769797910366816], [12.33655823818873, -2.576204001047633], [12.337490559309302, -2.5752225807970883], [12.340381373699659, -2.572711189914497], [12.340815326479941, -2.572401709237751], [12.341113128023892, -2.5720730270148957], [12.343669796688841, -2.5694965186351006], [12.346449499170584, -2.5671623797775154], [12.349429346443198, -2.5650898305439895], [12.350194712594233, -2.564654715673405], [12.35091249257762, -2.563299903558027], [12.352839767250744, -2.560330666000446], [12.355022006323795, -2.557543446603436], [12.356904906323795, -2.555346246603436], [12.357968093037377, -2.554203662346792], [12.358418383077689, -2.553582120470245], [12.361182144256679, -2.550497276051643], [12.361463397630725, -2.5502421887604747], [12.362012669230035, -2.5496164023037973], [12.364684417154566, -2.5470852557167403], [12.365057220932592, -2.546792114875354], [12.365846437354035, -2.5455830134562354], [12.368162603748225, -2.5426679281936964], [12.370739779944518, -2.5399808272081157], [12.371171913916742, -2.5396070130479185], [12.372126502976794, -2.53589862954415], [12.373580400393813, -2.5319912668876414], [12.373666200393812, -2.5317929668876418], [12.375463431180117, -2.528157042346566], [12.376108395419285, -2.5271294862276896], [12.37648612367252, -2.526258032860092], [12.378365073488203, -2.52286686485893], [12.380563493434556, -2.5196735245135495], [12.383060731454545, -2.5167080102084958], [12.385833328380551, -2.513998180120122], [12.388855238310862, -2.5115694905156123], [12.39083285287654, -2.510273740117919], [12.390971922874275, -2.5088387607493883], [12.391843089840936, -2.504630099625236], [12.392704791327894, -2.5019548689706412], [12.392707928903647, -2.501928501924955], [12.393383176646749, -2.497964476648818], [12.394453004826518, -2.494088277019001], [12.39590660185572, -2.490339075559875], [12.397729277813687, -2.4867547613637324], [12.399902612901338, -2.4833715571870383], [12.401649516895942, -2.4811737081563785], [12.401765216791723, -2.4806343032753406], [12.40302405735824, -2.4767501504816183], [12.404672302952116, -2.4730145636523297], [12.406692779552198, -2.469466466020442], [12.409064434647862, -2.4661428272608736], [12.411762556597262, -2.4630782782821408], [12.414759032112178, -2.46030475038695], [12.41802263918657, -2.457851142561549], [12.421519372416661, -2.4557430203605235], [12.42212017241666, -2.4554214203605236], [12.424550229768784, -2.4542861381487997], [12.426041513636404, -2.453395480240536], [12.426856913636405, -2.452966780240536], [12.42772153015671, -2.452561272986566], [12.42932159475212, -2.4516935689080235], [12.430704321750513, -2.451095041081854], [12.431043539987066, -2.450428233303469], [12.432926087554268, -2.4474210133651684], [12.434611648129275, -2.445194771834755], [12.435557843260469, -2.4428960088735985], [12.43736865144166, -2.4394781667908565], [12.439501104213024, -2.4362511998016316], [12.44193526224715, -2.4332452814001226], [12.444648365145945, -2.430488518183561], [12.445066765145945, -2.430102618183561], [12.448200196369594, -2.427495157641504], [12.448206301627259, -2.4274910514127783], [12.449659826945325, -2.4257227501954026], [12.452336572305992, -2.4230326777704474], [12.455256199360958, -2.4206083772038394], [12.455981741600125, -2.4201140665085], [12.457153991367637, -2.4187423378605226], [12.459823431924432, -2.416150738043673], [12.46272211717212, -2.4138183730782776], [12.465654516783463, -2.4118781984289983], [12.465420678566971, -2.4110898693534075], [12.464674324488001, -2.4071881513297546], [12.46431865855268, -2.4032316440708525], [12.464357188615866, -2.399259369737234], [12.464789534664027, -2.3953105059966204], [12.464918234664026, -2.3945065059966204], [12.465355071637932, -2.3924759307384122], [12.463745002640117, -2.389301653043152], [12.462776032563625, -2.386813539963882], [12.461155525005868, -2.383501667731051], [12.459778440108847, -2.3798018761765767], [12.45877276446756, -2.3759843590692564], [12.458486718498722, -2.3741988085226367], [12.456496738497933, -2.373164962039029], [12.456120238497933, -2.372946462039029], [12.452849651493818, -2.3708289974403685], [12.4498005867714, -2.368403384116574], [12.447001973086259, -2.365692635673907], [12.444947732909345, -2.363272978659063], [12.44255864379506, -2.361880667930237], [12.439380931315387, -2.359584558951306], [12.436443256207076, -2.3569884006347523], [12.433773838462148, -2.3541171322826697], [12.431398321129848, -2.350998335968297], [12.429339523983533, -2.3476619715761897], [12.427617224308603, -2.344140089000586], [12.426247966917302, -2.3404665202666477], [12.425244905215374, -2.3366765545321417], [12.424617674847399, -2.3328065990915596], [12.424372301134532, -2.3288938296391595], [12.42451114119387, -2.3249758331505794], [12.42458034119387, -2.3241583331505793], [12.425162633543401, -2.3199518768006615], [12.425334127393945, -2.319262355198617], [12.424890041356, -2.3180655885982553], [12.423915568862363, -2.3144143895981997], [12.423290007285425, -2.3106875244956866], [12.4230189400949, -2.306918257543468], [12.423028688341377, -2.3064892466890092], [12.422581156414571, -2.305072157350147], [12.421787409469482, -2.301370056379041], [12.421554109469481, -2.299959056379041], [12.421114036877103, -2.296199724401289], [12.421031263086393, -2.2924156275070375], [12.421306529245635, -2.2886406481233736], [12.421937370649026, -2.284908587040101], [12.422918138805407, -2.2812528607608322], [12.42424005201429, -2.2777062022949393], [12.42589127399633, -2.274300368069446], [12.427857019874187, -2.271065853585138], [12.428217619874188, -2.270531253585138], [12.43047025088296, -2.2675092348216723], [12.432997330293642, -2.264712663077459], [12.435776419309146, -2.26216637006362], [12.438782841453442, -2.2598929651813546], [12.439539755410216, -2.259425577722475], [12.441418477622143, -2.2573188218734126], [12.444045586665952, -2.254915442533472], [12.445551380593963, -2.2534663396243384], [12.446658050465125, -2.25259931869668], [12.446586202500296, -2.2511109570251127], [12.446776299883654, -2.247229993746443], [12.446878629764397, -2.2465346784021385], [12.446734844670953, -2.2439801093278997], [12.446927527807636, -2.239865570013249], [12.44754232701174, -2.235792661654153], [12.448087058852105, -2.233684308455556], [12.446216349131747, -2.2307321361691606], [12.446012049131747, -2.2303704361691605], [12.444210155618492, -2.2267679148861728], [12.442779714201281, -2.2230024378673328], [12.441735230432073, -2.21911218935556], [12.441087296015924, -2.2151366188531223], [12.440842481404601, -2.2111160410795216], [12.441003269168187, -2.2070912271555536], [12.441568028820294, -2.2031029911591715], [12.442531033352195, -2.1991917762457427], [12.443882517308198, -2.195397244529688], [12.444275111963567, -2.1945695602248088], [12.442297166538442, -2.1919451100708005], [12.440272296309816, -2.188633222415607], [12.438577988172122, -2.1851406561359283], [12.437230199012753, -2.181500304001137], [12.436241622225166, -2.1777464506184856], [12.43562156816332, -2.173914449542835], [12.435382982699164, -2.1701524413205013], [12.435204690617995, -2.1681771640454426], [12.435221098428777, -2.1644039469091356], [12.435327669941367, -2.1633278658624326], [12.435331349428264, -2.1623066670761295], [12.435725920452755, -2.1584226696004922], [12.43649723754662, -2.1545956351578934], [12.43763795337332, -2.150862018936743], [12.439137201814196, -2.147257386251342], [12.440980701475855, -2.1438160737573093], [12.442135949384593, -2.1420885645402543], [12.442432426624034, -2.1415813767949703], [12.443017249735602, -2.1407707049987255], [12.44315089173048, -2.140570862370842], [12.443238100389706, -2.140464565598754], [12.44467736742757, -2.1384694782436515], [12.446726273115539, -2.1361376930132274], [12.447071559821007, -2.135525430225125], [12.44926876327794, -2.1323782645741245], [12.449515687355367, -2.1320883448580323], [12.44780654484236, -2.1299678878012864], [12.44577601038318, -2.126913303325943], [12.444033816663984, -2.1236855614602224], [12.442594612873306, -2.120311802583861], [12.442381412873306, -2.1197408025838613], [12.441629056839666, -2.117413072068414], [12.441561747301362, -2.1172580671913788], [12.440357674987329, -2.1135169714060584], [12.43952654145923, -2.1096757730421576], [12.439412536916814, -2.1086870411737086], [12.439233479527315, -2.107994369614937], [12.438636446934748, -2.104251225654109], [12.438510770594801, -2.1022706988478705], [12.438360418363038, -2.1017374158651783], [12.438215434589848, -2.101337516802852], [12.437443649952844, -2.098307240578849], [12.437263582812086, -2.097823610409209], [12.436263522117635, -2.0940325410975564], [12.434589387906223, -2.0924439954640452], [12.432085230476819, -2.0895670748883446], [12.430931589063542, -2.0879540144144992], [12.428323397536536, -2.0862483148009483], [12.425254838722124, -2.083778641335601], [12.42244406109177, -2.0810191360655104], [12.419918321002495, -2.0779965581551214], [12.418232941078863, -2.0755201817787845], [12.417498236580427, -2.074701146452037], [12.415195658795682, -2.072329758926732], [12.412779310021179, -2.0693036622954284], [12.410666902937539, -2.06605809015249], [12.408878236083087, -2.062623461627334], [12.408815483165444, -2.0624678321713428], [12.40866802977498, -2.0622067720246955], [12.407037020439295, -2.05847835304494], [12.405793286531019, -2.0546035078213096], [12.404949701706277, -2.050622344149071], [12.404514997753179, -2.0465760703057865], [12.404466797753178, -2.0457182703057866], [12.40444423224393, -2.0416761608602254], [12.404829732790974, -2.0376524129431295], [12.405619362672848, -2.0336881169625354], [12.40632706284764, -2.0313816152526805], [12.406426486465449, -2.0309735865009833], [12.406616150500732, -2.030439434948216], [12.406805058209937, -2.0298237562048644], [12.406993819155765, -2.029375805261034], [12.407793482478537, -2.0271237103664377], [12.407931582478536, -2.0267899103664377], [12.408122084359311, -2.0263901593159974], [12.4081568173406, -2.0262872458253236], [12.409764750053391, -2.022719042483299], [12.411004118405149, -2.0205607480584167], [12.412150194841516, -2.0177222254250498], [12.410794900263756, -2.0153278167330493], [12.40923140550492, -2.01181671652035], [12.409162209525608, -2.011609862765651], [12.408486104544497, -2.010147028508844], [12.407207268105447, -2.0064843032788073], [12.406289272597116, -2.0027149183163395], [12.406020284121029, -2.0008315317564045], [12.405565370415967, -1.9989058456902107], [12.405469170415968, -1.9983944456902105], [12.4049762322919, -1.9949599977678882], [12.404782775969482, -1.9914957525143562], [12.404890257016563, -1.9880277749553426], [12.40506554601486, -1.9865460176060241], [12.405132570299426, -1.9855308214745357], [12.405264774052633, -1.9847272197582961], [12.40551236834931, -1.9807142689482886], [12.406162033979959, -1.9767446892843397], [12.406276333979958, -1.9762149892843395], [12.406332859769572, -1.976003596868903], [12.406534131953151, -1.9748772265800125], [12.407597258457852, -1.9711064836013974], [12.409024162983561, -1.9674578284998183], [12.409373975361701, -1.9667704920593776], [12.410312360258624, -1.9643542740196156], [12.412150342295906, -1.9607504269236498], [12.41434294004539, -1.9573506612009222], [12.414503354957446, -1.9571498295422185], [12.416845955083941, -1.9540774427583898], [12.416995360618534, -1.9534412903212284], [12.417005745623197, -1.9533406313476498], [12.417372351764012, -1.9516198205550246], [12.41738143637091, -1.9514483797187703], [12.417630250865578, -1.9497920362876227], [12.41563265021289, -1.9474080045614612], [12.413435430788988, -1.9441972239318133], [12.41156053307438, -1.9407881706895993], [12.411312033074381, -1.9402791706895994], [12.410954333144156, -1.9394410847337136], [12.410127871034629, -1.9381804211939089], [12.408339906453982, -1.934781250228381], [12.40725222540193, -1.9321213886594861], [12.40597763357059, -1.9297199825076283], [12.404473158571427, -1.9260460206679655], [12.403340291465929, -1.92224101702228], [12.402590192015104, -1.918342454282465], [12.402418172892183, -1.916452944856516], [12.402309854372973, -1.9159178078037111], [12.401913625479567, -1.912209508672306], [12.40186448682408, -1.9084804249810374], [12.402162865559008, -1.904762972908113], [12.40280616793773, -1.9010894675204102], [12.402968467937729, -1.90036366752041], [12.403980673757339, -1.8966751220307185], [12.40496803360886, -1.8940794481524217], [12.404722297254219, -1.8935441378306914], [12.403425032091311, -1.8897608153269303], [12.403194632091312, -1.8889605153269302], [12.402344789403005, -1.8854046313746873], [12.401823167285839, -1.8817860054416058], [12.401731667285839, -1.880850005441606], [12.401550250542197, -1.877775596546011], [12.401605906848312, -1.8746963426643413], [12.401668606848311, -1.8735893426643413], [12.401891591744704, -1.8710683118843117], [12.401992591744705, -1.8702297118843116], [12.402726117263311, -1.8660349538696943], [12.403901427821824, -1.8619419476910166], [12.405505202704173, -1.8579970825964425], [12.407519265072171, -1.8542450688350787], [12.409920787977864, -1.8507284309206677], [12.410426187977864, -1.8500669309206677], [12.412907783155676, -1.8471239804839616], [12.415660786044706, -1.8444332097779275], [12.418659698208478, -1.8420195408417592], [12.421876743587774, -1.8399053291856076], [12.423831657498798, -1.8388747818287225], [12.424071489543076, -1.8387035223143202], [12.427864429669162, -1.836575282450733], [12.431866011897604, -1.834871422307984], [12.436028928023411, -1.833612085559327], [12.436914701784454, -1.8333959145819296], [12.43744871670271, -1.8332625152663575], [12.439223875106597, -1.8329043628990278], [12.441371878532225, -1.832246453691103], [12.445219791308292, -1.8314702823718998], [12.449125253425713, -1.8310750099362954], [12.453050653149358, -1.8310644430739222], [12.456958186734045, -1.831438683549442], [12.460810222495278, -1.8321941272224944], [12.464569663222939, -1.8333234987575406], [12.468200303447702, -1.8348159216893207], [12.471667178119493, -1.8366570231691604], [12.474936899340033, -1.8388290723833602], [12.477977977906562, -1.8413111513106246], [12.480761126570059, -1.8440793561740418], [12.48325954208747, -1.8471070276475223], [12.485449163351591, -1.850365007599683], [12.48730890311268, -1.8538219199025912], [12.488820851060199, -1.8574444726010297], [12.489970446308897, -1.8611977785322238], [12.490746617628101, -1.8650456913082905], [12.491141890063705, -1.8689511534257128], [12.491152456926079, -1.8728765531493574], [12.49077821645056, -1.876784086734044], [12.490022772777506, -1.8806361224952766], [12.48889340124246, -1.8843955632229377], [12.488418513675853, -1.885550829511633], [12.48842070966878, -1.885890328568617], [12.488132312564067, -1.8890479864739582], [12.488612863368594, -1.8931616235400992], [12.488641969393093, -1.8975454311050794], [12.488601369393093, -1.8983873311050794], [12.488243873199572, -1.9021307840511679], [12.48765913072647, -1.9051834797760094], [12.487823264915438, -1.9053241537760872], [12.490587667072587, -1.9082206157920556], [12.493048653053897, -1.911378931719286], [12.495181564685023, -1.9147674563938626], [12.495243479746831, -1.9148919061682264], [12.49524773682198, -1.914897076687864], [12.497454967207172, -1.9181970985823846], [12.499324190466853, -1.921699671191639], [12.500836992403144, -1.9253702897742735], [12.501978470016066, -1.9291727941249388], [12.502737378316807, -1.9330697247977497], [12.503106241105002, -1.9370226921288967], [12.503081424618692, -1.9409927544230725], [12.502663173331449, -1.9449408015781036], [12.502545276064636, -1.9455082885200319], [12.502573374440603, -1.9458750694815312], [12.502465812105546, -1.9499784813096575], [12.501938276508895, -1.9540492631118909], [12.500996323114261, -1.9580445455911994], [12.499649871608291, -1.961922254531953], [12.497913101436689, -1.9656415538823904], [12.49776404902383, -1.9658904733668616], [12.496998841289633, -1.9675869499331267], [12.496954573031493, -1.9676642341321386], [12.496893271827954, -1.9704215748809193], [12.496388997603303, -1.9744637836468926], [12.49636889752821, -1.9745512052250638], [12.496353132476127, -1.974672315352892], [12.496401032134019, -1.9754340560960661], [12.496258385577148, -1.9793852833436383], [12.495726353964923, -1.9833031255004554], [12.49481013542735, -1.9871493039146153], [12.493518681731516, -1.9908862401133827], [12.49186461081977, -1.9944774229576638], [12.49183196286134, -1.9945399703275097], [12.49204510871507, -1.9949516323659757], [12.492813860762505, -1.9962410537900794], [12.493474382257547, -1.9976526187321024], [12.493974565736645, -1.9985655968514158], [12.495565403715574, -2.0023418353273295], [12.496761559511675, -2.006261013023432], [12.497550480409972, -2.0102820012500255], [12.49792388730568, -2.014362602895912], [12.49790331301968, -2.016194207582471], [12.49835521945981, -2.0184246785407733], [12.498752277466831, -2.022143505100884], [12.498800273207305, -2.0258831604933], [12.498498787098686, -2.029610952355976], [12.497850454756286, -2.033294292038781], [12.496860943952518, -2.0369009794960404], [12.496067326416828, -2.0390011258515632], [12.496150162809728, -2.0390665633990404], [12.496727111378837, -2.0396250003899303], [12.498772320045235, -2.0411677540319118], [12.501612302591655, -2.043774913443648], [12.504188106612009, -2.046643365066195], [12.505799680992006, -2.0488293497909433], [12.50704923435519, -2.0503529618175036], [12.50713393435519, -2.0504718618175035], [12.507444052652552, -2.050954122155615], [12.50932551990762, -2.053819702823981], [12.511157068740657, -2.057318933045593], [12.512634598313902, -2.060981731106069], [12.51374370346823, -2.0647723865940137], [12.513921612726914, -2.0657185373931526], [12.514029480011002, -2.065986774775089], [12.515132397138235, -2.069767446195077], [12.515858188103978, -2.0736382510273437], [12.516199817316252, -2.077561666893241], [12.516195379294343, -2.0779428909159474], [12.516257336280015, -2.078138801004877], [12.517216375581873, -2.0817500679246095], [12.517323963495091, -2.0823917042644378], [12.519874140615208, -2.0838554028435485], [12.521355892757475, -2.08491296632785], [12.521735179290472, -2.085137506698045], [12.522010149513687, -2.0853401884314833], [12.522235476491973, -2.0854605816737277], [12.525402477896135, -2.087561690402302], [12.528355772297033, -2.0899538877112365], [12.531068697803596, -2.09261557720836], [12.531269897803595, -2.09283267720836], [12.533557365542322, -2.095531032632862], [12.535597488344962, -2.0984209339465427], [12.537374310371987, -2.101479779175862], [12.53887393506429, -2.104683645033681], [12.53913883506429, -2.105321645033681], [12.540567089884103, -2.10935951391225], [12.541018061183399, -2.1112610981667213], [12.541135722018609, -2.111641952950268], [12.541305730362343, -2.112474095938482], [12.541555419917014, -2.113526947253875], [12.541560044033595, -2.113563532308891], [12.542599382717581, -2.116547643561732], [12.542716291792217, -2.116822862267113], [12.542830579876512, -2.1171877767223193], [12.542973334528341, -2.117542523724033], [12.54341696435876, -2.1190600644170883], [12.543889504072887, -2.12056885313649], [12.543967473957451, -2.120943212620047], [12.544074769919966, -2.1213102438207283], [12.544367518552416, -2.1228639604678463], [12.544689895703037, -2.1244118009486983], [12.544730796495266, -2.124792000174163], [12.544801600449686, -2.125167780862681], [12.544940648554823, -2.1267427103232563], [12.545109758473728, -2.1283146960155372], [12.545113196276628, -2.1286970734564767], [12.545146826342178, -2.129077984659432], [12.545130834810735, -2.130658959501828], [12.545145048876963, -2.132239951323974], [12.54511099058261, -2.132620824476654], [12.54510712288337, -2.133003197810883], [12.544936245722539, -2.1345749923831123], [12.54479542704686, -2.136149764519625], [12.544724200655256, -2.1365254653673285], [12.544682872439283, -2.1369056183686475], [12.544358755289526, -2.1384530954297625], [12.544064260032775, -2.140006481964095], [12.543956551492998, -2.1403733923023207], [12.543878160773607, -2.140747663889473], [12.54340392506027, -2.1422559203893914], [12.542958589372741, -2.1437729613600975], [12.542760089372742, -2.1443438613600976], [12.542705018471763, -2.1444787188318153], [12.542700737699583, -2.1444923333747186], [12.542670035787902, -2.14456438433239], [12.541155637992984, -2.1482728375112923], [12.539143944680227, -2.1520097089088748], [12.53806535260612, -2.1535863068359773], [12.53649294351282, -2.157124588408806], [12.534533964521001, -2.160567825892414], [12.533768653362454, -2.1616481608231597], [12.53247670088835, -2.163812976137307], [12.531048223070572, -2.165749151031257], [12.532854009779353, -2.1678773620376246], [12.53498194742819, -2.1709165558766195], [12.536819142466229, -2.1741398356070376], [12.538349789484085, -2.177519471317442], [12.539560720308414, -2.1810263879641583], [12.539695620308414, -2.1814849879641582], [12.540645607040277, -2.185451337575838], [12.541186759554531, -2.189493806869365], [12.541313451757695, -2.193570368302539], [12.54102436649396, -2.1976386398941465], [12.540690587975277, -2.199549309416818], [12.541469161037131, -2.2014205981287835], [12.542595221604556, -2.205080007538371], [12.54336625138714, -2.20883031455285], [12.543411408147763, -2.209250686592932], [12.544709286785684, -2.21283047939442], [12.545668836145177, -2.2165678760779124], [12.54626381167061, -2.2203803389390067], [12.54648867679159, -2.224232390940272], [12.546341339016045, -2.2280881866458278], [12.545823169401997, -2.2319118457825917], [12.544938989799112, -2.235667787125708], [12.543697027978789, -2.2393210596011666], [12.543586227978789, -2.2396017596011664], [12.54207736664014, -2.2429165402635807], [12.541368310013246, -2.245451172008435], [12.539939855909704, -2.249120424366124], [12.538157568488772, -2.2526314563425553], [12.537537368488772, -2.253717256342555], [12.535520680866513, -2.2568729121931135], [12.53571206759529, -2.25836617326347], [12.535822742569477, -2.2623512586772807], [12.535536185598753, -2.266327568500196], [12.535473785598752, -2.2668373685001955], [12.534806239640085, -2.270705704146933], [12.53376273568654, -2.2744899792137967], [12.532353323749657, -2.278153747257072], [12.53193685230683, -2.2789830220889873], [12.531702767608063, -2.279658404697553], [12.529955758204615, -2.2833993048686008], [12.52783244090887, -2.2869401945318177], [12.526788719378928, -2.288332026914883], [12.526394810115567, -2.2895453277263744], [12.524748646526298, -2.293273080501558], [12.524636032883507, -2.2934707881678347], [12.524504213132643, -2.2937710063223657], [12.522723800800032, -2.2973328615349073], [12.522240045065585, -2.298099134141369], [12.52283819385324, -2.298493886145251], [12.525856335180459, -2.3009368052521992], [12.528623394612428, -2.30366084874196], [12.531113297748913, -2.3066403475597284], [12.533302581873437, -2.3098472254582876], [12.535170617045843, -2.3132512635645393], [12.535601123267089, -2.3142560671645556], [12.537032840597057, -2.3165725300517397], [12.537393440597057, -2.3172234300517394], [12.538318833820478, -2.3191173452119713], [12.538702635401075, -2.319589912545305], [12.53964537319704, -2.3210372731525757], [12.540709770114812, -2.322107464070074], [12.543143404778288, -2.3250761487564837], [12.545281263258962, -2.328264444156725], [12.547103656325916, -2.331642986734837], [12.54859380011892, -2.335180660818011], [12.5497379707243, -2.3388448851654515], [12.550525630569306, -2.342601913034813], [12.550949525470974, -2.3464171429826575], [12.550983325470975, -2.3469559429826576], [12.551039801162009, -2.3507867324673506], [12.55072952522728, -2.3546053534781395], [12.55005534408733, -2.3583767746121738], [12.549023442569355, -2.362066397470531], [12.54788969012024, -2.365002302157291], [12.54826495360992, -2.366080326327541], [12.549181094659321, -2.3698622786865533], [12.549255592950942, -2.370389629071139], [12.550012025022857, -2.372025519382211], [12.551291516962701, -2.3756881203195617], [12.5515705169627, -2.3766314203195615], [12.552187238756538, -2.3789754829252754], [12.552348138756539, -2.3796721829252756], [12.553099104669576, -2.383991640933503], [12.553152571819263, -2.3848463480225943], [12.553421517850255, -2.386234718434825], [12.553786652323588, -2.3901554619178302], [12.553764516699749, -2.3940931087604644], [12.553355325494413, -2.3980094993437215], [12.552563044167439, -2.4018666800423762], [12.551857458111938, -2.404139040574269], [12.552427354724225, -2.405661396783717], [12.553444776512992, -2.409505214504392], [12.553560176512992, -2.410049214504392], [12.554213581242148, -2.4141858747862512], [12.554322044450027, -2.416273292247471], [12.555014273962703, -2.419282544313707], [12.555202352877169, -2.420767830436538], [12.55539393492657, -2.421354673655364], [12.556253381100188, -2.425297302177809], [12.556376781100187, -2.426042202177809], [12.556836652615806, -2.4300835603090585], [12.556883728676274, -2.4341507265461853], [12.556517522513438, -2.4382016462445004], [12.555741820712152, -2.4421944327491074], [12.555248376733536, -2.4438264383335984], [12.555168011067398, -2.4443329528732476], [12.554261221348913, -2.4478949873612788], [12.553031286502572, -2.4513587450839305], [12.552795286502572, -2.4519375450839305], [12.552680815026923, -2.452183701634168], [12.552535905430625, -2.4531650386619495], [12.551548667324674, -2.4570733312634876], [12.551425267324673, -2.4574753312634874], [12.550054182999666, -2.461253717212839], [12.548310823552994, -2.464875425435244], [12.546212792635782, -2.4683038855675723], [12.54570563261904, -2.468971457507568], [12.545213841977615, -2.4699179343043074], [12.543049777480233, -2.473233758674971], [12.540568490194255, -2.4763193833783936], [12.5377942934263, -2.47914457340715], [12.5374455934263, -2.4794661734071504], [12.53456330069452, -2.48188380362468], [12.531466629593368, -2.4840199626430284], [12.52818297123791, -2.4858557554050313], [12.524741370709439, -2.4873749436957984], [12.521172270141784, -2.488564089775278], [12.517507239450232, -2.4894126752396644], [12.513778697084831, -2.489913194060277], [12.510019623278103, -2.4900612189769507], [12.509316923278103, -2.4900558189769506], [12.505924661032642, -2.489877662973768], [12.504870562724534, -2.491483719406034], [12.504564866073919, -2.4918601792659527], [12.504326792502432, -2.492598634340606], [12.502723876425476, -2.496266651658652], [12.500762373414194, -2.49975609243505], [12.498461927542426, -2.5030320105943327], [12.498398946849367, -2.50310493872985], [12.497914754733612, -2.5049038639248553], [12.496428547208824, -2.508774368792304], [12.494549680967788, -2.512470242489277], [12.492298341634314, -2.5159517783488123], [12.489698716501707, -2.5191815724452837], [12.486778734676271, -2.5221249254439577], [12.48356976702059, -2.524750215393748], [12.483001067020592, -2.525168215393748], [12.479964285835782, -2.5271935777120036], [12.476755516034055, -2.528933672204885], [12.473401478911633, -2.530374008091418], [12.472851169732934, -2.5305529198299395], [12.47245642229149, -2.5310844287987733], [12.471984020429309, -2.5324052873026326], [12.47187617702498, -2.532667569336904], [12.471628547060117, -2.5334318415121815], [12.471177119977026, -2.5356137307119933], [12.469991497110211, -2.5394021890287037], [12.4684362045817, -2.5430544736767735], [12.466526560193486, -2.5465346139484195], [12.464281371696575, -2.549808334555481], [12.463488401812658, -2.5507489626948936], [12.462635361600585, -2.553948205266982], [12.461376635415434, -2.5573762344385975], [12.461237135415432, -2.5577084344385974], [12.460300875514655, -2.5597722012410213], [12.460086275514655, -2.5602117012410215], [12.458264387657135, -2.563533924072203], [12.458028387657135, -2.563919724072203], [12.455629675786549, -2.5674111706223117], [12.452875185906558, -2.5706293693656153], [12.449921126786139, -2.5734198503470704], [12.449245806041104, -2.575611626984644], [12.447659783365987, -2.579356613407186], [12.44570168062699, -2.5829211926101974], [12.44339174018997, -2.5862685148845572], [12.442976040189969, -2.5868098148845573], [12.440503234438244, -2.589729336904647], [12.437762806816394, -2.5923992495550836], [12.434779829457533, -2.5947951258432216], [12.43201532016296, -2.5966102666962394], [12.43099320842852, -2.597647060699039], [12.4280050400063, -2.6001395876631883], [12.427574001702924, -2.6004331434253034], [12.425226874578074, -2.602777470867521], [12.422227030518055, -2.605241805790241], [12.421876077750102, -2.6054770992391934], [12.421502129995831, -2.606599522734104], [12.421266662903964, -2.6071332305005672], [12.42046161046972, -2.6101151219078838], [12.419120245027118, -2.613688072084704], [12.417444474141586, -2.6171169241019046], [12.415449552810276, -2.620370464189031], [12.413153641343461, -2.6234190744877077], [12.4105776400463, -2.6262350026710375], [12.407744998957687, -2.6287926145805653], [12.404681504378193, -2.63106862758098], [12.403340504378193, -2.63196892758098], [12.40000461385489, -2.6339800862812264], [12.396488924040124, -2.6356572416191066], [12.395959403327602, -2.6358491521268395], [12.395877334668068, -2.6359842917971177], [12.393550206926582, -2.639091358956127], [12.390956853138725, -2.6419319338116414], [12.388378036330872, -2.6448906326029613], [12.385152367801952, -2.6478609755051994], [12.383741567801952, -2.6490238755051996], [12.380591004765, -2.6513541036927073], [12.380335867599326, -2.651611629555842], [12.377054714758415, -2.6542876109229474], [12.374128151841749, -2.656197724790215], [12.372342366687782, -2.6578172256778987], [12.369246476747517, -2.6601225856462833], [12.36897080669777, -2.66028915722876], [12.367843438327617, -2.661235791455671], [12.365946909246128, -2.662549360938329], [12.36447761020991, -2.6642425781512316], [12.361521690321217, -2.667021851974745], [12.358299429515052, -2.6694873865357462], [12.358058029515052, -2.6696533865357464], [12.354972161850476, -2.6715749268881677], [12.351724587115397, -2.673208375665853], [12.348342128037451, -2.674540241708397], [12.345562293769403, -2.6753522530724534], [12.345401435123744, -2.675487436028659], [12.345197435123744, -2.6756427360286588], [12.34229791171414, -2.6776544159592324], [12.339232363489335, -2.6794027026140266], [12.337522929982526, -2.6801867706458844], [12.337513669300955, -2.6801944084033775], [12.33396859166333, -2.6825343463199744], [12.333721791663331, -2.6826790463199743], [12.330571757825297, -2.6843420709818346], [12.327286265724513, -2.6857182635055814], [12.323891370061217, -2.68679671037124], [12.321424699561108, -2.687344432662566], [12.321243791523214, -2.687526988351148], [12.319269691523214, -2.689284588351148], [12.319085746610057, -2.6894321888830977], [12.319125868377531, -2.691792686618348], [12.319061468377532, -2.6931001866183477], [12.318522929650802, -2.6979597782482716], [12.317395519498907, -2.7027173617860796], [12.317116619498908, -2.7036390617860797], [12.315709291253592, -2.707545763377935], [12.31390453280589, -2.7112855143139356], [12.31172179368805, -2.714818012022544], [12.309184596856804, -2.718105187460117], [12.308798296856803, -2.7185552874601173], [12.306291473069615, -2.7212193045550825], [12.303551760582822, -2.723643170902881], [12.300602072215685, -2.725806615175113], [12.297467076862022, -2.7276915440105842], [12.294172993178817, -2.729282193334074], [12.290747370313808, -2.730565260194768], [12.290017870313807, -2.730801060194768], [12.28664720143045, -2.731729990387873], [12.285786559995637, -2.7318879177582893], [12.285186937640109, -2.7321626424225074], [12.28158067423025, -2.733414622827642], [12.277871486668447, -2.7343171295298205], [12.274093157749839, -2.7348619426160488], [12.2702801, -2.7350441], [12.2699475, -2.7350441], [12.265909133892189, -2.734839722864572], [12.261912035269221, -2.7342286799589637], [12.258668344056037, -2.73339064909524], [12.258465886099414, -2.7334987455539284], [12.254914818822874, -2.734975999012453], [12.251238289999952, -2.7361053760077283], [12.24903829275945, -2.7365555692327375], [12.24614747944553, -2.737542416180046], [12.24229882001831, -2.738443991259912], [12.238379966959801, -2.738961299405207], [12.234429190361071, -2.739089288773074], [12.233173890361071, -2.7390678887730737], [12.232430131808771, -2.739021105258167], [12.230723001522055, -2.7390950943296852], [12.22721985373995, -2.738939525940902], [12.22618995373995, -2.738848425940902], [12.225949546284848, -2.738815095259246], [12.223928946712338, -2.739150121176742], [12.222603410187222, -2.7393130214136425], [12.222385412733276, -2.739421492811588], [12.21857597816459, -2.7408549881380564], [12.214640588232871, -2.741893933117072], [12.213825288232872, -2.742065333117072], [12.212118379227235, -2.74234070642733], [12.211585565423407, -2.7425891491883645], [12.20802681740809, -2.7438554030301834], [12.206705065639413, -2.744189211629622], [12.2051135933175, -2.7448982622212776], [12.201088294634063, -2.746202339640614], [12.201084336667309, -2.746203172785049], [12.198539190253559, -2.748241308841975], [12.194904442211078, -2.7505578466142437], [12.191041540446385, -2.752469843094104], [12.188895740446386, -2.753391543094104], [12.188883295746397, -2.7533625707199727], [12.187822625331123, -2.7538471814731564], [12.187070763516129, -2.754101317486133], [12.186057621918714, -2.756383512935959], [12.184055794057333, -2.759889725847704], [12.18171071225763, -2.763176279532309], [12.18089531225763, -2.764204979532309], [12.178195539286778, -2.767274689573692], [12.175196549891444, -2.77005281060039], [12.171929668316867, -2.7725103253226226], [12.168429016924318, -2.774621565162183], [12.164731159785307, -2.7763644783590378], [12.162327859785307, -2.777350478359038], [12.157842001636544, -2.7788871021859687], [12.153205825772776, -2.7798820943852065], [12.148871425772775, -2.7805464943852063], [12.145255962841922, -2.780933494785705], [12.14162029470295, -2.780990579789148], [12.13799446411217, -2.7807172776828315], [12.134408432534903, -2.7801158468545584], [12.130891832563751, -2.779191257130815], [12.128783892019817, -2.778533254802325], [12.128845487170295, -2.7822888887129618], [12.128532054134693, -2.7861612588636078], [12.127844435970031, -2.789984957611031], [12.126789119275356, -2.7937239143539423], [12.125376059308719, -2.797342857898971], [12.124560659308719, -2.799164657898971], [12.122904632585408, -2.8024503764573896], [12.120953690790415, -2.80557002340312], [12.118724341782322, -2.8084972019001655], [12.116235449157287, -2.8112071436808135], [12.113508072635074, -2.813676918621884], [12.110565289862613, -2.815885628767549], [12.109149089862614, -2.816850028767549], [12.105869114176514, -2.818859832920358], [12.102411248648252, -2.820545276251507], [12.098807473246097, -2.821890770987612], [12.095091117381525, -2.8228838733599337], [12.092694139651575, -2.8232827996837613], [12.091225873709702, -2.824584349329204], [12.08808742088454, -2.8268643008998686], [12.084742878025143, -2.8288295231168172], [12.082425371335956, -2.8299042611677208], [12.082170872035501, -2.8303832608868285], [12.081655872035501, -2.8312405608868287], [12.079267710584471, -2.8347744506948365], [12.076516845326154, -2.8380339648644504], [12.073434553069497, -2.840982043346425], [12.070055878884679, -2.843585167055388], [12.069433578884679, -2.844013767055388], [12.066460982991524, -2.8458744350161274], [12.06333683851481, -2.847467586889851], [12.060316911557303, -2.848687369512781], [12.060163437263368, -2.849760548497513], [12.059103292895225, -2.854816950087267], [12.058566792895224, -2.856745750087267], [12.05730363400925, -2.8605407757689103], [12.05670303400925, -2.8620831757689102], [12.055044266593702, -2.865777982166121], [12.053020375660092, -2.8692861111746666], [12.050652110016395, -2.872571597667203], [12.049621910016397, -2.873858097667203], [12.047062071157393, -2.8767558288838364], [12.044234418513462, -2.879392873008075], [12.042968618513461, -2.880463773008075], [12.039337695274613, -2.883197414255651], [12.035420106477888, -2.8855015184322554], [12.033838506477888, -2.8863145184322554], [12.030388918577776, -2.887885785792182], [12.028892901235457, -2.888483337490214], [12.02731520580762, -2.889124699096384], [12.023506968401101, -2.890453307551564], [12.019584292932773, -2.891391651700456], [12.018661392932772, -2.891563751700456], [12.01718701162301, -2.8917686432482697], [12.01593148427295, -2.8953394371425176], [12.015094884272951, -2.897398337142518], [12.012692982348492, -2.9023151758643446], [12.012113382348492, -2.9033207758643447], [12.009237786412857, -2.9076366530133004], [12.008712386412856, -2.9083240530133003], [12.00613021851049, -2.911373708899833], [12.003256655525513, -2.9141505106344985], [12.00012037560233, -2.916626745749691], [11.999337175602331, -2.9171839457496906], [11.99624509632517, -2.9191762150141183], [11.99298307913514, -2.9208760193940964], [11.99227047913514, -2.9212066193940966], [11.988642432247758, -2.9226785629425156], [11.984887861452744, -2.923788761200493], [11.981180161452743, -2.9246903612004926], [11.980820299847355, -2.9247761080983983], [11.978852399847357, -2.9252354080983984], [11.976193135386241, -2.925761742092512], [11.97480293538624, -2.925988242092512], [11.97125683373068, -2.9263985209107517], [11.970013595425563, -2.9269337062564316], [11.970008170897245, -2.9269211050493067], [11.96880467301004, -2.9274821937880637], [11.96487034512805, -2.9288393177334884], [11.960816301344725, -2.9297803014151325], [11.958170037031758, -2.930110073807213], [11.955398778074695, -2.9325809679544], [11.951899592561377, -2.935082140318423], [11.948152075984707, -2.9371931310713038], [11.944199559385595, -2.9388895316681283], [11.942096659385594, -2.9396610316681286], [11.938918011197249, -2.9406788730873066], [11.935665572859579, -2.9414281729735428], [11.932361989079052, -2.9419037144174847], [11.930799643751643, -2.9420624171103], [11.92734984898559, -2.9429454384429463], [11.923721148287672, -2.9435261201277165], [11.922088630728451, -2.9436352942476995], [11.919303224616106, -2.9471033447552033], [11.916599524616107, -2.950103544755203], [11.912788424395782, -2.9538054930643725], [11.9117757643812, -2.95466610457853], [11.910328162497082, -2.956501035323111], [11.907578597855101, -2.9596354391973207], [11.905640791145212, -2.9614277978132337], [11.905639423692513, -2.9622217335764107], [11.905596423692513, -2.963121733576411], [11.905124319360143, -2.9676273504864854], [11.904145768747458, -2.9720506868900847], [11.902673323885997, -2.9763350039151133], [11.902008223885998, -2.9779637039151132], [11.899968679537004, -2.982221266893175], [11.897441730674137, -2.9862088868735817], [11.896454630674137, -2.9875802868735817], [11.894105694716277, -2.9905384177620156], [11.89148819954286, -2.993261790212559], [11.888625486730058, -2.9957261184858743], [11.886718887568342, -2.9970765892400273], [11.886245355570233, -2.999481007368714], [11.885184589490303, -3.0030632857937407], [11.884648189490303, -3.004606085793741], [11.88306700167176, -3.008485808093844], [11.880648291221068, -3.013631571287251], [11.877702554144744, -3.0211008869125586], [11.876250302200178, -3.024902219072794], [11.87473904277021, -3.0283593833954185], [11.872908768226564, -3.031658775053464], [11.870762968226563, -3.035130175053464], [11.868561433794593, -3.0383326915040847], [11.867982133794595, -3.0390933915040845], [11.865259814976156, -3.042302755150318], [11.86221536990555, -3.0452083340900575], [11.861603869905549, -3.0457333340900576], [11.858774837809307, -3.047949420038155], [11.855758327006027, -3.0499026537939122], [11.85356533903473, -3.051057630704108], [11.853238786033936, -3.051498197390989], [11.850785525264813, -3.0542402524211374], [11.85037211175295, -3.0546245485484653], [11.849677383328883, -3.0565368634373233], [11.849500383328882, -3.0569654634373236], [11.847168947967646, -3.061699150034405], [11.846906047967646, -3.062154450034405], [11.844911697695835, -3.0652667720829836], [11.842638554396334, -3.0681816993686426], [11.840106030686696, -3.070874338445993], [11.839741230686696, -3.071227938445993], [11.83623038975924, -3.0742567179719456], [11.835037702522186, -3.075065404475047], [11.83460434950633, -3.07666406122527], [11.83391774950633, -3.0787852612252697], [11.832362245437208, -3.082828951447386], [11.830378520994993, -3.0866806862330183], [11.827989849016037, -3.0902952774545045], [11.825224253136529, -3.0936303191263206], [11.823872956569204, -3.095091026602735], [11.823927738264045, -3.0957799896036087], [11.823897162169448, -3.0993000169862217], [11.823811262169448, -3.1009284169862217], [11.823413657028873, -3.1048251403657936], [11.822636833543115, -3.108664292383712], [11.82148824074198, -3.112409059068286], [11.82054414074198, -3.1150230590682857], [11.818536169169988, -3.1196474062394874], [11.816476269169987, -3.1236755062394876], [11.814752693550032, -3.1267113437868104], [11.812770982369901, -3.1295853381030856], [11.810546230103846, -3.132275598292383], [11.808572130103846, -3.134461098292383], [11.805444634891565, -3.1375618122961138], [11.801995221107326, -3.1402999134960115], [11.798265703523008, -3.142642209853018], [11.794301292408171, -3.1445603073866004], [11.791940892408173, -3.1455459073866003], [11.788081419364616, -3.1469297403432455], [11.784100562563907, -3.147911221345643], [11.780040147191077, -3.148480038386456], [11.778581047191077, -3.148608638386456], [11.7740162537432, -3.1487492389006277], [11.769465186178765, -3.148368592410667], [11.764987170814312, -3.147471660907103], [11.76400007081431, -3.1472145609071034], [11.7619512054556, -3.1465661035739116], [11.76079221172554, -3.148274500456971], [11.758444056442228, -3.1513960410339705], [11.755802632369575, -3.1542736663877653], [11.75289312853829, -3.156879935035496], [11.749743290429356, -3.15918999319405], [11.746383155388793, -3.161181811789602], [11.744923955388794, -3.1619531117896016], [11.740895747591653, -3.1638044486036323], [11.736687408704169, -3.165198647249462], [11.734155408704169, -3.165884347249462], [11.730715550048776, -3.1666549811795193], [11.727221200783656, -3.1671197686972095], [11.726314375681454, -3.1671597659409225], [11.726311672663627, -3.167234593202172], [11.72561447593889, -3.1717984645629835], [11.72531407593889, -3.1732124645629836], [11.724276621331814, -3.1771149925693947], [11.722850988050219, -3.1808930352701825], [11.721051705112167, -3.1845080896005356], [11.7188971095014, -3.187923313554631], [11.7179787095014, -3.189228113554631], [11.716151284113256, -3.191626905260825], [11.715677870165557, -3.192202003536015], [11.71559247907762, -3.192314303320623], [11.713269175914212, -3.1950982073644063], [11.710703317131394, -3.1976602823088074], [11.709613217131393, -3.1986542823088073], [11.706901317708024, -3.2009161531770363], [11.705860617708023, -3.2017089531770364], [11.702467375542238, -3.2040071365390497], [11.701517114596571, -3.2048254083364753], [11.701163396882063, -3.206011890583942], [11.700841880338903, -3.2070396239104006], [11.700277480338903, -3.208762023910401], [11.698745724297932, -3.212715065606823], [11.69680419341345, -3.2164837886063684], [11.696049611665414, -3.2177754195479147], [11.694984770050125, -3.2205342094746725], [11.694762470050124, -3.221032609474672], [11.694400776375826, -3.2217528862024807], [11.693744341660834, -3.2253906705594666], [11.692623403259894, -3.2292891217438373], [11.691113394815277, -3.2330539987714184], [11.690720694815276, -3.2339053987714186], [11.689364856764227, -3.2365018620083], [11.68940187617449, -3.236532092426731], [11.69088317617449, -3.2378732924267313], [11.694885905522542, -3.242063712537281], [11.69676984826406, -3.2443463796673346], [11.698271090979278, -3.2461652467902677], [11.699114175992051, -3.247296044723022], [11.700775495079556, -3.2484467256857363], [11.703748762879117, -3.2509676647182095], [11.706462529698515, -3.2537660436531093], [11.708891022461735, -3.2568152858396755], [11.709687922461734, -3.2579225858396756], [11.711730844278442, -3.261061381284937], [11.713471258784576, -3.264377481968452], [11.71489390954313, -3.2678418190212737], [11.715986325627433, -3.2714240241375574], [11.716738930941034, -3.275092695782487], [11.71714512816156, -3.2788156744574746], [11.717179951509031, -3.2811348090506542], [11.717200954334492, -3.281147602678243], [11.720249188711314, -3.2834281624450146], [11.723066815576072, -3.2859881750459294], [11.725628313065972, -3.2888044520697846], [11.727910479319789, -3.2918514838805457], [11.72989264263868, -3.2951016706818077], [11.731556848728943, -3.29852557251378], [11.732568048728943, -3.30088547251378], [11.733958329168221, -3.3046384045128203], [11.734966623874799, -3.308511480819058], [11.73558283895009, -3.3124659286022817], [11.735800805550362, -3.316462160433698], [11.735808905550362, -3.318286060433698], [11.735646334038384, -3.322070737430458], [11.73512646891205, -3.325823063338043], [11.734253972779774, -3.3295093839922285], [11.733036670955464, -3.333096637222047], [11.732873539218778, -3.3334600906876233], [11.732629548595261, -3.334705642091629], [11.731760374909635, -3.3382682689269365], [11.73056858264001, -3.341736323720261], [11.729064188631225, -3.3450806579633903], [11.727591388631225, -3.3479903579633903], [11.725438959326574, -3.351727872791988], [11.7228966308992, -3.355211912856751], [11.719993961045732, -3.3584019719043674], [11.717591073433551, -3.360772379702019], [11.71453437638159, -3.3641016181573464], [11.711614794412956, -3.3669717214028143], [11.708417129546374, -3.3695283580434503], [11.704974880222226, -3.371744744991077], [11.70452306243954, -3.3720039553101966], [11.704021301319033, -3.372335141665204], [11.700458187941337, -3.3744310257098777], [11.6966977910847, -3.376147977180255], [11.695466159324587, -3.376562872879843], [11.693109178600219, -3.377931884981504], [11.68951585390599, -3.3795687894698543], [11.688751414747566, -3.3798295161449063], [11.686676286730037, -3.38186058687338], [11.685272786730037, -3.38310038687338], [11.681940031174287, -3.385742717369827], [11.679884631174287, -3.387201317369827], [11.676526419030866, -3.3893413907238252], [11.672972060291713, -3.391136951002437], [11.670516360291712, -3.3922276510024374], [11.667077164382485, -3.393568791808213], [11.663528977102729, -3.3945871700241734], [11.659902017314936, -3.395274112424008], [11.656227174763766, -3.395623768522305], [11.652535746997229, -3.395633160401406], [11.648859172814706, -3.3953022080734527], [11.646662172814708, -3.3950017080734525], [11.643139441779308, -3.3943580869826686], [11.639688391100789, -3.3934019848591674], [11.636336680695944, -3.3921410647909895], [11.6331111742766, -3.390585432959533], [11.630037724038939, -3.3887475576392543], [11.628327024038938, -3.3876176576392543], [11.625157637109178, -3.385292866938085], [11.622231722062388, -3.382668236210962], [11.620761487178312, -3.381062323558287], [11.619966503374675, -3.3813765980190653], [11.618049603374674, -3.3820333980190656], [11.61438454876402, -3.383096748569872], [11.610634840656713, -3.383805993804583], [11.606834609223323, -3.3841546781111487], [11.60301844450215, -3.3841396277345686], [11.599221081557664, -3.383760979664684], [11.595477084318931, -3.383022180389286], [11.593908884318932, -3.382634180389286], [11.590203850019094, -3.3815248797095894], [11.58662326530849, -3.380062949379125], [11.58320060379164, -3.3782620564611467], [11.579967862705672, -3.3761390368587803], [11.576955263789594, -3.3737137379221953], [11.574190970752094, -3.371008832902834], [11.57170082597909, -3.3680496089893004], [11.570386301470187, -3.3661396886701627], [11.568117120283759, -3.365488229237878], [11.564633461115426, -3.364124477206857], [11.561292446469812, -3.362441229767816], [11.558123301247772, -3.3604532108129637], [11.55515374695451, -3.3581778101663526], [11.55342614695451, -3.3567209101663527], [11.550999190824495, -3.3544970587152765], [11.548763306893418, -3.3520811832258883], [11.547278706893417, -3.3503383832258886], [11.544742671289468, -3.347025782946152], [11.542565455472463, -3.343467057263553], [11.540770743192244, -3.339700917989835], [11.539378057325854, -3.335768333181422], [11.538402547507706, -3.3317120814889716], [11.538158147507707, -3.3303976814889715], [11.537618713744838, -3.3263642685131924], [11.537571755337549, -3.3248584851129337], [11.537552954772243, -3.324846244910649], [11.5344734443955, -3.322377103758312], [11.532395144395501, -3.320535103758312], [11.529261804036933, -3.317433334609375], [11.526488866153247, -3.314005564321104], [11.525203066153246, -3.312223564321104], [11.523190843788782, -3.3091459731818413], [11.521469734913538, -3.3058966055042665], [11.520054283549449, -3.3025029196760833], [11.518956450796699, -3.298993593628036], [11.5181326507967, -3.295861693628036], [11.51767801321885, -3.2936702184399596], [11.514661441876024, -3.291799663203836], [11.512496841876025, -3.290233063203836], [11.510360610960113, -3.28857045020752], [11.509344882786753, -3.288345120190134], [11.505286606473282, -3.286975732042427], [11.504291506473283, -3.286579432042427], [11.500521478963948, -3.284846366806521], [11.496951267802089, -3.2827320785591967], [11.493619289848915, -3.2802593178646284], [11.490561398483619, -3.2774546925899997], [11.487810497807065, -3.274348381594498], [11.485396188580863, -3.270973809993048], [11.484151938681187, -3.268786683335464], [11.483928443722753, -3.2687012742332557], [11.4805383914462, -3.267222715893739], [11.477299393613142, -3.2654373637607996], [11.474239140799074, -3.263360481020942], [11.473044140799074, -3.262466081020942], [11.47026882901756, -3.260187575441777], [11.468398261961038, -3.258347392006449], [11.466678363296602, -3.2582540187473454], [11.465628263296603, -3.2581536187473454], [11.46199092183631, -3.257636360717668], [11.45841638212155, -3.25678755296816], [11.45493479943576, -3.2556143561517485], [11.45337349943576, -3.2550070561517486], [11.449715095566933, -3.2533685255527414], [11.446239060456188, -3.2513720583478554], [11.44298030370991, -3.249037704934185], [11.441891603709909, -3.248172104934185], [11.439084890629626, -3.2457186220233236], [11.438111290629626, -3.2447840220233237], [11.435648769176792, -3.2421993121346677], [11.43558817355617, -3.2421231272208564], [11.434743721112552, -3.2416571568409323], [11.432186400611318, -3.2401188709532325], [11.429750886466516, -3.23839420215349], [11.428278386466516, -3.23726670215349], [11.425588356365601, -3.235013048312509], [11.424146611177244, -3.2335721116967444], [11.42394334473744, -3.2337050953248996], [11.41990543533584, -3.2357373202891373], [11.41875213533584, -3.2362382202891373], [11.414843733750972, -3.2376984764873753], [11.41080448602235, -3.238743669723056], [11.40872249813905, -3.2390558854341056], [11.408362630970027, -3.2391551887720675], [11.403755076952521, -3.2398639717628113], [11.402792176952522, -3.239955071762811], [11.399221090123374, -3.240132417392481], [11.395648433324311, -3.2399901640628777], [11.392102752334614, -3.239529448388116], [11.388612377394947, -3.2387539515188646], [11.387173577394947, -3.238366051518865], [11.383611197390845, -3.237224467471086], [11.380171040706065, -3.2357550841256217], [11.376883195306668, -3.2339707528611368], [11.37377641702846, -3.231887079623362], [11.370877878075488, -3.2295222884338757], [11.36821292936913, -3.2268970620009285], [11.36722382936913, -3.2258270620009286], [11.364754838192825, -3.2228844162807104], [11.362724717903971, -3.2199298708173396], [11.358228786544789, -3.219476870353746], [11.353569735511563, -3.2184358056496163], [11.351582035511562, -3.217865205649616], [11.348727074418969, -3.2170455436111136], [11.343310859977379, -3.2150576453278616], [11.341759159977379, -3.2143573453278615], [11.338718179704445, -3.2127889909098424], [11.337583254405263, -3.213489419526477], [11.334188585711587, -3.2151640133539843], [11.330650825696624, -3.2165102280855433], [11.32700165508981, -3.2175160083345555], [11.323273752305218, -3.2181723473137294], [11.319500500805548, -3.218473367491087], [11.317258100805548, -3.218545767491087], [11.313455622817417, -3.2184876655886145], [11.309675847588425, -3.218068721798112], [11.30595294006908, -3.2172927229039776], [11.302320551189245, -3.216166683070336], [11.300217751189244, -3.2154034830703364], [11.29651245295174, -3.2138437449377912], [11.29298243227546, -3.211919953863891], [11.291619847775896, -3.2109887027353583], [11.29062118399594, -3.211003589553495], [11.286666682709281, -3.2106692324832125], [11.284917982709281, -3.2104335324832127], [11.280150327669695, -3.209493063071765], [11.275531901419733, -3.2079813897393197], [11.273557701419731, -3.2071994897393195], [11.270427357441863, -3.2058016735839328], [11.268933628359449, -3.2049745488823067], [11.26674154698727, -3.204098056865623], [11.263718266268397, -3.202741388956055], [11.260817654067635, -3.2011391333638497], [11.260257028897795, -3.200798407604643], [11.259465748390781, -3.200446617689449], [11.256397248390781, -3.199032617689449], [11.252570856394671, -3.197011645704033], [11.248985169667698, -3.1945891564533357], [11.247740669667698, -3.193646456453336], [11.244810575191073, -3.1911983139737283], [11.242127252667297, -3.1884819495880454], [11.239715151953023, -3.1855221142232657], [11.238390151953023, -3.1837277142232656], [11.236492471886471, -3.1809155590931444], [11.234949021229118, -3.1781483334961047], [11.233830762604756, -3.177770278872441], [11.23025762149878, -3.176157178846633], [11.226859551431494, -3.174202044868031], [11.223669193900912, -3.171923657744748], [11.220717195140619, -3.1693439034200677], [11.219461895140618, -3.1681334034200677], [11.216631919677646, -3.1651062225882303], [11.214130324611837, -3.161802496353144], [11.213023340701916, -3.1599742656190397], [11.212540501976148, -3.159912876236819], [11.208943454720476, -3.159113734415877], [11.205435207286412, -3.157986979539746], [11.202045530171858, -3.156542173092988], [11.200511330171858, -3.155802973092988], [11.19717220764193, -3.1539940256700696], [11.19401968357753, -3.1518765691599797], [11.191082174101647, -3.1494696898261023], [11.188386157245487, -3.1467950827222353], [11.18628438783645, -3.14450200881868], [11.184862386975356, -3.142972925354104], [11.184683277475013, -3.1427803168991977], [11.184652061834761, -3.1427531089354526], [11.181919610742929, -3.1418300999988737], [11.17898886579431, -3.1407102360174797], [11.176154905290806, -3.1393641196943958], [11.173231305290805, -3.1378321196943957], [11.170175727961507, -3.1360546148434665], [11.168832024041563, -3.135104881899722], [11.167538672093908, -3.134664566109683], [11.164631671946307, -3.1335468066175505], [11.161820448913128, -3.132206261505244], [11.158966648913127, -3.130706361505244], [11.155811103752718, -3.1288590689262112], [11.154517100927011, -3.1279331809804023], [11.153545895336823, -3.1277930257218114], [11.149448508919557, -3.126750864335805], [11.14548400832843, -3.125282051594226], [11.141696683665192, -3.12340299659181], [11.139872683665192, -3.12237449659181], [11.136261825309106, -3.1200754895300045], [11.13550673431797, -3.1194722965307142], [11.133996285003654, -3.1191987401809325], [11.130265740489373, -3.1181415743822183], [11.12665508025155, -3.116728176155948], [11.123198232224464, -3.1149718266415736], [11.11992767903039, -3.1128890295550247], [11.118897579030389, -3.112160529555025], [11.11590142725313, -3.1098203287280337], [11.114757988834148, -3.1087375205911862], [11.114680329741594, -3.108683075024342], [11.111971251019499, -3.1064010868993774], [11.10947467249332, -3.10388838457168], [11.107210171360263, -3.10116467167503], [11.105195504956932, -3.0982513065059716], [11.104602838701679, -3.097307509881992], [11.102514459059549, -3.096708608516263], [11.099009623761683, -3.0953353879980354], [11.095649393500988, -3.0936387862026886], [11.092463526487277, -3.091633828241084], [11.08948023676889, -3.0893382700272674], [11.08788703676889, -3.0879883700272672], [11.085189171871423, -3.0854801837024812], [11.082733485849111, -3.082734445221734], [11.08111878584911, -3.080752445221734], [11.078906498132111, -3.077763224672127], [11.07844517859316, -3.077000774172517], [11.07649526905047, -3.076034560104796], [11.073310241796243, -3.0740655417797047], [11.071961741796244, -3.0731419417797046], [11.06921371577945, -3.071081029095778], [11.066652638292373, -3.068791948453918], [11.06429739569374, -3.066291580404742], [11.061226895693741, -3.0627377804047424], [11.060356719930128, -3.0616953854623095], [11.058337619930128, -3.0591914854623092], [11.057590827017096, -3.058150187623377], [11.057261183622124, -3.0580398820064465], [11.053923972030667, -3.05657323896776], [11.05073413730419, -3.0548088757889245], [11.047718171065965, -3.052761445531513], [11.044901120958972, -3.0504479521332564], [11.042306382624863, -3.0478876091900973], [11.041322582624863, -3.0468241091900974], [11.03902461832152, -3.0441068657560826], [11.03697725250507, -3.041196136460397], [11.035196690142254, -3.0381149598196866], [11.033697024441844, -3.0348877234468516], [11.032904524441843, -3.0329625234468516], [11.032207852755564, -3.030955998490527], [11.030179962318265, -3.0294776670626304], [11.027114175581211, -3.026716804576947], [11.026534775581212, -3.0261382045769465], [11.024475054474648, -3.0239194149238986], [11.022589044652676, -3.021551199242691], [11.022052644652677, -3.020822699242691], [11.019870768989115, -3.0175305803558277], [11.01802418906528, -3.014039338347405], [11.01727318906528, -3.012432138347405], [11.01549436745326, -3.0079346162108993], [11.014558336258522, -3.0043532694155717], [11.012969131995405, -3.004657087550034], [11.009447920076305, -3.0050117825915916], [11.006823320076306, -3.005159282591592], [11.003192056919811, -3.0051982510990163], [10.999572224462595, -3.004907728056948], [10.99599365824759, -3.004290108027232], [10.992485853691282, -3.0033504815849534], [10.99099705369128, -3.002878281584953], [10.987190721801733, -3.001454456320585], [10.983548505687171, -2.9996517631654256], [10.980108000850565, -2.9974888097895684], [10.976904720700716, -2.994987922523334], [10.973971729977496, -2.9921749159015247], [10.972901329977496, -2.991038415901525], [10.970209828248592, -2.9878650341670543], [10.967862559694806, -2.984429213518974], [10.966325470478981, -2.98158369016651], [10.964163020793656, -2.9821680346080037], [10.960409784805963, -2.982807288652052], [10.958360284805963, -2.9830566886520518], [10.955987451391978, -2.9831752256655104], [10.954495918119061, -2.983712837866561], [10.953573218119061, -2.9839985378665608], [10.949996489568077, -2.9849273265843506], [10.94634931082854, -2.985522072623918], [10.942662809740368, -2.9857776999632657], [10.938968449750769, -2.98569202688127], [10.93732254975077, -2.98557762688127], [10.933737287555909, -2.9851652345469724], [10.930203786779677, -2.984431378493202], [10.926750810499223, -2.983382032387331], [10.92340646631362, -2.982025738019755], [10.920197977544985, -2.9803735357728045], [10.917151461637696, -2.978438874750839], [10.915469561637696, -2.977261074750839], [10.912565089538118, -2.9750218839920515], [10.9098779104479, -2.9725260871316173], [10.907430613354466, -2.9697946643580546], [10.905079213354465, -2.966914864358055], [10.9045752590402, -2.96621525480657], [10.902589959247974, -2.965932009575658], [10.898893293504637, -2.9652257571007086], [10.895279366699965, -2.9641752033292024], [10.893739308373167, -2.9635653958527874], [10.890466001240846, -2.965868042366501], [10.888527401240847, -2.9670797423665007], [10.887488311520912, -2.9677074889684683], [10.886260073056688, -2.968424293572208], [10.88604168969887, -2.9686112135110805], [10.88518952882132, -2.9694379203899213], [10.881743269163012, -2.9721183045329695], [10.878025415674285, -2.9744071317923204], [10.877341815674285, -2.9747781317923203], [10.87364601735171, -2.9765452260977705], [10.871476078906635, -2.977321481461975], [10.871226162332244, -2.977519772876202], [10.868751811480788, -2.979197935976233], [10.866864211480786, -2.9803776359762333], [10.863092634881385, -2.982461106144686], [10.859118835146509, -2.984126805293719], [10.85498892235573, -2.985355405443708], [10.850750818050171, -2.986132650503643], [10.849374718050171, -2.986309050503643], [10.845474545933259, -2.986616121219603], [10.841563030944835, -2.9865407192204065], [10.840934986738272, -2.9864668247480277], [10.839187544093818, -2.9865845138371743], [10.83526294904195, -2.9864629947669705], [10.831369176381024, -2.9859572797576837], [10.830559376381023, -2.9858113797576835], [10.826921086296691, -2.984978946732765], [10.823376222026342, -2.9838110268795495], [10.819955646264932, -2.982317788472873], [10.816689139612851, -2.980512232112455], [10.813605141296735, -2.9784100775356177], [10.812643141296736, -2.9776863775356177], [10.809890333844619, -2.975416335474933], [10.807350767857523, -2.9729100145810925], [10.805044650407776, -2.970187357398544], [10.802990331041062, -2.9672700278379254], [10.801204155770927, -2.964181238798501], [10.800656955770927, -2.963129338798501], [10.799113659233583, -2.9597973936236266], [10.797882416208871, -2.9563379625338886], [10.796973602707155, -2.952780199069344], [10.796526590960342, -2.9506214132075046], [10.792796200098895, -2.9482126299153766], [10.789896947964342, -2.946152293419349], [10.787192180209358, -2.9438425573287597], [10.78470328250183, -2.941301683932064], [10.782449933699466, -2.938549763040858], [10.78216268201011, -2.9381652735767734], [10.779937769172456, -2.9370591580654506], [10.777000169172457, -2.9353941580654506], [10.773665981690634, -2.9332804545680413], [10.770556386239688, -2.9308483845093534], [10.768452692548575, -2.929028799148541], [10.766012155300302, -2.9283705871693813], [10.763143255300303, -2.9274297871693813], [10.75984225757952, -2.9261835127253235], [10.75666393026404, -2.9246511872317633], [10.753633004288075, -2.9228447338914436], [10.750773063638878, -2.9207782089277403], [10.749352463638878, -2.9196531089277404], [10.746580024755632, -2.917242114402674], [10.744040506166929, -2.914586901172279], [10.741755333968804, -2.9117098714563814], [10.740591633968803, -2.9100979714563815], [10.738814419449993, -2.9074151025659294], [10.737258626536905, -2.9045980499677664], [10.736377526536906, -2.9028389499677663], [10.7344783169224, -2.898395425574581], [10.733128806554205, -2.8937553040288897], [10.732532206554206, -2.8911194040288897], [10.731916775329086, -2.8877273241532895], [10.731915180025794, -2.8877102689666145], [10.73008148768406, -2.8855980043697995], [10.72782858923204, -2.8824263517543693], [10.72692948923204, -2.8810204517543694], [10.724933300711626, -2.8775227737008104], [10.723298931155055, -2.873842100321125], [10.722042947472294, -2.87001574103794], [10.721450747472295, -2.8678490410379402], [10.720750762662353, -2.8645796622285697], [10.717871028823103, -2.862730820836011], [10.715590028823103, -2.861048420836011], [10.71498396840229, -2.8605924739813386], [10.713412918983487, -2.8593870617559753], [10.711442418798574, -2.8579963414774974], [10.710708731228051, -2.8574314571470625], [10.708823155819683, -2.8584157781645585], [10.705565556162805, -2.859765988261401], [10.702978856162805, -2.860706788261401], [10.69906045113533, -2.8619085061193403], [10.695039644818099, -2.8627029495274856], [10.69132635508418, -2.863047644751335], [10.688779402285192, -2.8641281949813435], [10.684999480029738, -2.865306632050883], [10.681121571843034, -2.86610560281358], [10.67718367280585, -2.8665172790906333], [10.673224365779038, -2.866537627348333], [10.669282443375275, -2.8661664482179314], [10.665396527875668, -2.8654073784490275], [10.661604692815269, -2.8642678552773133], [10.657944089945083, -2.862759043555813], [10.656732785044866, -2.862112974514307], [10.656438120744355, -2.8619802778000616], [10.65584032722886, -2.861636967717282], [10.654450585225577, -2.8608957263635637], [10.654084485225578, -2.8606765263635636], [10.653570258129843, -2.8603332774126886], [10.653034118729613, -2.860025375006417], [10.652574118729612, -2.859730275006417], [10.651250116070287, -2.8587845719196707], [10.650819606596679, -2.8584972048665085], [10.650628971791196, -2.8583409035796468], [10.649330217501404, -2.8574132347927828], [10.646333056569203, -2.8547848138073917], [10.645775539008143, -2.854187737657681], [10.644560088744155, -2.853163719623552], [10.641619449789728, -2.8500969237108995], [10.639020698208643, -2.8467355125712164], [10.638320104641874, -2.845597569205838], [10.637157634797065, -2.844055054716439], [10.636688246892753, -2.8432768683087617], [10.636450912200193, -2.8438688364786175], [10.636352296459766, -2.844058501222373], [10.636270631782486, -2.844256057947791], [10.635447079592725, -2.8457994781129545], [10.634640055213415, -2.8473516042891975], [10.634523323938938, -2.84753068971249], [10.634422688554114, -2.847719290610158], [10.633451820362295, -2.8491745565548663], [10.632496547056762, -2.8506401065974427], [10.63236282443421, -2.8508068880097626], [10.632244187515619, -2.8509847167499207], [10.631135353313208, -2.8523378134675164], [10.630041030885543, -2.853702673328446], [10.62989160473687, -2.853855544533624], [10.629756108822892, -2.8540208885282907], [10.62851998728938, -2.8552587849577473], [10.627297154662807, -2.8565098102904196], [10.627133464043519, -2.85664729905517], [10.626982414033868, -2.856798565951302], [10.625630909695335, -2.85790934047331], [10.624291343416536, -2.8590344832198813], [10.624114964756771, -2.8591552654522503], [10.623949815345618, -2.8592909984669377], [10.622495943927738, -2.8602639537155725], [10.621052544752175, -2.861252378136395], [10.620865176674837, -2.8613552906374617], [10.620687518341299, -2.8614741825875702], [10.619145281420519, -2.8622999484719713], [10.617611950071366, -2.863142135499489], [10.616605350071366, -2.8636323354994886], [10.613606886914956, -2.8649436349684434], [10.610511263464016, -2.8660054273434477], [10.609129463464017, -2.8664170273434477], [10.605683905359713, -2.86727883475296], [10.60394720727091, -2.8675524614514325], [10.601796297972742, -2.868291693626084], [10.598723697972742, -2.869181093626084], [10.594267382550065, -2.8701991151211574], [10.589724018306555, -2.870702062694592], [10.585152939065932, -2.8706833681293], [10.582112339065931, -2.8704968681292997], [10.577736148794285, -2.8699853326853084], [10.575104007025223, -2.8693785554795808], [10.57303709240723, -2.870761135549432], [10.569695437915327, -2.87256333715535], [10.568399337915327, -2.8731848371553497], [10.564395378743832, -2.87484437429626], [10.563732871409643, -2.875038121763327], [10.560681981224226, -2.8763410848093365], [10.559443882717952, -2.878576357800554], [10.557496855501558, -2.881465770293891], [10.555305771435416, -2.8841747867488285], [10.55288725484886, -2.8866828531471884], [10.552852752842142, -2.8867156460761754], [10.552638572610995, -2.8870405495803055], [10.551045657016912, -2.8892237182860936], [10.550928043472112, -2.89265645969226], [10.550411735056505, -2.8965390067640855], [10.549518185851513, -2.9003524456272674], [10.548255963176837, -2.9040602131583433], [10.547914763176838, -2.9049217131583434], [10.546328513818619, -2.9084248464941953], [10.544413198859575, -2.9117594677324883], [10.54218652075407, -2.9148947563650824], [10.539669059755683, -2.9178017342316664], [10.536884083702542, -2.9204535333527617], [10.536457891763122, -2.920787546502356], [10.536936367916196, -2.922192985101671], [10.537575867916196, -2.9244215851016704], [10.538447322470185, -2.928109227373498], [10.538965927362073, -2.931862784024296], [10.539127028716294, -2.93564857125], [10.538929180835625, -2.9394326160146336], [10.538374159174614, -2.943180960918781], [10.537968859174613, -2.945239660918781], [10.537127304703441, -2.9486955832983397], [10.53662705544057, -2.9501665401865123], [10.536431121091002, -2.953370104170069], [10.53592935425894, -2.9567625071641785], [10.535138858732747, -2.96009946458843], [10.534296558732747, -2.9630792645884303], [10.533002971925427, -2.966905805317411], [10.531330061856545, -2.970582373374724], [10.529294887797318, -2.9740714774613433], [10.527815987797318, -2.9763358774613433], [10.526886778793349, -2.9776135996535205], [10.526154539238542, -2.979768304342827], [10.525462139238542, -2.981492704342827], [10.523881907018291, -2.984944700025906], [10.521981524114857, -2.9882313324796876], [10.519778109899656, -2.9913229944699724], [10.517760709899656, -2.993886894469972], [10.514678677905396, -2.997358076787338], [10.513712720390489, -2.9987464867246105], [10.510873873385945, -3.0023640514507273], [10.508173273385944, -3.005425351450727], [10.505196295011695, -3.0084586369028856], [10.501914283082845, -3.011158936622159], [10.50126776726211, -3.011584514023141], [10.500835743707785, -3.0136481477313777], [10.49996853719324, -3.0170419896527494], [10.49880773494067, -3.0203469477850957], [10.497362239004799, -3.023537676796703], [10.495643134722417, -3.026589707365428], [10.494702534722418, -3.028100807365428], [10.49267125885859, -3.0310594507140536], [10.490382974698166, -3.033824122068934], [10.487856102431081, -3.0363725664268086], [10.486473602431081, -3.0376470664268087], [10.4836139923515, -3.0400463887332485], [10.480543170729696, -3.042168692176318], [10.477287880808664, -3.0439954939902654], [10.473876472333234, -3.045510884880824], [10.472362172333234, -3.046100584880824], [10.467802736908036, -3.0475683608694575], [10.463100545005863, -3.0484806158033986], [10.460997645005863, -3.0487592158033987], [10.459951255965773, -3.048845875486273], [10.458909916223881, -3.048980231229719], [10.457996418562953, -3.0490077709027084], [10.457085624009185, -3.04908320094275], [10.45603577948404, -3.049066879274183], [10.454986284911865, -3.04909851891439], [10.45407448663186, -3.049036387547904], [10.453160684366, -3.049022180894098], [10.452117494932473, -3.0489030350606807], [10.451069952736468, -3.048831653890616], [10.448754852736467, -3.048559253890616], [10.447113131987763, -3.0482776159876748], [10.444892423004525, -3.049208764668499], [10.441530189184919, -3.0504446281225692], [10.438070871939198, -3.0513747350671085], [10.43454221493705, -3.0519916260591073], [10.430972517951911, -3.0522903536425523], [10.428216617951911, -3.0523970536425526], [10.424152729240204, -3.0523477700100994], [10.42011481831402, -3.0518863638010147], [10.416144570598133, -3.0510175983481633], [10.414187270598134, -3.050483798348163], [10.410672762384138, -3.0493485790905974], [10.407277941271843, -3.047894041238041], [10.404707641271843, -3.046649341238041], [10.401185590588655, -3.044719746832828], [10.397874777772032, -3.0424467105205713], [10.394808576178487, -3.03985314475674], [10.393196776178486, -3.03834464475674], [10.392903954872052, -3.0380461613900014], [10.392515100350305, -3.0381249831588972], [10.388815617200224, -3.038522123541822], [10.385162017200225, -3.038743123541822], [10.381591043231513, -3.0387993964515276], [10.378029283624175, -3.0385369269769216], [10.374505132328938, -3.03795780749541], [10.370555232328938, -3.03712610749541], [10.366876018594025, -3.0361667284035745], [10.363304518540264, -3.0348623475868672], [10.35987300295182, -3.0332247509590986], [10.356612477763806, -3.0312687352517638], [10.353552403903853, -3.02901197431612], [10.351187903903853, -3.0270881743161198], [10.34823636946846, -3.0244327381472793], [10.345562617967369, -3.0214977850504616], [10.343192990693645, -3.018312229627349], [10.341150832766099, -3.0149074553662474], [10.340046392486949, -3.0125673700535134], [10.339994700267225, -3.0126173921500854], [10.336768428175837, -3.015154205579862], [10.333299193215575, -3.0173470719177087], [10.329623518308193, -3.019172905415157], [10.325780099704756, -3.0206124843202287], [10.325700276537503, -3.02063779513087], [10.33041024, -3.02416587], [10.37231076, -3.05360007], [10.37732553, -3.05749917], [10.39945912, -3.07645094], [10.41940856, -3.09553897], [10.44461882, -3.12569201], [10.4655205, -3.14541996], [10.48231936, -3.1640625], [10.48515092, -3.16725445], [10.50877464, -3.19388485], [10.51635265, -3.19988561], [10.51727557, -3.20217133], [10.52794194, -3.21344686], [10.53151262, -3.2210505], [10.53548753, -3.22586632], [10.53821957, -3.23336804], [10.54217362, -3.24028277], [10.54297495, -3.24233866], [10.54330802, -3.25394881], [10.5434103, -3.25455678], [10.54457736, -3.25614464], [10.546875, -3.25753343], [10.5791409, -3.27821624], [10.58840728, -3.28330255], [10.58974493, -3.28293967], [10.58996511, -3.28457165], [10.59273517, -3.28535354], [10.63472092, -3.31531763], [10.65217674, -3.33072925], [10.65806818, -3.33912456], [10.65810061, -3.33984375], [10.65844285, -3.34145641], [10.65877485, -3.34197593], [10.66059673, -3.34315395], [10.6607784, -3.34361756], [10.66266274, -3.34901905], [10.66280854, -3.34985507], [10.66195154, -3.35310233], [10.66353321, -3.35708606], [10.66321981, -3.36536872], [10.66516745, -3.37137341], [10.66539621, -3.37621403], [10.66655231, -3.37981343], [10.66836357, -3.38336015], [10.67271292, -3.38600171], [10.67205155, -3.39407897], [10.67372036, -3.39535904], [10.67527866, -3.39366925], [10.67568815, -3.39442885], [10.67443955, -3.40184617], [10.66998732, -3.41135323], [10.66543615, -3.41742206], [10.66594827, -3.43396795], [10.66886985, -3.43574286], [10.67386067, -3.43170261], [10.67754746, -3.43397033], [10.67993164, -3.42986846], [10.68309414, -3.42844522], [10.68384337, -3.43235898], [10.68698597, -3.437397], [10.68928254, -3.43696916], [10.69300485, -3.43985152], [10.69425023, -3.44879782], [10.70191526, -3.44855964], [10.70913756, -3.44677615], [10.71262777, -3.44758415], [10.71284986, -3.44780397], [10.71480262, -3.45214868], [10.71431684, -3.45767498], [10.71238422, -3.46177304], [10.70876765, -3.46428883], [10.7090044, -3.46172524], [10.70673728, -3.46218264], [10.70302093, -3.46738708], [10.70277584, -3.47090745], [10.7048223, -3.47504914], [10.71098566, -3.47571182], [10.7276448, -3.48371661], [10.729056, -3.48896182], [10.74483144, -3.49922848], [10.74910641, -3.50094962], [10.7574079, -3.50913787], [10.76206017, -3.515625], [10.76261926, -3.515625], [10.76383352, -3.51717854], [10.76414895, -3.51736736], [10.7772094, -3.52236986], [10.77760005, -3.52255404], [10.78031445, -3.52520967], [10.78954482, -3.52933514], [10.79216945, -3.53291893], [10.79780543, -3.53663325], [10.80068994, -3.53998518], [10.81950927, -3.55005586], [10.82714558, -3.55764616], [10.82951701, -3.56182301], [10.84002626, -3.56414342], [10.84903896, -3.57059336], [10.85304701, -3.57976913], [10.86332238, -3.58039677], [10.87347448, -3.58239615], [10.88002777, -3.59552562], [10.88337934, -3.59885836], [10.88360155, -3.59902155], [10.8984375, -3.60518956], [10.89881873, -3.60511947], [10.91138017, -3.61532772], [10.91493785, -3.61500764], [10.91845131, -3.61658275], [10.92198694, -3.61568058], [10.92427194, -3.6168431], [10.92964828, -3.61559606], [10.93724, -3.62152016], [10.9378221, -3.62637973], [10.93933535, -3.62637901], [10.94102085, -3.62351716], [10.94413126, -3.62338185], [10.94390905, -3.62782276], [10.94699204, -3.63391876], [10.95303714, -3.63703251], [10.95925736, -3.64407671], [10.96248043, -3.65231287], [10.96486938, -3.65433657], [10.96497667, -3.65778208], [10.96632206, -3.65997255], [10.97232413, -3.66084754], [10.97753727, -3.66639245], [10.97734594, -3.66865754], [10.97953308, -3.67086637], [10.98009336, -3.67112195], [10.98213494, -3.67135775], [10.98469174, -3.66925025], [10.98602056, -3.66445875], [10.98941696, -3.66425335], [10.99098778, -3.66475785], [10.99166024, -3.66555285], [10.99256015, -3.66802073], [10.99246585, -3.66867018], [10.99209571, -3.66913342], [10.98910487, -3.66956687], [10.99087071, -3.68129027], [10.98864722, -3.68424165], [10.99079323, -3.68808317], [10.99513113, -3.69140625], [10.99576735, -3.69140625], [11.00373006, -3.69498014], [11.00860524, -3.69336915], [11.00975156, -3.69140625], [11.00966311, -3.69140625], [11.00788391, -3.68922985], [11.00531256, -3.68914962], [11.00481701, -3.68885303], [11.00410521, -3.68735087], [11.00429738, -3.68460751], [11.00971115, -3.68068993], [11.01237702, -3.68057835], [11.00621092, -3.68416953], [11.00529885, -3.68679166], [11.00999033, -3.68671358], [11.01004732, -3.68826342], [11.01564157, -3.69050896], [11.01833916, -3.68926096], [11.01702344, -3.69140625], [11.01706541, -3.69515777], [11.01888537, -3.69778526], [11.02133358, -3.69915748], [11.02432406, -3.69954836], [11.02751875, -3.70179331], [11.03053725, -3.70160031], [11.03338265, -3.7027601], [11.03837514, -3.70010483], [11.04215562, -3.70282757], [11.04777396, -3.69895947], [11.05186105, -3.70399058], [11.05636597, -3.70585656], [11.05951095, -3.70643675], [11.06284022, -3.70392966], [11.06600285, -3.70882046], [11.06893253, -3.70704424], [11.07073724, -3.70757377], [11.07163274, -3.70913446], [11.07559907, -3.70977354], [11.07586944, -3.7097584], [11.07839346, -3.70839715], [11.08047843, -3.70551562], [11.08042204, -3.70069695], [11.08243763, -3.69795847], [11.08246934, -3.69140625], [11.08232296, -3.69140625], [11.08229315, -3.69019473], [11.08173418, -3.68843246], [11.07870984, -3.68600488], [11.08059466, -3.68558848], [11.08254075, -3.68800056], [11.08764124, -3.6909821], [11.08875072, -3.69140625], [11.09030044, -3.69140625], [11.09179342, -3.69261992], [11.09193361, -3.69313502], [11.0914911, -3.69693291], [11.09547567, -3.70913565], [11.09542966, -3.70940936], [11.09086335, -3.71068811], [11.08783972, -3.71380866], [11.08968258, -3.71412694], [11.09399581, -3.71238935], [11.09940314, -3.71417844], [11.1007421, -3.71610558], [11.09884727, -3.71655417], [11.09780526, -3.71954691], [11.10456383, -3.72240615], [11.10740244, -3.72483015], [11.10752594, -3.72845101], [11.11002195, -3.73063135], [11.10789895, -3.73262358], [11.10884702, -3.73427796], [11.1124475, -3.73387265], [11.11421585, -3.73551381], [11.11956036, -3.73575437], [11.12113321, -3.73866296], [11.12431204, -3.74133551], [11.12704551, -3.73981273], [11.13023686, -3.74353862], [11.13476205, -3.74571264], [11.14200115, -3.75476742], [11.14835703, -3.75786388], [11.15397584, -3.76341021], [11.16033292, -3.76470077], [11.16064727, -3.76482415], [11.1641047, -3.76735997], [11.16550827, -3.76860654], [11.17053497, -3.77453327], [11.17105222, -3.77778184], [11.16886675, -3.7794317], [11.16894615, -3.78229105], [11.17300081, -3.78620708], [11.17365265, -3.78859913], [11.17598641, -3.78944898], [11.17632878, -3.78972816], [11.17985451, -3.79348946], [11.18053877, -3.79482043], [11.18021238, -3.79512966], [11.17861974, -3.79568148], [11.17523575, -3.79433441], [11.17231655, -3.79136574], [11.16849303, -3.792014], [11.16611016, -3.78851223], [11.16393185, -3.78914785], [11.16309094, -3.79249096], [11.16428244, -3.79476845], [11.16639626, -3.79507482], [11.16601014, -3.79648423], [11.15554655, -3.79991424], [11.14892375, -3.79991472], [11.13882887, -3.79583991], [11.13407564, -3.79497051], [11.12537837, -3.79070735], [11.11901534, -3.78615582], [11.11287868, -3.77855325], [11.10596275, -3.77274001], [11.10598183, -3.76978564], [11.1093297, -3.76836515], [11.10969305, -3.76432514], [11.11289632, -3.76870406], [11.11502671, -3.76802075], [11.11456144, -3.76560688], [11.11188805, -3.76350248], [11.1073426, -3.75478876], [11.10414553, -3.75473797], [11.10298455, -3.75261486], [11.09887922, -3.74962056], [11.09410405, -3.74860501], [11.09400594, -3.74625134], [11.09147358, -3.74116194], [11.08946705, -3.74060214], [11.08075833, -3.73145843], [11.06557322, -3.73121011], [11.06495476, -3.72687626], [11.06194818, -3.72330463], [11.05973041, -3.72448015], [11.05802441, -3.72413588], [11.05478072, -3.72052956], [11.05285025, -3.72115254], [11.05157197, -3.72306395], [11.04906833, -3.72189784], [11.04742801, -3.72742915], [11.04496443, -3.72740674], [11.04397357, -3.72905254], [11.04118776, -3.73012078], [11.03729784, -3.7288841], [11.03481245, -3.72679114], [11.03108072, -3.72083688], [11.02714145, -3.72212601], [11.02555275, -3.72063208], [11.02422798, -3.72142446], [11.02439392, -3.71638441], [11.02201867, -3.71526635], [11.01968277, -3.7148056], [11.01783383, -3.71747541], [11.01489901, -3.71850646], [11.01088774, -3.71375883], [11.00620675, -3.71444666], [11.0062257, -3.71558094], [11.00530016, -3.71382105], [11.00326622, -3.71443605], [11.00325656, -3.71869731], [10.99372685, -3.71706224], [10.99033952, -3.70916927], [10.97637105, -3.70497024], [10.97271526, -3.70178032], [10.96228337, -3.69629705], [10.95884907, -3.69182467], [10.95912886, -3.69140625], [10.95908046, -3.69140625], [10.95954871, -3.68367445], [10.95881414, -3.68112457], [10.95848215, -3.68080556], [10.95114005, -3.67908227], [10.94623065, -3.67542398], [10.93890405, -3.67464328], [10.93315876, -3.67061007], [10.92909586, -3.66530335], [10.92703652, -3.65777254], [10.92403007, -3.65538907], [10.91629934, -3.64304864], [10.90303814, -3.63472736], [10.90135455, -3.63190937], [10.8995198, -3.6263808], [10.8984375, -3.625], [10.89831305, -3.62502611], [10.89667571, -3.62375665], [10.89650631, -3.62326491], [10.89694285, -3.6198287], [10.89596641, -3.61675072], [10.89069951, -3.60974443], [10.89030647, -3.60928774], [10.88740277, -3.60733485], [10.87948847, -3.60570562], [10.87534857, -3.60283732], [10.87307847, -3.59724236], [10.87349462, -3.59471261], [10.87191796, -3.59192693], [10.87175691, -3.58870757], [10.87109745, -3.58814716], [10.86695945, -3.58652484], [10.8580507, -3.58673537], [10.84867096, -3.58421505], [10.84583497, -3.58046257], [10.8455317, -3.57270014], [10.8444066, -3.56932461], [10.83123481, -3.56533444], [10.83068395, -3.56498814], [10.81758058, -3.55197406], [10.80080235, -3.54347825], [10.78396595, -3.52819204], [10.76917255, -3.52264607], [10.76107454, -3.51776254], [10.75926554, -3.515625], [10.75870681, -3.515625], [10.75551546, -3.51071215], [10.75086045, -3.50635707], [10.73702431, -3.49612844], [10.73249626, -3.49544215], [10.72384131, -3.48350084], [10.71861935, -3.48069584], [10.71107101, -3.47998154], [10.7088325, -3.47914731], [10.70416415, -3.47629964], [10.70182657, -3.47398341], [10.70162845, -3.47365725], [10.70008111, -3.46958566], [10.70032072, -3.4675374], [10.70052016, -3.46708107], [10.70337343, -3.46302998], [10.70764995, -3.46008277], [10.70954442, -3.4571948], [10.71326494, -3.45724642], [10.71325386, -3.45215845], [10.71024287, -3.45225847], [10.70597374, -3.44999492], [10.70579422, -3.45667625], [10.7002089, -3.45851541], [10.68732047, -3.45740473], [10.68563724, -3.4557867], [10.68392265, -3.45639443], [10.6825366, -3.45556211], [10.67902815, -3.44885576], [10.67588568, -3.44564188], [10.66496766, -3.44229305], [10.66221762, -3.44054556], [10.66172326, -3.43973804], [10.66125131, -3.43598175], [10.66197312, -3.43218195], [10.66002893, -3.43167782], [10.65812194, -3.42975605], [10.65649593, -3.42728496], [10.65649581, -3.42654002], [10.65813005, -3.41952431], [10.66178525, -3.41114032], [10.66092324, -3.4022516], [10.66334057, -3.39758801], [10.6650393, -3.38827491], [10.66502786, -3.38770974], [10.65952754, -3.37065113], [10.66110396, -3.34763956], [10.66014278, -3.34419251], [10.65856755, -3.34442127], [10.65850842, -3.34448481], [10.65912545, -3.35336685], [10.65768147, -3.35318828], [10.65730345, -3.35420001], [10.65884984, -3.35538161], [10.65813005, -3.37120914], [10.66229296, -3.38480222], [10.66247606, -3.39356601], [10.65648794, -3.40650594], [10.65525746, -3.41606355], [10.64598787, -3.43045115], [10.64124572, -3.43330991], [10.64044726, -3.43526888], [10.64976585, -3.44430876], [10.66156101, -3.45300496], [10.70283294, -3.48012721], [10.73425186, -3.5028162], [10.75004351, -3.515625], [10.75060225, -3.515625], [10.77541685, -3.53552532], [10.84270394, -3.59190035], [10.86300612, -3.60992551], [10.87723827, -3.62302685], [10.8984375, -3.64425206], [10.92024291, -3.66484356], [10.94305515, -3.68924737], [10.94454861, -3.69140625], [10.94458532, -3.69140625], [10.98044038, -3.73565483], [10.99266541, -3.74880242], [10.99488127, -3.75151706], [11.00093532, -3.76121688], [11.01417255, -3.77696645], [11.01945758, -3.78534567], [11.01981688, -3.78616107], [11.01924491, -3.78656364], [11.01846945, -3.78648675], [11.01760697, -3.78527117], [11.01553595, -3.79205275], [11.00952053, -3.80378366], [11.00905871, -3.80498242], [11.00726402, -3.81762445], [11.01089883, -3.82856464], [11.02004933, -3.84245026], [11.02017546, -3.84280133], [11.02198434, -3.85868192], [11.02216697, -3.85901392], [11.03240585, -3.8671875], [11.03268576, -3.8671875], [11.04736912, -3.87890625], [11.04944861, -3.88098085], [11.04965472, -3.8823024], [11.04760432, -3.88025248], [11.04912364, -3.88280117], [11.06976998, -3.90035415], [11.0766741, -3.90500522], [11.07729292, -3.90536022], [11.08245623, -3.90702116], [11.08287084, -3.90690005], [11.08676386, -3.90401006], [11.08759296, -3.90122545], [11.08865213, -3.90415466], [11.09169042, -3.90728557], [11.09169126, -3.90783048], [11.0911864, -3.90804303], [11.0898658, -3.90597785], [11.08681774, -3.90538382], [11.08358896, -3.90819466], [11.08350313, -3.90831494], [11.08339131, -3.91090405], [11.10313237, -3.92547464], [11.11397505, -3.93147278], [11.11630321, -3.93465114], [11.13155746, -3.94584394], [11.13563967, -3.94865537], [11.14675915, -3.95472312], [11.14686966, -3.95469296], [11.14824116, -3.95401943], [11.1490674, -3.95428836], [11.15073037, -3.95518321], [11.15073028, -3.95518333], [11.15072566, -3.95518722], [11.15068291, -3.95522318], [11.15048406, -3.95539046], [11.15038131, -3.95547689], [11.15023978, -3.95559595], [11.14979923, -3.95596654], [11.14844917, -3.95710222], [11.14762411, -3.95810196], [11.14694628, -3.95892328], [11.14491565, -3.96138383], [11.14102924, -3.96609303], [11.14051704, -3.96671367], [11.13829918, -3.96940107], [11.12478274, -3.9857791], [11.12282037, -3.98815692], [11.11833083, -3.99359694], [11.11725497, -3.99530681], [11.09223702, -4.03506765], [11.08808609, -4.04166471], [11.08699656, -4.04339628], [11.05592661, -4.09277553], [11.04488219, -4.11032836], [11.03876745, -4.12004648], [10.97770259, -4.21709642], [10.95047106, -4.26037531], [10.91953731, -4.3095381], [10.74730667, -4.58326306], [10.72151273, -4.60923159], [10.37991517, -4.95314146], [9.83768177, -5.4990453], [8.91135333, -6.43164417], [8.89621034, -6.44726385], [8.89162423, -6.44335391], [8.88501802, -6.43772172], [8.88434215, -6.43714469], [8.88299012, -6.43598883], [8.88231467, -6.4354106], [8.8796109, -6.43309288], [8.87893571, -6.43251331], [8.87758574, -6.43135296], [8.87691151, -6.43077265], [8.87151362, -6.4261204], [8.87084001, -6.42553904], [8.86949283, -6.42437481], [8.86881981, -6.4237924], [8.86612783, -6.42145971], [8.86545577, -6.42087656], [8.86411208, -6.41970905], [8.86344135, -6.41912549], [8.85269304, -6.40976117], [8.85103767, -6.40831413], [8.84773026, -6.40541332], [8.8460794, -6.40396059], [8.83948238, -6.39813597], [8.83783642, -6.39667789], [8.83454842, -6.39375551], [8.83290608, -6.39229094], [8.8246837, -6.38493407], [8.81317449, -6.37483031], [8.81141231, -6.37327778], [8.80789182, -6.37016511], [8.8061348, -6.36860611], [8.79911397, -6.36235438], [8.79736236, -6.3607891], [8.79386371, -6.35765155], [8.7921179, -6.35608036], [8.78127109, -6.34628377], [8.77991819, -6.34505848], [8.77721429, -6.34260287], [8.77586439, -6.34137355], [8.77046864, -6.33644624], [8.76912212, -6.33521323], [8.76643173, -6.33274287], [8.76508895, -6.33150652], [8.75435044, -6.32159177], [8.75301109, -6.32035174], [8.75033434, -6.31786668], [8.74899802, -6.31662266], [8.74365673, -6.31163657], [8.74232384, -6.31038889], [8.73966075, -6.30788922], [8.73833164, -6.30663825], [8.7277027, -6.29660653], [8.72637705, -6.29535192], [8.72372775, -6.2928377], [8.72240519, -6.29157912], [8.71711899, -6.28653486], [8.71579988, -6.28527267], [8.71316441, -6.28274399], [8.71184912, -6.28147855], [8.70133101, -6.27133107], [8.70001922, -6.27006202], [8.6973977, -6.26751895], [8.69608904, -6.26624597], [8.69085855, -6.26114413], [8.68955339, -6.25986758], [8.68694585, -6.2573102], [8.68564454, -6.25603043], [8.67523849, -6.24576842], [8.67394072, -6.24448508], [8.67134729, -6.24191347], [8.67005268, -6.24062624], [8.66487853, -6.23546745], [8.66358746, -6.23417669], [8.66100816, -6.23159092], [8.65972098, -6.23029698], [8.64942824, -6.21992167], [8.64814464, -6.2186242], [8.64557959, -6.21602435], [8.6442992, -6.21472303], [8.639182, -6.20950791], [8.63790518, -6.20820308], [8.63535442, -6.20558924], [8.63408152, -6.20428129], [8.6239033, -6.19379392], [8.62263402, -6.19248248], [8.62009767, -6.18985471], [8.61883163, -6.18853944], [8.61377199, -6.18326862], [8.61250957, -6.1819499], [8.60998765, -6.17930829], [8.60872919, -6.17798648], [8.59866668, -6.16738833], [8.59741187, -6.16606307], [8.59490451, -6.16340769], [8.59365299, -6.16207864], [8.5886515, -6.15675275], [8.58740362, -6.15542029], [8.58491085, -6.15275123], [8.58366697, -6.15141572], [8.57372137, -6.14070805], [8.57248118, -6.13936914], [8.57000311, -6.13668647], [8.56876624, -6.13534381], [8.56382349, -6.12996349], [8.56259031, -6.12861744], [8.56012698, -6.12592126], [8.55889782, -6.12457221], [8.5490703, -6.11375632], [8.54784487, -6.11240391], [8.54539638, -6.10969427], [8.54417432, -6.10833815], [8.5392909, -6.10290405], [8.53807256, -6.10154459], [8.53563895, -6.0988216], [8.53442467, -6.09745918], [8.52471639, -6.08653636], [8.52350587, -6.08517062], [8.52108725, -6.08243434], [8.51988013, -6.08106492], [8.5150566, -6.07557769], [8.51385325, -6.07420497], [8.51144965, -6.07145551], [8.51025039, -6.07007988], [8.50066249, -6.05905145], [8.49946702, -6.05767254], [8.49707855, -6.05490995], [8.49588653, -6.0535274], [8.49112347, -6.0479877], [8.48993524, -6.04660189], [8.48756194, -6.04382628], [8.48637783, -6.04243761], [8.47691144, -6.03130489], [8.47635574, -6.03065051], [8.47524391, -6.02933953], [8.47468857, -6.02868385], [8.472467, -6.02605751], [8.47191234, -6.02540092], [8.47080355, -6.02408668], [8.47024988, -6.02342956], [8.46581905, -6.01816393], [8.46534163, -6.01759592], [8.46438683, -6.01645865], [8.46390988, -6.0158899], [8.4620022, -6.01361253], [8.461715, -6.01326943], [8.4610686, -6.01249663], [8.45989854, -6.01109386], [8.45818262, -6.00903094], [8.45732589, -6.00799885], [8.45455981, -6.00465979], [8.45386933, -6.00382489], [8.45248934, -6.00215352], [8.45180036, -6.00131768], [8.44688742, -5.99534764], [8.4462745, -5.99460173], [8.44504907, -5.99310822], [8.44443706, -5.99236123], [8.44198988, -5.98936986], [8.4413791, -5.98862217], [8.4401583, -5.98712548], [8.43954907, -5.98637747], [8.43032902, -5.9750402], [8.42917954, -5.97362278], [8.42688321, -5.97078327], [8.42573729, -5.96936233], [8.42115896, -5.96366923], [8.42001694, -5.96224516], [8.41773618, -5.95939313], [8.41659837, -5.95796633], [8.40750312, -5.94652882], [8.40636925, -5.94509891], [8.40410417, -5.94223443], [8.40297389, -5.94080103], [8.39845822, -5.93505817], [8.39733187, -5.93362168], [8.3950825, -5.93074486], [8.3939604, -5.92930569], [8.38499102, -5.91776931], [8.38387287, -5.91632707], [8.38163932, -5.91343798], [8.38052482, -5.91199229], [8.37607233, -5.90620035], [8.37496179, -5.90475162], [8.37274408, -5.90185035], [8.3716378, -5.90039899], [8.36279534, -5.88876513], [8.36169307, -5.88731074], [8.359996, -5.88506519], [8.35951445, -5.88460974], [8.35528438, -5.88060012], [8.35422853, -5.87959711], [8.35211845, -5.87758823], [8.35106507, -5.87658319], [8.34263903, -5.86852604], [8.34211376, -5.86802321], [8.34106262, -5.86701587], [8.34053747, -5.86651206], [8.33843625, -5.864494], [8.3379115, -5.86398948], [8.33686228, -5.86297958], [8.33633823, -5.86247461], [8.33214349, -5.85842824], [8.33162002, -5.85792272], [8.33057304, -5.85691056], [8.33004997, -5.85640434], [8.32795766, -5.85437718], [8.32743532, -5.85387056], [8.32639091, -5.85285645], [8.32586961, -5.85234973], [8.31655223, -5.84328284], [8.31576754, -5.84251798], [8.31419814, -5.84098572], [8.31341428, -5.84021915], [8.31027927, -5.83714824], [8.30949657, -5.83638029], [8.30793202, -5.83484267], [8.3071508, -5.83407364], [8.30089981, -5.82791002], [8.30011992, -5.82713975], [8.29856056, -5.82559711], [8.29778172, -5.82482535], [8.29466723, -5.8217341], [8.29388988, -5.82096127], [8.29233602, -5.81941393], [8.29156057, -5.81864046], [8.27913921, -5.80623019], [8.27759054, -5.80467779], [8.27449663, -5.8015662], [8.27295265, -5.80000828], [8.2667837, -5.79376312], [8.26524486, -5.79220013], [8.26217149, -5.78906826], [8.26063821, -5.78750065], [8.24838145, -5.77492795], [8.24685338, -5.77335529], [8.24380073, -5.77020324], [8.24227741, -5.76862514], [8.23619128, -5.76229932], [8.23467316, -5.76071621], [8.23164132, -5.75754415], [8.23012883, -5.7559565], [8.21803876, -5.74322354], [8.21653154, -5.74163091], [8.21352068, -5.73843895], [8.21201828, -5.73684093], [8.206016, -5.73043554], [8.20451887, -5.72883259], [8.20152907, -5.7256209], [8.20003762, -5.72401347], [8.18811631, -5.71112248], [8.18663019, -5.70951014], [8.18366164, -5.70627883], [8.18218042, -5.70466118], [8.17626301, -5.69817734], [8.17478712, -5.69655482], [8.17183988, -5.69330405], [8.17036973, -5.69167713], [8.1586192, -5.67863034], [8.15715444, -5.67699858], [8.15422869, -5.67372847], [8.1527689, -5.67209146], [8.14693738, -5.66553029], [8.14548298, -5.66388849], [8.1425788, -5.66059921], [8.14113019, -5.65895308], [8.12955245, -5.64575275], [8.1281093, -5.64410185], [8.12522685, -5.64079352], [8.12378874, -5.63913744], [8.11804409, -5.63250008], [8.11661143, -5.63083927], [8.1137508, -5.62751205], [8.11232399, -5.62584699], [8.100921, -5.61249542], [8.10024118, -5.61169814], [8.09888124, -5.6101007], [8.09820208, -5.60930166], [8.09548567, -5.60610069], [8.09480757, -5.60530034], [8.09345225, -5.60369815], [8.09277559, -5.60289696], [8.08736144, -5.59647615], [8.08675432, -5.59575511], [8.08554036, -5.59431129], [8.08493406, -5.59358915], [8.08250949, -5.59069722], [8.08205502, -5.59015455], [8.08108467, -5.58899463], [8.07985859, -5.58752436], [8.07819322, -5.58552148], [8.0773617, -5.58451945], [8.07463929, -5.58123227], [8.0739597, -5.58041035], [8.07260145, -5.57876499], [8.07192332, -5.57794217], [8.06704039, -5.57200773], [8.06643122, -5.57126628], [8.06521327, -5.56978169], [8.06460499, -5.56903916], [8.0621727, -5.56606568], [8.06156564, -5.56532246], [8.06035226, -5.56383474], [8.05974673, -5.56309121], [8.05052972, -5.55175687], [8.04938062, -5.55033982], [8.04708503, -5.54750103], [8.04593949, -5.54608046], [8.04136262, -5.54038883], [8.04022097, -5.53896512], [8.03794094, -5.53611382], [8.03680348, -5.53468739], [8.02771108, -5.52325278], [8.02657756, -5.52182323], [8.02431318, -5.51895948], [8.02318325, -5.51752645], [8.01866895, -5.51178504], [8.01754295, -5.51034892], [8.01529425, -5.50747282], [8.01417248, -5.50603401], [8.00520575, -5.49450053], [8.00408794, -5.49305865], [8.00185503, -5.49017028], [8.00074085, -5.48872495], [7.99628965, -5.48293445], [7.99517942, -5.48148609], [7.99296233, -5.47858553], [7.99185637, -5.47713453], [7.98301637, -5.46550355], [7.9819144, -5.46404952], [7.97971323, -5.46113686], [7.97861493, -5.45967943], [7.97422734, -5.45384053], [7.97313303, -5.45238009], [7.9709478, -5.44945544], [7.96985778, -5.44799241], [7.96114554, -5.43626532], [7.96005954, -5.43479931], [7.95784992, -5.43180782], [7.95748582, -5.43149916], [7.9544677, -5.42912583], [7.95290305, -5.4279727], [7.95145095, -5.42690741], [7.94854883, -5.42477233], [7.9471, -5.42370341], [7.9355102, -5.41512834], [7.93406429, -5.4140555], [7.93117379, -5.41190473], [7.92973038, -5.41082769], [7.92395947, -5.40650937], [7.92251898, -5.40542843], [7.91964015, -5.40326206], [7.91820297, -5.40217752], [7.90670668, -5.39347749], [7.90527246, -5.39238905], [7.90240541, -5.39020712], [7.90097374, -5.38911452], [7.89524992, -5.38473399], [7.89382121, -5.38363751], [7.89096599, -5.3814401], [7.88954064, -5.38034007], [7.87813918, -5.37151611], [7.87671682, -5.37041221], [7.87387355, -5.36819937], [7.8724538, -5.36709133], [7.8668108, -5.36267499], [7.85178182, -5.3511477], [7.84766677, -5.34796582], [7.83945935, -5.34156828], [7.83536845, -5.33835377], [7.83027471, -5.33431904], [7.82923089, -5.33349053], [7.82714421, -5.33183087], [7.82610198, -5.33100022], [7.82193458, -5.32767201], [7.82089413, -5.32683937], [7.81881432, -5.32517155], [7.81777581, -5.32433706], [7.8094671, -5.31764681], [7.80843047, -5.31681039], [7.80635776, -5.31513457], [7.80532252, -5.31429585], [7.80118268, -5.31093501], [7.8001494, -5.31009445], [7.79808396, -5.3084108], [7.7970532, -5.30756887], [7.78054338, -5.29405554], [7.77953926, -5.29323201], [7.77753037, -5.29158113], [7.776527, -5.29075494], [7.77251344, -5.28744352], [7.7715114, -5.28661514], [7.76950839, -5.28495596], [7.76850823, -5.28412585], [7.76050485, -5.27746989], [7.75956428, -5.2766862], [7.7576835, -5.27511619], [7.75674409, -5.27433054], [7.75298721, -5.27118271], [7.75218234, -5.27050723], [7.75057315, -5.26915458], [7.75007005, -5.26873127], [7.7489686, -5.26780153], [7.7473687, -5.26644808], [7.74656945, -5.26577088], [7.7439053, -5.26350994], [7.74323998, -5.26294456], [7.74190972, -5.26181263], [7.74124529, -5.2612465], [7.73639055, -5.25710456], [7.73578467, -5.25658701], [7.73457287, -5.25555062], [7.73396745, -5.25503221], [7.73154567, -5.25295597], [7.73094101, -5.25243695], [7.729732, -5.25139793], [7.72912843, -5.2508786], [7.71985047, -5.24288573], [7.71869297, -5.24188623], [7.71637899, -5.23988347], [7.71522347, -5.23888104], [7.71060347, -5.23486383], [7.70945025, -5.23385874], [7.70714549, -5.23184538], [7.70599488, -5.23083792], [7.69679073, -5.22276009], [7.69564246, -5.22174999], [7.69334698, -5.21972604], [7.69220071, -5.21871303], [7.6876178, -5.21465351], [7.68647386, -5.21363786], [7.68418768, -5.21160339], [7.68304638, -5.2105854], [7.6739168, -5.20242329], [7.67277785, -5.20140267], [7.67050105, -5.19935771], [7.66936413, -5.1983342], [7.6648187, -5.19423271], [7.66368413, -5.19320659], [7.66141674, -5.19115119], [7.66028483, -5.19012275], [7.65123058, -5.18187704], [7.65010106, -5.180846], [7.64784313, -5.17878019], [7.64671566, -5.17774627], [7.64220808, -5.17360317], [7.64108298, -5.17256666], [7.63883455, -5.1704905], [7.63771213, -5.16945169], [7.62873397, -5.1611231], [7.62761396, -5.16008171], [7.62537509, -5.15799523], [7.62425716, -5.15695098], [7.61978781, -5.15276662], [7.61867227, -5.15171981], [7.616443, -5.14962306], [7.61533017, -5.14857398], [7.60642884, -5.14016319], [7.60531844, -5.13911155], [7.60309882, -5.13700458], [7.60199052, -5.1359501], [7.59755976, -5.13172482], [7.59645389, -5.1306678], [7.59424395, -5.12855065], [7.5931408, -5.12749138], [7.58431705, -5.11899911], [7.58177395, -5.1165385], [7.5766996, -5.11160265], [7.57416965, -5.10912865], [7.56407238, -5.09920213], [7.56156803, -5.09672708], [7.55657103, -5.09176242], [7.55407853, -5.08927294], [7.54923986, -5.08441454], [7.54776297, -5.08295567], [7.54412641, -5.07934966], [7.54231189, -5.07754347], [7.53776493, -5.07299999], [7.53719745, -5.07243226], [7.53606256, -5.07129549], [7.53549561, -5.07072692], [7.53322795, -5.06845004], [7.5326617, -5.06788081], [7.53152959, -5.06674135], [7.53096422, -5.06617163], [7.52588647, -5.0610486], [7.52476266, -5.05991204], [7.52251707, -5.05763554], [7.52139594, -5.05649625], [7.516915, -5.05193179], [7.51579674, -5.05078995], [7.51356234, -5.04850297], [7.51244712, -5.04735876], [7.50352851, -5.03818631], [7.50241601, -5.03703939], [7.50019256, -5.03474165], [7.49908251, -5.03359175], [7.49464542, -5.02898436], [7.49353795, -5.02783161], [7.49132515, -5.02552284], [7.49022037, -5.02436737], [7.48674748, -5.02072642], [7.48617811, -5.02012875], [7.48503963, -5.01893221], [7.48447091, -5.01833375], [7.48219644, -5.01593736], [7.4816285, -5.01533824], [7.48049306, -5.01413896], [7.47992601, -5.01353929], [7.47538849, -5.00873475], [7.47482223, -5.00813442], [7.47368983, -5.0069324], [7.47312415, -5.00633121], [7.47086171, -5.00392371], [7.47029679, -5.00332182], [7.46916737, -5.00211701], [7.46860329, -5.00151453], [7.46223517, -4.99470437], [7.44891527, -4.98052187], [7.44724705, -4.97873905], [7.44391567, -4.97516576], [7.44225369, -4.97337654], [7.43561558, -4.96620393], [7.43396022, -4.96440869], [7.43065518, -4.96081119], [7.42900683, -4.9590104], [7.41583463, -4.9445667], [7.41419278, -4.9427597], [7.41091389, -4.93913773], [7.40927821, -4.93732424], [7.40274523, -4.93005437], [7.40111588, -4.92823455], [7.39786296, -4.92458794], [7.3962401, -4.92276197], [7.39422757, -4.92048919], [7.38767004, -4.91638214], [7.38612726, -4.91541293], [7.38304268, -4.91346922], [7.38150214, -4.91249552], [7.37534197, -4.90859017], [7.37380409, -4.90761225], [7.37073018, -4.90565167], [7.3691954, -4.90466981], [7.35691651, -4.8967907], [7.35538444, -4.89580462], [7.35232132, -4.8938272], [7.35079153, -4.89283666], [7.34467449, -4.88886398], [7.34314741, -4.88786925], [7.34009515, -4.88587507], [7.33857121, -4.88487643], [7.32637932, -4.87686311], [7.32485813, -4.87586029], [7.32181685, -4.87384939], [7.32029799, -4.87284213], [7.3142248, -4.86880259], [7.3127087, -4.86779117], [7.30967846, -4.86576363], [7.30816554, -4.86474834], [7.29606209, -4.85660178], [7.29455198, -4.85558233], [7.29153288, -4.85353819], [7.29002514, -4.85251434], [7.28399653, -4.84840842], [7.2824916, -4.84738044], [7.27948372, -4.84531978], [7.27798201, -4.84428796], [7.26596845, -4.83600913], [7.26446958, -4.83497318], [7.26147304, -4.83289605], [7.25997659, -4.83185572], [7.25399328, -4.82768394], [7.25249969, -4.8266395], [7.24951455, -4.82454598], [7.24802421, -4.82349775], [7.23610198, -4.81508765], [7.23461453, -4.81403533], [7.2316409, -4.81192546], [7.23015593, -4.81086877], [7.22421863, -4.80663161], [7.22273655, -4.80557086], [7.21977449, -4.80344472], [7.21829572, -4.80238021], [7.20646622, -4.79383986], [7.20499038, -4.79277128], [7.20204002, -4.79062892], [7.2005667, -4.78955602], [7.19467611, -4.78525399], [7.19320573, -4.78417705], [7.19026711, -4.78201855], [7.18880007, -4.78093788], [7.17706472, -4.7722683], [7.17560066, -4.7711836], [7.17267391, -4.76900901], [7.17121241, -4.76792001], [7.16536924, -4.76355364], [7.16391073, -4.76246063], [7.1609959, -4.76027004], [7.15954077, -4.75917334], [7.14790096, -4.75037558], [7.14644886, -4.74927488], [7.14354607, -4.74706833], [7.14209657, -4.74596336], [7.13630152, -4.74153317], [7.13485505, -4.74042423], [7.13196435, -4.7382018], [7.13052131, -4.73708921], [7.11897842, -4.72816431], [7.11753844, -4.72704776], [7.11465996, -4.7248095], [7.11322264, -4.72368871], [7.10747638, -4.71919522], [7.10604213, -4.71807049], [7.10317591, -4.71581648], [7.10174512, -4.71468814], [7.09030053, -4.70563718], [7.08887285, -4.70450491], [7.08601902, -4.70223521], [7.08459404, -4.70109872], [7.07889726, -4.69654248], [7.0774754, -4.69540209], [7.074634, -4.69311679], [7.07321563, -4.69197281], [7.0618707, -4.68279689], [7.06045549, -4.68164903], [7.05762664, -4.67934817], [7.05621417, -4.67819612], [7.05056756, -4.67357768], [7.04915825, -4.67242176], [7.04634201, -4.67010543], [7.04493624, -4.66894597], [7.03369231, -4.65964618], [7.03301087, -4.6590818], [7.03164722, -4.65795086], [7.03096596, -4.65738509], [7.02824013, -4.65511832], [7.02755942, -4.65455148], [7.02619839, -4.65341659], [7.02551861, -4.652849], [7.02007753, -4.64829968], [7.01944592, -4.64777093], [7.01818263, -4.64671202], [7.01755148, -4.64618232], [7.01502677, -4.64406075], [7.0145083, -4.64362462], [7.01334171, -4.64264224], [7.01207783, -4.64157477], [7.01032824, -4.64009333], [7.00945429, -4.63935203], [7.00640741, -4.63676311], [7.00564657, -4.63611565], [7.00412546, -4.63481923], [7.00336577, -4.63417078], [6.99766526, -4.62929756], [6.9969539, -4.62868856], [6.99553124, -4.62746889], [6.99482054, -4.62685872], [6.99197788, -4.62441473], [6.99126821, -4.62380372], [6.98984935, -4.62258037], [6.9891411, -4.62196884], [6.97810317, -4.61242468], [6.97672635, -4.61123088], [6.97397448, -4.60883821], [6.97260054, -4.60764032], [6.9671084, -4.60283863], [6.96573775, -4.60163698], [6.96299898, -4.59922926], [6.96163198, -4.59802419], [6.95069901, -4.58835955], [6.94933533, -4.58715073], [6.94660977, -4.58472802], [6.94524901, -4.58351514], [6.93980967, -4.57865351], [6.93845223, -4.5774369], [6.93573993, -4.57499929], [6.93438618, -4.5737793], [6.92355948, -4.56399535], [6.922446, -4.56298633], [7.16365068, -3.15867], [7.17622824, -3.08610016], [7.28574236, -2.45349946], [7.35493705, -2.05407362], [7.35135584, -1.97570131], [7.34901304, -1.93188866], [7.33608466, -1.83985227], [7.3331071, -1.81909606], [7.29545614, -1.54630159], [7.29327209, -1.53054522], [7.29118549, -1.5191669], [7.28936467, -1.5115024], [7.28731014, -1.50299732], [7.28447996, -1.49128132], [7.275, -1.48444444], [7.2704551, -1.48152096], [7.27111111, -1.47972222], [7.47361111, -0.88083333], [7.62833333, -0.42916667], [7.68916667, -0.29388889], [7.84111111, -0.00138889], [8.1875, 0.56666667], [8.20127931, 0.61702377], [8.22829468, 0.71575268], [8.23333333, 0.73416667], [9.0351934, 0.73992551], [9.04346591, 0.74012595], [9.07728607, 0.74183459], [9.08803372, 0.7436318], [9.10958444, 0.74721938], [9.15322636, 0.75643889], [9.19258778, 0.76690021], [9.2276686, 0.77860334], [9.25846874, 0.7915483], [9.28249513, 0.80440144], [9.28544803, 0.80560166], [9.29602804, 0.81141067], [9.32518368, 0.83242909], [9.34499792, 0.84439482], [9.35186697, 0.84851322], [9.35353326, 0.84950368], [9.35478249, 0.85001473], [9.36121207, 0.85254507], [9.37948893, 0.86764014], [9.38080402, 0.86960424], [9.3939923, 0.88907843], [9.40346036, 0.91595495], [9.40490113, 0.92648187], [9.41167729, 0.94418249], [9.41492184, 0.96002509], [9.439082, 0.95168678], [9.45518149, 0.9495388], [9.47835611, 0.94637217], [9.48457149, 0.94791105], [9.49274875, 0.94962833], [9.50462558, 0.95204454], [9.50620501, 0.9523535], [9.50717493, 0.95234962], [9.51515562, 0.9584119], [9.51808594, 0.96056843], [9.51812056, 0.96059321], [9.52805123, 0.96690513], [9.53114399, 0.9799824], [9.53138161, 0.980938], [9.53478625, 0.9838745], [9.54169042, 0.98927664], [9.54653487, 1.00284818], [9.54801184, 1.00682995], [9.54821712, 1.0112399], [9.54846612, 1.01595547], [9.54880788, 1.02012039], [9.54901383, 1.02236451], [9.55442985, 1.02147044], [9.55461142, 1.02143506], [9.55644822, 1.02141079], [9.56700708, 1.0206183], [9.56900876, 1.02045495], [9.56962393, 1.02041118], [9.57452217, 1.01986738], [9.57483472, 1.01980966], [9.57489518, 1.01980246], [9.57504251, 1.01978578], [9.57512775, 1.01977565], [9.57526717, 1.01975989], [9.57536032, 1.01974883], [9.57549184, 1.01973401], [9.57559289, 1.01972202], [9.5757165, 1.01970812], [9.57582546, 1.01969522], [9.57605753, 1.01966916], [9.57628857, 1.01964464], [9.5765186, 1.01962167], [9.57674759, 1.01960023], [9.57697557, 1.01958034], [9.57720252, 1.01956199], [9.57742845, 1.01954517], [9.57765335, 1.0195299], [9.57787723, 1.01951617], [9.57810009, 1.01950397], [9.57832192, 1.01949332], [9.57854273, 1.01948421], [9.57876252, 1.01947664], [9.57898128, 1.01947061], [9.57919902, 1.01946612], [9.57941574, 1.01946317], [9.57963143, 1.01946176], [9.5798461, 1.01946189], [9.58005974, 1.01946356], [9.58027236, 1.01946677], [9.58048396, 1.01947153], [9.58069453, 1.01947782], [9.58090408, 1.01948565], [9.58111261, 1.01949503], [9.58132011, 1.01950594], [9.58152659, 1.0195184], [9.58173205, 1.01953239], [9.58193648, 1.01954793], [9.58213989, 1.019565], [9.58234227, 1.01958362], [9.58254363, 1.01960378], [9.58274397, 1.01962547], [9.58434009, 1.01981156], [9.58446866, 1.01982578], [9.58459705, 1.01983921], [9.58501077, 1.01987997], [9.58518951, 1.01989912], [9.58536761, 1.01991975], [9.58554509, 1.01994187], [9.58572194, 1.01996546], [9.58577814, 1.01997345], [9.5858986, 1.0199895], [9.5859248, 1.01999322], [9.5859593, 1.01999812], [9.58607527, 1.02001353], [9.58614045, 1.02002278], [9.58632152, 1.0200468], [9.59039325, 1.02054947], [9.59057235, 1.02056988], [9.59075191, 1.02058865], [9.59093194, 1.02060579], [9.59269551, 1.02075723], [9.59286715, 1.02077335], [9.59504416, 1.02099532], [9.59522513, 1.02101249], [9.59540699, 1.02102848], [9.59558973, 1.02104327], [9.59577336, 1.02105688], [9.59693238, 1.02113487], [9.59800223, 1.02232982], [9.59841972, 1.02275499], [9.59853946, 1.02287523], [9.59875154, 1.02308521], [9.59904631, 1.02336056], [9.59911399, 1.02342329], [9.5994242, 1.02370865], [9.59973702, 1.02397979], [9.59974842, 1.02398957], [9.60018203, 1.024244], [9.60030963, 1.02431783], [9.60036204, 1.02434773], [9.60275624, 1.0254067], [9.60290978, 1.02547334], [9.60326201, 1.02562326], [9.60341909, 1.02569146], [9.6035758, 1.02576081], [9.60373211, 1.02583133], [9.60388804, 1.02590301], [9.60404358, 1.02597586], [9.60419874, 1.02604987], [9.60435351, 1.02612504], [9.6045079, 1.02620137], [9.6046619, 1.02627887], [9.60481551, 1.02635753], [9.60496874, 1.02643736], [9.60512158, 1.02651835], [9.60527403, 1.0266005], [9.60764359, 1.0278987], [9.60910668, 1.02843246], [9.60926723, 1.02849212], [9.60943545, 1.02855579], [9.61191062, 1.02893948], [9.61206981, 1.02896328], [9.61222942, 1.02898626], [9.61233081, 1.02900031], [9.61441206, 1.0285899], [9.61455545, 1.02856088], [9.61469881, 1.02853112], [9.61484213, 1.02850061], [9.61728259, 1.02796846], [9.61746516, 1.02792977], [9.6175324, 1.02791593], [9.61766783, 1.02794147], [9.61784375, 1.02797572], [9.6180194, 1.028011], [9.6181948, 1.0280473], [9.61836995, 1.02808463], [9.61854484, 1.02812299], [9.61871947, 1.02816238], [9.61889384, 1.02820279], [9.61906796, 1.02824423], [9.61924182, 1.0282867], [9.61941543, 1.0283302], [9.61958878, 1.02837472], [9.62108006, 1.02876714], [9.6212141, 1.02880177], [9.62134836, 1.02883581], [9.62713731, 1.03027557], [9.62858943, 1.03115042], [9.628747, 1.03124646], [9.6289043, 1.03134344], [9.62906133, 1.03144135], [9.62921808, 1.03154021], [9.62937457, 1.03164001], [9.62953078, 1.03174075], [9.62968673, 1.03184244], [9.6298424, 1.03194506], [9.62999781, 1.03204863], [9.63015294, 1.03215313], [9.6303078, 1.03225858], [9.63046239, 1.03236497], [9.63061671, 1.0324723], [9.63074678, 1.03256372], [9.63077419, 1.03256865], [9.63095004, 1.03260114], [9.63112565, 1.03263448], [9.63130101, 1.03266867], [9.63147613, 1.03270371], [9.631651, 1.0327396], [9.63182563, 1.03277633], [9.63200002, 1.03281392], [9.63217416, 1.03285235], [9.63234806, 1.03289163], [9.63252171, 1.03293176], [9.63269512, 1.03297274], [9.63286828, 1.03301456], [9.6330412, 1.03305724], [9.63321388, 1.03310076], [9.63338631, 1.03314514], [9.6335585, 1.03319036], [9.63373044, 1.03323643], [9.63390214, 1.03328335], [9.6340736, 1.03333111], [9.63410185, 1.03333913], [9.63424498, 1.03337914], [9.63424547, 1.03337927], [9.63441636, 1.03342718], [9.63458749, 1.03347607], [9.63475838, 1.03352581], [9.63492903, 1.0335764], [9.63509942, 1.03362783], [9.63526958, 1.03368012], [9.63543949, 1.03373326], [9.63560916, 1.03378724], [9.63577858, 1.03384207], [9.63594776, 1.03389775], [9.6361167, 1.03395428], [9.63628539, 1.03401166], [9.6364, 1.03405128], [9.63650022, 1.03410719], [9.6366559, 1.03419507], [9.63681106, 1.03428366], [9.6369657, 1.03437298], [9.63711982, 1.03446302], [9.63727341, 1.03455377], [9.63742648, 1.03464525], [9.63757902, 1.03473744], [9.63773104, 1.03483035], [9.63788254, 1.03492399], [9.63803352, 1.03501834], [9.63818397, 1.03511341], [9.63833389, 1.0352092], [9.6384833, 1.03530571], [9.63863218, 1.03540294], [9.63869258, 1.03544282], [9.63878584, 1.03549359], [9.63894262, 1.03557996], [9.63909887, 1.03566707], [9.63925459, 1.0357549], [9.63940978, 1.03584346], [9.63944072, 1.03586133], [9.63950609, 1.03589868], [9.63956482, 1.03593223], [9.63958006, 1.03594105], [9.6397194, 1.03602076], [9.63985904, 1.03609979], [9.63999896, 1.03617816], [9.64097397, 1.03671845], [9.64110975, 1.03679291], [9.64124583, 1.03686676], [9.64138222, 1.03693999], [9.64151892, 1.03701261], [9.64165592, 1.03708462], [9.64173165, 1.03712399], [9.64228531, 1.03730588], [9.64419964, 1.03977236], [9.64633736, 1.04237863], [9.64645858, 1.04252835], [9.64657849, 1.04267842], [9.6466971, 1.04282886], [9.64681442, 1.04297965], [9.64693044, 1.04313079], [9.64704515, 1.04328229], [9.64715857, 1.04343415], [9.64727069, 1.04358637], [9.64738151, 1.04373894], [9.64749104, 1.04389187], [9.64759926, 1.04404515], [9.64770619, 1.04419879], [9.64781181, 1.04435279], [9.64791614, 1.04450715], [9.64801917, 1.04466186], [9.6481209, 1.04481692], [9.64822133, 1.04497235], [9.64822648, 1.04498045], [9.64833923, 1.04512297], [9.64845677, 1.0452737], [9.64857291, 1.04542481], [9.64868764, 1.04557631], [9.64880097, 1.04572819], [9.64891291, 1.04588046], [9.64902344, 1.04603311], [9.64907487, 1.04610523], [9.6491222, 1.04619111], [9.64921629, 1.04636481], [9.64930877, 1.04653858], [9.64939963, 1.0467124], [9.64948887, 1.04688629], [9.64957651, 1.04706022], [9.64966252, 1.04723422], [9.64974692, 1.04740828], [9.64982971, 1.04758239], [9.64991088, 1.04775656], [9.64999043, 1.04793079], [9.65006837, 1.04810508], [9.65011147, 1.04820355], [9.65014539, 1.0482794], [9.65018767, 1.04837601], [9.65022241, 1.04845373], [9.65026386, 1.04854848], [9.65029943, 1.04862805], [9.65034006, 1.04872094], [9.65037645, 1.04880237], [9.65041626, 1.0488934], [9.65045347, 1.04897669], [9.65049245, 1.04906587], [9.65053049, 1.04915101], [9.65056865, 1.04923833], [9.65060751, 1.04932533], [9.65064485, 1.0494108], [9.65068453, 1.04949965], [9.65072105, 1.04958326], [9.65076155, 1.04967397], [9.65083767, 1.04984833], [9.65091208, 1.05002274], [9.65098477, 1.05019722], [9.65105576, 1.05037176], [9.65112503, 1.05054636], [9.65119259, 1.05072102], [9.65125844, 1.05089574], [9.65132258, 1.05107052], [9.65138501, 1.05124537], [9.65144572, 1.05142028], [9.65150473, 1.05159524], [9.65156202, 1.05177027], [9.6516176, 1.05194537], [9.65167147, 1.05212052], [9.65172363, 1.05229573], [9.65177408, 1.05247101], [9.65177501, 1.05247436], [9.65181931, 1.05262889], [9.65182445, 1.05264629], [9.6518636, 1.05278342], [9.65187482, 1.05282157], [9.6519079, 1.05293793], [9.65192517, 1.05299685], [9.65196028, 1.05312087], [9.65197524, 1.05317214], [9.65200344, 1.05327227], [9.65202527, 1.05334743], [9.65204663, 1.05342365], [9.65207527, 1.05352272], [9.65208986, 1.05357501], [9.65212524, 1.05369801], [9.65213311, 1.05372636], [9.65217517, 1.05387331], [9.65222358, 1.05404865], [9.65227021, 1.05422407], [9.65231507, 1.05439954], [9.65235816, 1.05457508], [9.65239947, 1.05475069], [9.65242658, 1.05487113], [9.652449, 1.05498034], [9.65248183, 1.05514813], [9.65248436, 1.05516172], [9.65251277, 1.05530781], [9.65251442, 1.05531593], [9.65254108, 1.05545393], [9.65254709, 1.05548372], [9.65256827, 1.05559407], [9.6526109, 1.05565138], [9.652733, 1.05581877], [9.65285268, 1.05598618], [9.65296994, 1.05615359], [9.65508252, 1.05923335], [9.65517664, 1.05936729], [9.6552721, 1.05949991], [9.6553689, 1.05963122], [9.65546704, 1.05976122], [9.65552457, 1.05983564], [9.65554461, 1.05986222], [9.65556592, 1.05989048], [9.65562942, 1.05997274], [9.65566205, 1.06001609], [9.6556812, 1.06003319], [9.65575501, 1.06009768], [9.655889, 1.06021769], [9.65602099, 1.06033887], [9.65615096, 1.06046124], [9.65627893, 1.06058478], [9.65640489, 1.0607095], [9.65652885, 1.06083539], [9.65665079, 1.06096247], [9.65677073, 1.06109072], [9.65688866, 1.06122015], [9.65700458, 1.06135075], [9.65717493, 1.06154782], [9.65728153, 1.06166813], [9.65738939, 1.0617869], [9.65821328, 1.06267191], [9.65833483, 1.06271415], [9.65904541, 1.06295053], [9.65919692, 1.06299884], [9.65931459, 1.06303474], [9.6593484, 1.06304558], [9.65948149, 1.06308642], [9.65948535, 1.0630876], [9.65949988, 1.06309229], [9.65965136, 1.06313904], [9.65965613, 1.06314044], [9.65982681, 1.06319342], [9.65999591, 1.06324864], [9.66016342, 1.0633061], [9.66032935, 1.0633658], [9.66049369, 1.06342774], [9.66065646, 1.06349192], [9.66081763, 1.06355835], [9.66092291, 1.06360364], [9.66097774, 1.06362628], [9.66107449, 1.06366801], [9.66111125, 1.06368322], [9.66113784, 1.06369423], [9.66122607, 1.06373237], [9.66129794, 1.06376218], [9.66137766, 1.06379672], [9.66227038, 1.06416783], [9.66242573, 1.06422954], [9.66258196, 1.06428875], [9.66273907, 1.06434544], [9.66312342, 1.06447726], [9.6632831, 1.06453498], [9.66328646, 1.06453614], [9.66342916, 1.064588], [9.6634495, 1.06459505], [9.66353427, 1.06462602], [9.66357524, 1.06464098], [9.66361253, 1.06465399], [9.66372133, 1.06469394], [9.66377555, 1.06471296], [9.66386743, 1.06474687], [9.66401407, 1.06479858], [9.66698195, 1.06579683], [9.6670158, 1.06580874], [9.66717145, 1.06583221], [9.66735983, 1.06586323], [9.6673627, 1.06586374], [9.66753844, 1.06589285], [9.66754824, 1.06589435], [9.66771417, 1.06592197], [9.66773665, 1.06592543], [9.66777224, 1.06593139], [9.66792466, 1.06595497], [9.66795029, 1.06595928], [9.66811267, 1.06598452], [9.66812835, 1.06598716], [9.66830068, 1.06601407], [9.66848929, 1.06604597], [9.668492, 1.06604646], [9.66867426, 1.06607736], [9.66867792, 1.06607794], [9.6688565, 1.06610829], [9.66886654, 1.06610988], [9.66905522, 1.06614203], [9.66911906, 1.0661537], [9.66924417, 1.06617529], [9.66927656, 1.06618127], [9.66943315, 1.06620861], [9.6694341, 1.06620879], [9.66962214, 1.066242], [9.66981174, 1.06627778], [9.67000195, 1.06631597], [9.67019278, 1.06635655], [9.67038422, 1.06639954], [9.67057627, 1.06644494], [9.67076893, 1.06649273], [9.67096221, 1.06654293], [9.6711561, 1.06659553], [9.67126863, 1.06662735], [9.6713504, 1.06664974], [9.67142147, 1.06667], [9.67154473, 1.06670406], [9.67157438, 1.06671258], [9.67173908, 1.06675848], [9.67193396, 1.06681496], [9.67212944, 1.06687377], [9.6723255, 1.06693491], [9.67252217, 1.0669984], [9.67271943, 1.06706421], [9.67377184, 1.06742672], [9.67390761, 1.06747235], [9.6749629, 1.06765868], [9.67515565, 1.06769118], [9.67534968, 1.06772237], [9.67554501, 1.06775226], [9.67690056, 1.06794929], [9.67698287, 1.06795279], [9.67824092, 1.06795269], [9.67877419, 1.06733342], [9.67889322, 1.06719723], [9.67901315, 1.06706204], [9.67913396, 1.06692786], [9.67925568, 1.06679467], [9.67937828, 1.06666248], [9.67950178, 1.0665313], [9.67962617, 1.06640111], [9.67975146, 1.06627192], [9.67987764, 1.06614374], [9.68000472, 1.06601655], [9.68013269, 1.06589037], [9.68026156, 1.06576518], [9.68039131, 1.065641], [9.68052196, 1.06551781], [9.68065351, 1.06539563], [9.68078595, 1.06527444], [9.68091929, 1.06515426], [9.68105351, 1.06503507], [9.68107734, 1.06501423], [9.68108115, 1.06501249], [9.68125039, 1.06493645], [9.68141984, 1.06486183], [9.68158949, 1.06478863], [9.68175933, 1.06471686], [9.68192938, 1.0646465], [9.68209963, 1.06457757], [9.68227007, 1.06451007], [9.68244072, 1.06444398], [9.68261156, 1.06437932], [9.68278261, 1.06431608], [9.68295385, 1.06425426], [9.6831253, 1.06419387], [9.68329695, 1.0641349], [9.68346879, 1.06407735], [9.68364084, 1.06402122], [9.68381308, 1.06396651], [9.68398553, 1.06391323], [9.68415817, 1.06386137], [9.68433102, 1.06381093], [9.68450406, 1.06376192], [9.68467731, 1.06371432], [9.68485075, 1.06366815], [9.6850244, 1.06362341], [9.68519824, 1.06358008], [9.68537229, 1.06353818], [9.68554653, 1.0634977], [9.6856489, 1.06347477], [9.68572092, 1.06345823], [9.6857688, 1.06344764], [9.68577216, 1.06344688], [9.68581345, 1.06343955], [9.6858906, 1.06342649], [9.68598776, 1.06340949], [9.6861621, 1.0633804], [9.68633649, 1.06335272], [9.68651094, 1.06332645], [9.68668544, 1.06330159], [9.68685999, 1.06327814], [9.68703459, 1.0632561], [9.68720924, 1.06323547], [9.68738395, 1.06321625], [9.68755871, 1.06319844], [9.68773352, 1.06318205], [9.68790838, 1.06316706], [9.68808329, 1.06315348], [9.68825826, 1.06314131], [9.68843327, 1.06313055], [9.68855447, 1.06312408], [9.68871934, 1.06314199], [9.68889985, 1.0631631], [9.68907996, 1.06318568], [9.68925964, 1.06320973], [9.68943891, 1.06323524], [9.68961777, 1.06326222], [9.68979621, 1.06329066], [9.68997423, 1.06332056], [9.69015184, 1.06335193], [9.69032904, 1.06338476], [9.69050581, 1.06341906], [9.69068218, 1.06345483], [9.69085812, 1.06349205], [9.69103366, 1.06353075], [9.69120877, 1.0635709], [9.69138347, 1.06361252], [9.69155776, 1.06365561], [9.69173163, 1.06370016], [9.69190508, 1.06374617], [9.69207812, 1.06379365], [9.69225075, 1.06384259], [9.69242296, 1.063893], [9.69259475, 1.06394487], [9.69276613, 1.06399821], [9.69293709, 1.06405301], [9.69310764, 1.06410928], [9.69327777, 1.06416701], [9.69344748, 1.06422621], [9.69361678, 1.06428687], [9.69369871, 1.064317], [9.69378585, 1.06434837], [9.69383781, 1.06436758], [9.69395489, 1.06440992], [9.69412363, 1.06447256], [9.6942121, 1.06450625], [9.69429214, 1.06453602], [9.69436768, 1.06456485], [9.69446064, 1.0645995], [9.69466442, 1.0646774], [9.69480143, 1.06472871], [9.69493888, 1.06477913], [9.69511762, 1.06484333], [9.6952658, 1.06489534], [9.69541449, 1.06494633], [9.69556369, 1.0649963], [9.69630679, 1.06523922], [9.69645368, 1.06528613], [9.69659544, 1.06533032], [9.69660212, 1.06533216], [9.69675556, 1.06537306], [9.69691405, 1.06541412], [9.69694571, 1.0654221], [9.69706057, 1.06545201], [9.69706532, 1.06545321], [9.69711933, 1.06546689], [9.69720711, 1.06548986], [9.69729294, 1.06551171], [9.69746651, 1.06555736], [9.69764, 1.06560444], [9.69781341, 1.06565296], [9.69798675, 1.06570292], [9.69816, 1.06575431], [9.69833318, 1.06580715], [9.69839114, 1.06582532], [9.69850631, 1.06586076], [9.69850951, 1.06586177], [9.69862773, 1.06589847], [9.69867945, 1.06591423], [9.69885255, 1.06596842], [9.69902557, 1.06602404], [9.69919852, 1.06608108], [9.69937138, 1.06613955], [9.69954417, 1.06619944], [9.69971688, 1.06626076], [9.69988951, 1.0663235], [9.70006206, 1.06638767], [9.70023454, 1.06645327], [9.70040693, 1.06652029], [9.70057925, 1.06658874], [9.70075149, 1.06665861], [9.70092365, 1.06672991], [9.70109573, 1.06680263], [9.70126774, 1.06687678], [9.70143966, 1.06695236], [9.70161151, 1.06702936], [9.70178328, 1.06710779], [9.7018187, 1.06712426], [9.70195503, 1.0671865], [9.70199244, 1.06720389], [9.70201494, 1.06721416], [9.70212703, 1.06726073], [9.70229911, 1.06733363], [9.70247111, 1.0674079], [9.70264303, 1.06748355], [9.70281487, 1.06756057], [9.70298665, 1.06763897], [9.70315834, 1.06771874], [9.70405033, 1.06814049], [9.70422704, 1.06822547], [9.70440376, 1.06831188], [9.70458047, 1.0683997], [9.70475719, 1.06848896], [9.70493391, 1.06857964], [9.70511062, 1.06867174], [9.70528734, 1.06876526], [9.70546405, 1.06886022], [9.70547378, 1.06886552], [9.70564077, 1.06885605], [9.70581748, 1.06884713], [9.7059942, 1.06883931], [9.70617092, 1.0688326], [9.70634763, 1.068827], [9.70652435, 1.0688225], [9.70670106, 1.06881911], [9.70687778, 1.06881682], [9.70692883, 1.06881647], [9.7070545, 1.06881491], [9.70709046, 1.06881469], [9.70723121, 1.06881302], [9.70740793, 1.06881202], [9.70758464, 1.06881213], [9.70776136, 1.06881335], [9.70793808, 1.06881567], [9.70811479, 1.0688191], [9.70829151, 1.06882363], [9.70846822, 1.06882927], [9.70864494, 1.06883601], [9.70882165, 1.06884386], [9.70899837, 1.06885281], [9.70917509, 1.06886287], [9.70934929, 1.06887388], [9.70952099, 1.06888577], [9.70969269, 1.06889871], [9.70986439, 1.06891268], [9.71003609, 1.06892771], [9.71020778, 1.06894377], [9.71037948, 1.06896088], [9.71055118, 1.06897904], [9.71072288, 1.06899823], [9.71089458, 1.06901847], [9.71106627, 1.06903976], [9.71123797, 1.06906208], [9.71124911, 1.0690636], [9.71125659, 1.06906369], [9.71132122, 1.06906444], [9.71140967, 1.06906493], [9.71149304, 1.0690659], [9.71166486, 1.06906687], [9.71183671, 1.06906681], [9.71200857, 1.06906572], [9.71218044, 1.06906361], [9.71235234, 1.06906047], [9.71442515, 1.06901023], [9.71628002, 1.06934303], [9.71645774, 1.06937604], [9.71655547, 1.06939481], [9.7166361, 1.06940111], [9.71681525, 1.0694162], [9.71699431, 1.06943238], [9.71702853, 1.06943568], [9.71717965, 1.0693696], [9.71736638, 1.06928931], [9.717553, 1.06921043], [9.71773951, 1.06913295], [9.7179259, 1.06905689], [9.71811219, 1.06898224], [9.71826049, 1.0689239], [9.71829869, 1.06890482], [9.71848637, 1.06881255], [9.71867393, 1.06872184], [9.71886137, 1.06863268], [9.71904868, 1.06854508], [9.71923587, 1.06845902], [9.71942294, 1.06837452], [9.71960988, 1.06829157], [9.7197967, 1.06821017], [9.7199834, 1.06813033], [9.72016997, 1.06805203], [9.72035642, 1.06797529], [9.72054274, 1.0679001], [9.72072895, 1.06782647], [9.72091502, 1.06775438], [9.72110098, 1.06768385], [9.72128681, 1.06761487], [9.72147252, 1.06754744], [9.72165811, 1.06748157], [9.72184357, 1.06741724], [9.72202891, 1.06735447], [9.72221412, 1.06729325], [9.72239922, 1.06723358], [9.72258418, 1.06717547], [9.72276903, 1.06711891], [9.72295375, 1.0670639], [9.72313835, 1.06701044], [9.72332282, 1.06695854], [9.72350718, 1.06690818], [9.7236914, 1.06685938], [9.72387551, 1.06681213], [9.72405949, 1.06676643], [9.72424335, 1.06672229], [9.72442708, 1.0666797], [9.72461069, 1.06663866], [9.72479418, 1.06659917], [9.72497755, 1.06656123], [9.72516079, 1.06652485], [9.72534391, 1.06649002], [9.7255269, 1.06645674], [9.72570977, 1.06642501], [9.72589252, 1.06639484], [9.72607514, 1.06636622], [9.72625764, 1.06633915], [9.72644002, 1.06631363], [9.72662228, 1.06628966], [9.72680441, 1.06626725], [9.72698641, 1.06624639], [9.7271683, 1.06622708], [9.72735006, 1.06620932], [9.7275317, 1.06619312], [9.72771321, 1.06617846], [9.7278946, 1.06616536], [9.72807587, 1.06615382], [9.72825701, 1.06614382], [9.72843803, 1.06613538], [9.72861893, 1.06612849], [9.7287997, 1.06612315], [9.72898035, 1.06611936], [9.72900924, 1.066119], [9.72913721, 1.06611664], [9.72916097, 1.06611606], [9.72926518, 1.06611439], [9.72934158, 1.06611271], [9.72952212, 1.06611028], [9.72970254, 1.06610941], [9.72988284, 1.0661101], [9.73006301, 1.06611235], [9.73024305, 1.06611615], [9.73042298, 1.06612152], [9.73060277, 1.06612844], [9.73078245, 1.06613692], [9.730962, 1.06614695], [9.73114143, 1.06615855], [9.73132073, 1.0661717], [9.73149991, 1.06618641], [9.73167897, 1.06620267], [9.7318579, 1.0662205], [9.73203671, 1.06623988], [9.7322154, 1.06626082], [9.73239396, 1.06628332], [9.73257239, 1.06630737], [9.73275071, 1.06633299], [9.73278559, 1.06633831], [9.7328085, 1.06634553], [9.73297903, 1.06640086], [9.73314896, 1.06645762], [9.73323927, 1.06648865], [9.73331855, 1.06651518], [9.7333986, 1.06654273], [9.73348814, 1.06657274], [9.73355792, 1.06659681], [9.73365772, 1.06663031], [9.73382694, 1.06668876], [9.73386779, 1.06670327], [9.73399591, 1.06674779], [9.73400059, 1.06674946], [9.73413334, 1.06679587], [9.73416494, 1.06680667], [9.73426609, 1.06684224], [9.73433396, 1.06686559], [9.73450266, 1.06692527], [9.73467075, 1.06698638], [9.73483824, 1.06704894], [9.73500512, 1.06711292], [9.7351714, 1.06717835], [9.73523044, 1.06720218], [9.73533741, 1.06724441], [9.73537389, 1.06725919], [9.73550341, 1.0673105], [9.73551736, 1.06731617], [9.7356694, 1.06737662], [9.73583482, 1.06744406], [9.73599964, 1.06751295], [9.73616386, 1.06758328], [9.73632747, 1.06765504], [9.73649047, 1.06772824], [9.73665287, 1.06780288], [9.73681466, 1.06787895], [9.73697585, 1.06795647], [9.73705746, 1.06799659], [9.73713664, 1.06803491], [9.73717216, 1.06805249], [9.73728686, 1.06810835], [9.73729741, 1.06811341], [9.73745808, 1.06819216], [9.73761814, 1.06827235], [9.7377776, 1.06835397], [9.73793646, 1.06843703], [9.73809471, 1.06852152], [9.73825235, 1.06860744], [9.73840939, 1.0686948], [9.73856583, 1.0687836], [9.73872166, 1.06887383], [9.73887689, 1.06896549], [9.73903151, 1.06905859], [9.73918553, 1.06915313], [9.73933895, 1.0692491], [9.73949176, 1.0693465], [9.73964397, 1.06944534], [9.73979557, 1.06954562], [9.73994657, 1.06964732], [9.74000732, 1.06968899], [9.74005855, 1.06972365], [9.74009723, 1.06974982], [9.74012124, 1.06976636], [9.74023514, 1.06984376], [9.74221189, 1.07116897], [9.74234672, 1.0712581], [9.7424825, 1.0713466], [9.7428142, 1.07155977], [9.742967, 1.07165648], [9.74298236, 1.07166605], [9.74523088, 1.07284935], [9.74536486, 1.07291902], [9.74701865, 1.07376858], [9.75003126, 1.06777496], [9.75011515, 1.06760438], [9.75019717, 1.06743383], [9.75027732, 1.06726333], [9.75035559, 1.06709286], [9.750432, 1.06692242], [9.75049131, 1.06678684], [9.75050694, 1.06675202], [9.7505695, 1.06660915], [9.75058187, 1.06658162], [9.75064769, 1.06643146], [9.7506568, 1.06641122], [9.75068834, 1.06633932], [9.75071992, 1.06624701], [9.75078706, 1.06605678], [9.75085572, 1.06586827], [9.75092589, 1.06568147], [9.75099756, 1.06549638], [9.75107074, 1.06531301], [9.75114543, 1.06513135], [9.75122163, 1.0649514], [9.75129933, 1.06477316], [9.75137854, 1.06459663], [9.75145926, 1.06442182], [9.75146078, 1.06441864], [9.75153395, 1.06424016], [9.75161008, 1.06406013], [9.7516878, 1.06388191], [9.75176711, 1.06370549], [9.751848, 1.06353087], [9.75189619, 1.0634299], [9.75192994, 1.06335745], [9.75196278, 1.06328903], [9.75201194, 1.06318408], [9.75202929, 1.06314815], [9.752094, 1.06301079], [9.7520957, 1.06300728], [9.75217611, 1.06283756], [9.75225984, 1.06266616], [9.7523452, 1.06249662], [9.75243221, 1.06232894], [9.75252086, 1.06216313], [9.75261114, 1.06199918], [9.75270307, 1.06183709], [9.75279663, 1.06167686], [9.75282138, 1.0616357], [9.75282156, 1.06163531], [9.75288144, 1.06150669], [9.75290063, 1.06146683], [9.75296305, 1.06133288], [9.75297969, 1.06129835], [9.75304465, 1.06115908], [9.75305875, 1.06112987], [9.75312626, 1.06098527], [9.7531378, 1.06096139], [9.75320787, 1.06081147], [9.75321686, 1.06079291], [9.75328949, 1.06063767], [9.75329591, 1.06062443], [9.75336806, 1.06047039], [9.7533711, 1.06046388], [9.75337495, 1.06045595], [9.75345272, 1.06029008], [9.75345399, 1.06028747], [9.75346012, 1.06027442], [9.75355599, 1.06011966], [9.75365679, 1.05995181], [9.75375449, 1.05978387], [9.75411081, 1.05915084], [9.75420599, 1.05898766], [9.75430309, 1.05882697], [9.75440212, 1.05866877], [9.75450306, 1.05851307], [9.75460593, 1.05835986], [9.75471072, 1.05820914], [9.75481743, 1.05806091], [9.75492607, 1.05791518], [9.75503662, 1.05777194], [9.7551491, 1.05763119], [9.75526351, 1.05749294], [9.75537983, 1.05735717], [9.75549808, 1.0572239], [9.75561825, 1.05709313], [9.75569276, 1.05701484], [9.75573957, 1.05696384], [9.75581529, 1.05688421], [9.75586029, 1.05683377], [9.75590575, 1.05678458], [9.75597983, 1.05670219], [9.75599848, 1.05668217], [9.75609948, 1.05657073], [9.75622086, 1.05644153], [9.75628258, 1.05637817], [9.75634323, 1.05631361], [9.75640453, 1.0562507], [9.75646561, 1.05618569], [9.75652648, 1.05612323], [9.75656224, 1.05608516], [9.75658762, 1.05605731], [9.75666333, 1.05597722], [9.75670871, 1.05592772], [9.75676435, 1.05586923], [9.75681777, 1.05581131], [9.7568283, 1.05579619], [9.75693538, 1.05564844], [9.75704463, 1.05550351], [9.75715606, 1.05536139], [9.75767122, 1.05472965], [9.75777553, 1.05460637], [9.75788196, 1.05448515], [9.7579905, 1.05436598], [9.75805646, 1.05429615], [9.7581002, 1.05424794], [9.75817736, 1.05416597], [9.75820993, 1.05412993], [9.75823928, 1.05409863], [9.75829823, 1.05403576], [9.75831968, 1.05401194], [9.75841908, 1.05390554], [9.75842946, 1.05389398], [9.7585397, 1.05377552], [9.75860172, 1.0536568], [9.75869038, 1.05349524], [9.75878193, 1.05333633], [9.75887636, 1.05318008], [9.75897367, 1.05302649], [9.75907387, 1.05287554], [9.75917694, 1.05272726], [9.7592829, 1.05258163], [9.75939174, 1.05243865], [9.75950346, 1.05229833], [9.75961807, 1.05216067], [9.75973555, 1.05202566], [9.75985592, 1.0518933], [9.75997917, 1.0517636], [9.76010531, 1.05163656], [9.76023432, 1.05151217], [9.76033225, 1.05142178], [9.7603601, 1.05138779], [9.76036147, 1.05138606], [9.76047595, 1.05124828], [9.7605933, 1.05111315], [9.76071353, 1.05098066], [9.76083663, 1.05085083], [9.7609626, 1.05072363], [9.76109144, 1.05059909], [9.76122316, 1.05047719], [9.76134118, 1.05037263], [9.76135742, 1.05035764], [9.76146763, 1.05026024], [9.76149169, 1.05023809], [9.76162662, 1.05011915], [9.7617644, 1.05000283], [9.76189837, 1.04989452], [9.76190395, 1.04988816], [9.76202473, 1.04975618], [9.76213205, 1.04964377], [9.76214803, 1.04962652], [9.76222089, 1.04955112], [9.76227155, 1.04949707], [9.76239668, 1.04936911], [9.76252459, 1.0492437], [9.76265528, 1.04912085], [9.76278874, 1.04900057], [9.76292499, 1.04888284], [9.76306402, 1.04876768], [9.76320582, 1.04865507], [9.76325609, 1.04861681], [9.76333498, 1.04853081], [9.76336338, 1.04850109], [9.76344241, 1.04841617], [9.76345704, 1.04840002], [9.76357987, 1.04826993], [9.76370539, 1.04814232], [9.76383361, 1.0480172], [9.76396452, 1.04789456], [9.76409813, 1.04777441], [9.76423443, 1.04765674], [9.76437344, 1.04754155], [9.76451513, 1.04742885], [9.76456313, 1.04739221], [9.76464205, 1.04730252], [9.76476287, 1.04717059], [9.76488631, 1.04704106], [9.76501238, 1.04691396], [9.76514106, 1.04678927], [9.76527237, 1.04666699], [9.76540629, 1.04654712], [9.76554283, 1.04642967], [9.765682, 1.04631463], [9.76582378, 1.04620201], [9.76596818, 1.0460918], [9.76611521, 1.045984], [9.76626485, 1.04587862], [9.76641711, 1.04577565], [9.76643318, 1.04576521], [9.7665697, 1.04567297], [9.76658278, 1.04566448], [9.76672228, 1.0455703], [9.76673237, 1.04556375], [9.76687486, 1.04546762], [9.76688196, 1.04546302], [9.76702745, 1.04536495], [9.76718245, 1.0452645], [9.76719115, 1.04525908], [9.76726427, 1.04519393], [9.7673171, 1.04514531], [9.76745155, 1.04502593], [9.76758837, 1.04490873], [9.76772757, 1.04479373], [9.76786914, 1.04468091], [9.76801309, 1.04457028], [9.76803822, 1.04455165], [9.76807897, 1.0445163], [9.76814995, 1.04445312], [9.7681774, 1.04442952], [9.7682852, 1.04433447], [9.76842242, 1.04421765], [9.76856195, 1.04410295], [9.76870379, 1.04399037], [9.76884794, 1.04387993], [9.7689944, 1.04377161], [9.76908219, 1.04370895], [9.76911819, 1.04367491], [9.76913535, 1.04365822], [9.76922684, 1.04357221], [9.76926547, 1.04353485], [9.76933544, 1.04346944], [9.76939565, 1.04341154], [9.76952706, 1.04328935], [9.76966067, 1.0431692], [9.7697965, 1.04305109], [9.76993453, 1.04293501], [9.77007477, 1.04282096], [9.77021722, 1.04270895], [9.77024716, 1.04268619], [9.77035701, 1.04260049], [9.7703605, 1.0425977], [9.77046708, 1.0425152], [9.77050354, 1.04248624], [9.77057706, 1.04242976], [9.7705966, 1.04241436], [9.77064612, 1.04237434], [9.77070565, 1.04232778], [9.77078795, 1.04226177], [9.77081462, 1.04224106], [9.77092359, 1.04215432], [9.77092983, 1.04214923], [9.77107196, 1.04203693], [9.77113326, 1.04199006], [9.77121528, 1.04192572], [9.77124475, 1.04190335], [9.77135621, 1.04181656], [9.77135868, 1.04181458], [9.7714933, 1.0417105], [9.77150211, 1.04170348], [9.77162486, 1.04160883], [9.77164556, 1.04159239], [9.77178947, 1.04148172], [9.77193547, 1.04137298], [9.77208356, 1.04126617], [9.77212068, 1.04124024], [9.77223237, 1.04116002], [9.77225027, 1.04114757], [9.772381, 1.04105405], [9.77238121, 1.0410539], [9.7724884, 1.0409779], [9.77253, 1.04094773], [9.77259571, 1.04090155], [9.77267895, 1.04084171], [9.77270437, 1.040824], [9.77277099, 1.04077622], [9.77277742, 1.04077109], [9.77282457, 1.04073262], [9.77288778, 1.04068258], [9.77294413, 1.0406369], [9.77296541, 1.04061912], [9.77308441, 1.04052266], [9.77310556, 1.04050499], [9.7732247, 1.04040842], [9.77324571, 1.04039087], [9.77338616, 1.04027701], [9.77342732, 1.04024462], [9.77352747, 1.04016395], [9.77353766, 1.04015598], [9.77364813, 1.04006758], [9.77366865, 1.04005077], [9.77375864, 1.03997922], [9.77380982, 1.03993758], [9.77395195, 1.03982528], [9.77409602, 1.03971475], [9.77424201, 1.03960601], [9.77438993, 1.03949904], [9.77445942, 1.03945026], [9.77453881, 1.03939295], [9.77459874, 1.03935096], [9.7746877, 1.03928688], [9.77473806, 1.03925165], [9.7748366, 1.03918081], [9.7748568, 1.0391667], [9.77495326, 1.03909788], [9.77498354, 1.03907293], [9.77512474, 1.03895977], [9.77522752, 1.03887969], [9.77526428, 1.03884508], [9.77539668, 1.03872381], [9.77553087, 1.03860419], [9.7756419, 1.03850789], [9.77566664, 1.03848602], [9.77573725, 1.03842527], [9.77580256, 1.038368], [9.77593963, 1.03825103], [9.77607849, 1.03813572], [9.77621915, 1.03802205], [9.77636159, 1.03791004], [9.77650584, 1.03779968], [9.77665187, 1.03769098], [9.7767997, 1.03758392], [9.77694932, 1.03747852], [9.77710074, 1.03737477], [9.77720665, 1.03730419], [9.77724895, 1.03726806], [9.77738766, 1.03715261], [9.77750144, 1.03706036], [9.77752785, 1.03703852], [9.77760715, 1.03697464], [9.77766814, 1.03692452], [9.77771278, 1.03688879], [9.77780854, 1.03681062], [9.7778796, 1.0367541], [9.77787974, 1.03675396], [9.77794174, 1.03669008], [9.7780009, 1.03663064], [9.77806719, 1.03656241], [9.77812206, 1.03650733], [9.77819264, 1.03643474], [9.77824322, 1.03638401], [9.77831809, 1.03630707], [9.77836437, 1.03626069], [9.77844355, 1.0361794], [9.77978475, 1.03483658], [9.77991864, 1.03470574], [9.78005458, 1.03457605], [9.78019219, 1.03444788], [9.78019256, 1.0344475], [9.7802109, 1.03442899], [9.78032223, 1.0343143], [9.78032277, 1.03431375], [9.78045193, 1.03418112], [9.7805836, 1.03404904], [9.78071724, 1.03391806], [9.78085285, 1.03378819], [9.7809379, 1.0337086], [9.78098981, 1.03365907], [9.78105327, 1.03359988], [9.78112681, 1.03352997], [9.78116862, 1.03349111], [9.78126386, 1.03340091], [9.78128395, 1.0333823], [9.78140096, 1.03327186], [9.78153975, 1.03314377], [9.78168046, 1.03301675], [9.7818231, 1.03289081], [9.78196767, 1.03276595], [9.78211416, 1.03264216], [9.78226258, 1.03251945], [9.78241293, 1.03239782], [9.7825652, 1.03227727], [9.78271939, 1.03215779], [9.78287551, 1.0320394], [9.78303356, 1.03192208], [9.78319354, 1.03180583], [9.78335544, 1.03169067], [9.78351926, 1.03157658], [9.78368502, 1.03146357], [9.78385269, 1.03135164], [9.7840223, 1.03124079], [9.78419383, 1.03113101], [9.78436728, 1.03102231], [9.78437259, 1.03101906], [9.78450523, 1.03093635], [9.78454094, 1.03091373], [9.78463787, 1.03085358], [9.78471466, 1.03080517], [9.78477049, 1.03077069], [9.78488848, 1.03069668], [9.78502419, 1.03061327], [9.78503996, 1.03057569], [9.78506592, 1.0305154], [9.78511049, 1.0304094], [9.78516912, 1.03027342], [9.78518175, 1.03024351], [9.78522927, 1.03013374], [9.78525304, 1.03007765], [9.78528938, 1.02999404], [9.78532436, 1.02991181], [9.78539652, 1.02974643], [9.78547013, 1.02958186], [9.7855005, 1.02951558], [9.78551613, 1.02948081], [9.78552021, 1.0294709], [9.78554177, 1.02941619], [9.78554224, 1.02941504], [9.7855947, 1.02928266], [9.78559948, 1.02927034], [9.78560797, 1.02924748], [9.78560846, 1.02924617], [9.78566071, 1.02910608], [9.78567125, 1.02907714], [9.78571292, 1.02896598], [9.78573458, 1.02890682], [9.78579859, 1.02873688], [9.78586409, 1.02856778], [9.78593107, 1.0283995], [9.78599954, 1.02823206], [9.78606949, 1.02806545], [9.78614093, 1.02789967], [9.78621385, 1.02773471], [9.78628826, 1.0275706], [9.78636416, 1.02740731], [9.78644153, 1.02724485], [9.7865204, 1.02708322], [9.78656224, 1.02699949], [9.78660026, 1.02692215], [9.78661727, 1.02688836], [9.7866723, 1.02677723], [9.78668015, 1.02676111], [9.7867604, 1.02660025], [9.78684213, 1.02644023], [9.7868842, 1.02635976], [9.78688914, 1.02634724], [9.786899, 1.02631282], [9.78691015, 1.02627254], [9.7869459, 1.02614805], [9.78696062, 1.02609503], [9.7869928, 1.02598328], [9.78701111, 1.02591752], [9.78703969, 1.02581851], [9.78706159, 1.02574001], [9.78708657, 1.02565374], [9.78711209, 1.02556252], [9.78713344, 1.02548897], [9.7871626, 1.02538502], [9.78721409, 1.02520808], [9.78726719, 1.02503204], [9.78732191, 1.0248569], [9.78737823, 1.02468266], [9.78743616, 1.02450933], [9.7874957, 1.02433689], [9.78750443, 1.02431239], [9.78753689, 1.0241962], [9.78754671, 1.02415967], [9.78757013, 1.02407585], [9.78759476, 1.02398081], [9.78759669, 1.02397367], [9.78763899, 1.02381111], [9.78764147, 1.02380119], [9.78768134, 1.02364856], [9.78768813, 1.02362154], [9.78772367, 1.023486], [9.7877348, 1.0234419], [9.78774607, 1.0233991], [9.78777156, 1.02329415], [9.78777926, 1.02326102], [9.78781403, 1.02311805], [9.78782294, 1.02307971], [9.78785649, 1.02294195], [9.78786663, 1.0228984], [9.78791078, 1.02271735], [9.78794385, 1.02258761], [9.78795363, 1.02253558], [9.78799046, 1.02235043], [9.78802912, 1.02216631], [9.7880696, 1.02198321], [9.78811192, 1.02180113], [9.78813298, 1.02171476], [9.78815517, 1.02161958], [9.78817299, 1.02154679], [9.78819844, 1.02143804], [9.78821299, 1.02137881], [9.78824172, 1.0212565], [9.7882863, 1.02107569], [9.78833274, 1.02089592], [9.78838104, 1.02071719], [9.7884312, 1.02053951], [9.78848322, 1.02036286], [9.7885371, 1.02018726], [9.78855557, 1.02012943], [9.78859188, 1.02001215], [9.78859818, 1.01999259], [9.78864091, 1.01985577], [9.78864658, 1.01983701], [9.78865368, 1.01981448], [9.78869061, 1.01969291], [9.78870023, 1.01966127], [9.78870142, 1.01965751], [9.78891373, 1.01896177], [9.78894267, 1.01883295], [9.78894928, 1.01880186], [9.78909613, 1.01687568], [9.78910724, 1.01670262], [9.78911627, 1.01652958], [9.78912321, 1.01635657], [9.78912807, 1.01618358], [9.78913084, 1.01601061], [9.78913109, 1.015949], [9.78913293, 1.01583765], [9.78913323, 1.01576939], [9.78913501, 1.0156647], [9.78913519, 1.01562718], [9.78913538, 1.01558979], [9.7891354, 1.01558815], [9.78911125, 1.01540926], [9.78908918, 1.0152288], [9.78907427, 1.01509258], [9.789069, 1.0150484], [9.78905898, 1.01495427], [9.78904895, 1.01486802], [9.78904357, 1.014816], [9.78902902, 1.01468763], [9.78901092, 1.01450731], [9.78899516, 1.01432708], [9.78898174, 1.01414692], [9.78897065, 1.01396685], [9.7889619, 1.01378686], [9.7889555, 1.01360695], [9.78895143, 1.01342713], [9.7889497, 1.01324739], [9.78895032, 1.01306773], [9.78895327, 1.01288815], [9.78895816, 1.01272212], [9.78895839, 1.01270865], [9.78896312, 1.01255184], [9.78896352, 1.01252915], [9.78896807, 1.01238155], [9.78896865, 1.01234965], [9.7889743, 1.01217016], [9.7889823, 1.01199077], [9.78899263, 1.01181145], [9.7890053, 1.01163221], [9.78901039, 1.01157146], [9.789019, 1.01145302], [9.78902184, 1.01141991], [9.78903247, 1.01127766], [9.78903254, 1.01127381], [9.78903365, 1.01123676], [9.78903617, 1.01109426], [9.78903633, 1.01108892], [9.78903285, 1.01100069], [9.78902849, 1.01091431], [9.78902601, 1.01084798], [9.78902049, 1.01073434], [9.78901911, 1.01069528], [9.78901255, 1.01055438], [9.78900653, 1.01037449], [9.78900287, 1.01019468], [9.78900158, 1.01001495], [9.78900264, 1.00983531], [9.78900546, 1.00968741], [9.78900565, 1.00965573], [9.78900846, 1.00950811], [9.78900865, 1.00947616], [9.78901147, 1.0093288], [9.78901166, 1.00929658], [9.78901447, 1.00914949], [9.78901467, 1.00911701], [9.78901748, 1.00897019], [9.78901767, 1.00893743], [9.78902048, 1.00879088], [9.78902068, 1.00875786], [9.78902349, 1.00861158], [9.78902369, 1.00857828], [9.78902649, 1.00843227], [9.78902669, 1.00839871], [9.7890295, 1.00825296], [9.7890297, 1.00821913], [9.7890325, 1.00807366], [9.78903271, 1.00803955], [9.7890355, 1.00789435], [9.78903571, 1.00785998], [9.78903851, 1.00771504], [9.78903872, 1.0076804], [9.78904151, 1.00753574], [9.78904173, 1.00750083], [9.78904452, 1.00735643], [9.78904473, 1.00732125], [9.78904752, 1.00717712], [9.78904774, 1.00714168], [9.78905053, 1.00699782], [9.78905075, 1.0069621], [9.78905353, 1.00681851], [9.78905375, 1.00678253], [9.78905654, 1.0066392], [9.78905676, 1.00660295], [9.78905954, 1.0064599], [9.78905977, 1.00642338], [9.78906255, 1.00628059], [9.78906277, 1.0062438], [9.7890648, 1.00613965], [9.78906548, 1.00610484], [9.7890681, 1.00610128], [9.78919633, 1.00592175], [9.78932093, 1.00574224], [9.78944189, 1.00556272], [9.78985627, 1.00492874], [9.7898664, 1.00491371], [9.7899065, 1.00484655], [9.78995867, 1.00475697], [9.78998389, 1.00471508], [9.79006063, 1.00458435], [9.79006108, 1.00458362], [9.79016268, 1.00441192], [9.79026637, 1.00424256], [9.79032992, 1.00414226], [9.79036882, 1.00407087], [9.79046867, 1.00389428], [9.79057029, 1.00372104], [9.7906737, 1.00355115], [9.79077439, 1.00339172], [9.79077882, 1.0033845], [9.79083572, 1.0032951], [9.79085821, 1.00325977], [9.79088401, 1.00321798], [9.79094187, 1.00312781], [9.79153811, 1.00216966], [9.79161602, 1.00203981], [9.79169142, 1.00190936], [9.79172093, 1.00185628], [9.79179768, 1.00171219], [9.79187142, 1.00156743], [9.79230393, 1.00067826], [9.79405928, 1.00006835], [9.79423813, 1.00000032], [9.79427215, 0.99998621], [9.79441621, 0.99993145], [9.79445061, 0.99991717], [9.79459429, 0.99986258], [9.79462906, 0.99984812], [9.79477237, 0.99979371], [9.79480751, 0.99977907], [9.79495045, 0.99972484], [9.79498596, 0.99971003], [9.79505622, 0.99968339], [9.79512854, 0.99965598], [9.79516441, 0.99964098], [9.79530662, 0.99958711], [9.79534286, 0.99957193], [9.79548471, 0.99951824], [9.79552132, 0.99950288], [9.79566279, 0.99944937], [9.79569977, 0.99943383], [9.79584088, 0.99938051], [9.79587822, 0.99936478], [9.79605668, 0.99929741], [9.79623515, 0.99923783], [9.79641364, 0.99918605], [9.79659215, 0.99914206], [9.79677068, 0.99910587], [9.79694923, 0.99907747], [9.79712779, 0.99905686], [9.79730638, 0.99904405], [9.79748498, 0.99903903], [9.7976636, 0.99904181], [9.79777389, 0.99904834], [9.79784223, 0.9990498], [9.797929, 0.99905543], [9.79802086, 0.99905792], [9.79808412, 0.99906238], [9.79819949, 0.99906618], [9.79823926, 0.9990692], [9.79837813, 0.99907457], [9.7983944, 0.9990759], [9.79854953, 0.99908277], [9.79855676, 0.99908282], [9.79870461, 0.9990902], [9.79873539, 0.9990906], [9.79891403, 0.99910051], [9.799028, 0.99911169], [9.79909268, 0.99911559], [9.79918701, 0.99912527], [9.79927133, 0.99913076], [9.79934603, 0.99913876], [9.79944997, 0.99914602], [9.79950507, 0.99915216], [9.79962862, 0.99916137], [9.79966412, 0.99916548], [9.79980727, 0.9991768], [9.79989742, 0.99918764], [9.79998593, 0.99919489], [9.8000643, 0.99920452], [9.80016459, 0.99921302], [9.80023119, 0.99922137], [9.80034324, 0.99923117], [9.80039809, 0.99923818], [9.8005219, 0.99924936], [9.80060019, 0.99925956], [9.80070056, 0.99926876], [9.80077297, 0.99927827], [9.80087921, 0.99928817], [9.80094574, 0.99929698], [9.80105787, 0.99930759], [9.80111852, 0.99931569], [9.8011913, 0.99932267], [9.80123653, 0.99932548], [9.8013486, 0.99933674], [9.80141518, 0.99934119], [9.80150592, 0.99935072], [9.80159383, 0.999357], [9.80166325, 0.9993646], [9.80177248, 0.99937291], [9.8018206, 0.99937839], [9.80195113, 0.99938891], [9.80211053, 0.99940774], [9.80212979, 0.99940937], [9.80226969, 0.99942646], [9.80230845, 0.99942992], [9.80242887, 0.9994451], [9.80248711, 0.99945055], [9.80258807, 0.99946367], [9.80266578, 0.99947125], [9.80277094, 0.99948533], [9.80284444, 0.9994928], [9.80292978, 0.99950456], [9.8030231, 0.99951444], [9.80308865, 0.99952372], [9.80318099, 0.99953387], [9.80320177, 0.99953544], [9.80324867, 0.99954064], [9.8032568, 0.99954104], [9.8033804, 0.99954379], [9.80355904, 0.99955399], [9.80373769, 0.99957043], [9.80391635, 0.99959309], [9.80393679, 0.9995964], [9.80407403, 0.99961492], [9.80409502, 0.99961719], [9.8042737, 0.99964273], [9.80445239, 0.9996744], [9.80459237, 0.99970402], [9.80463108, 0.99971115], [9.80473628, 0.99973411], [9.80480978, 0.99974814], [9.80498849, 0.99978828], [9.80515569, 0.99983144], [9.80516721, 0.99983409], [9.80530362, 0.99986991], [9.80534593, 0.99987854], [9.80543367, 0.99989926], [9.80552463, 0.99991571], [9.80552787, 0.9999164], [9.80557121, 0.99992216], [9.80564682, 0.99992997], [9.8056611, 0.99993069], [9.80570328, 0.99993185], [9.80577131, 0.99993578], [9.80588189, 0.99993153], [9.80590618, 0.99993134], [9.80605447, 0.9999264], [9.80606049, 0.99992605], [9.80620279, 0.99992204], [9.80623909, 0.99992011], [9.8064177, 0.999916], [9.80651579, 0.99991672], [9.80659631, 0.99991521], [9.80666934, 0.99991605], [9.80677492, 0.99991452], [9.80682288, 0.99991528], [9.80695353, 0.99991395], [9.80697642, 0.99991441], [9.80712996, 0.99991349], [9.80713214, 0.99991342], [9.80728351, 0.99991316], [9.80731076, 0.99991241], [9.80748937, 0.99991286], [9.807668, 0.99991874], [9.80784664, 0.99993004], [9.80802529, 0.99994676], [9.80802737, 0.99994701], [9.80816949, 0.99996119], [9.80820394, 0.9999638], [9.80831164, 0.99997521], [9.8083826, 0.99998103], [9.80845384, 0.999989], [9.80856125, 0.99999848], [9.80873991, 1.00001955], [9.80891859, 1.00004594], [9.80909728, 1.00007766], [9.80927598, 1.00011469], [9.80945469, 1.00015705], [9.80963341, 1.00020472], [9.80981215, 1.00025772], [9.8099909, 1.00031603], [9.81016966, 1.00037967], [9.81019803, 1.00039061], [9.81021496, 1.0004053], [9.8102802, 1.00046499], [9.81029857, 1.00048114], [9.81035465, 1.00051589], [9.810505, 1.00061454], [9.81065218, 1.00071674], [9.8106735, 1.00073239], [9.8107565, 1.00077859], [9.81081025, 1.00080673], [9.81090962, 1.0008622], [9.81097058, 1.0008942], [9.81106274, 1.00094581], [9.81111291, 1.00097222], [9.8111312, 1.00098134], [9.81124247, 1.00104068], [9.81129358, 1.00106651], [9.81137208, 1.00110895], [9.81145581, 1.00115184], [9.81150173, 1.00117701], [9.81161791, 1.00123733], [9.81170116, 1.00128362], [9.81177859, 1.0013244], [9.81182832, 1.00135245], [9.81193912, 1.00141164], [9.81195555, 1.00142104], [9.81208269, 1.00148996], [9.81209979, 1.00149872], [9.81213143, 1.00151613], [9.81226212, 1.00158394], [9.81226397, 1.00158497], [9.81239631, 1.00165458], [9.81242486, 1.00166871], [9.81252869, 1.00172408], [9.81258751, 1.00175358], [9.81272256, 1.00182664], [9.81274878, 1.00183998], [9.81285052, 1.00189589], [9.81290989, 1.00192657], [9.81297853, 1.00196489], [9.81307084, 1.00201335], [9.81310662, 1.00203365], [9.81313292, 1.00204768], [9.81323384, 1.00209782], [9.81327725, 1.00212122], [9.81339751, 1.00218154], [9.81342161, 1.00219466], [9.81356112, 1.00226533], [9.81356599, 1.00226801], [9.81370014, 1.00233665], [9.81372532, 1.00234846], [9.81386264, 1.0024188], [9.81388964, 1.00243145], [9.81402515, 1.00250095], [9.81405396, 1.00251445], [9.81418766, 1.0025831], [9.81421828, 1.00259744], [9.81426131, 1.00261957], [9.8143848, 1.00267797], [9.81440949, 1.00269082], [9.81455125, 1.00275858], [9.81455769, 1.00276197], [9.81470582, 1.00283355], [9.81471796, 1.0028389], [9.81485391, 1.00290535], [9.81488478, 1.00291909], [9.81505018, 1.00300088], [9.81512541, 1.00304205], [9.81521285, 1.00308572], [9.81527126, 1.00311805], [9.81533451, 1.00314996], [9.81537546, 1.00317062], [9.81541714, 1.00319396], [9.81553802, 1.0032556], [9.81556303, 1.00326978], [9.81576761, 1.00337524], [9.81593296, 1.00345107], [9.8161005, 1.00351864], [9.81625977, 1.00357429], [9.81638182, 1.00361185], [9.81639508, 1.0036166], [9.81651598, 1.0036549], [9.81653025, 1.00365942], [9.81654655, 1.00366391], [9.81666531, 1.00370262], [9.81667525, 1.00370544], [9.81671191, 1.00371421], [9.81682792, 1.00374771], [9.81687887, 1.0037601], [9.81698059, 1.00378993], [9.81704582, 1.00380605], [9.81713328, 1.00383208], [9.81721274, 1.00385205], [9.81725637, 1.00386523], [9.81738016, 1.00389671], [9.81741353, 1.00390691], [9.81754477, 1.00394068], [9.81754764, 1.00394118], [9.81763064, 1.00395981], [9.81771848, 1.00397637], [9.81775181, 1.00398436], [9.81788908, 1.00401225], [9.81793493, 1.00402396], [9.81805879, 1.00405058], [9.81806595, 1.0040525], [9.81814527, 1.0040705], [9.81823084, 1.00408248], [9.81825557, 1.00408724], [9.81836732, 1.00410348], [9.81840602, 1.00410573], [9.81845222, 1.00411085], [9.81858442, 1.0041201], [9.81858943, 1.00412072], [9.81876264, 1.004135], [9.81893747, 1.00415921], [9.81903566, 1.00417853], [9.8191101, 1.00418951], [9.81917957, 1.0042039], [9.81928263, 1.00422007], [9.81932347, 1.00422897], [9.81945506, 1.00425091], [9.81959942, 1.00428402], [9.81961293, 1.00428636], [9.81962505, 1.00428846], [9.81974979, 1.004318], [9.81990079, 1.00434513], [9.82005256, 1.00436379], [9.82016303, 1.00437118], [9.82018229, 1.00437374], [9.82020486, 1.00437673], [9.82023302, 1.00437889], [9.82034194, 1.00438069], [9.82039765, 1.00438526], [9.82052104, 1.00438793], [9.82056229, 1.00439155], [9.82070013, 1.00439526], [9.82072692, 1.00439776], [9.82087921, 1.00440266], [9.82089155, 1.00440389], [9.82105619, 1.00441007], [9.8210583, 1.00441002], [9.82122082, 1.00441701], [9.82123744, 1.0044167], [9.82129576, 1.00441953], [9.82141708, 1.00441743], [9.82147097, 1.00442016], [9.82159671, 1.00441817], [9.82164617, 1.00442078], [9.82177635, 1.00441891], [9.82182137, 1.00442139], [9.82195598, 1.00441967], [9.82199658, 1.004422], [9.82213561, 1.00442043], [9.82217178, 1.00442259], [9.82231524, 1.00442121], [9.82242826, 1.00442823], [9.82249435, 1.00442833], [9.82257882, 1.00443456], [9.82267343, 1.00443577], [9.82272938, 1.00444056], [9.82285248, 1.00444354], [9.82287994, 1.00444622], [9.8230305, 1.00445162], [9.82303152, 1.00445159], [9.82315464, 1.00445745], [9.82321113, 1.00445257], [9.8233077, 1.00445141], [9.82339151, 1.00444427], [9.82348355, 1.0044434], [9.82357189, 1.00443597], [9.82365941, 1.00443538], [9.82375227, 1.00442768], [9.82393202, 1.00442696], [9.8241106, 1.00444051], [9.82426328, 1.00446446], [9.82428814, 1.00446662], [9.82441846, 1.00448837], [9.82446567, 1.00449295], [9.82457369, 1.00451205], [9.82464317, 1.00451951], [9.82469101, 1.00452843], [9.82482082, 1.00454429], [9.82483552, 1.00454725], [9.82497985, 1.00456701], [9.82499853, 1.0045684], [9.82512406, 1.00458742], [9.82517627, 1.00459207], [9.82526836, 1.00460734], [9.82535398, 1.00461621], [9.82535995, 1.00461729], [9.82552829, 1.00463543], [9.82553208, 1.00463557], [9.82569656, 1.00465398], [9.82571021, 1.00465454], [9.82586485, 1.00467249], [9.82588833, 1.00467356], [9.82603314, 1.00469096], [9.82606646, 1.00469261], [9.82620143, 1.00470938], [9.82624458, 1.00471171], [9.82641978, 1.00473418], [9.82642241, 1.00473434], [9.82658793, 1.00475623], [9.82660023, 1.00475701], [9.82675609, 1.00477824], [9.82677805, 1.00477972], [9.82692425, 1.00480021], [9.82695587, 1.00480247], [9.82709243, 1.00482214], [9.82713369, 1.00482526], [9.82730201, 1.00485015], [9.82731127, 1.00485092], [9.82746168, 1.00487424], [9.82748884, 1.00487671], [9.82762137, 1.00489821], [9.82766639, 1.00490264], [9.8277811, 1.00492205], [9.82784394, 1.0049287], [9.82802106, 1.00495988], [9.82805641, 1.00496861], [9.82819791, 1.00499438], [9.82821863, 1.00499961], [9.82837476, 1.00502896], [9.82838088, 1.00503053], [9.82851954, 1.0050574], [9.82855175, 1.00506172], [9.82867683, 1.00508687], [9.82872876, 1.00509425], [9.82883416, 1.0051162], [9.82890576, 1.00512692], [9.82894966, 1.00513637], [9.82908288, 1.0051582], [9.82908901, 1.0051596], [9.82922798, 1.0051843], [9.82926008, 1.0051884], [9.82936698, 1.00520886], [9.82943519, 1.00521852], [9.82943728, 1.0052187], [9.82960108, 1.00524257], [9.82961491, 1.00524379], [9.82976697, 1.00526657], [9.82979253, 1.00526893], [9.82993287, 1.00529051], [9.82997015, 1.00529412], [9.83014753, 1.0053221], [9.83016492, 1.00532592], [9.8303077, 1.00535015], [9.83045223, 1.00536766], [9.8305985, 1.00537845], [9.83081052, 1.00538427], [9.83097455, 1.00538084], [9.83110492, 1.00537199], [9.83112167, 1.00537173], [9.83114037, 1.00537144], [9.83129521, 1.00536202], [9.83148886, 1.00536003], [9.83150705, 1.00536073], [9.83164082, 1.0053614], [9.83168343, 1.00536024], [9.83177463, 1.00536199], [9.83187812, 1.00536073], [9.832029, 1.00536565], [9.83207459, 1.00536544], [9.83219747, 1.00537017], [9.83227113, 1.00537034], [9.83246927, 1.00537903], [9.83252313, 1.00538355], [9.83266879, 1.005391], [9.83268832, 1.00539276], [9.83273916, 1.0053957], [9.83286662, 1.00539894], [9.83290795, 1.00540153], [9.83294518, 1.00540269], [9.83306296, 1.00540336], [9.83308127, 1.00540412], [9.83308361, 1.00540416], [9.83315912, 1.00540108], [9.83325357, 1.00539415], [9.83325917, 1.00539393], [9.83335149, 1.00538452], [9.83343908, 1.00537282], [9.83351809, 1.00536502], [9.83352565, 1.00536404], [9.83362101, 1.00534298], [9.83367397, 1.00533315], [9.83379993, 1.005306], [9.83382669, 1.00530116], [9.83386473, 1.00529315], [9.83388289, 1.00528829], [9.83397543, 1.00526086], [9.83402082, 1.00524902], [9.83414931, 1.00521189], [9.83415872, 1.0052095], [9.83432329, 1.00516315], [9.83449946, 1.00511964], [9.83467794, 1.00508159], [9.83470085, 1.00507746], [9.83485675, 1.00504432], [9.83487683, 1.00504071], [9.83503555, 1.00500705], [9.83521635, 1.00497453], [9.8353994, 1.00494734], [9.83558468, 1.00492548], [9.83577222, 1.00490896], [9.83591097, 1.00490079], [9.83595939, 1.00489157], [9.83599926, 1.00488516], [9.83613995, 1.00485849], [9.83617596, 1.00485271], [9.83632052, 1.00482541], [9.83635265, 1.00482026], [9.83650108, 1.00479233], [9.83652934, 1.00478781], [9.83668165, 1.00475925], [9.83670604, 1.00475536], [9.83686222, 1.00472617], [9.83688273, 1.00472291], [9.83704279, 1.0046931], [9.83705943, 1.00469045], [9.83708339, 1.004686], [9.83712586, 1.00468915], [9.83723463, 1.00470012], [9.83730507, 1.00470538], [9.83740961, 1.00471599], [9.83748427, 1.00472161], [9.83758459, 1.00473186], [9.83766348, 1.00473784], [9.83775957, 1.00474772], [9.83784268, 1.00475408], [9.83793455, 1.00476358], [9.83795546, 1.0047652], [9.83802188, 1.00477031], [9.83810953, 1.00477945], [9.83820108, 1.00478655], [9.83828451, 1.0047953], [9.83838029, 1.0048028], [9.8384595, 1.00481116], [9.83855949, 1.00481904], [9.83863448, 1.00482701], [9.83873869, 1.00483529], [9.83880946, 1.00484286], [9.83891789, 1.00485154], [9.83898444, 1.0048587], [9.83909709, 1.0048678], [9.83915942, 1.00487455], [9.83927629, 1.00488405], [9.83933441, 1.00489039], [9.83945549, 1.00490031], [9.83950939, 1.00490623], [9.83963469, 1.00491657], [9.83968437, 1.00492206], [9.83981389, 1.00493284], [9.83994734, 1.00494768], [9.83996404, 1.00494728], [9.83999356, 1.00494589], [9.84011754, 1.0049435], [9.84017585, 1.004941], [9.84027102, 1.0049396], [9.84035813, 1.00493624], [9.84042569, 1.00493555], [9.84054039, 1.00493157], [9.84058282, 1.00493131], [9.84072264, 1.004927], [9.84073993, 1.00492697], [9.84089706, 1.00492275], [9.8409049, 1.00492234], [9.84105428, 1.00491893], [9.84108721, 1.00491735], [9.84126929, 1.00491394], [9.8413258, 1.00491457], [9.84145105, 1.0049127], [9.8414841, 1.0049132], [9.8416328, 1.00491155], [9.84164238, 1.00491173], [9.84180072, 1.0049106], [9.84181459, 1.00491013], [9.84195909, 1.00490966], [9.8419964, 1.00490854], [9.84210729, 1.00490863], [9.84217854, 1.00490472], [9.8422652, 1.00490268], [9.84236115, 1.00489765], [9.84243275, 1.00489616], [9.84254376, 1.00489061], [9.84260028, 1.0048896], [9.84272636, 1.00488362], [9.8427678, 1.00488299], [9.84290896, 1.00487667], [9.84309086, 1.00487448], [9.84327188, 1.0048783], [9.84327967, 1.00487873], [9.84342677, 1.00488275], [9.84359336, 1.00488275], [9.84368528, 1.00487003], [9.84381405, 1.004848], [9.84449385, 1.00456819], [9.84460413, 1.00451961], [9.84469412, 1.00447729], [9.84471277, 1.00446769], [9.84478183, 1.00443529], [9.84485263, 1.00440207], [9.8448751, 1.00439052], [9.84488955, 1.00438376], [9.8450358, 1.00430914], [9.84503703, 1.00430857], [9.84518476, 1.00423375], [9.84519635, 1.00422737], [9.84520284, 1.00422411], [9.84534006, 1.00414947], [9.84535499, 1.0041407], [9.84547736, 1.00407495], [9.84551359, 1.00405391], [9.84561458, 1.00400034], [9.84567224, 1.00396725], [9.84583204, 1.00388357], [9.84591019, 1.00384647], [9.84599314, 1.00380322], [9.84606395, 1.00376977], [9.84615423, 1.00372287], [9.8462177, 1.00369305], [9.84631534, 1.00364254], [9.84647808, 1.00356645], [9.84649016, 1.00356138], [9.84664115, 1.00349118], [9.84664419, 1.00348992], [9.84679833, 1.00341866], [9.84680413, 1.00341571], [9.8469152, 1.00336466], [9.84696648, 1.00333859], [9.84707316, 1.00328972], [9.84712883, 1.00326148], [9.84723111, 1.00321477], [9.84729118, 1.00318437], [9.84737562, 1.00314593], [9.84745208, 1.0031035], [9.84751305, 1.0030729], [9.8476114, 1.00301858], [9.84766376, 1.00299248], [9.84777074, 1.00293369], [9.84781446, 1.00291203], [9.84793008, 1.00284882], [9.84796515, 1.00283156], [9.84808943, 1.00276398], [9.84815979, 1.00272958], [9.84824967, 1.0026814], [9.84829716, 1.00265856], [9.84840996, 1.00259898], [9.84843444, 1.0025874], [9.84857031, 1.00251671], [9.84857163, 1.0025161], [9.84873072, 1.00243461], [9.84884566, 1.00238213], [9.8488872, 1.00234234], [9.84890865, 1.0023236], [9.84901189, 1.0022271], [9.84902837, 1.00221059], [9.84917044, 1.00208117], [9.84931612, 1.00196105], [9.8494654, 1.00185021], [9.8496124, 1.00175258], [9.84961819, 1.00174845], [9.84970391, 1.00169419], [9.84977159, 1.00164824], [9.85019797, 1.00139172], [9.85021556, 1.00138243], [9.85022289, 1.00137673], [9.85030471, 1.00131303], [9.85033979, 1.00128243], [9.8504437, 1.00120165], [9.85047974, 1.00117021], [9.85058268, 1.00109027], [9.85061969, 1.00105798], [9.85072166, 1.00097889], [9.85073821, 1.00096444], [9.85075963, 1.00094575], [9.85086065, 1.00086751], [9.85089958, 1.00083352], [9.85099963, 1.00075613], [9.85103952, 1.00072129], [9.85112021, 1.00065896], [9.85117306, 1.00059901], [9.85130206, 1.00046961], [9.85143734, 1.00035005], [9.85150981, 1.00029386], [9.8515772, 1.00023769], [9.85158544, 1.00023168], [9.85171837, 1.00012738], [9.85184702, 1.00003952], [9.85186317, 1.00002277], [9.85199714, 0.99990117], [9.85211094, 0.99981123], [9.85213672, 0.99978837], [9.8522262, 0.99971946], [9.85227651, 0.99967589], [9.8524196, 0.9995686], [9.8524907, 0.99952281], [9.85256672, 0.99946763], [9.8526052, 0.99944369], [9.85271417, 0.99936717], [9.85271934, 0.99936407], [9.85283452, 0.99928588], [9.85286095, 0.99926567], [9.85293595, 0.99921648], [9.85300705, 0.9991631], [9.85306402, 0.99912648], [9.85315326, 0.9990607], [9.85319196, 0.99903632], [9.85329958, 0.99895847], [9.85331978, 0.998946], [9.853446, 0.99885641], [9.85344748, 0.99885552], [9.85358811, 0.99875761], [9.85359237, 0.99875426], [9.85370316, 0.99867982], [9.85373903, 0.99865256], [9.85381782, 0.9986015], [9.85388604, 0.99855141], [9.85391142, 0.99853557], [9.8540162, 0.99842383], [9.8541499, 0.99830181], [9.85422288, 0.99824519], [9.85428765, 0.99818613], [9.85442937, 0.99807668], [9.85457904, 0.99797972], [9.85465043, 0.99794147], [9.85473379, 0.99789072], [9.85475274, 0.99788122], [9.85486462, 0.99781728], [9.85488828, 0.9978013], [9.85500577, 0.99773522], [9.8550422, 0.997711], [9.8551279, 0.99766356], [9.85519574, 0.99762011], [9.85524947, 0.99759152], [9.85534962, 0.99752974], [9.85537075, 0.99751894], [9.85549604, 0.99744451], [9.85550344, 0.99743928], [9.85564914, 0.99735272], [9.85565645, 0.99734755], [9.85580223, 0.99726093], [9.85580946, 0.99725582], [9.85596284, 0.99716467], [9.85605914, 0.99711727], [9.85612087, 0.99708082], [9.85621276, 0.9970358], [9.8562789, 0.99699698], [9.85636637, 0.99695431], [9.85643695, 0.99691314], [9.85655611, 0.99685527], [9.8565968, 0.99683215], [9.85669395, 0.99678618], [9.85675679, 0.99675138], [9.8568317, 0.99671684], [9.85691693, 0.99667083], [9.85705135, 0.99661041], [9.85708023, 0.99659526], [9.8571909, 0.99654689], [9.8572437, 0.99651993], [9.85733036, 0.99648308], [9.85740732, 0.99644484], [9.85748634, 0.99641213], [9.85757139, 0.99637047], [9.85763838, 0.99634307], [9.85773549, 0.99629615], [9.8577904, 0.99627396], [9.85789963, 0.99622188], [9.85801514, 0.99617572], [9.85806655, 0.99615198], [9.85815292, 0.99611854], [9.85823367, 0.99608238], [9.85829061, 0.99606101], [9.85840097, 0.99601308], [9.85842824, 0.99600316], [9.85856361, 0.9959461], [9.8585683, 0.99594382], [9.8587126, 0.99588408], [9.85873492, 0.99587345], [9.85886155, 0.99582193], [9.85890161, 0.99580318], [9.85901047, 0.99575964], [9.85906837, 0.99573303], [9.85919618, 0.99568275], [9.85923616, 0.99566449], [9.85935933, 0.99561621], [9.85940395, 0.99559596], [9.85952247, 0.99554967], [9.85957175, 0.99552743], [9.85968561, 0.99548312], [9.85970051, 0.99547644], [9.85973852, 0.99545729], [9.8598419, 0.99541175], [9.85990202, 0.99538202], [9.85998324, 0.9953469], [9.86006562, 0.9953069], [9.86012453, 0.99528188], [9.8602293, 0.99523192], [9.86039636, 0.99516223], [9.86050498, 0.99512302], [9.86055326, 0.99511549], [9.86061868, 0.99510252], [9.86070302, 0.99509001], [9.8607958, 0.99507234], [9.86085276, 0.99506432], [9.86097297, 0.99504236], [9.86100247, 0.99503842], [9.86115018, 0.99501258], [9.86115216, 0.99501233], [9.86121403, 0.99500198], [9.86132661, 0.99497917], [9.8613394, 0.99497721], [9.86150318, 0.99494638], [9.86168145, 0.99492154], [9.8618615, 0.99490507], [9.8620373, 0.99489725], [9.86204331, 0.99489677], [9.86207966, 0.99489558], [9.86210861, 0.99489236], [9.86215886, 0.99488266], [9.86222081, 0.99486838], [9.86229639, 0.99485457], [9.86239672, 0.9948325], [9.86243383, 0.9948261], [9.8625727, 0.994797], [9.86259142, 0.99479397], [9.86274425, 0.9947629], [9.86274875, 0.9947618], [9.86289721, 0.99473255], [9.86292468, 0.994726], [9.86305015, 0.99470206], [9.86310063, 0.99469034], [9.86320306, 0.99467142], [9.86320437, 0.99467113], [9.86327604, 0.99465214], [9.86334551, 0.99463709], [9.86345065, 0.99461022], [9.86348656, 0.99460277], [9.86362533, 0.99456859], [9.86362754, 0.99456815], [9.86376882, 0.99453466], [9.86379981, 0.99452609], [9.86397487, 0.99448622], [9.86415164, 0.99445442], [9.86433015, 0.99443069], [9.86438158, 0.99442622], [9.86450923, 0.99440964], [9.86454914, 0.99440628], [9.86468831, 0.99438863], [9.86471669, 0.99438631], [9.8648674, 0.99436765], [9.86488424, 0.99436632], [9.8650465, 0.99434669], [9.86505179, 0.99434629], [9.86521935, 0.99432651], [9.86522555, 0.99432552], [9.86538691, 0.99430692], [9.86540456, 0.99430416], [9.86555448, 0.9942873], [9.86558358, 0.99428284], [9.86572204, 0.99426765], [9.86576261, 0.99426155], [9.8658896, 0.99424796], [9.86594164, 0.9942403], [9.86605716, 0.99422824], [9.86612068, 0.99421907], [9.86622471, 0.99420849], [9.86629973, 0.99419788], [9.86639227, 0.9941887], [9.86647878, 0.99417672], [9.86655983, 0.99416888], [9.86662568, 0.99415995], [9.86665734, 0.99415327], [9.86666495, 0.99415199], [9.86681429, 0.99412145], [9.86683315, 0.99411691], [9.86696366, 0.99409106], [9.86700893, 0.99408045], [9.867113, 0.99406051], [9.86718474, 0.99404416], [9.8672623, 0.99402979], [9.86736059, 0.99400802], [9.86753741, 0.9939764], [9.86756717, 0.99397232], [9.86771461, 0.9939466], [9.86772586, 0.9939451], [9.86788458, 0.9939181], [9.86789178, 0.99391661], [9.86804334, 0.99389148], [9.86806887, 0.99388629], [9.8682021, 0.99386478], [9.86824599, 0.99385606], [9.86836085, 0.993838], [9.86842312, 0.9938259], [9.86851958, 0.99381114], [9.86860026, 0.99379582], [9.86867861, 0.99378416], [9.86877743, 0.99376585], [9.86883631, 0.99375735], [9.86895462, 0.99373596], [9.86899399, 0.99373044], [9.86913182, 0.99370615], [9.86915167, 0.99370346], [9.86930904, 0.99367643], [9.86930934, 0.99367639], [9.86946709, 0.99365], [9.86948614, 0.99364613], [9.86962484, 0.99362353], [9.86966325, 0.99361589], [9.86981006, 0.99359262], [9.86984058, 0.99358668], [9.86996935, 0.9935668], [9.87001793, 0.99355755], [9.87009757, 0.99354557], [9.87012862, 0.9935409], [9.87019529, 0.99352848], [9.87028789, 0.99351493], [9.87037267, 0.99349949], [9.87044714, 0.99348888], [9.87060615, 0.99346059], [9.87076452, 0.99342674], [9.87076643, 0.99342627], [9.87093222, 0.99337838], [9.87109009, 0.99332652], [9.87109692, 0.99332456], [9.87126039, 0.99327108], [9.87126161, 0.99327073], [9.87134364, 0.993244], [9.87141814, 0.99318949], [9.87156677, 0.99308891], [9.87171831, 0.99299439], [9.87182841, 0.99293132], [9.87187196, 0.99290428], [9.87202658, 0.99281616], [9.87218411, 0.99273413], [9.87234457, 0.99265819], [9.87250795, 0.99258834], [9.87267426, 0.99252458], [9.87284348, 0.9924669], [9.87301563, 0.99241531], [9.87314893, 0.99238066], [9.8731704, 0.99237205], [9.87318804, 0.99236427], [9.87326294, 0.99233445], [9.87335204, 0.9922957], [9.87340449, 0.99227512], [9.8735161, 0.99222725], [9.87354599, 0.99221568], [9.8736802, 0.9921589], [9.87373653, 0.99213742], [9.87384503, 0.99209205], [9.87388222, 0.99207805], [9.87400989, 0.99202529], [9.87402789, 0.99201859], [9.8741324, 0.9919759], [9.87417347, 0.99195585], [9.87425557, 0.9919193], [9.87433438, 0.99188085], [9.87441445, 0.99184526], [9.8744953, 0.99180586], [9.87457333, 0.99177121], [9.87458819, 0.99176398], [9.87465525, 0.99172888], [9.87471899, 0.99169835], [9.874814, 0.99164936], [9.8748497, 0.99163254], [9.87497282, 0.99157003], [9.87498032, 0.99156655], [9.87504459, 0.99153443], [9.8751218, 0.99148975], [9.87512904, 0.99148525], [9.8752591, 0.99141068], [9.87528306, 0.9913959], [9.87539635, 0.99133155], [9.87543712, 0.99130663], [9.87552099, 0.99125943], [9.8755899, 0.9912147], [9.87563723, 0.99118637], [9.87574119, 0.99111966], [9.875766, 0.991105], [9.87589255, 0.99102476], [9.87589469, 0.99102351], [9.87596623, 0.99097869], [9.87603262, 0.99093104], [9.87604128, 0.9909244], [9.87615592, 0.99084317], [9.87618766, 0.99081913], [9.87627911, 0.99075518], [9.87633411, 0.99071402], [9.87635836, 0.99069729], [9.8764504, 0.99062414], [9.87647698, 0.99060143], [9.87658044, 0.9905198], [9.87661898, 0.99048705], [9.87676209, 0.99037497], [9.87690524, 0.99027194], [9.87690839, 0.99026953], [9.8770132, 0.99019584], [9.87705491, 0.99016456], [9.87719861, 0.99006593], [9.87720263, 0.99006209], [9.87723744, 0.99003154], [9.87725574, 0.99001439], [9.87733467, 0.98992696], [9.87746708, 0.98979259], [9.87760334, 0.98966624], [9.87774345, 0.98954791], [9.87788741, 0.9894376], [9.87799794, 0.98936112], [9.87803466, 0.98933417], [9.87808166, 0.98930312], [9.87818265, 0.98923225], [9.87833387, 0.98913705], [9.878489, 0.98905003], [9.87864806, 0.98897116], [9.87873592, 0.98893305], [9.87880973, 0.98889775], [9.87885274, 0.98887981], [9.87889445, 0.98886058], [9.87895496, 0.98879009], [9.87900537, 0.98873719], [9.87908313, 0.9886469], [9.87921442, 0.9885102], [9.8793061, 0.98842497], [9.87934948, 0.98838134], [9.87939769, 0.98833823], [9.87948505, 0.98825357], [9.87948817, 0.98825089], [9.87962119, 0.98812696], [9.87976249, 0.98801113], [9.87990904, 0.98790622], [9.88001226, 0.98784232], [9.88005932, 0.98780907], [9.8801475, 0.98775536], [9.8801882, 0.98772697], [9.8802091, 0.98771089], [9.88028919, 0.98765767], [9.88032307, 0.98763273], [9.88035446, 0.98760351], [9.88041401, 0.98755551], [9.88044766, 0.98752428], [9.8804701, 0.98750049], [9.88049119, 0.98747812], [9.88057045, 0.9874057], [9.88061956, 0.98735409], [9.88072204, 0.98723067], [9.88084805, 0.98705507], [9.88085408, 0.98704787], [9.88094141, 0.98692592], [9.88094864, 0.98691731], [9.88103477, 0.98679677], [9.88111278, 0.98670404], [9.88113408, 0.98667362], [9.88122186, 0.98656755], [9.88123349, 0.98655059], [9.88141417, 0.98632853], [9.88146339, 0.98627844], [9.8815332, 0.98619592], [9.88155774, 0.98617182], [9.88165175, 0.98606485], [9.88165266, 0.98606364], [9.8817728, 0.9859319], [9.88182985, 0.98587967], [9.88189904, 0.98580495], [9.88194634, 0.98576213], [9.88202534, 0.98567805], [9.88206278, 0.98564453], [9.88210056, 0.98560488], [9.88214673, 0.98554728], [9.88221869, 0.9854717], [9.88226496, 0.98541404], [9.88233588, 0.98533951], [9.88237956, 0.98527796], [9.88241122, 0.98524045], [9.88248683, 0.98513921], [9.88248817, 0.98513716], [9.882598, 0.98499732], [9.88266575, 0.98492458], [9.88271548, 0.98486349], [9.88275909, 0.98481822], [9.88283345, 0.98473005], [9.88295977, 0.98460316], [9.88300489, 0.98456464], [9.88309165, 0.98448063], [9.88310669, 0.98446822], [9.88320902, 0.98437258], [9.88322308, 0.98435776], [9.88328784, 0.98429926], [9.88335169, 0.98423267], [9.88340867, 0.98418159], [9.88348034, 0.98410761], [9.88352947, 0.98406389], [9.88360903, 0.98398258], [9.88365024, 0.98394616], [9.88373774, 0.98385757], [9.88375003, 0.98384679], [9.88386513, 0.98373152], [9.88386733, 0.98372961], [9.88398505, 0.98361296], [9.88399204, 0.98360509], [9.88410285, 0.9834964], [9.88411886, 0.9834786], [9.8842206, 0.98337978], [9.88424573, 0.98335215], [9.88429032, 0.98330925], [9.88436897, 0.98322284], [9.88441381, 0.98317964], [9.88449221, 0.98309353], [9.88453729, 0.98305003], [9.88461544, 0.98296422], [9.88466078, 0.98292042], [9.88473867, 0.9828349], [9.88478427, 0.9827908], [9.88486191, 0.98270559], [9.88490776, 0.98266119], [9.88498514, 0.98257628], [9.88511397, 0.98245136], [9.88522662, 0.98235469], [9.88524309, 0.98232667], [9.88527102, 0.98228504], [9.88527534, 0.98227783], [9.88533243, 0.98217075], [9.88534839, 0.98214475], [9.88541999, 0.98201342], [9.88551514, 0.98186205], [9.88561911, 0.98171762], [9.88573192, 0.98158012], [9.88578441, 0.98152379], [9.88584861, 0.98144567], [9.88589993, 0.98139063], [9.88593337, 0.98135], [9.88596529, 0.98131122], [9.88601544, 0.98125747], [9.88608198, 0.98117676], [9.88613096, 0.98112431], [9.88624336, 0.98098817], [9.88634798, 0.98084458], [9.88642756, 0.98072045], [9.88644614, 0.9806948], [9.88652303, 0.98057452], [9.8865443, 0.98054502], [9.88661852, 0.98042859], [9.88662569, 0.98041859], [9.88664245, 0.98039523], [9.88670328, 0.98029956], [9.88671038, 0.98028114], [9.88678061, 0.98012466], [9.88678596, 0.98011426], [9.88684952, 0.97997478], [9.88685196, 0.97996865], [9.88689468, 0.97987631], [9.88692076, 0.97981156], [9.88695958, 0.97972829], [9.88698959, 0.97965449], [9.88699751, 0.97963763], [9.88704645, 0.97952198], [9.8870561, 0.97949646], [9.88709542, 0.97940712], [9.88711948, 0.97933711], [9.88714552, 0.97927272], [9.88717954, 0.97917638], [9.88719559, 0.97913766], [9.88723983, 0.97901574], [9.88725756, 0.97897401], [9.88730152, 0.97885568], [9.88730974, 0.97883675], [9.88736194, 0.97869951], [9.88736321, 0.97869563], [9.88739824, 0.97860566], [9.8874222, 0.97853445], [9.88744908, 0.97846693], [9.88748136, 0.97837334], [9.88749975, 0.97832815], [9.88754068, 0.9782123], [9.8875721, 0.97813681], [9.88762088, 0.97800265], [9.88766351, 0.97786629], [9.88768457, 0.97778633], [9.8877157, 0.97764055], [9.88772318, 0.97759522], [9.8877334, 0.97754953], [9.88774573, 0.97749442], [9.88775913, 0.97741808], [9.88777452, 0.97735224], [9.88779456, 0.9772409], [9.88780711, 0.97718808], [9.88783004, 0.97706372], [9.88783966, 0.9770239], [9.88784612, 0.97698962], [9.88786053, 0.97688606], [9.88787114, 0.97683155], [9.88788907, 0.97670821], [9.88789605, 0.97667346], [9.88791774, 0.97653036], [9.88792084, 0.97651534], [9.88793989, 0.97639454], [9.88794454, 0.97635234], [9.88796328, 0.97623821], [9.88797075, 0.97617426], [9.88798654, 0.97608185], [9.88799711, 0.9759962], [9.88800965, 0.97592547], [9.88802362, 0.97581814], [9.88803263, 0.97576906], [9.88804331, 0.97569093], [9.88804802, 0.97563989], [9.88806234, 0.97554122], [9.88807039, 0.97546143], [9.88808114, 0.97539148], [9.888093, 0.975283], [9.88809969, 0.9752417], [9.88811585, 0.97510459], [9.88811801, 0.97509189], [9.88813692, 0.97494217], [9.88813824, 0.97492614], [9.888161, 0.97475718], [9.88816183, 0.9747478], [9.88818252, 0.97460137], [9.88818558, 0.97456948], [9.88820389, 0.97444554], [9.88820612, 0.9744238], [9.88820229, 0.97439047], [9.88819077, 0.97420871], [9.88818873, 0.97402788], [9.88819536, 0.97386752], [9.88819521, 0.97384787], [9.88820187, 0.97370249], [9.88820176, 0.97366788], [9.88821079, 0.97348812], [9.88822941, 0.9733093], [9.88823057, 0.97330194], [9.88824659, 0.97316463], [9.88824915, 0.97313059], [9.88826249, 0.9730273], [9.88826909, 0.9729519], [9.88827558, 0.97290609], [9.888283, 0.97277347], [9.88828301, 0.97277262], [9.88829263, 0.97262563], [9.88829332, 0.97259299], [9.88830195, 0.97247778], [9.88830392, 0.97241339], [9.88831098, 0.97232992], [9.88831255, 0.9722907], [9.88831236, 0.97223357], [9.88831679, 0.97214662], [9.88831748, 0.97205344], [9.88832064, 0.97200255], [9.888323, 0.97187334], [9.88832408, 0.97185849], [9.88832891, 0.97169328], [9.88834411, 0.97151412], [9.88835252, 0.97145448], [9.88836418, 0.97133545], [9.88836691, 0.97131774], [9.88838083, 0.97119254], [9.88838135, 0.97115648], [9.88839046, 0.97102623], [9.88839123, 0.97097681], [9.88840022, 0.9708509], [9.88840112, 0.97079714], [9.88840997, 0.97067556], [9.88841101, 0.97061747], [9.88841972, 0.97050023], [9.88842091, 0.97043779], [9.88842611, 0.9703691], [9.88842945, 0.97032489], [9.88843081, 0.97025812], [9.88843919, 0.97014956], [9.88844072, 0.97007845], [9.88844892, 0.96997423], [9.88845063, 0.96989879], [9.88845864, 0.96979889], [9.88846055, 0.96971912], [9.88846835, 0.96962356], [9.88846951, 0.96957761], [9.88848777, 0.96944835], [9.88848871, 0.96943704], [9.88851205, 0.96927321], [9.8885133, 0.96925834], [9.88853634, 0.96909807], [9.88853789, 0.96907964], [9.88856062, 0.96892293], [9.88856248, 0.96890093], [9.8885849, 0.96874779], [9.88858707, 0.96872223], [9.88860918, 0.96857265], [9.88861167, 0.96854353], [9.88863345, 0.96839751], [9.88863627, 0.96836483], [9.88865773, 0.96822237], [9.88866086, 0.96818613], [9.888682, 0.96804723], [9.88868546, 0.96800742], [9.88870627, 0.96787209], [9.88871007, 0.96782872], [9.88873054, 0.96769695], [9.88873467, 0.96765003], [9.88875481, 0.96752181], [9.88875928, 0.96747133], [9.88877907, 0.96734667], [9.88878389, 0.96729263], [9.88880333, 0.96717153], [9.8888085, 0.96711393], [9.88881391, 0.96708061], [9.88882759, 0.96699639], [9.88883311, 0.96693523], [9.88885185, 0.96682125], [9.88885773, 0.96675654], [9.8888761, 0.96664611], [9.88888235, 0.96657784], [9.88890035, 0.96647097], [9.88890697, 0.96639915], [9.8889246, 0.96629583], [9.88893159, 0.96622045], [9.88894884, 0.96612068], [9.88895622, 0.96604176], [9.88897308, 0.96594554], [9.88898086, 0.96586307], [9.88899732, 0.9657704], [9.88900549, 0.96568438], [9.88902155, 0.96559526], [9.88903013, 0.96550569], [9.88904578, 0.96542012], [9.88905478, 0.965327], [9.88907, 0.96524498], [9.88907943, 0.96514831], [9.88909422, 0.96506984], [9.88910408, 0.96496962], [9.88911843, 0.9648947], [9.88912874, 0.96479094], [9.88914264, 0.96471956], [9.88915341, 0.96461226], [9.88916684, 0.96454442], [9.88917808, 0.96443358], [9.88921351, 0.96425777], [9.88926607, 0.96408654], [9.88926989, 0.9640774], [9.88932026, 0.96391575], [9.88932112, 0.96391371], [9.88937283, 0.96375019], [9.889374, 0.96374483], [9.88940524, 0.96364743], [9.88942156, 0.96357227], [9.88945285, 0.96347463], [9.88946912, 0.9633997], [9.88950047, 0.96330184], [9.88951667, 0.96322714], [9.88957107, 0.96305721], [9.88957125, 0.96305645], [9.88961963, 0.96291235], [9.88962621, 0.96288586], [9.88966782, 0.96276735], [9.88968153, 0.96271537], [9.88973733, 0.96256309], [9.88974216, 0.9625463], [9.88978618, 0.96243353], [9.88980366, 0.96237746], [9.88983424, 0.96230359], [9.88986464, 0.96221286], [9.88986569, 0.96220876], [9.88991283, 0.96207554], [9.88992294, 0.96203879], [9.88993744, 0.96199986], [9.88995412, 0.96192353], [9.88996274, 0.96186415], [9.88998228, 0.96178169], [9.88999745, 0.96168815], [9.89003041, 0.96155935], [9.890038, 0.96151371], [9.89006938, 0.96139332], [9.89007858, 0.96133928], [9.89010831, 0.96122727], [9.89011919, 0.96116486], [9.8901659, 0.96099207], [9.89020291, 0.96089229], [9.89022323, 0.96082212], [9.89024948, 0.96075485], [9.89028114, 0.96065231], [9.89029552, 0.96061719], [9.8903396, 0.96048266], [9.89034104, 0.96047931], [9.89039367, 0.96032742], [9.89039738, 0.96031283], [9.89044965, 0.96016333], [9.89045493, 0.96014293], [9.89050562, 0.95999923], [9.8905125, 0.95997304], [9.89054723, 0.95987542], [9.89057763, 0.95982092], [9.89059418, 0.95978633], [9.89064159, 0.95970551], [9.89067933, 0.95963075], [9.89070465, 0.95958969], [9.89076533, 0.9594757], [9.8907778, 0.95945646], [9.89085165, 0.95932087], [9.89085323, 0.95931849], [9.89093815, 0.95916616], [9.89097077, 0.95911812], [9.8910294, 0.95901449], [9.891055, 0.95897732], [9.89112071, 0.95886287], [9.89113054, 0.95884881], [9.89120121, 0.95873121], [9.89121156, 0.95871094], [9.89127253, 0.95861397], [9.89130208, 0.95855881], [9.89135415, 0.95847962], [9.8913931, 0.95840699], [9.89144449, 0.95832898], [9.89148411, 0.95825517], [9.89153483, 0.95817835], [9.8915718, 0.95810955], [9.8915746, 0.95810302], [9.89165245, 0.95795943], [9.89165809, 0.95794637], [9.89173308, 0.95780931], [9.8917416, 0.95778973], [9.89181887, 0.95764981], [9.89182616, 0.95763377], [9.89188996, 0.95752281], [9.89191116, 0.95747809], [9.89196057, 0.95739558], [9.89199663, 0.95732271], [9.89205507, 0.95722899], [9.89208585, 0.95716974], [9.89212651, 0.95710741], [9.89217568, 0.95701716], [9.89219729, 0.95698547], [9.89226614, 0.95686498], [9.89231184, 0.95680089], [9.89236198, 0.95671626], [9.89239221, 0.95667525], [9.89245819, 0.95656778], [9.8924722, 0.95654938], [9.89255477, 0.95641954], [9.89255839, 0.95641493], [9.89264772, 0.95627657], [9.89265069, 0.95627087], [9.89274769, 0.9561229], [9.89285963, 0.95598451], [9.89286071, 0.95598342], [9.89293711, 0.95589524], [9.89297354, 0.9558474], [9.89309554, 0.95571547], [9.89311086, 0.9557017], [9.89316755, 0.95564269], [9.89321191, 0.95557993], [9.89322532, 0.95556419], [9.89331552, 0.95543982], [9.89331712, 0.95543722], [9.89333919, 0.95540754], [9.89341236, 0.95528812], [9.89343513, 0.95525746], [9.89350761, 0.95513902], [9.89353108, 0.95510739], [9.89360286, 0.95498993], [9.89362703, 0.95495731], [9.89369811, 0.95484083], [9.8937579, 0.95476004], [9.89379831, 0.95469491], [9.89385012, 0.9546259], [9.8938986, 0.95454904], [9.89394226, 0.9544917], [9.89399897, 0.95440323], [9.89403432, 0.95435744], [9.89409942, 0.95425747], [9.89412631, 0.95422313], [9.89419995, 0.95411176], [9.89421821, 0.95408876], [9.89430057, 0.95396611], [9.8944121, 0.95382747], [9.89453653, 0.9536971], [9.89467385, 0.95357501], [9.89470718, 0.95354976], [9.89471414, 0.95353855], [9.89477158, 0.9534275], [9.89479963, 0.95338232], [9.89485667, 0.95327188], [9.89488511, 0.95322609], [9.89494177, 0.95311626], [9.89503518, 0.95296598], [9.89514053, 0.95282337], [9.89518698, 0.95276994], [9.89525224, 0.95268484], [9.89527321, 0.95266151], [9.89536451, 0.95254667], [9.89548682, 0.95241494], [9.89551443, 0.95238932], [9.89561292, 0.95228565], [9.89562099, 0.9522783], [9.89572806, 0.95216803], [9.89573842, 0.95215598], [9.89581829, 0.95207539], [9.89586226, 0.95202524], [9.89592782, 0.95196006], [9.89598625, 0.95189459], [9.89600245, 0.95187871], [9.89602716, 0.95186465], [9.89604534, 0.95185587], [9.89618269, 0.95177925], [9.89618506, 0.95177773], [9.89634317, 0.95169133], [9.89639225, 0.95166879], [9.8965029, 0.95160886], [9.89654285, 0.95159073], [9.89666263, 0.95152643], [9.89669341, 0.95151263], [9.89682239, 0.95144404], [9.89687749, 0.95141966], [9.89698394, 0.95136604], [9.89698828, 0.95136424], [9.8971003, 0.95131095], [9.89714499, 0.95128683], [9.89730848, 0.9512136], [9.89731098, 0.95121269], [9.89745105, 0.95115178], [9.89747221, 0.95114093], [9.89756171, 0.95110318], [9.89763524, 0.95106655], [9.8976992, 0.95104045], [9.89779839, 0.95099247], [9.89786506, 0.9509662], [9.89796239, 0.95092048], [9.89800367, 0.95090477], [9.89810568, 0.95085828], [9.89812594, 0.95084737], [9.89824795, 0.95079319], [9.8982885, 0.95077185], [9.89842369, 0.95071341], [9.89845208, 0.95069884], [9.89856429, 0.9506518], [9.89861578, 0.95062609], [9.89867421, 0.95060236], [9.89877873, 0.95055153], [9.89881455, 0.95053743], [9.89894178, 0.95047721], [9.89898495, 0.95046077], [9.89910578, 0.95040521], [9.89912509, 0.95039811], [9.89920896, 0.95036067], [9.899268, 0.95032886], [9.89936173, 0.95028755], [9.89942971, 0.95025127], [9.89946901, 0.95023417], [9.89958772, 0.9501739], [9.89959079, 0.9501721], [9.89970771, 0.95011578], [9.89975125, 0.95009145], [9.8997845, 0.9500763], [9.89991046, 0.95000773], [9.89992147, 0.95000287], [9.90005885, 0.94993007], [9.90006943, 0.94992343], [9.90022922, 0.94984111], [9.90025844, 0.9498291], [9.90038235, 0.94976832], [9.90039088, 0.9497634], [9.90050721, 0.94970921], [9.90055207, 0.94968451], [9.90069217, 0.94962268], [9.90071525, 0.94961052], [9.90082083, 0.94956633], [9.90087872, 0.94953722], [9.90094917, 0.94950931], [9.90104247, 0.9494646], [9.90113854, 0.9494287], [9.90120778, 0.94939581], [9.90129715, 0.94936279], [9.9013731, 0.94932705], [9.90145576, 0.94929685], [9.90153843, 0.94925832], [9.90157078, 0.94924663], [9.90170287, 0.9491874], [9.90170763, 0.94918576], [9.90184522, 0.94912647], [9.90186678, 0.94911518], [9.90198283, 0.94906721], [9.90203071, 0.94904301], [9.90219719, 0.94897708], [9.90220431, 0.94897498], [9.90234488, 0.94892167], [9.90236426, 0.94891259], [9.90248554, 0.94886859], [9.90253127, 0.94884797], [9.90253547, 0.94884651], [9.90259965, 0.94881243], [9.90268723, 0.94875629], [9.90284689, 0.94867366], [9.90301292, 0.94860664], [9.90309231, 0.94858296], [9.90318303, 0.94854959], [9.90320617, 0.94854344], [9.90332041, 0.94850534], [9.90335299, 0.94849219], [9.90342397, 0.94847086], [9.90352232, 0.94843324], [9.90355985, 0.94842267], [9.90369189, 0.94837487], [9.90369556, 0.9483739], [9.90386168, 0.94831705], [9.9038645, 0.94831636], [9.90401187, 0.94826791], [9.90403166, 0.94825969], [9.904104, 0.94823684], [9.90412654, 0.94822556], [9.90418318, 0.9481846], [9.9041915, 0.9481775], [9.90434137, 0.94807092], [9.90445457, 0.94800537], [9.90449638, 0.94797693], [9.90457304, 0.94793492], [9.90465177, 0.94788385], [9.90469084, 0.94786368], [9.90480756, 0.94779175], [9.90496907, 0.94771366], [9.90502908, 0.94769195], [9.90513374, 0.9476433], [9.90516877, 0.94763125], [9.90529857, 0.94757333], [9.90530828, 0.94757016], [9.90546356, 0.94750375], [9.9054945, 0.94749418], [9.90563011, 0.947438], [9.90564248, 0.94743432], [9.90579063, 0.94737489], [9.90579651, 0.94737188], [9.90594438, 0.94731449], [9.90596265, 0.94730512], [9.90611085, 0.94724756], [9.90612879, 0.94723836], [9.90627732, 0.94718063], [9.90629493, 0.9471716], [9.90636676, 0.94714366], [9.90645859, 0.94709879], [9.90649855, 0.94708418], [9.90662253, 0.94702663], [9.90663003, 0.94702406], [9.90676243, 0.94696581], [9.90678587, 0.94695302], [9.90695026, 0.94688467], [9.90695116, 0.94688419], [9.9071103, 0.94681868], [9.90711646, 0.94681537], [9.90727032, 0.94675266], [9.90728177, 0.94674657], [9.90743093, 0.94668638], [9.90744716, 0.94667797], [9.90758014, 0.94662596], [9.90761262, 0.94660955], [9.90772928, 0.94656536], [9.90777815, 0.94654131], [9.90790342, 0.94649539], [9.90794486, 0.94647594], [9.90804162, 0.94644246], [9.90811179, 0.94641111], [9.90817962, 0.946389], [9.90827893, 0.9463468], [9.90831743, 0.94633501], [9.90844628, 0.94628301], [9.90847374, 0.94627513], [9.90861418, 0.94622054], [9.90862065, 0.94621877], [9.90876797, 0.94616363], [9.90878165, 0.94615704], [9.90891544, 0.94610887], [9.908949, 0.94609324], [9.90906281, 0.94605385], [9.90911645, 0.9460297], [9.90928674, 0.94597309], [9.90929482, 0.94597128], [9.90945754, 0.94591804], [9.90945765, 0.945918], [9.90962045, 0.94586557], [9.90962827, 0.94586222], [9.90978335, 0.94581304], [9.90979892, 0.94580648], [9.90994623, 0.94576047], [9.90996958, 0.94575078], [9.91006691, 0.94572084], [9.91013906, 0.9456922], [9.91020935, 0.9456717], [9.9103087, 0.94563402], [9.91035168, 0.94562215], [9.91047851, 0.94557623], [9.91049389, 0.94557221], [9.91054495, 0.94555457], [9.91064582, 0.94551235], [9.91066013, 0.94550785], [9.91077606, 0.94546311], [9.91078238, 0.9454602], [9.91081135, 0.94544408], [9.91091707, 0.94539737], [9.91097334, 0.94536718], [9.91106063, 0.94533029], [9.91113591, 0.94529169], [9.91118962, 0.94527022], [9.91129876, 0.94521686], [9.91130969, 0.94521274], [9.91144665, 0.94514824], [9.91146082, 0.94514012], [9.91162405, 0.94506622], [9.91165196, 0.94505668], [9.91178888, 0.94499627], [9.91179978, 0.94499266], [9.91195378, 0.94492648], [9.91195502, 0.94492608], [9.91207169, 0.94487989], [9.91211896, 0.94485737], [9.91218782, 0.94483238], [9.91228469, 0.94478961], [9.91235701, 0.9447657], [9.91245211, 0.94472597], [9.91248957, 0.9447144], [9.9126198, 0.94466302], [9.91262189, 0.94466242], [9.91267419, 0.94464297], [9.91278431, 0.94459226], [9.91280339, 0.9445856], [9.91293297, 0.94452907], [9.91294854, 0.94452082], [9.91311407, 0.94445257], [9.91328615, 0.94440035], [9.9134523, 0.94436667], [9.91346436, 0.94436314], [9.91361694, 0.94433331], [9.91364263, 0.94432606], [9.91378159, 0.94429982], [9.91382094, 0.94428908], [9.91390903, 0.944273], [9.91394623, 0.94426621], [9.91399929, 0.94425221], [9.91411087, 0.94423249], [9.91417768, 0.94421542], [9.91418509, 0.94421415], [9.91427589, 0.94422002], [9.91436001, 0.94421918], [9.9144207, 0.94422339], [9.91444121, 0.94422482], [9.91453519, 0.94422427], [9.91457775, 0.94422743], [9.91471385, 0.94418336], [9.91489258, 0.94414168], [9.91507005, 0.94411659], [9.91524626, 0.94410811], [9.91540883, 0.94411564], [9.9154213, 0.94411506], [9.91558035, 0.94412274], [9.91559634, 0.94412202], [9.91575186, 0.94412984], [9.91577137, 0.94412898], [9.91592338, 0.94413693], [9.91594641, 0.94413595], [9.9160949, 0.94414402], [9.91612145, 0.94414292], [9.91626642, 0.9441511], [9.91629648, 0.9441499], [9.91643794, 0.94415817], [9.91647152, 0.94415688], [9.91660945, 0.94416525], [9.91664656, 0.94416387], [9.91678097, 0.94417231], [9.91682159, 0.94417086], [9.91695249, 0.94417937], [9.91699662, 0.94417786], [9.91712401, 0.94418642], [9.91717166, 0.94418487], [9.91729552, 0.94419347], [9.91734669, 0.94419188], [9.91746704, 0.94420051], [9.91752173, 0.94419889], [9.91759985, 0.94420468], [9.91769776, 0.94419269], [9.91771919, 0.94419235], [9.91787469, 0.94417472], [9.91788035, 0.9441747], [9.91804178, 0.94415797], [9.91805169, 0.94415588], [9.91820335, 0.94414175], [9.91822872, 0.94413657], [9.91834396, 0.94412714], [9.91840589, 0.94411538], [9.91849601, 0.9441098], [9.91858303, 0.94409463], [9.91864792, 0.94409201], [9.91876013, 0.94407436], [9.91879966, 0.9440737], [9.91893719, 0.94405466], [9.91895122, 0.9440548], [9.9191031, 0.94403692], [9.91911224, 0.94403459], [9.91911435, 0.94403367], [9.91929342, 0.94398751], [9.91929399, 0.94398747], [9.91947252, 0.94394093], [9.91947599, 0.94394073], [9.91961743, 0.94390331], [9.91965295, 0.94387677], [9.91970332, 0.94385528], [9.91976177, 0.94381555], [9.91991923, 0.94380155], [9.92008257, 0.94379675], [9.91994202, 0.94353771], [9.91400695, 0.94308746], [9.89511168, 0.95080745], [9.88956761, 0.95944262], [9.88693345, 0.96929932], [9.88613117, 0.97753036], [9.88500726, 0.98021984], [9.88061476, 0.98581386], [9.88005614, 0.98636687], [9.86997414, 0.99120712], [9.85979235, 0.99338496], [9.84926522, 1.00009406], [9.84375, 1.00223207], [9.83663917, 1.00119126], [9.83036017, 1.00383294], [9.82018673, 1.00299406], [9.81694186, 1.00181615], [9.81150126, 0.99696064], [9.79417586, 0.99700117], [9.79408562, 0.99397731], [9.79109681, 0.99397278], [9.78518236, 0.99059677], [9.78406966, 0.98779833], [9.78421617, 0.9815042], [9.78136885, 0.98076224], [9.78285027, 0.99048233], [9.7819581, 1.01578593], [9.77327812, 1.03129876], [9.75533772, 1.05077124], [9.75443864, 1.05169463], [9.75055802, 1.0546875], [9.75027895, 1.0546875], [9.74433136, 1.05992508], [9.73527646, 1.05611205], [9.71735477, 1.0546875], [9.71658897, 1.04954791], [9.71389711, 1.04653323], [9.71327674, 1.04364884], [9.72396398, 1.04450548], [9.72566688, 1.04247034], [9.72554255, 1.04172206], [9.72503734, 1.04043746], [9.72437525, 1.03987765], [9.72247708, 1.03885865], [9.72200358, 1.03885496], [9.71964681, 1.03948808], [9.71964562, 1.03992331], [9.72051263, 1.04078925], [9.72381985, 1.04174793], [9.72382331, 1.04349697], [9.72347105, 1.04359961], [9.72108495, 1.04363024], [9.71691596, 1.04161584], [9.71258247, 1.04340386], [9.71284246, 1.05315065], [9.71149552, 1.0546875], [9.70926344, 1.0546875], [9.70396197, 1.0546875], [9.69746673, 1.05433083], [9.68987155, 1.05217636], [9.68479145, 1.05236352], [9.67579257, 1.05362821], [9.67057323, 1.05829382], [9.66532004, 1.05963337], [9.66448867, 1.05939531], [9.66268444, 1.05812001], [9.66155815, 1.05619895], [9.66155136, 1.0546875], [9.66117644, 1.04425275], [9.65963507, 1.03863716], [9.66006911, 1.03381944], [9.65717375, 1.02777958], [9.65703046, 1.02282858], [9.65649903, 1.02139545], [9.65497565, 1.02003038], [9.65002036, 1.02171886], [9.64442074, 1.01764297], [9.63330305, 1.01444447], [9.62536645, 1.00982785], [9.62333786, 1.01371646], [9.61517632, 1.01168036], [9.60953724, 1.01500487], [9.60921454, 1.01500034], [9.60694814, 1.01424801], [9.60519135, 1.00997675], [9.60139668, 1.0073055], [9.59522235, 1.00689661], [9.5922631, 1.00810444], [9.59028816, 1.01095653], [9.58997655, 1.01104105], [9.58886814, 1.01057065], [9.58231318, 1.00621498], [9.58201826, 1.00594151], [9.57493246, 0.99729574], [9.57375264, 0.99400651], [9.57440971, 0.99270475], [9.57465816, 0.99221253], [9.57008171, 0.9849447], [9.56578577, 0.96998203], [9.565521, 0.96945906], [9.55958974, 0.96103954], [9.55733788, 0.95991766], [9.5574038, 0.95797014], [9.55303657, 0.95511794], [9.55232561, 0.94849861], [9.55105495, 0.94683635], [9.55162001, 0.93774438], [9.55590224, 0.93292427], [9.56212544, 0.92304242], [9.56692755, 0.92086518], [9.56860888, 0.91725481], [9.56966794, 0.91033506], [9.56873727, 0.89886141], [9.56879592, 0.89776385], [9.56950593, 0.89268971], [9.57163274, 0.88738656], [9.57366073, 0.87890625], [9.57642424, 0.86642694], [9.57818663, 0.85065687], [9.58022094, 0.84472835], [9.58140206, 0.83627152], [9.58152306, 0.83587718], [9.58528125, 0.8266381], [9.58624041, 0.82529664], [9.58795726, 0.82534647], [9.58904815, 0.82354605], [9.59104764, 0.82281804], [9.593979, 0.81850827], [9.60052347, 0.80114484], [9.60101783, 0.79662025], [9.60260773, 0.7944715], [9.60170186, 0.78893256], [9.60334182, 0.78533041], [9.60298407, 0.78322315], [9.60466397, 0.78252292], [9.60523295, 0.78028548], [9.60721576, 0.77865374], [9.60681498, 0.77636385], [9.60926402, 0.77498496], [9.61015522, 0.77248907], [9.60850382, 0.76971161], [9.60915363, 0.76624441], [9.61420572, 0.75215757], [9.61711538, 0.73600054], [9.61713564, 0.73104966], [9.61487591, 0.72380686], [9.6139172, 0.71575268], [9.61353064, 0.7125051], [9.61060262, 0.70828521], [9.61041427, 0.70781004], [9.61002648, 0.70556235], [9.61049104, 0.703125], [9.61224246, 0.69965112], [9.61262691, 0.69592643], [9.61112785, 0.69178915], [9.61169815, 0.68202364], [9.61444044, 0.67689764], [9.61304188, 0.67545831], [9.61009872, 0.66424215], [9.60971618, 0.65139365], [9.61102045, 0.64885604], [9.60999978, 0.64123416], [9.61035645, 0.63344526], [9.60631776, 0.62224722], [9.60553133, 0.61712801], [9.60900545, 0.61004293], [9.60933483, 0.6096791], [9.61053133, 0.60937643], [9.61345136, 0.60970497], [9.61395061, 0.60986245], [9.61653483, 0.61162317], [9.61787605, 0.6118139], [9.61861563, 0.61169565], [9.62254083, 0.60855317], [9.61959577, 0.60892165], [9.61727917, 0.61136174], [9.61307895, 0.60822785], [9.61305058, 0.6058495], [9.61303174, 0.60426581], [9.61905324, 0.58834183], [9.61763167, 0.58272994], [9.61796236, 0.57692266], [9.61796737, 0.57691085], [9.62039065, 0.57363451], [9.62678885, 0.57418954], [9.6279515, 0.57371593], [9.62892866, 0.5728904], [9.62997937, 0.57072937], [9.62997782, 0.56962836], [9.62807465, 0.56596637], [9.62882316, 0.55815864], [9.63668633, 0.5565536], [9.62978983, 0.55671501], [9.62754095, 0.55860114], [9.62698245, 0.56484067], [9.62883377, 0.56921887], [9.62883365, 0.56973135], [9.62789392, 0.57168758], [9.62597644, 0.57282364], [9.62013006, 0.57162631], [9.61978483, 0.57135272], [9.61868167, 0.56835127], [9.61701894, 0.56708085], [9.61663628, 0.56678641], [9.61586452, 0.56376982], [9.61598563, 0.54944384], [9.61482048, 0.54508626], [9.61628318, 0.54149616], [9.61281705, 0.53772497], [9.61263335, 0.53710794], [9.61252046, 0.53239965], [9.61262166, 0.5318526], [9.61380053, 0.52927935], [9.61021197, 0.52734375], [9.60993302, 0.52734375], [9.60774112, 0.51904881], [9.60784686, 0.51877546], [9.62163341, 0.50733972], [9.62836492, 0.49320126], [9.6385349, 0.48955595], [9.65109861, 0.47925484], [9.66152406, 0.46214235], [9.66475725, 0.45481658], [9.66669023, 0.45305896], [9.66718352, 0.45287025], [9.66972685, 0.45288062], [9.67222583, 0.45435464], [9.67251801, 0.45455015], [9.67440104, 0.45805263], [9.67357695, 0.46883905], [9.67499673, 0.47646701], [9.67703664, 0.47848594], [9.68314922, 0.48124742], [9.68936062, 0.48047245], [9.68966103, 0.48011887], [9.69002247, 0.47921121], [9.68983436, 0.47855568], [9.68797612, 0.47799754], [9.68513513, 0.47989571], [9.68211663, 0.48001325], [9.67525554, 0.47504961], [9.67445576, 0.46718371], [9.67575264, 0.45885456], [9.67307508, 0.45377803], [9.67430246, 0.44652116], [9.67231643, 0.44442785], [9.66684544, 0.44226956], [9.66577625, 0.44070315], [9.66701424, 0.43872285], [9.67687118, 0.43528855], [9.67634714, 0.43422627], [9.66796422, 0.43644834], [9.66755736, 0.43658304], [9.66488421, 0.43936098], [9.66527033, 0.44225585], [9.67329872, 0.44656265], [9.67341626, 0.44931924], [9.67107976, 0.45102143], [9.66480052, 0.45138085], [9.66070461, 0.45792556], [9.65493727, 0.46323371], [9.64950776, 0.47536504], [9.64237726, 0.48025835], [9.64076924, 0.48252344], [9.63238525, 0.48604596], [9.62298608, 0.49554348], [9.61882961, 0.5026139], [9.61403012, 0.50685656], [9.59560323, 0.5162214], [9.59184337, 0.51213563], [9.58851075, 0.50196505], [9.59182525, 0.49503374], [9.58999765, 0.48955584], [9.59069777, 0.4828763], [9.59663916, 0.47620535], [9.60788083, 0.45581484], [9.61239624, 0.45086765], [9.61392868, 0.44985926], [9.62842095, 0.44941127], [9.63290656, 0.44750655], [9.63567805, 0.44454515], [9.63945091, 0.43736041], [9.64194906, 0.42958355], [9.63676155, 0.42244303], [9.63550246, 0.41783285], [9.63701487, 0.41662312], [9.64529514, 0.41487002], [9.64671636, 0.41338325], [9.64868534, 0.40974045], [9.64733791, 0.40454388], [9.64757538, 0.40075862], [9.64635468, 0.40092731], [9.64551175, 0.40276575], [9.6475172, 0.40952802], [9.64592564, 0.4130249], [9.64071286, 0.41514897], [9.63685775, 0.41520858], [9.63426316, 0.41690695], [9.63508773, 0.42144418], [9.64016676, 0.42824101], [9.64066672, 0.43086863], [9.63395846, 0.44469976], [9.63176131, 0.44639802], [9.62393475, 0.44837451], [9.61426663, 0.44785321], [9.60870647, 0.45044518], [9.59857321, 0.46759248], [9.59255087, 0.47071874], [9.58556342, 0.47661161], [9.58326995, 0.47650754], [9.57747412, 0.47288501], [9.57213211, 0.46327925], [9.56308246, 0.45658815], [9.56184292, 0.45378411], [9.55975604, 0.45277703], [9.55649388, 0.44602191], [9.55864084, 0.45299995], [9.56347644, 0.45898426], [9.5711112, 0.46413636], [9.57847094, 0.47699118], [9.578933, 0.47816396], [9.57916713, 0.47961652], [9.57631028, 0.48725188], [9.57843316, 0.49426365], [9.57477558, 0.49941206], [9.57129073, 0.50022852], [9.56825137, 0.49838448], [9.56789732, 0.49838698], [9.56395173, 0.50002706], [9.54741704, 0.49575186], [9.54618382, 0.49533474], [9.54419374, 0.49385905], [9.54403198, 0.4874891], [9.54267228, 0.48373175], [9.53743684, 0.48183465], [9.53738844, 0.4822824], [9.53865087, 0.48355234], [9.54138422, 0.48385012], [9.54237676, 0.48484755], [9.54293716, 0.48590982], [9.54302287, 0.49301314], [9.54317963, 0.49378037], [9.54477966, 0.49606431], [9.55881667, 0.49977291], [9.56157613, 0.5030303], [9.56205916, 0.50331354], [9.56520891, 0.50339377], [9.56664264, 0.50507307], [9.56719387, 0.50712383], [9.56719351, 0.51007235], [9.56676757, 0.51105404], [9.56650114, 0.51140654], [9.56481612, 0.51161528], [9.56457674, 0.51230836], [9.56496894, 0.51821268], [9.56085527, 0.52692294], [9.56082594, 0.52734375], [9.56061578, 0.53085828], [9.56060886, 0.53135514], [9.56252944, 0.53691721], [9.56774735, 0.54309535], [9.56786466, 0.54338086], [9.56972468, 0.5523591], [9.56963754, 0.55487895], [9.56340063, 0.58018625], [9.56258237, 0.58311021], [9.56004858, 0.58442676], [9.55827355, 0.59509873], [9.5568279, 0.59691107], [9.55286121, 0.5967803], [9.55175555, 0.59649444], [9.54772615, 0.59164155], [9.54721725, 0.58602452], [9.54344785, 0.57666135], [9.54080176, 0.56578076], [9.54281926, 0.56136584], [9.55060661, 0.55424845], [9.55019343, 0.54980695], [9.54896748, 0.54854906], [9.54465592, 0.54864323], [9.54374361, 0.54612613], [9.54137015, 0.54530156], [9.54295397, 0.5470227], [9.54327321, 0.54954004], [9.548702, 0.54967964], [9.55015683, 0.55269563], [9.54829025, 0.55574644], [9.53959393, 0.56117511], [9.52464736, 0.55493593], [9.52319038, 0.55271065], [9.52152765, 0.54447174], [9.51787662, 0.53960896], [9.51782656, 0.53166962], [9.51367176, 0.52734375], [9.51339281, 0.52734375], [9.51247644, 0.52558231], [9.51205874, 0.52219462], [9.51218963, 0.52156186], [9.51481736, 0.51518571], [9.51008296, 0.51344836], [9.50965261, 0.51351845], [9.50895643, 0.51491952], [9.51149344, 0.51466358], [9.51305175, 0.51699042], [9.51095176, 0.5231595], [9.51107144, 0.52412498], [9.51227665, 0.52734375], [9.51255584, 0.52734375], [9.51643205, 0.53097832], [9.51692474, 0.53979063], [9.52173471, 0.5470134], [9.52234757, 0.55435395], [9.52498806, 0.55806363], [9.53024292, 0.56073153], [9.53063691, 0.56681538], [9.52847886, 0.56863415], [9.52838135, 0.56896591], [9.52895296, 0.57297456], [9.52881742, 0.57352042], [9.52789175, 0.57544065], [9.52769852, 0.57562888], [9.52368474, 0.57826054], [9.52328002, 0.57847023], [9.51829004, 0.57931864], [9.51581585, 0.5775367], [9.51474035, 0.57208085], [9.50816226, 0.56376684], [9.50986147, 0.56792295], [9.51420081, 0.57354331], [9.51387405, 0.57876015], [9.50513375, 0.58329141], [9.49770057, 0.59273875], [9.49330103, 0.59534693], [9.4921875, 0.59542406], [9.48986781, 0.59455466], [9.47894144, 0.58828974], [9.47538364, 0.58373022], [9.46861064, 0.58357215], [9.46075284, 0.58618796], [9.46015155, 0.58603167], [9.45436275, 0.58284175], [9.44661164, 0.57446885], [9.44567895, 0.57260263], [9.4450494, 0.56935775], [9.44667911, 0.55746782], [9.44637597, 0.54699731], [9.446226, 0.54608262], [9.44509101, 0.54311216], [9.44091272, 0.53703153], [9.44077635, 0.53662193], [9.44004238, 0.53045273], [9.44029021, 0.52734375], [9.44056904, 0.52734375], [9.44007635, 0.52032447], [9.44165575, 0.51235914], [9.44102836, 0.50906694], [9.4442631, 0.50309074], [9.44448316, 0.50019991], [9.4479717, 0.49527085], [9.45023894, 0.48637366], [9.44993484, 0.48620462], [9.44933641, 0.48655927], [9.44612956, 0.49552977], [9.444296, 0.49744761], [9.44124281, 0.49848402], [9.44148254, 0.50087261], [9.43892455, 0.5091629], [9.43777895, 0.52734375], [9.43805802, 0.52734375], [9.43893182, 0.54082942], [9.44198978, 0.54262161], [9.44444561, 0.54707432], [9.44404554, 0.55931807], [9.44189656, 0.56330323], [9.44255245, 0.57347834], [9.44645572, 0.58073771], [9.44955933, 0.58342874], [9.45387626, 0.58981144], [9.45857537, 0.59260535], [9.46050954, 0.59305632], [9.47449863, 0.59199512], [9.47496581, 0.59211254], [9.48572385, 0.59890962], [9.49176896, 0.60044634], [9.4921875, 0.60044634], [9.49260604, 0.60072541], [9.49734497, 0.60063612], [9.50124013, 0.59957325], [9.50823414, 0.59601522], [9.51102054, 0.59595275], [9.52186024, 0.58978117], [9.53278124, 0.5902909], [9.53321695, 0.59056234], [9.53596342, 0.60088861], [9.53692865, 0.60951042], [9.53702712, 0.61003375], [9.53678334, 0.61241686], [9.53431904, 0.61676896], [9.53480184, 0.62430441], [9.5331403, 0.62879574], [9.53027105, 0.63543284], [9.52878737, 0.63652551], [9.52787244, 0.64019275], [9.5223695, 0.64378667], [9.52233565, 0.64643455], [9.52364743, 0.64803112], [9.52194846, 0.64930582], [9.51946843, 0.65331113], [9.51690126, 0.65990734], [9.51662815, 0.660308], [9.51404834, 0.66350567], [9.50908756, 0.66376925], [9.504197, 0.66674483], [9.49902832, 0.66862285], [9.49682546, 0.66862667], [9.49542046, 0.66762936], [9.49528074, 0.66735065], [9.49545825, 0.66460025], [9.4921875, 0.66489947], [9.48980534, 0.66498601], [9.47976875, 0.65924144], [9.47612512, 0.65872812], [9.47250795, 0.65568483], [9.46810234, 0.654917], [9.46587765, 0.65599728], [9.46170855, 0.64686036], [9.45148802, 0.64716935], [9.44767225, 0.64147592], [9.44385195, 0.64037585], [9.44034696, 0.64145625], [9.43492484, 0.64041805], [9.42163122, 0.64131653], [9.41325867, 0.64473402], [9.4104681, 0.64422393], [9.40582788, 0.6457901], [9.40020311, 0.64527261], [9.3930583, 0.63423932], [9.38233185, 0.6244719], [9.37820542, 0.62136364], [9.36806595, 0.61831045], [9.35611641, 0.61835945], [9.35314906, 0.61923003], [9.34848666, 0.6233083], [9.34568584, 0.61957526], [9.33706093, 0.61693835], [9.33077657, 0.61768866], [9.327214, 0.61983812], [9.32582501, 0.61963491], [9.32395387, 0.61936116], [9.32321465, 0.61902285], [9.31972837, 0.61554921], [9.31689465, 0.61127412], [9.31745398, 0.60760105], [9.31630957, 0.60294652], [9.30984926, 0.59709823], [9.30784404, 0.59325647], [9.30782986, 0.5853343], [9.30878794, 0.58200514], [9.30754936, 0.57183266], [9.30781531, 0.56261885], [9.30907857, 0.55812228], [9.30750906, 0.55420041], [9.30756474, 0.55040336], [9.30893111, 0.54022145], [9.31025946, 0.53777587], [9.31047893, 0.52956581], [9.30998886, 0.52734375], [9.30784488, 0.52330995], [9.30779183, 0.51646495], [9.31367908, 0.51055336], [9.31877875, 0.50543261], [9.32199931, 0.50930262], [9.33034003, 0.51331162], [9.33057594, 0.51723433], [9.33078504, 0.51775086], [9.33263576, 0.52022135], [9.33384633, 0.52089775], [9.33567846, 0.52140462], [9.34441936, 0.52117574], [9.35239053, 0.51847637], [9.35319316, 0.51808775], [9.3644917, 0.51147294], [9.36841154, 0.50850356], [9.37573636, 0.50181377], [9.38270616, 0.49429905], [9.39003551, 0.48228204], [9.39110446, 0.4780122], [9.39389014, 0.47377992], [9.39911807, 0.46899617], [9.41151297, 0.44944596], [9.41800737, 0.43002474], [9.42111206, 0.42564225], [9.42402184, 0.41614687], [9.42668915, 0.41344631], [9.42860103, 0.40862298], [9.43347084, 0.40339971], [9.43243277, 0.40138781], [9.43292308, 0.39966524], [9.4340713, 0.39936936], [9.43538487, 0.40091574], [9.43764555, 0.39973652], [9.44382036, 0.38508785], [9.45197344, 0.37821376], [9.45782244, 0.3670336], [9.46054685, 0.36636436], [9.46675932, 0.36084604], [9.46925223, 0.35818207], [9.47222495, 0.35317314], [9.47209823, 0.3515625], [9.47237706, 0.3515625], [9.47241735, 0.34495163], [9.4740411, 0.34144163], [9.47246826, 0.33995223], [9.47238004, 0.33820021], [9.47569811, 0.33575392], [9.4809885, 0.32606697], [9.48317122, 0.31789565], [9.48704934, 0.31574225], [9.48793757, 0.31404352], [9.48807836, 0.31375003], [9.48976886, 0.30348647], [9.49008274, 0.30235195], [9.490685188019723, 0.3006936150509378], [9.51651227638201, 0.314816685433166], [9.520500059853527, 0.31671920490586747], [9.524673345494168, 0.3181703025322644], [9.525202848931874, 0.3183222061475625], [9.527181325769579, 0.3223422900629142], [9.53016402576958, 0.3276207900629142], [9.532550972813977, 0.33134735777460944], [9.53533497555042, 0.3347874379867685], [9.538481956353213, 0.33789892234788266], [9.541162849406428, 0.3402711019149253], [9.541526632799746, 0.34063224394423874], [9.541521615789613, 0.34065107094318137], [9.540687976004623, 0.3424974959268832], [9.539250191008325, 0.34615011812927277], [9.538177348922753, 0.3499260795311406], [9.537479781803667, 0.35378901556003606], [9.537164207603752, 0.3577017240303055], [9.537233665475062, 0.36162652342047596], [9.53768748650033, 0.3655256157669067], [9.538521300134997, 0.3693614506788408], [9.539727076297954, 0.3730970869691957], [9.541293202705605, 0.3766965484183888], [9.543204596704514, 0.3801251702449985], [9.545442850525598, 0.3833499329465593], [9.547986408561004, 0.38633978029542043], [9.550810774956402, 0.38906591842719573], [9.553888749519446, 0.3915020931414174], [9.557190689672506, 0.39362484274383885], [9.560684795926882, 0.39541372399537594], [9.564337418129272, 0.3968515089916743], [9.56811337953114, 0.39792435107724644], [9.571976315560036, 0.398621918196333], [9.575889024030305, 0.3989374923962484], [9.579813823420475, 0.3988680345249369], [9.583712915766906, 0.3984142134996689], [9.58754875067884, 0.3975803998650013], [9.591284386969194, 0.3963746237020451], [9.594883848418387, 0.39480849729439377], [9.598312470244998, 0.3928971032954848], [9.601537232946558, 0.3906588494744018], [9.60452708029542, 0.3881152914389959], [9.607253218427195, 0.3852909250435984], [9.609689393141416, 0.3822129504805526], [9.611812142743839, 0.3789110103274927], [9.613601023995376, 0.37541690407311673], [9.614749023995376, 0.3728742040731168], [9.615072836830787, 0.37213731217256774], [9.616274436830787, 0.36932641217256773], [9.61721674798272, 0.36679611997455563], [9.617706987436991, 0.36577655268358633], [9.618945061922316, 0.3624912750138448], [9.619424705188907, 0.36077554655464855], [9.620796724358815, 0.35740204640539575], [9.621957923745835, 0.35339183262910673], [9.622694807567656, 0.349282428684361], [9.622999348304704, 0.3451186019003276], [9.623036748304704, 0.3433207019003276], [9.622948315213042, 0.33970359668591593], [9.622852021761803, 0.33886943895325017], [9.622844945655805, 0.3356680960714896], [9.62271867892455, 0.3333835242813771], [9.622772158443624, 0.3314898416618322], [9.622560666116794, 0.3279684804189124], [9.622260266116793, 0.3250931804189124], [9.622062755107924, 0.3235092029585554], [9.621440455107924, 0.3192178029585554], [9.620730140221983, 0.3155409500122927], [9.619679085334674, 0.3119466380545608], [9.618296502807304, 0.3084663707687563], [9.61659451079843, 0.3051306522513507], [9.61458802704976, 0.3019687196473967], [9.612294638134047, 0.29900828689070064], [9.60973444531105, 0.2962753017947467], [9.607807017281873, 0.2944018304439821], [9.607380964045907, 0.29391612935785866], [9.60573707764327, 0.29183801699315937], [9.603668185308278, 0.28942608557308364], [9.601414363263165, 0.28718599297278846], [9.601220020897774, 0.2870076081202541], [9.601126610625913, 0.2860151101308672], [9.600624252559172, 0.28242783088756107], [9.59979943393836, 0.2789007059621526], [9.598658918758685, 0.2754626598423912], [9.597607518758686, 0.2727161598423912], [9.595969657089219, 0.2690113723671672], [9.594504683969596, 0.26643826149293076], [9.59609282, 0.26434398], [9.5968641, 0.26379454], [9.60648596, 0.25909054], [9.60892892, 0.25607133], [9.61685061, 0.25513256], [9.62002897, 0.25335336], [9.62211525, 0.25032616], [9.62898648, 0.24800158], [9.63040924, 0.24557257], [9.63919115, 0.23840702], [9.64272916, 0.23401153], [9.65308106, 0.23654962], [9.65316594, 0.23660874], [9.65789485, 0.23986316], [9.66229618, 0.24554634], [9.66501033, 0.24552786], [9.66872275, 0.24302626], [9.66922271, 0.24569488], [9.66679251, 0.24906671], [9.66713703, 0.24906886], [9.66765845, 0.24868524], [9.66959536, 0.24594235], [9.67041993, 0.24392235], [9.67002571, 0.24274814], [9.6696341, 0.24235475], [9.66858244, 0.2420938], [9.66815758, 0.24218714], [9.66524756, 0.24424148], [9.66247582, 0.24409044], [9.66090727, 0.24293447], [9.65984797, 0.24007285], [9.65436578, 0.23593676], [9.65404916, 0.23563075], [9.65743935, 0.23231626], [9.66280305, 0.22179115], [9.66674554, 0.21823502], [9.67211986, 0.21716547], [9.67860115, 0.21181464], [9.67945564, 0.21143055], [9.68200004, 0.21192765], [9.68515515, 0.21294212], [9.69064021, 0.21632016], [9.69136274, 0.21447003], [9.6946491, 0.217893], [9.70978403, 0.2236886], [9.71413827, 0.23093545], [9.71982586, 0.24707007], [9.72538137, 0.25626242], [9.72795761, 0.26576436], [9.72937334, 0.26711023], [9.72670293, 0.25352693], [9.72422123, 0.25248253], [9.71702242, 0.22903466], [9.71086025, 0.21922708], [9.71199644, 0.21149302], [9.71402967, 0.20639575], [9.715109526604254, 0.20511734743935253], [9.71653423421523, 0.20589274258235657], [9.720149409748213, 0.2074222459379238], [9.723897094767914, 0.20859003514924576], [9.7277411970189, 0.20938486376783896], [9.731644695695094, 0.2097990771596088], [9.735569997970375, 0.20982868622316048], [9.739479301038044, 0.209473405807026], [9.743334956172514, 0.2087366574558288], [9.746997367227008, 0.2078485752766725], [9.761351184534917, 0.20443600267344275], [9.763353207364368, 0.20390490662515703], [9.785846108940792, 0.19731012970403716], [9.794744919804195, 0.19512529463135284], [9.797474914196487, 0.1953568055098272], [9.79111445, 0.19878316], [9.78937066, 0.20101154], [9.7891252, 0.20267355], [9.78925264, 0.20332301], [9.79023576, 0.20461524], [9.79204321, 0.20526922], [9.80997491, 0.20363152], [9.81439555, 0.20427227], [9.81604493, 0.20779777], [9.81255591, 0.21698213], [9.81292355, 0.21849573], [9.81524205, 0.215801], [9.81761634, 0.20958853], [9.81749761, 0.20650434], [9.81517303, 0.20315611], [9.79277456, 0.20336831], [9.79090536, 0.20145476], [9.79366446, 0.19899726], [9.80106866, 0.19583595], [9.801287419437696, 0.19566954670433184], [9.81190563928335, 0.19641960357513855], [9.828600882702755, 0.19922058759415875], [9.838381654706176, 0.20111785477705835], [9.847687762938806, 0.20347795965438953], [9.848025667063931, 0.20356209119374916], [9.859756817725357, 0.20642874894563745], [9.875911706702924, 0.21750160686837972], [9.879577337717077, 0.2197348870721697], [9.883461169513419, 0.22156251990681353], [9.89456006951342, 0.22607491990681355], [9.897827070190653, 0.22724079833031707], [9.901182796225042, 0.22811924508770445], [9.904602011369878, 0.22870365394865144], [9.908059001917891, 0.22898962995181704], [9.913671201917891, 0.22920952995181704], [9.918629347722836, 0.22909611564932353], [9.932530547722838, 0.22791301564932354], [9.936614751316398, 0.2273522099534543], [9.940619542065575, 0.22637401105880706], [9.944502381027906, 0.22498880940750468], [9.948222024634493, 0.22321131863055282], [9.958574024634492, 0.21759171863055282], [9.961484690337741, 0.21584791142199794], [9.964237096316326, 0.21386369879585776], [9.96681143756694, 0.2116533582017259], [9.96745603914899, 0.21105056503860428], [9.978940340939108, 0.21209583941042173], [9.982750000077802, 0.21262848296014505], [9.990793339363622, 0.2190908860602356], [9.994733549095002, 0.22278516397032755], [9.99790559157157, 0.22546386201502366], [10.001338206818637, 0.2277993339701955], [10.002446206818638, 0.2284718339701955], [10.005969857272012, 0.23037594500087857], [10.009666263779124, 0.23191812860503036], [10.013498365818712, 0.23308292270396958], [10.014785865818713, 0.23340482270396956], [10.018887230636722, 0.23420525135253487], [10.023049720429182, 0.234573433535027], [10.025359320429182, 0.234656533535027], [10.029790372322639, 0.23457028429867963], [10.034184684831182, 0.23399436990354114], [10.037024884831181, 0.23346066990354114], [10.040042919253539, 0.2327716658793783], [10.042998631834863, 0.2318513281932774], [10.046053031834862, 0.23076892819327738], [10.049590366997974, 0.22932167135527082], [10.052973429369487, 0.2275434190104717], [10.056171333086088, 0.2254504058163682], [10.063202033086087, 0.22035300581636819], [10.065487872955845, 0.21856573265608517], [10.069496220611313, 0.21519038429563328], [10.073760620060368, 0.21260912760854386], [10.075172145086048, 0.2122546945879914], [10.07740924551493, 0.21191097831835745], [10.077627807948705, 0.2120533755140464], [10.078608136198367, 0.21274672102849107], [10.079271344291636, 0.2131241677915862], [10.079910711171776, 0.21354072634273302], [10.080976166105325, 0.21409442053995], [10.082019733551103, 0.21468833843461793], [10.085300333551103, 0.21634783843461794], [10.090028770919329, 0.21836928996042482], [10.096047470919329, 0.22049608996042483], [10.096641489617102, 0.22066956331572787], [10.09742478017294, 0.22287008854916238], [10.09900639805618, 0.22667927926630319], [10.100971860169976, 0.23030535258704046], [10.103300269415202, 0.23370975553541135], [10.105966869782335, 0.2368562919693561], [10.1089433095612, 0.2397115074237346], [10.11219794278077, 0.2422450448034071], [10.113629242780771, 0.2432451448034071], [10.117048314521181, 0.24538601630939916], [10.12066563252629, 0.2471716234389641], [10.124444405546686, 0.24858380502486177], [10.127216691704412, 0.2493116522362501], [10.127381943273551, 0.2510010294019212], [10.12805651312291, 0.2545497744605818], [10.129048482779895, 0.2580231923986734], [10.130349762337659, 0.26139295611228575], [10.13096286233766, 0.2627894561122857], [10.132760236333327, 0.26638173646548163], [10.134908833292705, 0.2697756372481217], [10.137386985916146, 0.2729369330253613], [10.140169703534628, 0.27583374404302424], [10.140302867582767, 0.2759470543271662], [10.14036728200996, 0.2764132621445026], [10.141149633104133, 0.2798316015907171], [10.142228369077193, 0.28316828355106766], [10.142634569077192, 0.2842588835510677], [10.144492637003491, 0.2884724509126782], [10.14450123261693, 0.28922161439694616], [10.144992213531594, 0.2950273171638006], [10.145181913531594, 0.29622361716380063], [10.145837175745227, 0.2994768854868219], [10.146000775745227, 0.3001446854868219], [10.147406049605552, 0.3045181017211419], [10.148270779000535, 0.3077557632963124], [10.149583076258583, 0.3112921949332044], [10.150454464623438, 0.31309764680307034], [10.150473143726298, 0.3131839137070949], [10.15145637573898, 0.3168666365662505], [10.152785682448721, 0.3204390498289562], [10.154448992759553, 0.3238687133194451], [10.156431202573808, 0.3271244831363063], [10.158714311948575, 0.33017679446232845], [10.161277588548604, 0.3329979300350814], [10.164097755911369, 0.3355622718403231], [10.164344555911368, 0.3357660718403231], [10.167553508564557, 0.33815637520719943], [10.168878218317586, 0.3389507049786157], [10.168904649125961, 0.3390640068846717], [10.170137259845841, 0.3427153899666903], [10.170312959845841, 0.3431633899666903], [10.171990157180202, 0.3468725805927398], [10.174035660808375, 0.3503920977337542], [10.176428285595026, 0.3536854900014723], [10.179143251295717, 0.35671864796683417], [10.182152439204128, 0.35946015742890736], [10.185424683375498, 0.36188162476952784], [10.188926093410096, 0.36395797102398025], [10.19262040545367, 0.3656676916220485], [10.19646935777961, 0.3669930791093173], [10.198726640612254, 0.3675211778124465], [10.201461997746069, 0.36834384512793034], [10.20251359774607, 0.36860754512793037], [10.206403472627187, 0.36938028286118585], [10.21035074900949, 0.36976402673004505], [10.21431662454889, 0.3697550044722703], [10.218262114068686, 0.3693533047780664], [10.222148432789936, 0.3685628764182419], [10.2259373775919, 0.36739148942717487], [10.229591702554684, 0.3658506587221596], [10.230406902554684, 0.3654582587221596], [10.23379645160418, 0.3636204439869479], [10.236993306663633, 0.3614648179783937], [10.239967763743142, 0.3590114099727686], [10.242692185292238, 0.35628301612606494], [10.245141256997735, 0.35330498766058077], [10.247292222994934, 0.35010499531077727], [10.248429622994934, 0.34822289531077727], [10.25017932492451, 0.34500304772349777], [10.251627012078078, 0.3416365841141499], [10.252760533949203, 0.33815175937029923], [10.253122974475772, 0.336835289302625], [10.25573048180443, 0.3342770848026266], [10.258416942645963, 0.3310173935189975], [10.260744676350363, 0.3274925793509794], [10.261239176350363, 0.32665017935097945], [10.262839511575852, 0.3236009603378252], [10.263970088874439, 0.321931133009581], [10.265928796752773, 0.3182706567884341], [10.26749754762486, 0.314426876953486], [10.268659442491845, 0.310441199716641], [10.269028842491844, 0.30887579971664103], [10.269543733078839, 0.30608131784396075], [10.271467083428352, 0.3039598468733777], [10.273805338113203, 0.3008082135624591], [10.275823512177865, 0.2974426228353458], [10.277502180410014, 0.2938954689813263], [10.278731080410013, 0.29093066898132625], [10.280045497375468, 0.2872643398303172], [10.280301581335413, 0.2862479919216546], [10.28221949428755, 0.28695339633189354], [10.286072543060868, 0.2879491909227295], [10.290005472261166, 0.28855718732249147], [10.29397935180912, 0.2887713672819639], [10.29498642723693, 0.2887253245703666], [10.295908532839494, 0.2889222864020844], [10.299965567399246, 0.2893636726006192], [10.308488567399246, 0.28985287260061915], [10.31218082410062, 0.2898940881458984], [10.314753039278044, 0.28968480869983304], [10.317763830230172, 0.28972526916468766], [10.321110826351404, 0.289459071891113], [10.322622374086011, 0.29043090319795567], [10.326452421943674, 0.29260514037452795], [10.330498283090154, 0.29434513505135335], [10.334710910122524, 0.2956297935188561], [10.339039233958587, 0.2964435420439795], [10.341845933958588, 0.2968126420439795], [10.345840698153758, 0.2971354723017726], [10.349847715940614, 0.2970569305538078], [10.353826760966891, 0.2965778052787465], [10.357737887698178, 0.2957029064033519], [10.36154183243014, 0.2944410170157531], [10.36509468748644, 0.29285208596761436], [10.368773631704114, 0.29190115146500556], [10.372514860725124, 0.2905242531566986], [10.376100452484781, 0.2887817907404153], [10.379494791650762, 0.2866910719249445], [10.382664162584058, 0.2842728636158329], [10.385577084233116, 0.281551185639743], [10.388204622832042, 0.2785530721578637], [10.390520679296877, 0.2753083031382306], [10.39250224846524, 0.2718491085542162], [10.394129647604352, 0.26820984824735533], [10.395386711917707, 0.2644266706343999], [10.39669645255221, 0.2597116119800459], [10.39804315499787, 0.25828082547414005], [10.400349963171909, 0.25531577673815187], [10.402368434107384, 0.25214739338993797], [10.404080763783062, 0.24880362230919792], [10.405471848511606, 0.24531395739167175], [10.406529418162387, 0.24170917939679534], [10.40696735326586, 0.23944936832452374], [10.416523994497023, 0.24417389608168366], [10.426637114774435, 0.2500577580773153], [10.436650228269778, 0.2569878829610877], [10.438169559918045, 0.2582792243179161], [10.439748269374592, 0.2609288116640369], [10.44208879972333, 0.26409937011091295], [10.44472996120652, 0.26702422723530783], [10.447646117186896, 0.26967499268636913], [10.450808961771926, 0.2720259366051728], [10.45418779456715, 0.27405423937358014], [10.45745381358599, 0.2756001082788805], [10.459363405526055, 0.27830934319360684], [10.461868241505025, 0.2812231355265906], [10.464641099669134, 0.2838831442940621], [10.46765639279545, 0.28626482361833605], [10.47088629653348, 0.2883461959743406], [10.47430100616113, 0.2901080549925733], [10.47786901161502, 0.29153414269054595], [10.481557388257258, 0.29261129949727116], [10.48533210069555, 0.2933295856864033], [10.489158316853045, 0.2936823730974804], [10.493000729389802, 0.2936664062988861], [10.496823881509854, 0.2932818326281367], [10.498265330800244, 0.2929951074260262], [10.501286614727851, 0.2935479627405291], [10.505241331179455, 0.29387196178927516], [10.506200178376353, 0.2938551848597543], [10.507030354359951, 0.294280979237939], [10.510782982558844, 0.2957499762655679], [10.514664376202946, 0.29683392923771246], [10.51548497354627, 0.2969760919554494], [10.516215604906094, 0.29859710612777474], [10.516565275696083, 0.30004404296034415], [10.517867585875287, 0.30377390910001356], [10.519531482766919, 0.3073571144188211], [10.521540735147044, 0.31075870494321967], [10.523875742867665, 0.3139454983421319], [10.526513728055109, 0.31688640761878967], [10.52942895730695, 0.3195527443627017], [10.53259299271994, 0.32191849860354216], [10.535974969300232, 0.32396059253700016], [10.536525738164865, 0.324222859806037], [10.535849377641329, 0.3263453068680292], [10.535036105495095, 0.3301294849247561], [10.534592386419256, 0.3339745504028185], [10.534522375126112, 0.33784450047584064], [10.534555909669168, 0.33826965403212034], [10.534256452027629, 0.34073255702140404], [10.534184320607993, 0.34487304196178564], [10.53454065648449, 0.34899879561734326], [10.535321640445076, 0.35306559811273586], [10.536518901894643, 0.35702986141183807], [10.53811960857114, 0.360849096494815], [10.542210589197529, 0.3693470323800184], [10.542276476868848, 0.37255151571160594], [10.542282265722708, 0.3725993998718207], [10.542236817245143, 0.3732528783373659], [10.542263311934793, 0.37415401397826886], [10.542146356735222, 0.3745299271537407], [10.542027366686819, 0.3749193575953314], [10.540482466686818, 0.3800691575953314], [10.539936526631145, 0.3822501926399673], [10.539400750410953, 0.38338146023576997], [10.538020789108304, 0.38730348123216163], [10.537055397012232, 0.39134755838199325], [10.536870180741518, 0.39276049954191045], [10.536322608300415, 0.3939981632660371], [10.535102229130077, 0.3976893665448948], [10.534245948616134, 0.4014816073925585], [10.533761855562673, 0.40533906262636715], [10.533654522926573, 0.4092252930197529], [10.533924964619343, 0.41310358752327625], [10.534208303671353, 0.41478596075933777], [10.53425952346327, 0.4172032019545637], [10.535117823463269, 0.42939080195456364], [10.535618064484794, 0.4334776311945848], [10.536011668879963, 0.43519913571292723], [10.535877501298804, 0.43820870099995357], [10.536071657987796, 0.44202018342421945], [10.536628172777437, 0.44579581401781276], [10.53754197961096, 0.44950122251909463], [10.54475177961096, 0.4737047225190946], [10.546257164024624, 0.4778915748934402], [10.550548664024623, 0.4880192748934402], [10.552466927688204, 0.4919367070351369], [10.554800334994841, 0.49562197777270106], [10.557521138800217, 0.4990312646072854], [10.561332698235349, 0.5033066555699997], [10.563037716371936, 0.5058035519737978], [10.56314369709144, 0.5059310322839782], [10.563651094994785, 0.5067036677981024], [10.56370380493387, 0.5077110800258731], [10.563737896788773, 0.510892246505352], [10.564183583270603, 0.516433354822231], [10.564526883270602, 0.5187078548222309], [10.564806277527493, 0.520058171922729], [10.564305469458427, 0.5229950625939079], [10.564275641110765, 0.5233874911752149], [10.56395984034428, 0.5250490574816924], [10.563607756467325, 0.528831541354173], [10.563612135545242, 0.5308299026012205], [10.563516811339369, 0.5314638225626873], [10.563379345729878, 0.5320071944029264], [10.563073367490619, 0.5339728400179319], [10.562999671191086, 0.5342497553465073], [10.562937777460432, 0.5345343171245692], [10.562646059152824, 0.5354545363669905], [10.562471959152825, 0.5361067363669905], [10.561579136665577, 0.5403715116964687], [10.561155486697842, 0.544708095756475], [10.561184410439692, 0.5472010733802349], [10.560871361512833, 0.5499177265130323], [10.56080962228264, 0.5538817705715183], [10.561140592338525, 0.5578324560629577], [10.56134043647364, 0.5589138907203975], [10.561384131842328, 0.5597348502790794], [10.561870712565879, 0.5628692765308119], [10.561553427892584, 0.5643486254795375], [10.56091385302496, 0.5682730658338685], [10.560667066454792, 0.5722416152533393], [10.560815506786318, 0.576215058794397], [10.561357707216777, 0.5801541331525687], [10.561411226499748, 0.5803764555550792], [10.561453756319196, 0.5807566846577785], [10.561564759558875, 0.5812785920109121], [10.561638188267214, 0.5818070967216641], [10.561972875303638, 0.5831974423862369], [10.562270377262482, 0.5845962165151742], [10.562432001857497, 0.5851047305216388], [10.56255687950693, 0.5856234930657351], [10.563026232639906, 0.5869743387696964], [10.563459405885588, 0.5883372171276315], [10.563670095302731, 0.58882744051955], [10.563845219253233, 0.5893314649301196], [10.564444718355517, 0.5906298012908987], [10.5647060715552, 0.5912379070694206], [10.564651656194576, 0.5918432075626188], [10.564558539770898, 0.5921652201265754], [10.564459339770899, 0.5925863201265754], [10.56385937416336, 0.5958416242746513], [10.563421382437587, 0.5981361196148862], [10.563066278387536, 0.6018760170148004], [10.56306359647784, 0.6056327342327458], [10.56329380707106, 0.608094623165744], [10.563361184341316, 0.6098047820773785], [10.563378784341316, 0.6100086820773786], [10.56387227482206, 0.6137047820058351], [10.564293347521199, 0.6155362085081455], [10.563332576362889, 0.6175523786788442], [10.561945465652482, 0.6214619592533878], [10.560970727793514, 0.6254941773152081], [10.560882827793515, 0.6259630773152081], [10.56036492792909, 0.6296825699845608], [10.560198127865041, 0.6334342394430252], [10.560383897823629, 0.637185017430247], [10.560442497823628, 0.6377907174302471], [10.560883180449418, 0.6409910218409416], [10.561580679883125, 0.6441453274757466], [10.561766279883125, 0.6448486274757466], [10.563139550110439, 0.6490820553744765], [10.564974622081673, 0.6531367185850734], [10.56693949456609, 0.6564421285988966], [10.56668388027315, 0.6600084815184396], [10.566703567501126, 0.6606777521493299], [10.566321020533818, 0.661664194572858], [10.565309255936594, 0.6652144076143066], [10.564629097464866, 0.6688427770405374], [10.564560697464866, 0.6693311770405375], [10.564192595240815, 0.6736627446027722], [10.564296723984958, 0.6780086776439266], [10.564335823984958, 0.6785068776439266], [10.564759074682852, 0.6819629418305639], [10.565266382624916, 0.6843555856536977], [10.565279764360701, 0.685122187741995], [10.565803125800208, 0.6893343269227523], [10.566047325800207, 0.6907019269227522], [10.566766066380541, 0.6939432610287748], [10.567751135415717, 0.697113824670246], [10.568995746497457, 0.7001917749726219], [10.569376746497458, 0.7010318749726219], [10.571206218007772, 0.7045829121365511], [10.571445399994603, 0.7049514811960191], [10.569664272403362, 0.706907891062287], [10.567394972563127, 0.7099304224155488], [10.565421083795817, 0.7131536476141074], [10.563760229742199, 0.7165487884593329], [10.562427239148299, 0.7200855318233488], [10.561434013468629, 0.7237323002963368], [10.560789420605408, 0.72745653412184], [10.56049921573251, 0.7312249819028346], [10.56056598991105, 0.7350039974830376], [10.560989146955391, 0.7387598403527755], [10.561101946955391, 0.7394612403527756], [10.56174645170562, 0.7426404325042254], [10.562646446693831, 0.7457569462824886], [10.562821746693832, 0.7462829462824885], [10.564319087004453, 0.7501085687770979], [10.566200923457362, 0.7537604322796909], [10.568447405717762, 0.7572000155292687], [10.57103483702661, 0.7603910364785993], [10.573935924163145, 0.7632998350112086], [10.574199024163145, 0.7635378350112086], [10.574937857886162, 0.7641448134198382], [10.575709628117242, 0.7649570252776104], [10.576851607008427, 0.7666237122083409], [10.579391728422001, 0.7696431596688864], [10.58221698145626, 0.7723976514650444], [10.582983420138664, 0.7730099120325208], [10.584001354625926, 0.7740887103720971], [10.584577856614588, 0.7745861405332767], [10.586743423211834, 0.7766387630284896], [10.586850886571291, 0.7767782973816825], [10.58727117418543, 0.7772196358517515], [10.587750663025478, 0.7778445308743376], [10.589146050449683, 0.7793678119156002], [10.589127876594983, 0.7793844760368979], [10.589507576594983, 0.779798576036898], [10.589849809877203, 0.7801360741021127], [10.590103771601756, 0.7804133125761799], [10.590127947948515, 0.7804375001364587], [10.5902036905293, 0.7805328592108001], [10.592815596273395, 0.7832507257783626], [10.592979496273395, 0.7834059257783627], [10.594656855079394, 0.7848527504978073], [10.59496009005184, 0.7852458215338746], [10.595047219713427, 0.7853362690085612], [10.59529730531086, 0.7857214867338067], [10.597623082630692, 0.7886599195574936], [10.600213643924123, 0.7913678006083775], [10.60029990052509, 0.7914425147700781], [10.600910445552259, 0.7924524691705431], [10.603357562682506, 0.7957018714653096], [10.60479208421558, 0.7972503346953271], [10.605364951019585, 0.7982790115861141], [10.607364694039024, 0.8012204649388691], [10.60961782955026, 0.8039726459536711], [10.612106542123504, 0.8065137932728963], [10.612762242123505, 0.8071262932728963], [10.612791860912786, 0.8071512809426411], [10.6134823535889, 0.8078630079170783], [10.616478685248266, 0.8103989241688606], [10.619709152010826, 0.8126289374300243], [10.623142642715704, 0.814531571453815], [10.626746090970475, 0.8160885028344982], [10.630484793598601, 0.8172847374717724], [10.634322744849989, 0.8181087549721525], [10.638222983156053, 0.818552619596656], [10.642147947089816, 0.8186120566863079], [10.646059837102994, 0.8182864938294431], [10.649920979556303, 0.817579066374344], [10.653694189537202, 0.8164965872341223], [10.657343128970929, 0.8150494812746419], [10.660832656576023, 0.813251684917361], [10.664129166294078, 0.8111205119239757], [10.667200910934454, 0.80867648665543], [10.67001830791708, 0.8059431464111001], [10.672554224168861, 0.8029468147517346], [10.674784237430025, 0.7997163479891747], [10.676686871453816, 0.7962828572842966], [10.678243802834498, 0.7926794090295254], [10.679440037471773, 0.7889407064013995], [10.680264054972152, 0.7851027551500106], [10.680707919596657, 0.7812025168439473], [10.680767356686308, 0.7772775529101839], [10.680441793829443, 0.773365662897006], [10.679734366374344, 0.7695045204436974], [10.678651887234123, 0.7657313104627985], [10.677204781274643, 0.7620823710290717], [10.67667198290298, 0.761048207944726], [10.675627149344843, 0.7580103296157884], [10.674125494145935, 0.7546727456316695], [10.67232506858481, 0.7514863836016582], [10.671871819551969, 0.7508321114614623], [10.671318049578844, 0.7498764163867478], [10.668996620521991, 0.7466552455559037], [10.666367279636304, 0.7436800916280636], [10.665680194803357, 0.7430429267580703], [10.663959066125212, 0.74131902869152], [10.66353700863675, 0.740773439785644], [10.660763014104862, 0.7378895612693768], [10.661777002433974, 0.7360996032098277], [10.66342199629939, 0.7323443686049954], [10.66453690420627, 0.7288678741736346], [10.664648509670235, 0.72858947354933], [10.665730614547549, 0.7248961697698529], [10.665799183109067, 0.7245372422511582], [10.667272557458764, 0.7219934569929399], [10.667943057458764, 0.7206905569929399], [10.66797298920578, 0.7206322770597152], [10.66805041281149, 0.7204812217214286], [10.66812370779228, 0.7203468628597693], [10.669821679243762, 0.7168375667508106], [10.67025679627963, 0.7156570901790137], [10.671695251999095, 0.7124487320413762], [10.671709401824224, 0.7124206504372321], [10.671720726223787, 0.7123919138613057], [10.671828800456547, 0.7121508631014851], [10.671895290752687, 0.7119489423102967], [10.673048757775632, 0.7090219268426486], [10.674072454309377, 0.7055151845019925], [10.674771953030874, 0.701929672268632], [10.67514141959772, 0.6982952959957434], [10.675177772382469, 0.694642369099131], [10.675147272382468, 0.6937890690991311], [10.675018910108479, 0.6917125456351783], [10.67495791010848, 0.6910191456351782], [10.674613076038998, 0.6882277396193858], [10.674529276038998, 0.6877020396193858], [10.673633492588662, 0.6835290367750373], [10.672298176418813, 0.6794752346763431], [10.670538530421792, 0.6755867868248213], [10.669814901507259, 0.6743565770135742], [10.668794806550638, 0.6724200313097851], [10.66692556374664, 0.6695119426869397], [10.664812203129445, 0.6667761146586612], [10.664363403129444, 0.6662443146586612], [10.661742022233295, 0.6634253397927209], [10.658861806929947, 0.6608713983478437], [10.65574943207619, 0.6586061434246181], [10.652433722653752, 0.6566505544791964], [10.650317627096767, 0.6556630909029536], [10.650295873679507, 0.6556384255913796], [10.650163755125845, 0.655513301178928], [10.650282112900234, 0.6547449556520346], [10.650370012900233, 0.6538755556520347], [10.650565610003802, 0.6490882596712135], [10.650562654280971, 0.6489334651146657], [10.65073896753999, 0.646401448421963], [10.650643652834875, 0.6426162009102169], [10.650190850735688, 0.6388569251984388], [10.649384618684206, 0.6351573071779734], [10.649281940494461, 0.6348359530060627], [10.649309198898646, 0.63430343561765], [10.649315880301707, 0.6303487584603285], [10.649059110428384, 0.6277159052981834], [10.6493229539115, 0.6252115901667106], [10.649407741092777, 0.6221068999262599], [10.649397941092777, 0.6212569999262599], [10.649120266231584, 0.6169908207628714], [10.648983912556938, 0.6158451706733161], [10.648717729900332, 0.6132827941425415], [10.647919074723823, 0.6093972252939938], [10.647653527785526, 0.6085446199669906], [10.647653144985064, 0.6078260815632599], [10.647356259405166, 0.6044018709217525], [10.646766511343023, 0.6010157881129359], [10.64662971134302, 0.6003905881129359], [10.645695627128715, 0.5968894952226829], [10.645376767360016, 0.5960196086431792], [10.645391164669235, 0.5958771542544923], [10.645592910012795, 0.5921364213858354], [10.645459239246295, 0.5887803633548987], [10.645565367958007, 0.5857505765770624], [10.645562978785385, 0.5857146596695452], [10.645619891146092, 0.5842389103778299], [10.645340759684226, 0.5800480354276418], [10.644896290821658, 0.5774827339080416], [10.644895748443762, 0.577375885504217], [10.64468073324697, 0.5750922983509658], [10.645132077028379, 0.5728820328014704], [10.645535986662306, 0.5690701521443979], [10.645573166773769, 0.5652371122573819], [10.645243275919741, 0.5614181138074512], [10.64481078611673, 0.559068551731337], [10.644848871604074, 0.5585582987796733], [10.64476530691635, 0.5547117532804573], [10.64475350691635, 0.5545430532804574], [10.644299322510838, 0.5507136882997371], [10.643478507377454, 0.5469458530928064], [10.643004813801111, 0.5454718407021235], [10.643013813491914, 0.5453304750700535], [10.643262830356328, 0.5439563630026476], [10.643523942343478, 0.5429449471048509], [10.64412667554577, 0.5390878152296806], [10.644251919412426, 0.5369072620754132], [10.644845390275897, 0.5341169473170704], [10.64497483152912, 0.5329532629394262], [10.64498101911601, 0.5329244794996325], [10.645424985900318, 0.5290772633051662], [10.645445142344625, 0.5279597380032273], [10.645560025719021, 0.5268876081641142], [10.645560152000728, 0.5268728770935063], [10.64556171079489, 0.5268582281840364], [10.645576976333517, 0.5249102774355648], [10.645593674988138, 0.5229623384439983], [10.645592356764348, 0.5229476659297552], [10.645592472208277, 0.522932934770237], [10.645416731677233, 0.5209928676519326], [10.645242418513838, 0.5190526717653372], [10.645239668479771, 0.5190381991117915], [10.645238339461674, 0.5190235275713444], [10.644946736924176, 0.5169456412263036], [10.644678613216744, 0.5145650625348134], [10.644672017781359, 0.5142285877123108], [10.644294296583109, 0.509473209652173], [10.643695390121502, 0.5064972213733007], [10.643690303211228, 0.506022553494648], [10.643652164329103, 0.504812019229394], [10.643882139870279, 0.5029880045786856], [10.643996992695628, 0.4991806385915361], [10.643749170230356, 0.495379610972944], [10.6431409197947, 0.4916193904555915], [10.6427728197947, 0.4898752904555915], [10.641214390638712, 0.48443187277129984], [10.63846938121806, 0.4769042467198881], [10.63809110972845, 0.4752387125014642], [10.636797498614774, 0.4713961342925654], [10.635586916845343, 0.468729402691326], [10.63452111050009, 0.46623193555892295], [10.632694218543223, 0.46287872734475904], [10.63055590392047, 0.4597150032537981], [10.628125654081359, 0.45676959576601295], [10.625425617015978, 0.4540693477412615], [10.62356844224694, 0.45253675264979915], [10.622564044577139, 0.45146017599176397], [10.622149444577138, 0.45105857599176397], [10.621551998890903, 0.4505374461527155], [10.620786336131495, 0.44873052485982157], [10.617446352472149, 0.43751810641562405], [10.617541759479439, 0.4357075652682443], [10.61738650801824, 0.4319531614187486], [10.616879640987772, 0.4282298917407994], [10.616025631379106, 0.4245706132778211], [10.615242522237894, 0.42180847306999153], [10.615519285346767, 0.4210999609611507], [10.61657990006152, 0.41733460217015683], [10.617267642184496, 0.4134836488894292], [10.617575933965032, 0.40958393267204646], [10.617501826817607, 0.4056727514529307], [10.617390260495629, 0.40472175461907395], [10.617434886928649, 0.4045509977919864], [10.618052941112358, 0.40063075868693127], [10.618173246075687, 0.39950797465636906], [10.618595129410869, 0.39810166046158346], [10.61986018431562, 0.39403556670831136], [10.620065072821726, 0.3936444307199563], [10.621695612930388, 0.3901267382782632], [10.622977922313142, 0.3864677078319284], [10.623899953015222, 0.3827017178499017], [10.624453042084971, 0.37886415174086524], [10.624631992966723, 0.37499106540794896], [10.62443659051965, 0.3711476871223104], [10.624453476775546, 0.37056301586604684], [10.624202740421172, 0.3667743887478507], [10.623698044898976, 0.36366762033873345], [10.623742989564798, 0.35978387151601043], [10.623378374229535, 0.35574120685118693], [10.622605927733263, 0.35175630931858715], [10.621433604383336, 0.3478702136046168], [10.621001181824669, 0.34683157652027796], [10.62044399267188, 0.34400419378414226], [10.620144306367676, 0.34279997964589604], [10.620577250415801, 0.34140459159664227], [10.621370959065235, 0.3375253792528563], [10.62177724846709, 0.33358670044514616], [10.62178383963757, 0.33183385315393016], [10.621963265977335, 0.331379444738978], [10.623058857375792, 0.3275000283668735], [10.623758418827258, 0.3235300402464699], [10.624054845326839, 0.319509801045767], [10.623945126257347, 0.3154801418013255], [10.62343037596624, 0.3114819892231554], [10.6225158224479, 0.3075559500279085], [10.621210754246187, 0.30374189852204236], [10.61686707315885, 0.2928697732480071], [10.616842804667309, 0.29246691173482875], [10.616234555101675, 0.28863167344637203], [10.61525728840554, 0.28487348637439636], [10.613920214719101, 0.28122776913078407], [10.612235935143115, 0.27772888036815446], [10.610220322981242, 0.27440979497060175], [10.607892374143876, 0.2713017932856044], [10.605274028123326, 0.26843416632590394], [10.602389961227527, 0.26583393971964614], [10.599267354020954, 0.263525619010384], [10.595935635164452, 0.26153095870733595], [10.592426204068108, 0.25986875726245695], [10.591451837580816, 0.25951835531238227], [10.589363611704913, 0.25784779546541814], [10.588513487992184, 0.25723146417969], [10.587698411697048, 0.2553015992311401], [10.586527001568156, 0.25312423487722485], [10.586319361569853, 0.25229460848266594], [10.585064685552123, 0.2487417616466021], [10.583481279689394, 0.2453227327751426], [10.581583193673064, 0.242067859194709], [10.579387269377596, 0.23900602166822643], [10.576912991421187, 0.23616438813372162], [10.572501291421187, 0.23155528813372164], [10.569561289782564, 0.22877929906959044], [10.566356051770274, 0.22631430937309222], [10.562918330359192, 0.22418550773389342], [10.559283254173954, 0.22241464747774947], [10.555487968524368, 0.22101982427844685], [10.552318255954782, 0.2202068769853112], [10.551460095875337, 0.21912190995080372], [10.548773688037171, 0.21605984257355487], [10.545789784679712, 0.2132868722439058], [10.542539330827207, 0.21083175647301117], [10.539056035806407, 0.20871995641291138], [10.535376023658866, 0.20697337280777767], [10.531537458511064, 0.20561011886890893], [10.527580148787516, 0.20464433242891522], [10.523545134371446, 0.2040860293231713], [10.519474260994432, 0.20394099951907035], [10.515409746268862, 0.20421074707028525], [10.511393741863762, 0.20489247451875095], [10.507467896364494, 0.2059791119061293], [10.503672923349754, 0.20745939009388864], [10.503600861977933, 0.20749181744884235], [10.503441153105792, 0.20738162733520413], [10.499968255398823, 0.2052384429629857], [10.498174131272831, 0.20436991784244826], [10.497017282299542, 0.20330413099240516], [10.486949282299541, 0.19474693099240514], [10.48380828994919, 0.192334591034862], [10.470873689949189, 0.183382491034862], [10.468225197667397, 0.18169916549626372], [10.455582297667398, 0.17434346549626373], [10.453193792758192, 0.17306014229397246], [10.442391466831726, 0.167719783956038], [10.441853914147297, 0.16722062549538222], [10.438758642005126, 0.16462480098181131], [10.435417331732072, 0.16235441330598588], [10.431864062634965, 0.16043261902383799], [10.42813507587009, 0.15887901925338765], [10.427869507954187, 0.15879869241067693], [10.426897869613516, 0.15818042741557065], [10.42344530558482, 0.15642729262421134], [10.421637484948992, 0.15571984161548186], [10.417340496861813, 0.1513893801365137], [10.414432486612363, 0.14873393060823986], [10.41127745639866, 0.146377297382908], [10.40790598622447, 0.14434232203350628], [10.404350753929196, 0.14264872847696575], [10.400646218459222, 0.14131293180088633], [10.396828285875966, 0.1403478791609588], [10.392933961337816, 0.13976292429117793], [10.389000990429118, 0.13956373684315063], [10.385067493312613, 0.13975224743322556], [10.381171595251292, 0.14032662893007142], [10.377351057080812, 0.1412813141640742], [10.37364290921411, 0.14260704988690523], [10.370083092725613, 0.14429098645825938], [10.366706110993816, 0.1463168023904782], [10.363544695278671, 0.14866486254391426], [10.360629487475162, 0.1513124084397344], [10.357988743117964, 0.15423377884556272], [10.356978343117964, 0.15546867884556273], [10.354748696379803, 0.15846962855148256], [10.352808964593407, 0.161665636109562], [10.351176092557015, 0.16502878234890667], [10.35033977138705, 0.16726082791447452], [10.35013915229963, 0.16750149739927614], [10.347939218054387, 0.17073779473711173], [10.347665853765436, 0.17123919849796376], [10.345901392978915, 0.17344739181991925], [10.343817989231699, 0.17663478329160207], [10.342047113004933, 0.18000584142772744], [10.340604812903784, 0.18353001593899873], [10.339504159804985, 0.18717536891556594], [10.338755128401708, 0.19090886426504353], [10.338429617705486, 0.19305711729930097], [10.332050581058235, 0.20225042999843423], [10.329975770755524, 0.20557773661934378], [10.32885347836979, 0.20784578223634823], [10.32883872492612, 0.20784384005981094], [10.32484846205813, 0.2077199285515938], [10.320865721096437, 0.20799438483152735], [10.318059006795037, 0.2084722731027112], [10.318057791337704, 0.20847205416289924], [10.314026141440554, 0.20816066182352516], [10.309983653362634, 0.20825790493169902], [10.309571563332131, 0.20830976366848797], [10.307622484521739, 0.2070472752318253], [10.30274558452174, 0.2042285752318253], [10.299439553625623, 0.20251784400389494], [10.29598880905292, 0.20112184847586964], [10.292423235204083, 0.20005267835433463], [10.288773710932785, 0.19931959294764692], [10.28507184212653, 0.1989289409777693], [10.281349687990943, 0.1988841055985858], [10.2776394834082, 0.19918547509685527], [10.27698675621008, 0.1993003064198122], [10.276648323988365, 0.19912814272872975], [10.272996884483016, 0.19770119192899882], [10.271436784483017, 0.19717809192899882], [10.267720761139097, 0.19612868667095862], [10.263920867088558, 0.19544247526560368], [10.260072512786188, 0.1951258523801592], [10.256211560278194, 0.1951817685601458], [10.252373989010955, 0.1956097027338344], [10.248595560545722, 0.19640566706800977], [10.247191760545721, 0.19677296706800973], [10.243652444611211, 0.19787661180891059], [10.24023051222771, 0.19930320486972294], [10.236955359481833, 0.20104049111256708], [10.233855121550722, 0.2030735463919194], [10.230956431007007, 0.20538490576038215], [10.229068131007008, 0.20703940576038216], [10.226329814509254, 0.20967909901222073], [10.223854593007172, 0.21256694184404215], [10.22166484615054, 0.2156768239012194], [10.219780372477684, 0.21898062726733897], [10.2182182104075, 0.22244848069159864], [10.218021093637754, 0.22302750769769902], [10.216281256532563, 0.22495426700365015], [10.213964108077205, 0.22776819055959718], [10.212125199493409, 0.23046930535217305], [10.21049587770261, 0.228420058175669], [10.209106160584598, 0.227005319815225], [10.209026155467049, 0.22366151807152038], [10.208972930842329, 0.22234467942618097], [10.20871613084233, 0.21783407942618097], [10.208270837560868, 0.2137408378653751], [10.207407124807771, 0.20971505684031147], [10.206134144112289, 0.2057993917971092], [10.204465383430954, 0.20203533144025354], [10.202418524234982, 0.19846275813610803], [10.200015254165011, 0.19511952533649596], [10.198380254165011, 0.19307582533649598], [10.195693148726825, 0.19004527624838977], [10.19271334797496, 0.18730200249417966], [10.189471403738384, 0.18487413079693424], [10.18600055559722, 0.18278655406964497], [10.18402495559722, 0.18173065406964498], [10.18168588528807, 0.18057690266220427], [10.17913128528807, 0.17941880266220422], [10.17559523256716, 0.17801444610658484], [10.171941747543935, 0.17695240403329823], [10.168203884864242, 0.17624228519245153], [10.16736024270764, 0.17616394948877423], [10.166738355677989, 0.1751115856271055], [10.164275898210336, 0.1717851678935038], [10.162584989624888, 0.16993613866701696], [10.16299605, 0.16934311], [10.16375947, 0.16900814], [10.17075872, 0.16984546], [10.18069053, 0.16811097], [10.18124056, 0.16777551], [10.18120313, 0.16726768], [10.17917037, 0.16627121], [10.16422331, 0.16744077], [10.16345274, 0.16774762], [10.161839664945264, 0.16912111701078716], [10.161482907239932, 0.16873099809507083], [10.158369664394204, 0.16566176755765205], [10.155026599944218, 0.1608917936152249], [10.152404548127151, 0.1575443638585646], [10.149441973247233, 0.15449418488217154], [10.148125773247232, 0.15327588488217156], [10.144915625188727, 0.15060183037561065], [10.141444064792257, 0.14827720428196822], [10.137748965953046, 0.14632736771701071], [10.136973165953046, 0.1459684677170107], [10.132844137884797, 0.14433008115889578], [10.128558901470287, 0.14315964014203697], [10.127507401470288, 0.142934340142037], [10.124151584941373, 0.1424377464648656], [10.121365063823536, 0.13929322575946182], [10.117783781859703, 0.13611460346379564], [10.116626081859703, 0.13520490346379563], [10.115846649553871, 0.1346077659526676], [10.113353549553873, 0.13274586595266757], [10.109976701480875, 0.1304818352594583], [10.106387478234948, 0.12857227657253165], [10.102622958596157, 0.12703691675246864], [10.099125458596157, 0.12581381675246867], [10.095027341695792, 0.12462188877341299], [10.090825556753927, 0.12387338510699053], [10.086567939134193, 0.123576827118658], [10.083759939134193, 0.123531427118658], [10.083737431563494, 0.1235321683514955], [10.08371495808206, 0.12353072516155995], [10.081775841628177, 0.12359676860947845], [10.079836652124058, 0.12366063116300632], [10.079814325586987, 0.1236635749543208], [10.079791818864159, 0.1236643415001226], [10.077868513175886, 0.1239201335803678], [10.075944921024167, 0.12417376242799158], [10.075922990537482, 0.12417888042746329], [10.075900667325302, 0.12418184932674747], [10.074011694887826, 0.1246249266217573], [10.072122225332446, 0.12506587917902592], [10.07210090209872, 0.1250731220975226], [10.072078977381928, 0.12507826475816564], [10.070242530032495, 0.12570436019136164], [10.068405379698108, 0.1263283898441162], [10.068384869071739, 0.12633768792837283], [10.06836355399734, 0.12634495482374203], [10.066597317727902, 0.12714803875380087], [10.064830179376443, 0.12794913575539915], [10.064810678885973, 0.12796039945978374], [10.06479017872979, 0.1279697206057019], [10.063111163361278, 0.12894205889526], [10.061431055500954, 0.12991250824375922], [10.061412752946767, 0.1299256290926405], [10.061393265136509, 0.12993691472137764], [10.05981764050405, 0.1310691432216126], [10.058240743492712, 0.1321995989588449], [10.058223815138422, 0.13221445059126521], [10.05820552735234, 0.13222759201605766], [10.056748467582912, 0.13350880674732782], [10.05532952675744, 0.13475367598893684], [10.051911038914824, 0.13561205607411864], [10.047322416959457, 0.1370627424551785], [10.041786416959456, 0.1391870424551785], [10.038525391880057, 0.14060778258499043], [10.035403477932476, 0.14231261113614302], [10.028306645539658, 0.1466083499124856], [10.027461301460374, 0.14592916008790158], [10.02389689128214, 0.14337377187553899], [10.020074143951758, 0.14122397381929208], [10.014049143951757, 0.1382580738192921], [10.010146437916367, 0.13658797376726875], [10.006088718162886, 0.1353408735368756], [10.001921685644069, 0.13453081886615548], [9.98906388564407, 0.13273311886615546], [9.987150919588023, 0.1325124619511139], [9.969735619588022, 0.1309273619511139], [9.964637360401412, 0.13078981385037863], [9.954528360401412, 0.13116221385037863], [9.951266899156245, 0.13141622242256418], [9.948037101423093, 0.13193589194388658], [9.943546601423094, 0.13284819194388656], [9.939249745689859, 0.13397278436323734], [9.935104061351462, 0.13556682911426057], [9.931160663859666, 0.13761067194667284], [9.928690663859665, 0.13907027194667285], [9.925062542434567, 0.14149040513777578], [9.921719462433058, 0.1442911417982741], [9.917017535491928, 0.14868810496519394], [9.898961393297075, 0.1363120931316203], [9.897825748089932, 0.13561303083603504], [9.896712677762016, 0.13487855648344585], [9.896155204103287, 0.1345847041131876], [9.89561854953457, 0.13425435888530768], [9.89441985268239, 0.13366997546138903], [9.893240151016638, 0.1330481377740806], [9.892656559176924, 0.13281034235713518], [9.89209010925209, 0.13253418917799636], [9.890839904860833, 0.13207011255756868], [9.889604933029178, 0.13156690017240527], [9.889000843316936, 0.13138745180863845], [9.8884100532584, 0.1311681501843081], [9.887120381479768, 0.13082884967890934], [9.885842032936068, 0.13044910880625085], [9.867185068102259, 0.12589003916243438], [9.856946837061194, 0.12329354034561046], [9.854730985237948, 0.12279806606588513], [9.843336985237947, 0.12058786606588513], [9.842338157319686, 0.12040723276789994], [9.836912382501465, 0.11949694304196681], [9.83708286, 0.11822414], [9.83698153, 0.11662507], [9.83430696, 0.11011148], [9.83457446, 0.10726225], [9.83748448, 0.10521758], [9.84375, 0.10574782], [9.84762585, 0.10732114], [9.84858656, 0.11071396], [9.84931445, 0.10647738], [9.84375, 0.10323656], [9.83943343, 0.10288131], [9.83722925, 0.10329843], [9.83573592, 0.10399151], [9.83355355, 0.10592568], [9.83326077, 0.10635483], [9.83262014, 0.10846364], [9.83261883, 0.11171854], [9.834370667284949, 0.11907051597387819], [9.823253257319687, 0.11720533276789993], [9.819453423372577, 0.1167534244903881], [9.815529698120372, 0.1164762577781374], [9.8143357, 0.11528587], [9.80946183, 0.11253345], [9.80879045, 0.11182785], [9.80838275, 0.10963202], [9.80862474, 0.10707915], [9.80952716, 0.10453236], [9.80979013, 0.10441017], [9.81342578, 0.10337591], [9.82072151, 0.10376596], [9.83088982, 0.09717965], [9.83719826, 0.08989716], [9.83896005, 0.08548236], [9.83832693, 0.08488274], [9.83517563, 0.09038055], [9.83133745, 0.09427285], [9.82214987, 0.10107207], [9.80987155, 0.10212755], [9.80640256, 0.10497892], [9.80539095, 0.10892415], [9.80622876, 0.11184192], [9.810751947183563, 0.11613876383195361], [9.806740003258126, 0.11585536547042904], [9.794963175980236, 0.11485665879306553], [9.794346567031559, 0.1148347520139918], [9.793732829775214, 0.11477140311713545], [9.792386116228474, 0.11476510144742089], [9.791040237072663, 0.11471728527902181], [9.790424450024771, 0.11475592223292802], [9.789807458803354, 0.11475303514910565], [9.788466612378791, 0.11487876483434763], [9.787122527194892, 0.1149630981399508], [9.786513492413683, 0.11506190673184959], [9.785899189189935, 0.11511950926525677], [9.784577122971596, 0.11537605945985643], [9.783247776034688, 0.11559173006362675], [9.782651358858034, 0.11574975871276341], [9.782045659707816, 0.11586729611951513], [9.765907659707816, 0.11982949611951513], [9.764191192635632, 0.12029159337484296], [9.757841116054868, 0.1221533957901465], [9.75867975, 0.116696], [9.76391435, 0.10942638], [9.76989973, 0.09813798], [9.77236283, 0.086941], [9.78232205, 0.07376766], [9.78614676, 0.06401145], [9.79355395, 0.05106103], [9.80298805, 0.04114902], [9.81003547, 0.02946675], [9.81205237, 0.02690077], [9.82553566, 0.01452005], [9.83001053, 0.01166141], [9.84375, 0.01534593], [9.84554875, 0.01611185], [9.85414207, 0.02207196], [9.85700202, 0.02117825], [9.85097921, 0.01855886], [9.84917426, 0.01512063], [9.84910703, 0.01210475], [9.8506968, 0.00846493], [9.84967411, 0.00343835], [9.84854805, 0.00396156], [9.84787953, 0.00568151], [9.84759033, 0.00989842], [9.84717774, 0.01099455], [9.84581566, 0.01210523], [9.84375, 0.01199782], [9.84375, 0.01171875], [9.83724773, 0.00857806], [9.83674717, 0.00841653], [9.83049655, 0.00764513], [9.82402205, 0.00843716], [9.81945682, 0.01036024], [9.81096435, 0.01838684], [9.80693078, 0.02025116], [9.80603325, 0.02329171], [9.80375147, 0.02499747], [9.79253387, 0.02952015], [9.7901206, 0.03126025], [9.78743577, 0.03388524], [9.78612006, 0.03561544], [9.76892197, 0.06252742], [9.76864827, 0.06310976], [9.76596546, 0.07035303], [9.7669574, 0.07771134], [9.76635015, 0.08225465], [9.76466787, 0.08510387], [9.75451243, 0.09775651], [9.74933445, 0.10661244], [9.74846315, 0.10655868], [9.74718034, 0.11087251], [9.74515295, 0.11325705], [9.74214494, 0.11580992], [9.74122643, 0.11631656], [9.73100543, 0.11947632], [9.72597694, 0.12019455], [9.69206536, 0.13194513], [9.66896355, 0.13222516], [9.6667484, 0.13138521], [9.66629422, 0.13082838], [9.66105735, 0.12351632], [9.66105998, 0.12286556], [9.66179526, 0.11981738], [9.66462052, 0.1150949], [9.66643405, 0.11330974], [9.66810823, 0.11277425], [9.67114282, 0.11275268], [9.67623222, 0.11397207], [9.67791247, 0.1138854], [9.679708, 0.11315393], [9.68217027, 0.11151123], [9.68341851, 0.10817635], [9.68573046, 0.10584617], [9.68661356, 0.10562146], [9.69700563, 0.10650218], [9.69914663, 0.10336947], [9.69914556, 0.10190666], [9.69814444, 0.09992135], [9.69663107, 0.09966493], [9.69478023, 0.10108614], [9.69714737, 0.10342824], [9.69685662, 0.10463476], [9.69377673, 0.10501552], [9.68876016, 0.10365236], [9.68505847, 0.10438311], [9.67865562, 0.11183572], [9.67828321, 0.11197424], [9.66917121, 0.11055768], [9.66445672, 0.1119951], [9.66130066, 0.11565387], [9.65536487, 0.12844753], [9.65080595, 0.1307739], [9.64971864, 0.13561988], [9.64735305, 0.13797605], [9.64687324, 0.14275408], [9.64558184, 0.14722538], [9.63266695, 0.15183723], [9.62673235, 0.15335715], [9.62394595, 0.15325201], [9.62274265, 0.15240896], [9.61937964, 0.14693022], [9.61896205, 0.14485013], [9.61225557, 0.14051724], [9.61002851, 0.13423693], [9.60953593, 0.13399315], [9.60810256, 0.13341665], [9.60478628, 0.13126802], [9.60001171, 0.13316035], [9.59356546, 0.12971365], [9.59156322, 0.12611973], [9.59127104, 0.12449086], [9.59139752, 0.11244404], [9.60291934, 0.06985211], [9.60242808, 0.05817544], [9.60398924, 0.05488265], [9.60484254, 0.04438877], [9.60104835, 0.01720345], [9.60069871, 0.01626492], [9.59902596, 0.01357663], [9.59090734, 0.00489283], [9.58928573, 0.0], [9.58847857, -0.00209248], [9.58860111, -0.00546813], [9.5857861, -0.00879323], [9.58490551, -0.00818241], [9.58758295, -0.00235093], [9.58789062, 0.0], [9.58970177, 0.00628555], [9.59578645, 0.01204264], [9.59732914, 0.01464474], [9.59759414, 0.01534987], [9.59954464, 0.02339625], [9.60013783, 0.02649248], [9.60147095, 0.04529595], [9.60147095, 0.04789245], [9.59998548, 0.05580032], [9.59521472, 0.05409646], [9.59183681, 0.04922855], [9.58923531, 0.04253638], [9.58898616, 0.03155923], [9.58884311, 0.03131247], [9.58558381, 0.02660096], [9.58017528, 0.02067792], [9.57693803, 0.01831424], [9.57495165, 0.01811135], [9.5727694, 0.01547492], [9.57199192, 0.01562071], [9.57152915, 0.01657605], [9.57329476, 0.01838601], [9.57514775, 0.01874912], [9.57770097, 0.02232766], [9.58351541, 0.02541304], [9.58590877, 0.0285778], [9.58886194, 0.04539776], [9.59352303, 0.05401194], [9.59844124, 0.05871415], [9.59953904, 0.06204975], [9.59640408, 0.07642984], [9.59183502, 0.08831632], [9.59094465, 0.09373355], [9.58495951, 0.10732996], [9.58642292, 0.11250627], [9.58266497, 0.12801278], [9.58355653, 0.12999427], [9.58367574, 0.1356672], [9.58315074, 0.13768256], [9.58071625, 0.14468574], [9.57819843, 0.14769852], [9.57669437, 0.15266335], [9.57139242, 0.15580595], [9.56494105, 0.15740144], [9.56450105, 0.15890455], [9.56144047, 0.16096413], [9.55883038, 0.16191912], [9.55560374, 0.16227365], [9.55120635, 0.16185975], [9.54090536, 0.16475475], [9.52861464, 0.16464996], [9.52128184, 0.16780496], [9.5160861, 0.17240214], [9.51482713, 0.17278457], [9.51341104, 0.17267311], [9.51133513, 0.1715579], [9.5094403, 0.16965115], [9.50598025, 0.16556132], [9.50488007, 0.16337454], [9.50308883, 0.15623176], [9.50004363, 0.1551969], [9.49364924, 0.14987385], [9.49388981, 0.14281428], [9.49877596, 0.13621306], [9.50008714, 0.1321336], [9.49966514, 0.12041712], [9.50206625, 0.11671448], [9.50587213, 0.11546063], [9.50397873, 0.10987854], [9.50576866, 0.10219145], [9.50639296, 0.08857095], [9.50488615, 0.08767855], [9.50116742, 0.08976793], [9.50068665, 0.08968842], [9.49916637, 0.08881462], [9.49883223, 0.08812594], [9.49866676, 0.08635604], [9.49964595, 0.07580721], [9.49869645, 0.06631744], [9.50140238, 0.05816817], [9.50162041, 0.05413401], [9.50149632, 0.05370545], [9.49895287, 0.04988837], [9.49867225, 0.05767405], [9.49728966, 0.06044126], [9.49686015, 0.06026781], [9.49290395, 0.05422366], [9.4921875, 0.05385041], [9.48757482, 0.05185902], [9.48535144, 0.04994404], [9.48357761, 0.04808784], [9.4828428, 0.04692936], [9.48076153, 0.04190671], [9.47506511, 0.03973281], [9.47470105, 0.03996992], [9.47450995, 0.0409888], [9.48369443, 0.04997265], [9.48612332, 0.05208075], [9.49033213, 0.05445135], [9.49103892, 0.05515838], [9.4921875, 0.05747771], [9.49354172, 0.06040585], [9.49553573, 0.07045186], [9.49533367, 0.07997024], [9.49625623, 0.08331776], [9.49621475, 0.09022856], [9.49586582, 0.09343076], [9.4921875, 0.09988844], [9.4921875, 0.10072541], [9.48793602, 0.10331237], [9.48425865, 0.10296166], [9.48350525, 0.10532367], [9.48152125, 0.10615361], [9.4638164, 0.10782754], [9.45377862, 0.09874237], [9.45367575, 0.09704316], [9.44851327, 0.08958662], [9.44571686, 0.08680618], [9.44348836, 0.08681238], [9.44336486, 0.08724761], [9.44452214, 0.09143674], [9.44911778, 0.09453726], [9.44877863, 0.0952754], [9.44564056, 0.09425604], [9.44527078, 0.09446526], [9.44576991, 0.09588623], [9.44617641, 0.09635711], [9.45461524, 0.10188341], [9.4621309, 0.10897374], [9.46539557, 0.10987008], [9.47753894, 0.10840344], [9.48477554, 0.11477601], [9.48486233, 0.11523223], [9.48459995, 0.11859751], [9.48083174, 0.12653255], [9.48066604, 0.13184845], [9.47917235, 0.13657534], [9.46396518, 0.16498637], [9.45783436, 0.1753422], [9.45731032, 0.17578125], [9.45703125, 0.17578125], [9.45302916, 0.18077111], [9.45132053, 0.18126845], [9.44904292, 0.18040335], [9.44599783, 0.17745554], [9.44614947, 0.17578125], [9.44346535, 0.17886961], [9.44317508, 0.17897534], [9.44187546, 0.17919254], [9.43861985, 0.17799318], [9.43861604, 0.17578125], [9.43870091, 0.16978645], [9.43856311, 0.16892564], [9.43481302, 0.16051686], [9.43160284, 0.13843644], [9.42416728, 0.13195384], [9.42150676, 0.13097], [9.43114531, 0.13993013], [9.43321991, 0.15939486], [9.43774951, 0.17010105], [9.43722093, 0.17578125], [9.43798614, 0.18324852], [9.43670738, 0.18969154], [9.43376195, 0.1952157], [9.42944527, 0.19788694], [9.42847085, 0.20053041], [9.42589045, 0.20207286], [9.42502177, 0.20481694], [9.42336392, 0.20592761], [9.41952777, 0.20687544], [9.41798246, 0.20694697], [9.41669798, 0.2065531], [9.41378522, 0.20402658], [9.41286314, 0.20278692], [9.40579808, 0.19204485], [9.40542185, 0.19124186], [9.40521967, 0.18804872], [9.40620375, 0.18431306], [9.40466356, 0.1815294], [9.40457594, 0.17578125], [9.40457261, 0.17337465], [9.39859366, 0.16684926], [9.40259171, 0.17481065], [9.40262282, 0.17578125], [9.40282834, 0.18407536], [9.40230417, 0.18634307], [9.40207875, 0.18662846], [9.39729548, 0.18899393], [9.39517081, 0.19600725], [9.39613771, 0.20444357], [9.39477003, 0.20710754], [9.39289296, 0.20801854], [9.39048553, 0.20758915], [9.38527334, 0.20326591], [9.37769461, 0.19975054], [9.37682354, 0.19816601], [9.37422502, 0.18933356], [9.37568796, 0.18674231], [9.37534225, 0.18484366], [9.37710273, 0.18144882], [9.37737882, 0.17989588], [9.37715316, 0.17642033], [9.37751114, 0.17578125], [9.37779021, 0.17578125], [9.37855208, 0.17346156], [9.37768972, 0.17332923], [9.37639511, 0.17578125], [9.37621343, 0.17620444], [9.37305701, 0.17736745], [9.37517285, 0.17838466], [9.37576234, 0.18010342], [9.37470496, 0.18415892], [9.3726269, 0.18551815], [9.36951804, 0.18543673], [9.36367238, 0.18258977], [9.36244285, 0.1797744], [9.36120701, 0.17998254], [9.35983956, 0.18153405], [9.36012244, 0.18209863], [9.36590195, 0.18663836], [9.36334252, 0.19100726], [9.36735785, 0.19375884], [9.36741745, 0.19405508], [9.36708164, 0.20375967], [9.36689746, 0.20405853], [9.36628771, 0.20428991], [9.36498475, 0.20298481], [9.36190975, 0.19693553], [9.36198604, 0.20112062], [9.36598062, 0.20566916], [9.36854351, 0.20572984], [9.36894703, 0.20218718], [9.37151813, 0.20102203], [9.37985027, 0.20315504], [9.38316512, 0.20700991], [9.38070345, 0.21424913], [9.38542712, 0.21766484], [9.38695085, 0.21976697], [9.3890748, 0.22490656], [9.38909996, 0.226668], [9.38971305, 0.23377752], [9.38959825, 0.23458576], [9.38802433, 0.23859561], [9.38836312, 0.24124324], [9.38789582, 0.24233556], [9.38558495, 0.24695241], [9.38492274, 0.24746275], [9.38238656, 0.24743187], [9.37922275, 0.24598694], [9.38137853, 0.24843192], [9.38218975, 0.25245321], [9.3781296, 0.25977552], [9.37971318, 0.26879573], [9.37720203, 0.28245795], [9.37644994, 0.28499675], [9.37523866, 0.28751743], [9.37222183, 0.29154623], [9.36745691, 0.29105485], [9.37087631, 0.29473555], [9.37442565, 0.29620492], [9.37647104, 0.30160546], [9.37588775, 0.30538726], [9.37820435, 0.30739534], [9.3727529, 0.31593072], [9.36738944, 0.32183707], [9.36782968, 0.32690954], [9.36218381, 0.33380771], [9.36139226, 0.33804643], [9.35537386, 0.34578335], [9.35585904, 0.35034585], [9.35546875, 0.3515625], [9.35468805, 0.35263705], [9.35399306, 0.35273886], [9.35044634, 0.3515625], [9.34988844, 0.3515625], [9.33303642, 0.33152473], [9.32796645, 0.33023596], [9.31726515, 0.33102465], [9.31664836, 0.33067572], [9.31617475, 0.32772148], [9.31563938, 0.32705414], [9.31172585, 0.32460845], [9.31156743, 0.32417238], [9.31186545, 0.31859195], [9.31120443, 0.31339896], [9.31033432, 0.31097472], [9.30912447, 0.30895662], [9.30675852, 0.3077867], [9.30405953, 0.30781612], [9.30208755, 0.30783761], [9.30161107, 0.30641341], [9.30150056, 0.30494964], [9.30168478, 0.30410049], [9.30716944, 0.27881873], [9.31330395, 0.24142063], [9.31409025, 0.23465347], [9.31442404, 0.22560322], [9.31144595, 0.2202028], [9.31144547, 0.21979105], [9.31392455, 0.20256245], [9.31371725, 0.19295394], [9.31602526, 0.18293536], [9.31575215, 0.18007708], [9.31594837, 0.17924833], [9.31752217, 0.17578125], [9.32156134, 0.16083455], [9.32303715, 0.15848064], [9.32520056, 0.14219391], [9.33002031, 0.1274991], [9.32957983, 0.1181215], [9.33044136, 0.11309922], [9.33640766, 0.09166133], [9.34145415, 0.06819677], [9.34674203, 0.03521967], [9.34737706, 0.0], [9.34765625, 0.0], [9.34567356, -0.01994371], [9.34178233, -0.03220856], [9.34158885, -0.03584552], [9.33935714, -0.04015255], [9.32792377, -0.04551184], [9.32666636, -0.05221426], [9.32619894, -0.05873346], [9.32777405, -0.06600165], [9.32914937, -0.10862386], [9.32924104, -0.11732686], [9.32865143, -0.13147342], [9.32692254, -0.15135884], [9.32552612, -0.15883172], [9.32138097, -0.17293477], [9.31957185, -0.17392814], [9.31863844, -0.17578125], [9.3184309, -0.17634273], [9.31191242, -0.20158315], [9.30903542, -0.20402431], [9.30566847, -0.20493305], [9.3049736, -0.20698357], [9.30410206, -0.24918425], [9.30279505, -0.26535392], [9.30351627, -0.26796806], [9.30246997, -0.27491295], [9.30120897, -0.27647865], [9.30113995, -0.28021348], [9.30321395, -0.31151342], [9.30321312, -0.31181216], [9.30285943, -0.32749236], [9.30245531, -0.33328676], [9.30022323, -0.3515625], [9.30019355, -0.35242724], [9.29405534, -0.38541925], [9.28815842, -0.4024111], [9.28010547, -0.42028821], [9.2703042, -0.43345141], [9.26000714, -0.45604062], [9.24925566, -0.47375536], [9.23770762, -0.48861432], [9.22833145, -0.49688888], [9.22438872, -0.49879825], [9.2157073, -0.50572455], [9.20790291, -0.51634753], [9.20428956, -0.52429557], [9.20424104, -0.52734375], [9.20308626, -0.53034437], [9.20057905, -0.53498936], [9.19639015, -0.54060566], [9.18430138, -0.55381215], [9.17226315, -0.56336641], [9.16483366, -0.56244016], [9.15814388, -0.56826913], [9.15895271, -0.57278645], [9.15718365, -0.58189285], [9.15374887, -0.5844655], [9.15332937, -0.58516765], [9.14978123, -0.59165144], [9.14960265, -0.59203243], [9.14740467, -0.59977245], [9.14573967, -0.60090375], [9.14547324, -0.60165906], [9.14403474, -0.60809195], [9.1410979, -0.61053395], [9.140625, -0.61160707], [9.140625, -0.61272323], [9.13908374, -0.61434233], [9.13124514, -0.61897087], [9.12771094, -0.62642062], [9.12541544, -0.62698996], [9.11979365, -0.6311537], [9.10961688, -0.63396573], [9.10495675, -0.63997448], [9.1048218, -0.64043605], [9.1051172, -0.64336395], [9.10532641, -0.64377642], [9.10817206, -0.64664841], [9.10408235, -0.64971626], [9.10541296, -0.66654193], [9.10552502, -0.66693068], [9.10774016, -0.67057073], [9.10864115, -0.67147136], [9.11181521, -0.67295361], [9.11141002, -0.67653072], [9.11247373, -0.68066514], [9.11636114, -0.68805695], [9.11801016, -0.69012725], [9.11986864, -0.69561231], [9.12426746, -0.69583726], [9.12830818, -0.69969165], [9.12973607, -0.70217073], [9.12974334, -0.703125], [9.12977266, -0.70318794], [9.13077247, -0.70760405], [9.13002193, -0.71882474], [9.13375771, -0.7265017], [9.13716924, -0.72518885], [9.13770485, -0.7257905], [9.13619137, -0.72884226], [9.13887835, -0.73917854], [9.13733995, -0.75029266], [9.140625, -0.75530136], [9.14372826, -0.76068425], [9.1480118, -0.76567161], [9.14837885, -0.76632452], [9.15238595, -0.77662086], [9.15924752, -0.785272], [9.16319001, -0.79230261], [9.16361392, -0.79330575], [9.16487002, -0.79907083], [9.16567385, -0.80815911], [9.16560304, -0.80936694], [9.16455245, -0.81354237], [9.16181004, -0.81921184], [9.16163838, -0.81945264], [9.15478623, -0.82421434], [9.15154314, -0.8286525], [9.14287794, -0.83086836], [9.14168036, -0.83942604], [9.14752531, -0.85400474], [9.14606977, -0.85925555], [9.14395463, -0.86226738], [9.14351475, -0.86575746], [9.14315605, -0.86596668], [9.14219952, -0.86575746], [9.14210427, -0.86306834], [9.14537525, -0.85504746], [9.140625, -0.84402895], [9.13887155, -0.84116077], [9.13873971, -0.84015095], [9.13903534, -0.83356071], [9.1395756, -0.83147681], [9.14048553, -0.82924104], [9.140625, -0.82924104], [9.140625, -0.82868302], [9.1431514, -0.82562304], [9.14564025, -0.82397354], [9.15469766, -0.82053661], [9.15995443, -0.81724191], [9.16293812, -0.81146896], [9.16322541, -0.80873322], [9.16318977, -0.80570674], [9.16150975, -0.79588985], [9.15513825, -0.78638351], [9.15298593, -0.78533316], [9.15062952, -0.78187466], [9.14755285, -0.78611553], [9.14604247, -0.78536344], [9.14645386, -0.78316963], [9.14704406, -0.78238773], [9.14955664, -0.78111661], [9.15010285, -0.78026831], [9.15031493, -0.77845848], [9.15019846, -0.77781618], [9.14401185, -0.77034271], [9.140625, -0.76506686], [9.14048076, -0.76456678], [9.13674808, -0.75738776], [9.13483083, -0.75179732], [9.13420045, -0.74707246], [9.13443196, -0.73315394], [9.12847924, -0.72334623], [9.11914063, -0.703125], [9.11886156, -0.703125], [9.11887717, -0.70267332], [9.11325204, -0.70030272], [9.11285341, -0.70012665], [9.11144865, -0.70070565], [9.10993302, -0.703125], [9.10965395, -0.703125], [9.10792828, -0.70719194], [9.10014153, -0.71470296], [9.10003304, -0.71494246], [9.10204065, -0.73818147], [9.10123146, -0.74649656], [9.10371077, -0.74937296], [9.09990275, -0.74973512], [9.09703386, -0.77097905], [9.09322155, -0.78143346], [9.09320545, -0.78967285], [9.09063852, -0.79419374], [9.08708835, -0.7975862], [9.08548057, -0.80331016], [9.08401108, -0.80360496], [9.08457243, -0.79896772], [9.08945155, -0.79334104], [9.09120893, -0.78949523], [9.09174263, -0.78217626], [9.09021974, -0.77975488], [9.08179855, -0.78786683], [9.07501388, -0.80048025], [9.0662353, -0.80840552], [9.06437945, -0.81391251], [9.061404581273658, -0.8166603455910022], [9.061485510171243, -0.8169935222008475], [9.061697474561313, -0.818496438287987], [9.061942856217062, -0.8199942612116233], [9.061971457224834, -0.8204390898459444], [9.062033707300177, -0.8208804688890333], [9.063677207300177, -0.8388862688890333], [9.06378132176529, -0.840305337531686], [9.06398402176529, -0.843957137531686], [9.064037852146603, -0.8453918428660921], [9.064059252146603, -0.8464860428660922], [9.063912769711727, -0.8507762859333784], [9.063307371371025, -0.85502612540437], [9.063247425579688, -0.8553293380528801], [9.063207073359568, -0.8568465078065672], [9.062751643470138, -0.8605928336783436], [9.061764543470138, -0.8664072336783436], [9.061206849427991, -0.8691195989042887], [9.060109191475425, -0.8736559488777634], [9.060122626955874, -0.8737497897647913], [9.060194724012097, -0.8742784651865632], [9.060688224012099, -0.8780867651865631], [9.061006423267612, -0.8821889529345973], [9.06090153523986, -0.8863021261120803], [9.060374669722524, -0.890382764274546], [9.059945569722524, -0.892742764274546], [9.059079779857484, -0.8964774906081638], [9.057860426064801, -0.9001121775555767], [9.056298709460163, -0.9036134364897636], [9.054408976141042, -0.90694910446785], [9.053378976141042, -0.90857970446785], [9.051481560754452, -0.9113230905574082], [9.05068766075445, -0.9123743905574083], [9.04970360649509, -0.9135505977210122], [9.049846234726875, -0.9152908837550259], [9.049930488810075, -0.920545774835883], [9.049929303622934, -0.9205695972969411], [9.050806791745137, -0.9220327548310641], [9.053188591745137, -0.926656254831064], [9.053526678804758, -0.9273279781533299], [9.053627104754279, -0.9275322676022826], [9.055172003193375, -0.9292608122738879], [9.057649052654753, -0.9327071275426069], [9.058453752654753, -0.9339622275426068], [9.05884673266818, -0.9345878029734251], [9.059004169827649, -0.9348436383575617], [9.060348111376788, -0.9353907383697506], [9.064160470123579, -0.93744856079769], [9.067727918639346, -0.9399066135730595], [9.069423018639347, -0.9412154135730595], [9.072544377311669, -0.9438924810332384], [9.075374394898608, -0.9468758634433954], [9.077883162412101, -0.9501340309821916], [9.08004416598949, -0.9536325497667835], [9.081834567104783, -0.9573344457666704], [9.082295967104782, -0.9584286457666703], [9.083681784412287, -0.962245563188166], [9.084673475540635, -0.9661833159633229], [9.084952375540636, -0.9675885159633228], [9.08523178220149, -0.9693854246483878], [9.086397324885661, -0.9701380899318487], [9.08713762488566, -0.9706637899318485], [9.090079133889397, -0.9729665552037845], [9.092792990496907, -0.9755336908508768], [9.095255524445575, -0.9783428063110106], [9.0974452575095, -0.9813694004736705], [9.099343090832637, -0.9845870753786746], [9.101038190832638, -0.9877944753786746], [9.102511419098144, -0.9908977509299954], [9.103558040329878, -0.9937010708105021], [9.110840405126163, -0.9962041284936721], [9.113945798000529, -0.9974184542873461], [9.11693926406917, -0.9988871996475858], [9.125163258821132, -1.003356862422381], [9.130969541311064, -1.0064509445363743], [9.135246087696029, -1.0081807983904107], [9.136698537761218, -1.008296489561425], [9.139442819923671, -1.0086107534416697], [9.147794120307646, -1.0098605780563519], [9.14906212408894, -1.009950375908509], [9.150115962802925, -1.0099020228202193], [9.153178909181337, -1.008627698309699], [9.157014746419831, -1.0074662059052766], [9.16094755980772, -1.0066943958368082], [9.16762095980772, -1.005728995836808], [9.17212995571692, -1.0053354466531879], [9.176654545823196, -1.0054538081304532], [9.181568345823196, -1.005861408130453], [9.185913075286718, -1.0064631136742241], [9.187697835474143, -1.0069137566535693], [9.188551477566024, -1.0067313507874553], [9.192807863174686, -1.0062893180529402], [9.197099363174685, -1.0060747180529404], [9.200525813834151, -1.0060503234333193], [9.203941780270737, -1.0063192704974948], [9.20732219535581, -1.0068795856515278], [9.210283395355809, -1.0075017856515278], [9.21390285095277, -1.0084408929917326], [9.21741879715654, -1.0097138830572903], [9.220800508154083, -1.0113096312028045], [9.22401843121227, -1.0132141922037676], [9.227044444938878, -1.015410922123715], [9.228653744938878, -1.016698222123715], [9.231381715269313, -1.0190911411085202], [9.233881600450895, -1.021721437188905], [9.236132826610769, -1.0245674632198247], [9.238116866321711, -1.0276057966144643], [9.238982467880108, -1.0290726699030752], [9.240367576280365, -1.028624122334461], [9.24424444304245, -1.0277817557954307], [9.253299643042451, -1.0262800557954308], [9.259065398238874, -1.0257486745834505], [9.272331098238874, -1.0254904745834503], [9.272550032086732, -1.0254868127456944], [9.274594632086732, -1.0254582127456946], [9.279885769489951, -1.0257351446233074], [9.29465894560005, -1.0274950457593435], [9.298757475663027, -1.0278579224924342], [9.303463930526142, -1.0230665731138642], [9.309078017172812, -1.0172927360341615], [9.314252542840656, -1.010308617049589], [9.316038451299336, -1.0080703224986851], [9.324032351299337, -0.9987559224986851], [9.327574319080242, -0.995122973551089], [9.334642183387965, -0.9887388667005236], [9.343870432610142, -0.9798386856439946], [9.3464167653653, -0.9775837766964176], [9.354656465365299, -0.9708899766964175], [9.357920365382437, -0.9685018524645375], [9.362297765382438, -0.9656270524645376], [9.365577584086193, -0.9636900539920985], [9.369026777588395, -0.9620738120559729], [9.372614067796524, -0.9607929831156434], [9.381218567796523, -0.9581754831156434], [9.38559736258101, -0.9571088306189263], [9.390068353422965, -0.956541528050154], [9.397428353422965, -0.956026628050154], [9.401122877209618, -0.9559392933968304], [9.413766785986912, -0.9562247951893166], [9.427278953768026, -0.9560840118398207], [9.436877216612993, -0.9548714314080622], [9.440674267649117, -0.9545745006242171], [9.444482346985968, -0.9546400462233442], [9.451091246985968, -0.9550691462233442], [9.455015496092598, -0.9555193794553238], [9.458876205271453, -0.956354463672851], [9.464626905271453, -0.9578991636728511], [9.468251857190372, -0.9590603938631964], [9.480007509763535, -0.9634532428240876], [9.482581787563527, -0.9608924654416159], [9.485111984942701, -0.9585824922027657], [9.487830572393896, -0.9564975084109836], [9.492443672393897, -0.9532636084109836], [9.495381068867164, -0.9513897380407612], [9.498470390739616, -0.9497785960315183], [9.502418590739616, -0.9479335960315183], [9.507689288997026, -0.9459103674415893], [9.518097229495094, -0.9427376368516657], [9.53340892903719, -0.937939267828578], [9.537787758602931, -0.9368342003460857], [9.55380249204629, -0.9337422458992266], [9.564531273168795, -0.9313874957635628], [9.56982764362948, -0.9300817457546029], [9.572185639677464, -0.9282369835584227], [9.57255617066652, -0.9277252499472806], [9.574152330193407, -0.9256655461697142], [9.579984430193408, -0.9186258461697142], [9.580764981793825, -0.9177119741496753], [9.584624381793825, -0.9133284741496752], [9.58679327517148, -0.9110520564930215], [9.589134269105074, -0.9089530273760158], [9.594005169105074, -0.9049194273760158], [9.598638384698427, -0.9016089168005711], [9.611470084698427, -0.8937565168005711], [9.61489423503411, -0.8918842903656304], [9.618484533321215, -0.8903546513380691], [9.624406833321215, -0.8881662513380691], [9.627718073275963, -0.8871038395270755], [9.631109076028022, -0.8863330417393392], [9.63455421189348, -0.8858596837748092], [9.64099151189348, -0.8852588837748091], [9.645441520341619, -0.8850925152165161], [9.649882445042067, -0.8854218197725863], [9.654259245580194, -0.8862427160724652], [9.656387734404756, -0.8867660638690181], [9.656715119658024, -0.8867491642506461], [9.659091449482599, -0.8860115449076094], [9.659338687217367, -0.8856942617735094], [9.663256566479134, -0.8813605117883092], [9.677377009495125, -0.8678679964825343], [9.682412949144178, -0.8621214828319209], [9.686731934139154, -0.8559952817930042], [9.688774643716846, -0.8533411685862551], [9.694010343716846, -0.847097668586255], [9.69644426037284, -0.8444471632638373], [9.701283112423035, -0.8396317090476197], [9.705096164521965, -0.8358368548110745], [9.708506544229309, -0.8328094929373581], [9.712239335894552, -0.8301899746521408], [9.71783443589455, -0.8267219746521408], [9.72285992082527, -0.8240810278672797], [9.730305720825271, -0.8208198278672797], [9.733805853528319, -0.8194785303114523], [9.737416171193376, -0.8184707533373218], [9.741104970700231, -0.8178053464915263], [9.75601807070023, -0.8158314464915262], [9.760905433090135, -0.8154872314555226], [9.765798215566386, -0.8157431118208283], [9.777573129087097, -0.8170857102930578], [9.781092611293955, -0.8169721530075335], [9.781615884739141, -0.8168431001177827], [9.781866144000464, -0.8167314550987012], [9.784457800663708, -0.8155752852089], [9.785367421606392, -0.8151829244050276], [9.793730521606392, -0.8116977244050276], [9.797809885868997, -0.8102513922668346], [9.804869583141565, -0.8081708599392389], [9.81255023625916, -0.805422662297873], [9.816690979862626, -0.8041889084099858], [9.8209406380998, -0.8034089653910838], [9.825249628332218, -0.8030919331806377], [9.829669928332219, -0.8030061331806377], [9.83403754698784, -0.8031601483883606], [9.838362294357623, -0.8037897304661659], [9.842825494357623, -0.8046908304661659], [9.848470204278886, -0.8062685348930072], [9.855385752199444, -0.8087606286553263], [9.856543191450271, -0.8086231335936113], [9.857749799916897, -0.8082368216563407], [9.865340474408818, -0.8039810160540577], [9.867197132409537, -0.8030031608235766], [9.874990939634145, -0.7991560279041148], [9.878940745214774, -0.7959444385426837], [9.885921016857013, -0.7888943411826099], [9.888465766498909, -0.7865378435760484], [9.891205081993768, -0.7844106429909402], [9.89411836911341, -0.782528731763443], [9.907808369113411, -0.774504331763443], [9.911181029688146, -0.7727374871357259], [9.914706399678254, -0.7712993126943912], [9.918352537955242, -0.7702028388205779], [9.92970363795524, -0.7673707388205779], [9.93304334882898, -0.7666871950776976], [9.936429132588087, -0.7662904973273023], [9.939836398071881, -0.7661835268101377], [9.945565598071882, -0.7662479268101376], [9.948985015384629, -0.7664329557149087], [9.952376076077991, -0.7669097762558443], [9.96434947607799, -0.7691196762558443], [9.96755704262773, -0.7698492323704403], [9.970693816933693, -0.77083987975917], [9.978761916933694, -0.77375787975917], [9.982188508370763, -0.7751801410625022], [9.98546858676795, -0.7769137620706432], [9.98954548676795, -0.7793167620706433], [9.993559776568823, -0.7820229371106149], [9.997217731439521, -0.7851942573587571], [10.001337631439522, -0.7892278573587572], [10.003485757702938, -0.7915021966282485], [10.003948227900013, -0.792075690544125], [10.006231697536949, -0.7918394906368547], [10.009834705421278, -0.79163048454988], [10.016529505421278, -0.79154468454988], [10.019493836922164, -0.7916166083779452], [10.031568636922165, -0.7923581083779453], [10.034527432832649, -0.7926505125565615], [10.037456335639035, -0.7931618850179936], [10.045133673922368, -0.7947984649615971], [10.047733253750257, -0.7935639049437221], [10.05173886819646, -0.7919209895696699], [10.055898581923993, -0.7907206147436612], [10.060163663579708, -0.789976842945324], [10.065570863579707, -0.7893330429453239], [10.069471565733206, -0.7890610797118232], [10.073380184322382, -0.7891712705237144], [10.077259368975708, -0.7896625624085296], [10.083331968975708, -0.7907354624085297], [10.083542470082046, -0.7907732340747733], [10.093198470082047, -0.7925325340747733], [10.094197171745227, -0.7927615596651418], [10.097347482956446, -0.7921903075935547], [10.100057931670722, -0.7915915229673446], [10.100045044424226, -0.7879051351828469], [10.100339386109415, -0.7829196723030702], [10.101705386109414, -0.7717265723030703], [10.10177164270511, -0.7712114902567853], [10.10246800292246, -0.7660623339861309], [10.102754384546646, -0.7625469277603474], [10.103140584546646, -0.7597576277603474], [10.103778523337807, -0.7562858231108186], [10.104720060211813, -0.7528837793514517], [10.105266459246291, -0.7512020068079465], [10.105759569782606, -0.749601830536939], [10.107738719679086, -0.7444654415231091], [10.109240719679086, -0.7412470415231092], [10.110624119195284, -0.7385537447940779], [10.1122072792177, -0.7359728058495351], [10.114138579217698, -0.733076305849535], [10.114891069470303, -0.7319872297428135], [10.117221669470304, -0.7287307297428135], [10.11974421627491, -0.7255587927121057], [10.122574776349419, -0.72265838643491], [10.125684293239424, -0.7200592843555412], [10.129040846924372, -0.7177881669503302], [10.132609981485103, -0.7158683478454158], [10.136355058803042, -0.714319534496151], [10.137015144487137, -0.7140849526767292], [10.137990821223683, -0.7137336775253245], [10.138439071413108, -0.7135571669487492], [10.141856490079846, -0.7119116631139588], [10.145235746174869, -0.7104717279137561], [10.146150151919574, -0.7101307976338667], [10.146024299387259, -0.7080814387329734], [10.146168883285672, -0.7041586884037669], [10.146697267742592, -0.7002689988898526], [10.147604364126854, -0.6964498300275699], [10.148881436604407, -0.6927379625008326], [10.150516186269174, -0.6891691436230367], [10.152492869588238, -0.6857777430708899], [10.154792450020674, -0.6825964218856376], [10.157392781349834, -0.679655817929381], [10.160268820963537, -0.6769842508257162], [10.163392871028098, -0.6746074492262788], [10.166734845233616, -0.6725483030297633], [10.170262558541582, -0.670826642939686], [10.173942037144398, -0.6694590494838693], [10.17773784565171, -0.6684586933348955], [10.181613428352591, -0.6678352084693294], [10.185531461267027, -0.6675945993872581], [10.189454211596233, -0.667739183285672], [10.193343901110147, -0.668267567742592], [10.197163069972431, -0.6691746641268534], [10.199695703088096, -0.6700460195899617], [10.199865101182759, -0.6698508427781574], [10.200874027658575, -0.6687316778468816], [10.203706427658574, -0.6657063778468816], [10.2067266045874, -0.6628016562735541], [10.210034085283779, -0.6602288275689867], [10.213592572470366, -0.6580161267209604], [10.221236801295781, -0.6538012871388851], [10.222637301748982, -0.6519194991418973], [10.230923450495538, -0.6343526348771485], [10.231283628238726, -0.6336770996871522], [10.231602711427708, -0.6329812105306559], [10.232206510657962, -0.631946177768142], [10.232770274195987, -0.6308888050793048], [10.23319493161241, -0.6302518263682904], [10.23358068739373, -0.6295905637299979], [10.23896288419013, -0.6213248905198557], [10.244052308025669, -0.6108509607539377], [10.246275660839547, -0.6044872489466853], [10.246286421242868, -0.6041841900224114], [10.246235517305822, -0.598690950126873], [10.246508829345988, -0.5936377038677368], [10.246739629345988, -0.5916797038677368], [10.247467215848385, -0.5874626354371424], [10.248641152962188, -0.5833474294982344], [10.249239052962187, -0.5816098294982344], [10.250373737308598, -0.5786893715699366], [10.254754037308599, -0.5686043715699366], [10.257180003388745, -0.563898460493231], [10.259700754076343, -0.5597142171928948], [10.256316176105408, -0.5384219980799045], [10.255955102291875, -0.5354248748600039], [10.255821088162548, -0.5324090562137276], [10.25578028816255, -0.5262866562137276], [10.255895318827307, -0.5229770638500444], [10.256283720809181, -0.5196883289005447], [10.25666782080918, -0.5172924289005447], [10.257393486151354, -0.5137811300431316], [10.258430663947347, -0.5103489190830648], [10.259771020596826, -0.5070233734275222], [10.263118420596825, -0.4996851734275223], [10.265239300276582, -0.49565938000549337], [10.267803678945805, -0.4919005097851104], [10.275740078945805, -0.4815812097851104], [10.279491187994749, -0.47735803345383065], [10.28897838799475, -0.4680872334538307], [10.292390654240409, -0.4651110992988816], [10.296117402859414, -0.46253966386895917], [10.319635002859414, -0.4482064638689591], [10.32357144324183, -0.4460991724907674], [10.33352784324183, -0.4414644724907674], [10.338342870998044, -0.4395911333643263], [10.35300123151652, -0.43495356464420987], [10.382856624865482, -0.4245804610635111], [10.384106463130626, -0.42416912138955465], [10.396465802881979, -0.4203255994383175], [10.398724218507667, -0.4191153466114205], [10.405590945990198, -0.4142822741614177], [10.412762211545456, -0.40844390619418247], [10.415906419592359, -0.40535718740894544], [10.416411965909111, -0.40475208109520033], [10.416884097570787, -0.40408127812083156], [10.417017071222265, -0.4037299816402753], [10.417821591341022, -0.39815445186911186], [10.417786497003727, -0.37301839864706643], [10.416005038015971, -0.3599785804519916], [10.41566040705402, -0.35593533520123083], [10.41572719923269, -0.3518779787388772], [10.41632799923269, -0.3429517787388772], [10.416955881233479, -0.33809222539468703], [10.418173223616828, -0.3333459034467308], [10.420834023616827, -0.3251063034467308], [10.42206882279185, -0.3217915144444664], [10.423591642820979, -0.31859877670217385], [10.42711064282098, -0.3119898767021739], [10.428773079645678, -0.309154967903796], [10.430662624804905, -0.3064660976610205], [10.436842424804905, -0.2983981976610205], [10.439485409849526, -0.29528990570550445], [10.442431283165645, -0.2924670207924782], [10.445649395060915, -0.2899589130084433], [10.45405968908406, -0.2840681071718331], [10.463932016570492, -0.2742956722578756], [10.468357523820796, -0.2705113079126998], [10.475352623820797, -0.2653615079126998], [10.479719863725746, -0.2625638787915849], [10.486243063725746, -0.2589589787915849], [10.490003391143572, -0.25713060619875133], [10.493934035942843, -0.2557047590507594], [10.51275441766031, -0.24997149646590175], [10.519807877043691, -0.24757036046909173], [10.52399444025165, -0.24551874938869364], [10.525575129707704, -0.24478638490461457], [10.532655329919566, -0.24169143998865203], [10.545374818107355, -0.236059670308021], [10.553518960990052, -0.231656578168858], [10.561561848534367, -0.22668192821739447], [10.573790641607834, -0.21630408523888336], [10.574156916359215, -0.2139715340652462], [10.57504534055199, -0.209787803049716], [10.576375393826096, -0.20572284781691702], [10.58215743824251, -0.19080252275679277], [10.582560997272264, -0.18972902853906023], [10.583883392362651, -0.186617423000159], [10.585463833218562, -0.18362860642737186], [10.58799583321856, -0.17929410642737187], [10.590188801199487, -0.17593825907870353], [10.59270665987862, -0.17281877071282672], [10.595524119222464, -0.16996697428974025], [10.598612879929794, -0.16741151400130128], [10.604378679929795, -0.16310911400130126], [10.607208531231741, -0.16118041339270953], [10.61019298593219, -0.15950083768150392], [10.611460019685598, -0.15885758244826068], [10.613180296397429, -0.15691475753332046], [10.613997652989557, -0.15593595118277473], [10.61643069302729, -0.1532757718708837], [10.619093358773698, -0.15084545318406029], [10.620380858773697, -0.1497725531840603], [10.620832420131547, -0.14940181219554766], [10.629230220131548, -0.14260911219554767], [10.63276915677525, -0.14005298319932663], [10.63656557287737, -0.13789773546576733], [10.640574248689786, -0.13616904051164627], [10.643194948689786, -0.13520484051164627], [10.64669470164384, -0.13409671409307464], [10.650281307104546, -0.1333141055266861], [10.653924556405686, -0.1328636064382449], [10.656284856405687, -0.13268120643824488], [10.66056301967425, -0.13258019076985883], [10.664827491546895, -0.1329367924596583], [10.676661391546894, -0.1345675924596583], [10.680051541608497, -0.13518460601700594], [10.683376008339998, -0.13609110704915867], [10.689083808339998, -0.13791500704915868], [10.69135467327052, -0.13871675767051772], [10.693545845969275, -0.1395653864861761], [10.696836639789794, -0.13898716477058648], [10.701134613200555, -0.138702239297864], [10.701153814488455, -0.13870200258233786], [10.707593855480551, -0.13720541543894527], [10.711860952060098, -0.13645469297007945], [10.716667452060097, -0.13587529297007944], [10.719092680372476, -0.13565759419445572], [10.722718980372477, -0.13544309419445574], [10.727092565992544, -0.13542391702686213], [10.728583965992545, -0.13549901702686212], [10.73259749468532, -0.13590479079441534], [10.736549743137934, -0.13671274938678166], [10.740400514353109, -0.13791467532732038], [10.741827414353107, -0.13844037532732037], [10.744912045834774, -0.13972557388142315], [10.74506688027864, -0.1398058557848167], [10.745537841345083, -0.13752451379402253], [10.74626286420425, -0.13458076430299926], [10.74733650447997, -0.1308384978815939], [10.747498968043598, -0.13004416800229995], [10.747519408299853, -0.12978664553800076], [10.748162662954543, -0.12514761424746615], [10.748550262954543, -0.12319911424746616], [10.749438061835914, -0.1196113011491045], [10.750653232805933, -0.11612074973189784], [10.75218540089459, -0.11275726186501893], [10.754021484652144, -0.10954955456575002], [10.756145807836825, -0.10652501481736404], [10.757184407836824, -0.10518271481736402], [10.759689862287328, -0.10224869638233314], [10.762466333860303, -0.09956970930040979], [10.765487991364099, -0.09717067780615825], [10.76872672249429, -0.09507392153825565], [10.77215239537942, -0.09329894788641536], [10.77362429537942, -0.09262424788641536], [10.777494874285116, -0.09108846136640839], [10.78150414329486, -0.08996339100961087], [10.78560865190239, -0.08926122978099257], [10.789763917441025, -0.08898958736221627], [10.793924907165174, -0.08915140768161171], [10.798046526293309, -0.08974493700931332], [10.800338926293309, -0.09019793700931333], [10.804798876302945, -0.09134961311017613], [10.805996287120962, -0.09181118962926965], [10.808340294969426, -0.08844466590871426], [10.810761347028551, -0.08531058897108397], [10.813480449195842, -0.08243128094174526], [10.816470947589014, -0.07983496611406864], [10.818166047589013, -0.07850456611406864], [10.821796170812032, -0.07596716740674447], [10.825684564786531, -0.07384665352720535], [10.829783557348376, -0.07216902222320293], [10.831570976631328, -0.07155061149686956], [10.833117494480716, -0.07086944469793716], [10.836222793203255, -0.06950168930646172], [10.840661500118312, -0.06785286356425257], [10.845263947136708, -0.06674010714489956], [10.849319447136708, -0.06601050714489956], [10.850361685376791, -0.0658728461684652], [10.851293168568223, -0.06570608057342656], [10.852119312812048, -0.06564069511159522], [10.853020179708752, -0.06552170675378212], [10.856368954052572, -0.06523757405702076], [10.86207829376875, -0.06469778510488536], [10.867144471374864, -0.0645413686882516], [10.869783771374864, -0.0646272686882516], [10.87285192844457, -0.06484545401752792], [10.875894248602943, -0.06529875380381825], [10.880130648602943, -0.06609755380381825], [10.883366246695575, -0.06684797924893932], [10.887530746695575, -0.0679979792489393], [10.889269665478187, -0.06847825392097964], [10.891040840458285, -0.06901181069636486], [10.894332140458284, -0.07008691069636487], [10.8977941351832, -0.07139797926031813], [10.901120096360433, -0.07302349164177735], [10.904281536491723, -0.0749495250140252], [10.906267636491723, -0.07628932501402519], [10.9092043996714, -0.07847233096379819], [10.911369370226335, -0.08041267453428057], [10.91265056585741, -0.08049618739744069], [10.913101148329075, -0.08052245643334778], [10.913332306412238, -0.08050439575674793], [10.914549362725614, -0.0795920906101661], [10.914683010536391, -0.07946746058336557], [10.91528881053639, -0.07893096058336557], [10.91830264940058, -0.07651130911920004], [10.918361340096876, -0.07647287252741872], [10.918676073389502, -0.07605012003086165], [10.921685273389501, -0.07230072003086163], [10.9217597576505, -0.07220819596251553], [10.923021357650502, -0.07064579596251554], [10.925590260597254, -0.06776125622294542], [10.928425408310956, -0.06513794356516332], [10.931500363337118, -0.06280032010402409], [10.934786452043264, -0.06077018393264629], [10.940042852043263, -0.057863683932646286], [10.944312064505542, -0.05582287122728409], [10.948792405865625, -0.0543004938615869], [10.951367305865626, -0.053592393861586894], [10.955142896248786, -0.05274814655869364], [10.958982387166458, -0.05227259872412191], [10.961557387166458, -0.05207949872412191], [10.965649056731168, -0.051982640428121674], [10.970652356731168, -0.05212034042812168], [10.975240404132967, -0.05251175457365166], [10.979753066823838, -0.05342786561108087], [10.982914766823837, -0.05426176561108087], [10.986170180390593, -0.05527053957898643], [10.98932790471429, -0.0565527718139801], [10.99296340471429, -0.05821277181398011], [10.99309931386985, -0.0582751363490671], [10.995827208923187, -0.05953306144768756], [10.99672652496727, -0.05955989829958741], [11.000458669526274, -0.059846486639156884], [11.004147684005229, -0.06048068539329051], [11.00560688400523, -0.06080248539329052], [11.008220662438553, -0.06147209600649156], [11.012769662438552, -0.06280249600649156], [11.016158997008896, -0.0639608244076744], [11.019431124598617, -0.06541770276611708], [11.020890224598617, -0.06614730276611708], [11.02417130640226, -0.06798564099102086], [11.027265227009092, -0.07012401432371174], [11.030144634255807, -0.07254351822718355], [11.031110270894615, -0.07352371801614335], [11.032136215543426, -0.07370227317346552], [11.035021365893899, -0.07348852439377196], [11.036019060691924, -0.07342713311555113], [11.039023160691924, -0.07327993311555113], [11.04245365156221, -0.07325912534385735], [11.04724925156221, -0.07343582534385736], [11.052707699273032, -0.0740138133979592], [11.056216199273033, -0.07463111339795919], [11.059762979170394, -0.07542276364734485], [11.063223273278918, -0.07653304399040387], [11.064915409449707, -0.07725119837953752], [11.065191478074725, -0.07728448238225], [11.070770478074724, -0.07818578238224999], [11.073126693419763, -0.07868848458762631], [11.073953900090537, -0.07735728461764173], [11.074473968699781, -0.0765424821965961], [11.07655536869978, -0.07336678219659609], [11.07807943926738, -0.07120132481430372], [11.083143836344373, -0.06448920589459918], [11.085910421155585, -0.06071833557043933], [11.086064486177465, -0.06050976491383632], [11.089032786177464, -0.05651846491383632], [11.089676179834516, -0.055676839098813546], [11.092201124819926, -0.052463062186871474], [11.094654184877097, -0.0490505716333144], [11.096837440090715, -0.04627989040675021], [11.099256307679738, -0.043712331765978746], [11.101891975993327, -0.04136786373937608], [11.103158075993326, -0.04033796373937608], [11.106679258525082, -0.03777898366038343], [11.107817758525083, -0.037042783660383424], [11.110566443453596, -0.03541717589838248], [11.113171874765063, -0.03401353898775888], [11.115479609829016, -0.03276840903325227], [11.118712511347754, -0.0312071776358396], [11.122072376006763, -0.02994210642074121], [11.124984176006762, -0.028992606420741217], [11.13038222873635, -0.027639555337855816], [11.13303722873635, -0.027167455337855813], [11.137163312011097, -0.02665327577157449], [11.14132047959648, -0.026570200603396744], [11.145247407150306, -0.02669597382931044], [11.147300003508981, -0.02660100161708004], [11.151507578255297, -0.026249753641351098], [11.155219311222336, -0.026112944310407553], [11.158714216211221, -0.026309031387326393], [11.160659793807124, -0.025078573451411325], [11.164392376814162, -0.023230402892684278], [11.16829690822269, -0.02178038744504801], [11.172331053369764, -0.020744248819718862], [11.176451072262745, -0.020133221291665504], [11.177443372262745, -0.0200385212916655], [11.181478299312772, -0.01985828913990239], [11.185510832419457, -0.020085877960064814], [11.189499857085185, -0.0207189673248293], [11.193404702411353, -0.021751102444988173], [11.197185555766646, -0.023171759980543556], [11.200803868704682, -0.024966455333524748], [11.201968668704682, -0.02561945533352475], [11.205393816075915, -0.027774289109433206], [11.208583721873246, -0.030264157403264425], [11.211505739517936, -0.033063578057718784], [11.214129964089539, -0.03614390085156134], [11.215121864089538, -0.03743520085156135], [11.217535386744123, -0.040950304714654336], [11.219561026006968, -0.04470234847097511], [11.220749529288577, -0.04760699778276163], [11.221561253224165, -0.04725752305706388], [11.224983281006766, -0.04613679053148333], [11.228492231070685, -0.045328344498834466], [11.230961231070685, -0.044875444498834474], [11.234277684107846, -0.044409629548119466], [11.237621479381882, -0.044222874410721195], [11.240538279381882, -0.044182274410721194], [11.244152279588699, -0.04429540811728735], [11.247741298388084, -0.044734430654401074], [11.251276009466133, -0.045495754714930926], [11.254727530264015, -0.04657315942636857], [11.2580676579809, -0.04795784118234324], [11.2606163579809, -0.049152141182343234], [11.261120732210077, -0.04939279803893422], [11.26288188511141, -0.050248268018168285], [11.264273406900836, -0.05083973534875033], [11.264372349855469, -0.05088765245433403], [11.264475302927735, -0.050926206600537434], [11.266138583318197, -0.05174302205223136], [11.267806323638105, -0.05255069238400841], [11.267900093457705, -0.05260807686109997], [11.26799877181563, -0.052656536524283766], [11.27251817181563, -0.055158336524283764], [11.275049452132283, -0.05668439337195979], [11.27746113427386, -0.05839319961955214], [11.279886476359101, -0.06024999485813472], [11.284786605493546, -0.06375955794870485], [11.286310827601307, -0.06325227599123351], [11.289939297067463, -0.062409868242040374], [11.292044797067462, -0.062023368242040376], [11.295667711692582, -0.06152824700920736], [11.299320702673684, -0.06136603631874436], [11.302973243208488, -0.06153809171018081], [11.306594810258943, -0.062042975375171956], [11.308182110258944, -0.062338775375171955], [11.311914478046424, -0.06322135206465185], [11.315545162864161, -0.064457328871905], [11.31904078621344, -0.0660353429129718], [11.32236921127563, -0.06794088680362807], [11.32464871127563, -0.06939528680362808], [11.328035188204542, -0.07181267136677016], [11.330363162711379, -0.07387106610444096], [11.333397982046568, -0.07157974847840887], [11.33541868204657, -0.07025644847840887], [11.336745922851444, -0.0694239520872508], [11.337492492248817, -0.0689758047694482], [11.338910715104134, -0.06802579025331766], [11.339528385432272, -0.06762025040793658], [11.342296385432272, -0.06583925040793659], [11.345811325188357, -0.06382179027855561], [11.349512368572855, -0.06217035916324396], [11.353361522185185, -0.060901909979699076], [11.35731927218563, -0.060029464109444444], [11.361344989928284, -0.05956197772564218], [11.363984289928284, -0.05939037772564217], [11.368079972596398, -0.059334252632290585], [11.372159921152683, -0.059697276491106246], [11.376181352831894, -0.06047564259611849], [11.380102098482853, -0.06166118891933026], [11.382312198482852, -0.062455088919330264], [11.386809248420048, -0.06438876548174519], [11.39103642525484, -0.06685727499014921], [11.391764239557903, -0.06734434569850373], [11.39205930305669, -0.06750115725958762], [11.394112678810867, -0.06661876335237232], [11.398539096225198, -0.06529636313838659], [11.400169896225199, -0.06491016313838659], [11.40326860529725, -0.0643043968227577], [11.40640543934229, -0.06394492093172793], [11.41099733934229, -0.06360162093172794], [11.413289393416974, -0.06349625353175595], [11.418267593416974, -0.06341035353175595], [11.422002362990726, -0.0635204429837647], [11.4257105666935, -0.06397853550193439], [11.429359849003047, -0.06478063405054346], [11.43291836850924, -0.06591974000720922], [11.43602976850924, -0.06707854000720923], [11.436033405175271, -0.06708008686785376], [11.436131647081128, -0.06693909263497488], [11.438324831917376, -0.06407590909414028], [11.440767001132743, -0.061421914135976086], [11.44343830007511, -0.05899868453996919], [11.446317011284897, -0.056825920980560746], [11.450897311284898, -0.053682620980560744], [11.45393162377051, -0.05179393965133092], [11.457122413254696, -0.050183650270095505], [11.460444204934042, -0.04886460915521491], [11.463870478102484, -0.04784734734086313], [11.466181678102483, -0.04727214734086313], [11.470340277662212, -0.04646826845924404], [11.474560565873556, -0.04610863118687562], [11.478795222302441, -0.04619726799523517], [11.48299676540961, -0.04673318503460527], [11.48512106540961, -0.04711938503460527], [11.485691695953047, -0.04725407013343971], [11.487794540933665, -0.04662922540776723], [11.49218502919323, -0.045590073038289554], [11.496664612460556, -0.045051966584642826], [11.500398312460556, -0.044815966584642826], [11.500807925426898, -0.04479218429068659], [11.5022363258874, -0.044716599347073206], [11.50223956744741, -0.04471599535182673], [11.505081466959481, -0.04345842608438592], [11.508098659406324, -0.04226712379950587], [11.51120246143311, -0.041324221697603344], [11.514880339654914, -0.04036796478978837], [11.52083808256562, -0.03861557537714016], [11.521654516998353, -0.03838481111086439], [11.529486616998353, -0.03626051111086438], [11.53275548462366, -0.03551940443715233], [11.536074922706295, -0.035054576007346815], [11.539594022706295, -0.03471137600734683], [11.543622989380019, -0.03452276787402924], [11.547650467626411, -0.034740860654226526], [11.55112646762641, -0.03510556065422652], [11.554383451037424, -0.035583479401822576], [11.557590107396972, -0.03632759112777042], [11.560079307396974, -0.03701429112777042], [11.564415897847946, -0.038482440152210605], [11.568556313782002, -0.040436521570787885], [11.571238513782001, -0.04189562157078789], [11.575420573397972, -0.044517316585486945], [11.576858173397973, -0.045547316585486934], [11.579564100283028, -0.0476744357460355], [11.579574762406951, -0.04765086858782122], [11.58060476240695, -0.045676768587821215], [11.58269414069304, -0.04213013379441143], [11.58513694959281, -0.03881700767857889], [11.587907319576832, -0.03577247649433342], [11.590975912219228, -0.033028782055218336], [11.594310230893814, -0.030614980291087175], [11.595468930893816, -0.02986388029108717], [11.598748367967598, -0.027952682104200335], [11.602194194430162, -0.026360932745680285], [11.605775381936482, -0.02510296530769686], [11.609459683267277, -0.024190107304308033], [11.613213922702846, -0.023630578671542453], [11.617004294757685, -0.0234294177500297], [11.618803594757685, -0.023419417750029703], [11.624298704841392, -0.023767853868733417], [11.627384138795327, -0.02417815658978921], [11.630569782930465, -0.02406991972960597], [11.638657782248234, -0.021889466294080825], [11.638736304157863, -0.021868383055708075], [11.644594304157863, -0.020301883055708077], [11.64928947490444, -0.019343463417088765], [11.654065565445409, -0.01895339202915034], [11.657048165445408, -0.018889092029150345], [11.661217951050588, -0.019016791526886283], [11.665351758882236, -0.01957808642789259], [11.667632732461165, -0.0201345796542829], [11.669550004516465, -0.020307497845607612], [11.672848118183895, -0.02074386489300796], [11.676098562670653, -0.02145279408682197], [11.682012262670652, -0.023002794086821973], [11.687011958605995, -0.024672263056234642], [11.692771158605995, -0.02702756305623464], [11.6960364041839, -0.028537713738928563], [11.69915275973619, -0.03033513184281543], [11.701173148505884, -0.03162486328104574], [11.701982852068097, -0.031808771917860156], [11.70596551496023, -0.033166638077227945], [11.709783499722171, -0.034935365466257084], [11.714246699722171, -0.03729566546625708], [11.717389867575628, -0.03914599682960841], [11.720351423324304, -0.04127494442330114], [11.723106743056826, -0.04366480707223787], [11.726582843056825, -0.04696930707223787], [11.727782567600869, -0.04815904291221948], [11.732760767600869, -0.053308842912219476], [11.735052310074293, -0.05589401247728741], [11.735622466169392, -0.05659610418916201], [11.736207411395629, -0.056500452884608955], [11.737741611395629, -0.05629655288460896], [11.73954135311902, -0.05609869957334402], [11.74336085311902, -0.05576609957334402], [11.747561966155535, -0.0556219812795408], [11.752261166155535, -0.0557078812795408], [11.75534193285702, -0.05588324010411709], [11.75735903285702, -0.05607634010411709], [11.75820290546329, -0.05620050730167596], [11.759619192068476, -0.056222836347608274], [11.761606000486765, -0.05619786021671847], [11.76587582021873, -0.05637247556851353], [11.766491473506427, -0.05646411115706941], [11.767196800531831, -0.05629572060884896], [11.770669454640956, -0.055627373852493334], [11.773298054640955, -0.05524107385249333], [11.777825351296771, -0.05483676308232401], [11.77891240378689, -0.05486353743246096], [11.780016175107791, -0.05431328071442453], [11.78426477510779, -0.05236068071442452], [11.787834083666603, -0.050923934404168356], [11.79152492100873, -0.04983677146237832], [11.79457192100873, -0.04909647146237832], [11.798037080272644, -0.04841500718850008], [11.801548841060116, -0.04804183370009728], [11.803458641060116, -0.047923833700097285], [11.807969047632348, -0.047899940308688195], [11.8119909427394, -0.04833406581944234], [11.814642024400358, -0.04640048780334915], [11.818261717047776, -0.04430146154258685], [11.822080876945131, -0.04259204533125516], [11.826057712729718, -0.04129094454824003], [11.826547412729719, -0.04115864454824003], [11.8299513443791, -0.04039656675264999], [11.83340872681619, -0.039933943878250576], [11.836505646870132, -0.039792053503211584], [11.837806761683455, -0.03929790292710181], [11.838809489483603, -0.03804085202054225], [11.841717745708351, -0.03508370629806111], [11.844916582409404, -0.03244360992619111], [11.847586482409405, -0.03046350992619111], [11.850745018249297, -0.02834605241847725], [11.854090351495644, -0.026538092125843696], [11.857592248751612, -0.025055968461128147], [11.861219061675577, -0.023913076093745114], [11.862603061675577, -0.023548276093745123], [11.865982202199321, -0.02281220064720097], [11.869412294001009, -0.02237076211895008], [11.872867696291737, -0.022227260371727627], [11.876322579080407, -0.02238276811676703], [11.877899679080407, -0.022522268116767025], [11.881337493631582, -0.022977261569929013], [11.884722980387942, -0.023728305745204466], [11.88803069405656, -0.02476975580023738], [11.891235773886457, -0.026093784204270387], [11.893849673886457, -0.027308784204270395], [11.897152387572332, -0.0290354141370738], [11.900280070063191, -0.031061931063250114], [11.905568070063191, -0.03484923106325011], [11.906651388133119, -0.03565308990977342], [11.909446795784303, -0.03780140574888632], [11.910328585197595, -0.03763459245086287], [11.91444519137744, -0.037289456716819665], [11.918575440501964, -0.03737074191975213], [11.921279040501963, -0.03756394191975212], [11.9247579275701, -0.037966241333805426], [11.928188292998577, -0.03867128961479117], [11.931543841964285, -0.039673682347285376], [11.93479885313568, -0.040965735877713585], [11.937094853135681, -0.041995635877713586], [11.940945503804153, -0.043979975469802146], [11.944558991532352, -0.046369080035426107], [11.947892936626634, -0.0491349296870983], [11.950908237924251, -0.05224508599698252], [11.95477063792425, -0.05668688599698253], [11.956567937817129, -0.0590809966340508], [11.957786007585026, -0.060031909647449866], [11.960456108877942, -0.06254185949791993], [11.962885297042005, -0.0652856404712999], [11.96325351967893, -0.06574207566711879], [11.965063248178762, -0.06551105589975964], [11.96870235583883, -0.0653803562821038], [11.97316555583883, -0.0654233562821038], [11.976974518615172, -0.0656420116755579], [11.980745323557956, -0.06622256115331057], [11.988770523557955, -0.06785326115331056], [11.990805794474642, -0.06832246839298348], [11.997157994474643, -0.06996266839298347], [12.00132793200744, -0.07128649550887836], [12.00945963200744, -0.07436699550887836], [12.011315469695324, -0.07512372695480476], [12.012474948997143, -0.07563075100214797], [12.013386422938279, -0.07541973095504882], [12.014213844411566, -0.0752373811483093], [12.017178444411567, -0.07461688114830929], [12.020438907602397, -0.07407398234060623], [12.023733062500998, -0.0738021315760442], [12.027038415466139, -0.07380318514667822], [12.029613315466138, -0.07391048514667822], [12.033925681454726, -0.07432499559756675], [12.038167926873783, -0.07520344487777916], [12.041172026873783, -0.07599734487777915], [12.044633221703798, -0.07708214657214935], [12.047981917007503, -0.07847602753204619], [12.05119057674729, -0.08016752599249641], [12.051225420545087, -0.08019014870419591], [12.05323909716579, -0.07936063074434724], [12.056516768978316, -0.07832935545977023], [12.059870854469107, -0.07758318406949914], [12.064698854469107, -0.07672488406949914], [12.06880856812382, -0.07621204884965871], [12.07294928034894, -0.07612691040249979], [12.08187558034894, -0.07640581040249979], [12.084247516550457, -0.0765505432615118], [12.092272716550458, -0.0772800432615118], [12.097024544903412, -0.07800194320161685], [12.101655483567288, -0.07928857419412794], [12.105775383567288, -0.08070487419412792], [12.108642985765087, -0.08181567398100119], [12.111416777378512, -0.0831434912186659], [12.11171223402796, -0.08329915914040661], [12.111997931554578, -0.0832329944216198], [12.11602102386756, -0.08272276518375662], [12.12340242386756, -0.08216486518375662], [12.127064577256965, -0.08205634067828746], [12.130721298658173, -0.08228335083172325], [12.134341910132653, -0.08284399115018318], [12.138376010132653, -0.0836593911501832], [12.142604465077035, -0.08475747025681046], [12.146687949731032, -0.08631013313768945], [12.150577754225127, -0.08829885884496927], [12.155654554225128, -0.09125475884496928], [12.15831938922145, -0.09295064042804504], [12.158666338829455, -0.09319119534993653], [12.160931799617833, -0.09397885123455726], [12.168639699617833, -0.09693595123455728], [12.172833741105944, -0.09882842611178125], [12.176176437614782, -0.10082746224937059], [12.177790267458075, -0.09916080640628412], [12.179238667458074, -0.09777680640628413], [12.18049511414044, -0.09662639963200359], [12.182383341598305, -0.09497005163139587], [12.18524418058168, -0.09226627710878792], [12.188502443552986, -0.08905180873195467], [12.190553920557036, -0.08716435928778252], [12.192252720557036, -0.08570735928778252], [12.193201724731493, -0.08491851087940701], [12.194843724731493, -0.083595910879407], [12.195411590214457, -0.08314691758305792], [12.196644990214457, -0.08218971758305793], [12.197972603190024, -0.08120270471021752], [12.199180758701411, -0.08034271514724449], [12.200415832132622, -0.07946125072676871], [12.204023361764834, -0.07716725379737119], [12.204956761764835, -0.07664155379737117], [12.209152581716383, -0.07459129549094087], [12.213558763636652, -0.07304403175311028], [12.21432586363665, -0.07282403175311028], [12.21808276780832, -0.07194027058334473], [12.21872116780832, -0.07182227058334474], [12.223092614954009, -0.07126118247328195], [12.22368851495401, -0.07121788247328194], [12.22782910509118, -0.0711319775394624], [12.231956384253502, -0.07147466261057264], [12.232513784253502, -0.07155016261057265], [12.233993218464445, -0.0718313351913801], [12.234093321885915, -0.07150171047554285], [12.235319592685563, -0.06853159626851509], [12.235356983323957, -0.06827579312964253], [12.236043754690776, -0.06471432831930737], [12.237050313213258, -0.061229715507765965], [12.238368382661172, -0.057850606241106974], [12.239987125466731, -0.05460478458319298], [12.241893231834391, -0.051518938666639646], [12.242054231834391, -0.051282938666639646], [12.244353126221723, -0.04823624246695782], [12.246224065315445, -0.04619487176056485], [12.245506340055769, -0.045062998691202026], [12.243798165210476, -0.041708290649424246], [12.243251065210476, -0.04049589064942424], [12.242401477600321, -0.03825371071178709], [12.241300268832424, -0.0365365864039034], [12.239274585598546, -0.03239528736058198], [12.238770385598546, -0.031193587360581983], [12.237700146854934, -0.02834332274640326], [12.236849797005435, -0.02541991301244065], [12.236560097005436, -0.02426121301244065], [12.236104589946901, -0.022047316849781017], [12.236103672503834, -0.02204751102390057], [12.23607706603072, -0.021921799500820342], [12.235219073431857, -0.019090007067090124], [12.234940173431857, -0.017984907067090126], [12.234421314611103, -0.015632595900517597], [12.234120914611102, -0.014044795900517595], [12.233504425510533, -0.009148985085502954], [12.233386325510534, -0.007292885085502953], [12.233361032110663, -0.006762281058214772], [12.2307315054148, -0.0036987974362935293], [12.228284907659555, -0.0001311792513424906], [12.227988807659555, 0.000355020748657512], [12.22617602264937, 0.003675590516017853], [12.225828322649368, 0.004390990516017851], [12.225180152926994, 0.005839345516983696], [12.220542209350276, 0.011516788254984714], [12.219952035878322, 0.012119994857870828], [12.219096487625766, 0.013022064249057136], [12.217430726172925, 0.014833986460392518], [12.213875642900227, 0.018603423145432247], [12.210303185027312, 0.022971383979922412], [12.209348385027312, 0.024323183979922412], [12.208396757382197, 0.025733189964596406], [12.207521157382198, 0.027091989964596407], [12.206766008409371, 0.028400742113576922], [12.205981461157325, 0.02969208551020898], [12.205785521765193, 0.030100028014487933], [12.205559345651945, 0.03049201487391866], [12.204936113070866, 0.03186848256642383], [12.204281917415202, 0.0332305068697389], [12.20412690688249, 0.03365569043824261], [12.203940241300051, 0.03406795890964555], [12.203454927181172, 0.03549888600934642], [12.20293738338367, 0.03691847418074173], [12.20282479454654, 0.037356804063294606], [12.20267943718652, 0.03778538377590321], [12.202336715370105, 0.039256989672603104], [12.201960807660454, 0.040720470301964504], [12.201891724810958, 0.04116772514216479], [12.201789075544188, 0.04160848863907842], [12.20159224662868, 0.04310660096352995], [12.201361595203615, 0.04459987993237734], [12.201336683647357, 0.04505175242163184], [12.201277731042392, 0.0455004549094171], [12.201228690597848, 0.04701064602099273], [12.201145516756679, 0.048519342236538365], [12.201165016405563, 0.048971480595749114], [12.201150328208216, 0.04942380082417071], [12.201249548520925, 0.050931526756923876], [12.201314653273208, 0.05244111064986246], [12.201378376334954, 0.052889160539460106], [12.201408094000596, 0.0533407424174611], [12.201654619524708, 0.054831482946430234], [12.201867375876088, 0.0563274163986726], [12.20197470866278, 0.056767062853309826], [12.202048545994044, 0.057213557400526846], [12.202440002553997, 0.05867295587949245], [12.202798361544506, 0.06014083223413695], [12.202948270382732, 0.06056784121811012], [12.203065516285756, 0.06100494844798499], [12.203598133940883, 0.06241895007180114], [12.204098644377545, 0.06384463287713484], [12.204384144377544, 0.06454573287713485], [12.20652226794588, 0.06899011500415794], [12.206774367945881, 0.06944071500415794], [12.208799999292209, 0.07268653397635942], [12.211126474253561, 0.07572397326064717], [12.21138937425356, 0.07603517326064717], [12.214155815619485, 0.07899225018356626], [12.217207055809792, 0.08165447388945643], [12.220511824376743, 0.08399456074212905], [12.220790724376744, 0.08417156074212906], [12.224682692477293, 0.0863472119835407], [12.228792623391078, 0.08807618332623382], [12.233069448981395, 0.08933699135680359], [12.234043699554848, 0.08956604664194626], [12.235695548851979, 0.09009206484733862], [12.236128269596966, 0.09022716546929409], [12.238593269596967, 0.09098146546929409], [12.240516411316472, 0.09151784672258902], [12.242984011316471, 0.09214014672258902], [12.245427864362915, 0.09267576699728311], [12.249762896467901, 0.09348469360326551], [12.251283586164806, 0.09383265416299807], [12.255672908887908, 0.09458274271824121], [12.256896008887907, 0.09472224271824121], [12.259583559373642, 0.09489241335240016], [12.262204172502662, 0.09733384715746812], [12.262762372502662, 0.09779504715746812], [12.266376433717289, 0.10045460607723561], [12.27026563255847, 0.10269264639960535], [12.27195943255847, 0.10354464639960535], [12.275954129755336, 0.105288202957672], [12.27684153897239, 0.10556516701770015], [12.27765611876553, 0.10752989402106301], [12.278436685095725, 0.1089966836929885], [12.278441005512484, 0.10912505356945366], [12.278850290402696, 0.11253374234519342], [12.278934290402695, 0.11304634234519342], [12.279695904143928, 0.11664701641582394], [12.280785236082918, 0.12016244884732405], [12.282193064405751, 0.12356287950639834], [12.282345164405752, 0.12388717950639834], [12.284362644472198, 0.12765174371660917], [12.286582556054025, 0.13090500740824276], [12.286839954507862, 0.13213446876400378], [12.288076130656016, 0.13601658654879628], [12.28970079292892, 0.13975282027586267], [12.289882192928921, 0.14011792027586267], [12.291739275796807, 0.14344733902750373], [12.293904883910518, 0.1465848424139241], [12.296359345717, 0.14950193055837485], [12.299080365827098, 0.15217210575158102], [12.299489065827098, 0.152536605751581], [12.302880401750375, 0.15524562470119446], [12.306545300690582, 0.15757123403466994], [12.310440608593227, 0.15948604978493547], [12.311019908593227, 0.15973274978493546], [12.314912661130409, 0.16115707046085068], [12.31893191382312, 0.16217088479084418], [12.31990831382312, 0.16236398479084418], [12.324553285427536, 0.1630024928506792], [12.325341793367244, 0.163017730750662], [12.325297005708599, 0.16404070579610128], [12.325105198490615, 0.1663922774512113], [12.325022884825229, 0.1676430309035964], [12.32501914604842, 0.1677176729120309], [12.323932449322495, 0.1690931100557496], [12.323181449322496, 0.17015531005574958], [12.320850163379085, 0.17386891957389117], [12.318939350705158, 0.1778153844132552], [12.317471971852479, 0.1819472833841749], [12.316465659019412, 0.18621496709846105], [12.316251059019411, 0.18741656709846108], [12.315712303904634, 0.19185348731269614], [12.315671909179843, 0.1963228145917611], [12.315736309179844, 0.1976961145917611], [12.316075240534655, 0.20134333070934285], [12.316746388014773, 0.20494425016575316], [12.317744123603994, 0.2084686768660298], [12.318750273175414, 0.21108228870532214], [12.317732388624629, 0.2130344572589537], [12.317571488624628, 0.21338845725895372], [12.31639520373034, 0.21626886569518275], [12.315446355550744, 0.21923198669239327], [12.315339055550744, 0.21961818669239327], [12.314475886824525, 0.22344276596391732], [12.313991296926888, 0.22733347791485917], [12.313959096926888, 0.22776267791485916], [12.313867019012097, 0.2320205537872256], [12.314228163789133, 0.23626408530435752], [12.314281863789134, 0.23665028530435753], [12.315048549202077, 0.24065509425487944], [12.315585413195846, 0.2424467344705489], [12.315601100294913, 0.2427740061056264], [12.315619917895344, 0.24293409613915112], [12.31563374821463, 0.24306907054454827], [12.315637047129133, 0.24313456370014427], [12.315750671741288, 0.2447437298416662], [12.315770871741288, 0.24496592984166618], [12.316190701422281, 0.24815529579131343], [12.316865461116425, 0.2513006115905569], [12.316961961116425, 0.2516761115905569], [12.318292324302227, 0.2558774666410004], [12.318442524302228, 0.25627436664100045], [12.319703625957613, 0.25924001498031746], [12.320138125957614, 0.26015731498031747], [12.322050810523141, 0.26371821681398927], [12.32251751052314, 0.2644907168139892], [12.323575623933513, 0.26614863776208053], [12.324073923933513, 0.26688863776208055], [12.325546915840132, 0.2689339284124513], [12.325939115840132, 0.2694438284124513], [12.328858110609751, 0.27282915838473537], [12.332136599463274, 0.2758676613588368], [12.332479999463274, 0.27615196135883674], [12.336031914942632, 0.27877610246574847], [12.336873381037599, 0.27926443250756333], [12.337257228752506, 0.27966547124742813], [12.337815128752505, 0.28022337124742813], [12.340600375319038, 0.28275792120263044], [12.341370875319038, 0.2833954212026304], [12.344352033712985, 0.2856363292469273], [12.345062033712987, 0.2861199292469273], [12.346999174352831, 0.28735937975456416], [12.34756247435283, 0.28769737975456416], [12.350047647270856, 0.28907103239983506], [12.350777247270855, 0.28944113239983504], [12.352994809588214, 0.2904819135579604], [12.353590209588214, 0.2907394135579604], [12.357302945458539, 0.29213100413200094], [12.357807245458538, 0.2922920041320009], [12.363472581887143, 0.29365515522955254], [12.364028181887143, 0.29374665522955257], [12.367728662437505, 0.29418021911842956], [12.371453430792593, 0.2942675956042524], [12.371933130792593, 0.29425649560425243], [12.375465706161842, 0.2940180122263207], [12.378963353939232, 0.29346808215231834], [12.379676853939234, 0.2933232821523183], [12.383503315033758, 0.2923317059375894], [12.383549600705535, 0.29234494142096357], [12.387537666762702, 0.2932674950765106], [12.391599136034197, 0.2937776357241777], [12.391888736034197, 0.29379903572417776], [12.393567391170462, 0.29383583565160204], [12.39373229136408, 0.2938813739833663], [12.394102391364079, 0.2939564739833663], [12.394802296422506, 0.29409201495353565], [12.395558696422507, 0.2942315149535356], [12.39723032740321, 0.29450334986084387], [12.398493127403212, 0.2946813498608439], [12.40321676584874, 0.29506366609593326], [12.40491516584874, 0.29510016609593326], [12.407950954266141, 0.2950501496437943], [12.40918497311361, 0.2949358039755851], [12.411336729196591, 0.29559861338320026], [12.411851729196592, 0.29572741338320024], [12.415346407473127, 0.2964375625677496], [12.418890446272986, 0.29683363971413407], [12.419565546272986, 0.2968787397141341], [12.425275916336627, 0.29685169874296824], [12.425866816336626, 0.2968065987429682], [12.430297715486581, 0.29621794506115645], [12.43463527327519, 0.29513860597417646], [12.43522537327519, 0.29495620597417643], [12.436407791079517, 0.294570481612], [12.43719100982986, 0.2943014399807905], [12.439426634797506, 0.29361481607290274], [12.439771540211993, 0.2935071787784889], [12.441970940211991, 0.29280987877848896], [12.44348530852149, 0.2922962295932486], [12.44483671562639, 0.291807521682458], [12.445107054709878, 0.2917225658258777], [12.446409096848765, 0.2912887109013841], [12.44767008129898, 0.2908443607001469], [12.44986706715215, 0.29009559486329256], [12.452122721624034, 0.28925020373911275], [12.453457169106525, 0.28870369965092524], [12.454693552848552, 0.2893267459257238], [12.458331998122627, 0.2907346644722704], [12.46209029358351, 0.2917814375493272], [12.465932687227363, 0.2924571073886833], [12.466571087227363, 0.2925375073886833], [12.47039567602311, 0.2928337818126211], [12.474231057761404, 0.29276233314308164], [12.474955257761405, 0.29271403314308164], [12.47650736378526, 0.2925145360437898], [12.478890125454344, 0.29366889677436225], [12.479885225454344, 0.2940903967743623], [12.483706338883302, 0.29548434034015075], [12.4858548388833, 0.29614644034015075], [12.486680246451145, 0.29639111049024947], [12.488300246451146, 0.29685241049024946], [12.492606483343057, 0.29782531235936266], [12.496993707150493, 0.29831773644451126], [12.497562407150491, 0.29834993644451124], [12.501376958228393, 0.298383727097628], [12.505177381569776, 0.2980539936288388], [12.505679381569777, 0.2979861936288388], [12.511258664503979, 0.29682295148958837], [12.511850964503978, 0.29665465148958836], [12.51524949103536, 0.295522217231966], [12.51853307471392, 0.2940902716470208], [12.519101674713921, 0.29381137164702076], [12.519162361365318, 0.2937770643509494], [12.520869900465575, 0.2939822420088155], [12.521994700465575, 0.2940640420088155], [12.523297495058177, 0.2940675820210577], [12.5239975700339, 0.29540044821596007], [12.5246090700339, 0.2964518482159601], [12.527068604763375, 0.30018400080647023], [12.5299291733174, 0.30361844713623876], [12.53315505743192, 0.3067123032615361], [12.53413135743192, 0.30754910326153606], [12.537602026991925, 0.31020906844088786], [12.54082870393895, 0.31216324303148385], [12.543208331638626, 0.31512645334972783], [12.546074922364193, 0.3180318017202591], [12.546152622364193, 0.31810290172025907], [12.547160557694047, 0.3189368323380082], [12.548839855028588, 0.32046085264595503], [12.552116001836103, 0.3228755842696969], [12.55562056503416, 0.32494490867875647], [12.55612746503416, 0.32521040867875645], [12.557311247061667, 0.3257588390170882], [12.557683905957981, 0.32595960390139433], [12.560976271368999, 0.3275437799501631], [12.562624586270843, 0.3281587480178195], [12.562881602322637, 0.3287424577955638], [12.564636380025442, 0.33191365996766864], [12.565666180025442, 0.3335905599676686], [12.56777424723792, 0.33668796745263946], [12.570162875992995, 0.3395745455601417], [12.572811109237527, 0.3422249683910955], [12.575695712232875, 0.34461598199614074], [12.576650612232875, 0.34533478199614076], [12.579513094949565, 0.34730083920247234], [12.582535314465472, 0.34901121268203444], [12.584335409960175, 0.34983274771953204], [12.584947665106146, 0.35045935434390607], [12.58783743088552, 0.35290478569833095], [12.588113721535057, 0.3530969176225938], [12.588189523559178, 0.3532511980142303], [12.590080415935132, 0.35666755052888494], [12.592295399942406, 0.35988325952214717], [12.59481336825294, 0.36286768142077], [12.597610326299275, 0.36559237666407135], [12.598345226299275, 0.3662414766640713], [12.601038767159096, 0.36842036734818556], [12.60391074680588, 0.3703580102165438], [12.605907563957595, 0.37146679390841947], [12.606246874147656, 0.37224655548573926], [12.607905344326237, 0.37561601092162], [12.60987250560631, 0.3788150779365179], [12.612131017764545, 0.38181555724801713], [12.614660972364547, 0.384591000093684], [12.617440068246653, 0.3871169413728285], [12.618482768246654, 0.3879788413728285], [12.62132811048616, 0.39012482873067256], [12.62435317034339, 0.39200903866062087], [12.627533934072273, 0.3936165137929224], [12.630845151907149, 0.39493449355374804], [12.63191605190715, 0.395306393553748], [12.635399572329682, 0.39634139571693744], [12.638962650093667, 0.39705597311639496], [12.642575876125303, 0.3974442277445926], [12.643879376125302, 0.3975246277445926], [12.647403984700897, 0.39758639721499467], [12.650920344409084, 0.39733760919018807], [12.654401144824451, 0.39678019592607305], [12.656480316996706, 0.39625604921112006], [12.660277388484543, 0.39720948010518553], [12.661661388484543, 0.39745088010518553], [12.665888719983109, 0.39795820218406075], [12.665894669826322, 0.3979582792201762], [12.6689634474703, 0.39852938263248666], [12.6701543474703, 0.3986849826324867], [12.674070294601975, 0.3990020508583857], [12.675709700687518, 0.3989734134786538], [12.676577896812804, 0.39992801208266116], [12.676961396812803, 0.4003089120826612], [12.680411331476341, 0.4033615908427816], [12.684189367312978, 0.40599737194375357], [12.684572967312977, 0.4062333719437536], [12.687020763354578, 0.4075828455612402], [12.68766227617472, 0.4082504404281201], [12.691286607542057, 0.4112293558856689], [12.691721207542058, 0.4115457558856689], [12.695807102175445, 0.41415685029961335], [12.697516539917366, 0.41497700478148264], [12.698306711958752, 0.415988476900656], [12.699646801747127, 0.41761377929778787], [12.702511401747127, 0.4209073792977879], [12.70533683026063, 0.4238400650380969], [12.708445799169851, 0.426470274964668], [12.70998009916985, 0.42763967496466804], [12.711601593611626, 0.4287563718535162], [12.712284135952208, 0.43006794062588716], [12.712917135952207, 0.4311515406258871], [12.715193683698745, 0.43462177651901496], [12.71781755746089, 0.43783744025711624], [12.720760509258545, 0.4407639127946438], [12.721897809258547, 0.4417831127946438], [12.724914688124866, 0.44423318500840925], [12.72528296579725, 0.4444770507290663], [12.726209169695199, 0.44742422586043634], [12.7264773696952, 0.44815382586043634], [12.727974321789354, 0.4516914787452913], [12.729803711995155, 0.45506922725292676], [12.731948668928927, 0.45825592040699337], [12.73438941092174, 0.46122216922164727], [12.734909810921739, 0.4617960692216473], [12.737427654807004, 0.4643348519115054], [12.738940091495795, 0.46560906765391835], [12.739695736225825, 0.46685230120119575], [12.741944714424163, 0.46987111337462517], [12.742706514424162, 0.4707991133746252], [12.745618795049973, 0.4739803011808357], [12.748856653725033, 0.47682944236761265], [12.75238244764207, 0.47931341329265076], [12.756155186506502, 0.48140333572246713], [12.7601310090828, 0.4830749125659479], [12.7614935090828, 0.4835631125659479], [12.763387183244127, 0.4841465338346062], [12.766410861683267, 0.48626869133552697], [12.768950863627378, 0.48770590910720624], [12.770498281952499, 0.48905290547165414], [12.772123074444865, 0.4902135137879706], [12.770268013430124, 0.49378966696017895], [12.76857795400678, 0.49830979504164924], [12.76815505400678, 0.4996893950416493], [12.767289854868173, 0.5030157116726827], [12.766713399307255, 0.5064040225889982], [12.766582499307255, 0.5074412225889982], [12.76626967478533, 0.5120522343705229], [12.76649080612167, 0.5166685521415356], [12.766561306121671, 0.5173332521415356], [12.767010879972796, 0.520419322961803], [12.767699513535545, 0.5234609892110123], [12.767850513535544, 0.5240248892110123], [12.768878121656964, 0.5272947160436586], [12.770181883149576, 0.5304645665033938], [12.770675383149577, 0.5315319665033937], [12.772300840510859, 0.5346747898531621], [12.773798952212836, 0.5372818983528409], [12.775015649473783, 0.5394254295427241], [12.775072484829456, 0.5395252259308578], [12.775716984829456, 0.5406531259308578], [12.776421172264328, 0.5418376373273647], [12.776975072264328, 0.5427338373273647], [12.779166941888182, 0.5459240396720273], [12.781656889502758, 0.5488874573483823], [12.784421600353705, 0.5515963422404601], [12.787435186926775, 0.5540253295632916], [12.788401986926774, 0.5547302295632917], [12.79155202396565, 0.5568067361927451], [12.794883690896178, 0.5585772187801994], [12.798367347099715, 0.5600259259914775], [12.799676447099715, 0.5604992259914775], [12.804940338880131, 0.5620039702516542], [12.805554638880132, 0.5621348702516541], [12.809225179189808, 0.562740144460494], [12.81293607658375, 0.5630017998913327], [12.81378197658375, 0.5630219998913327], [12.814025642810432, 0.5630161580681684], [12.813779454663958, 0.564251197544639], [12.81339655943729, 0.5677972621179121], [12.81331065943729, 0.5691597621179121], [12.813239759893214, 0.5724943539784376], [12.813446915464754, 0.5758232601337404], [12.813930685834228, 0.5791233352618629], [12.814123785834227, 0.5801424352618629], [12.815261132772669, 0.584677244219002], [12.816919840212266, 0.5890483699282392], [12.817381240212267, 0.5900783699282391], [12.81918711985063, 0.5936253144722874], [12.821336561151732, 0.596975227748765], [12.822007061151732, 0.597913927748765], [12.825398930657242, 0.6020476427138599], [12.826391330657241, 0.6031043427138599], [12.82745666161541, 0.6041962077430981], [12.82905526161541, 0.6057733077430981], [12.829563263143442, 0.6062562712789548], [12.830591259381595, 0.6087645016766119], [12.832317963080904, 0.6120642023132244], [12.834344066909724, 0.6151890116244164], [12.83665200767571, 0.6181118423374694], [12.83749960767571, 0.6190881423374694], [12.840811310707053, 0.622474881273312], [12.844500148042416, 0.6254463887527899], [12.845991448042415, 0.6265084887527899], [12.849343178562854, 0.6286526310459453], [12.852891344858811, 0.6304531752945467], [12.854693844858812, 0.6312577752945467], [12.858265201165402, 0.632650798929284], [12.861953504746559, 0.6336955560344464], [12.86375590474656, 0.6341139560344464], [12.866622873863575, 0.6346390515359289], [12.866190495795651, 0.6354953411764805], [12.864821785304779, 0.6389840853666306], [12.864510685304777, 0.6399012853666306], [12.863431436251753, 0.6436859042969693], [12.862729318672608, 0.647558261443642], [12.862411129117715, 0.6514808721015444], [12.862384229117716, 0.6523284721015444], [12.862416549566317, 0.6556450339544939], [12.862723525081988, 0.6589475168338766], [12.863303045087736, 0.6622132148754559], [12.863533745087736, 0.6632591148754559], [12.864596134776864, 0.6671372562372729], [12.866042516469033, 0.670889140067346], [12.866743465057157, 0.6724662277229412], [12.866781979351861, 0.6725543412060939], [12.8668158261526, 0.672674525861078], [12.86730986870654, 0.6748759442652402], [12.868006153604806, 0.6775443890571359], [12.868671353604807, 0.6797757890571359], [12.869829916250763, 0.683115430604168], [12.870430816250764, 0.684628130604168], [12.871946221798353, 0.6879839384535776], [12.873763790390388, 0.6911861790299674], [12.874750790390387, 0.6927524790299674], [12.876990617854954, 0.6959496349293435], [12.87711475011126, 0.6960944231346073], [12.877101004872404, 0.6964415501615493], [12.877292848399723, 0.7001088659994259], [12.877820218375554, 0.7037431321292389], [12.878034818375554, 0.7048588321292388], [12.878911285875011, 0.70849144453203], [12.88012292167966, 0.7120264136724055], [12.880530621679661, 0.7130563136724055], [12.880818261600387, 0.7136820288450483], [12.880843827661664, 0.7145105386485591], [12.880940327661664, 0.715830138648559], [12.881051496781218, 0.7170803353158434], [12.881169496781217, 0.7182067353158433], [12.881685446982383, 0.7216650455725205], [12.881900046982384, 0.7227700455725206], [12.882967446942093, 0.7270118023391338], [12.883310746942092, 0.7281168023391338], [12.884744122376315, 0.7320064936126978], [12.886572366165348, 0.7357269489594171], [12.888775842669993, 0.7392382100765296], [12.889129942669994, 0.7397424100765295], [12.89074215368909, 0.7418819322074045], [12.89191155368909, 0.7433302322074046], [12.895929673554788, 0.7476193622836281], [12.896954273554787, 0.7485633622836281], [12.901068657105009, 0.7518794640511088], [12.90267265710501, 0.7530059640511089], [12.90713332953863, 0.7557221052518067], [12.908549529538629, 0.7564623052518067], [12.911513677894739, 0.7578600848309862], [12.914582301405284, 0.7590105251725663], [12.917734802005471, 0.7599059039721936], [12.919387002005472, 0.7603028039721936], [12.923209675055999, 0.7610265160094909], [12.923268141113544, 0.7610317806354773], [12.923970197459532, 0.7615556968011106], [12.923798313271524, 0.7629644591631756], [12.923700058173004, 0.7667914071265104], [12.923726858173005, 0.7679983071265104], [12.924078138001702, 0.7724731928275532], [12.924928570189099, 0.7768805463021553], [12.925282570189099, 0.7782859463021554], [12.926132079598254, 0.7811900172893065], [12.927198677751539, 0.7840215650840767], [12.927992677751538, 0.7859096650840767], [12.9305983595747, 0.7910386577403209], [12.9317999595747, 0.7930340577403209], [12.932379793151558, 0.7938846863712259], [12.932245050059667, 0.7939540553766613], [12.931086350059667, 0.7946513553766613], [12.92751483009757, 0.7970722751598633], [12.92422484641246, 0.7998638006904771], [12.92125467921355, 0.8029934515091575], [12.92014957921355, 0.8042914515091574], [12.918011408048136, 0.8070362790541148], [12.91611985501342, 0.8099565326905346], [12.914489231900165, 0.8130301173154774], [12.912364931900164, 0.8174929173154774], [12.91064020714709, 0.8217232682242517], [12.909409094152494, 0.826122689217948], [12.909237494152494, 0.826905789217948], [12.908613430224474, 0.8305534749557141], [12.908329149210124, 0.8342432244502784], [12.908296949210124, 0.8352945244502784], [12.908360479410526, 0.8390833899486084], [12.908782259623251, 0.8428492416853274], [12.909558504492725, 0.8465582822288392], [12.909858904492724, 0.8477168822288392], [12.911256405771226, 0.8520670647514306], [12.912310331028234, 0.8548006672296615], [12.913474273659046, 0.8583587465831525], [12.914553233524938, 0.8612695876202904], [12.915766605933456, 0.8641899698038883], [12.916381907808132, 0.866025860635903], [12.917520799935541, 0.8690202762061574], [12.9188956759593, 0.8719139444325696], [12.919328975959301, 0.8727389444325696], [12.921565478736548, 0.876485431302068], [12.924196740516944, 0.8799660303854139], [12.927191452395888, 0.8831393266681579], [12.930513980842262, 0.8859675616758956], [12.93110698084226, 0.8864189616758957], [12.934567189424506, 0.8887774474355579], [12.937598253793162, 0.8904079706897574], [12.937559577501409, 0.8904906762560256], [12.936114136380292, 0.8940084184143318], [12.935009311326166, 0.8976475352751525], [12.934255089826268, 0.9013751296543774], [12.934112889826268, 0.9023029296543774], [12.933733795332595, 0.9057935968903592], [12.933662276177289, 0.9093040605916263], [12.933898883436468, 0.9128072716033117], [12.934020783436468, 0.9138975716033116], [12.934821292634645, 0.9185501711205417], [12.936164388269889, 0.9230760512955666], [12.936618188269888, 0.9243288512955665], [12.938562771967366, 0.9288186019428872], [12.939659971967366, 0.9309790019428873], [12.939948574823507, 0.9315179301001937], [12.939728574683762, 0.9345948525687335], [12.939742582216548, 0.9351019171631405], [12.938863415710298, 0.9362895111457525], [12.936833476626983, 0.9393098022810447], [12.93508642984281, 0.9425020802698492], [12.934335429842811, 0.9440361802698491], [12.932671471666872, 0.947949254619068], [12.931432303265831, 0.9520168545683813], [12.930631927945594, 0.9561930139308277], [12.930417327945593, 0.9577591139308277], [12.930047594159475, 0.9634075192769199], [12.930058294159476, 0.9653706192769199], [12.93010862789496, 0.9671704300092758], [12.93017992789496, 0.9685820300092758], [12.93041854896108, 0.9711520053548808], [12.929441830942846, 0.9743078574675238], [12.929297030942845, 0.9748549574675237], [12.928476557539323, 0.9787162688892238], [12.928396057539324, 0.9792150688892238], [12.927968197152948, 0.9830111120103019], [12.927904404065377, 0.986830658885167], [12.928205260109749, 0.9906388728402747], [12.92828036010975, 0.9912288728402747], [12.928989859427443, 0.99519544748465], [12.929156159427443, 0.9959141474846501], [12.929482583679222, 0.997223838849189], [12.929648483679221, 0.997844638849189], [12.930718652365131, 1.0012366921227058], [12.932085918703201, 1.0045202677937484], [12.933739471644637, 1.0076694024521184], [12.935666236457013, 1.0106591957199662], [12.936283536457013, 1.0115294957199663], [12.938216110290142, 1.0139289460365786], [12.938618377436029, 1.0168558984158391], [12.938952877436028, 1.018624898415839], [12.939091898304419, 1.0193257613352935], [12.939238898304419, 1.0200336613352936], [12.940032281719398, 1.023199452203541], [12.941081113397496, 1.0262900251561928], [12.941628113397497, 1.0277088251561928], [12.943249245399153, 1.0313593108651593], [12.943638235060664, 1.0320421376148272], [12.943007166639022, 1.0362486769135957], [12.94281523969678, 1.0377113771388633], [12.942669182939632, 1.0390096794351344], [12.942559740523873, 1.0395556728239996], [12.94217424201381, 1.0430450713554067], [12.942096182734003, 1.0465548317405444], [12.942326163960997, 1.0500579189286512], [12.942407363960998, 1.0507968189286512], [12.943046712046744, 1.0547655550044652], [12.94408117614327, 1.0586500776324357], [12.945500308401117, 1.062411154027426], [12.945806708401117, 1.063114054027426], [12.94783953269121, 1.0671409463289565], [12.95031283101933, 1.0709133502816954], [12.953195148848863, 1.074383289781467], [12.953799048848865, 1.075032089781467], [12.956388310066647, 1.0775724623036653], [12.95919705918916, 1.079867826016073], [12.962202198176225, 1.0818993047567618], [12.965379013955214, 1.0836501924492805], [12.968701381651567, 1.0851060904868108], [12.97214197942941, 1.0862550261406045], [12.973061279429409, 1.0865163261406046], [12.976968492304758, 1.087417952552294], [12.980946344385213, 1.0879238532002087], [12.984954860140284, 1.088028944022305], [12.988953755884065, 1.087732168905566], [12.989793855884065, 1.0876272689055657], [12.993846088699328, 1.0869079124611476], [12.997802956096667, 1.0857759827446458], [12.999495456096668, 1.0851960827446459], [13.000978474084567, 1.084655028628026], [13.002699874084566, 1.0839882286280262], [13.004932514711687, 1.0830446397562405], [13.007338014711687, 1.0819409397562403], [13.00881689093351, 1.081195743641946], [13.009903601650876, 1.0838612496172897], [13.011384292945719, 1.086783163277583], [13.01168729294572, 1.0873248632775832], [13.014028042834394, 1.0910197570722375], [13.016758225192628, 1.0944369861377075], [13.017047925192628, 1.0947614861377075], [13.01959577576627, 1.0973662093758485], [13.02237007658718, 1.0997282806381135], [13.022681276587178, 1.0999696806381134], [13.025956309699529, 1.1022576508226938], [13.029443238292336, 1.104207517085079], [13.033107278837514, 1.1057998287178357], [13.033563178837515, 1.1059714287178357], [13.037600729006684, 1.1072515398586293], [13.041704455598412, 1.1080880468181304], [13.042475740002125, 1.1103816149491168], [13.042840440002125, 1.1113202149491168], [13.044457396211644, 1.1149393504952951], [13.046424621696454, 1.1183806748591159], [13.048722797454563, 1.1216103927523626], [13.051329354409674, 1.1245967869535471], [13.052187754409674, 1.1254870869535472], [13.055059075483792, 1.1281855038023982], [13.058181956779876, 1.1305883251880597], [13.06078733377111, 1.1322118736942322], [13.059957698928805, 1.1339645889228829], [13.058624778363981, 1.1376975130106586], [13.057667858314092, 1.1415440313708576], [13.057474758314093, 1.1425255313708575], [13.05688961512962, 1.1465934375265314], [13.056724963079935, 1.1506999132345124], [13.056982540299273, 1.1548016088611748], [13.057079040299273, 1.1556436088611748], [13.057664321149588, 1.159269500665423], [13.058579715356634, 1.1628264232813323], [13.059817505206077, 1.1662843881941787], [13.060150105206077, 1.1670942881941786], [13.061750956282866, 1.1705216073505105], [13.063668404174292, 1.1737823793991347], [13.064285304174291, 1.1747262793991347], [13.066242494982255, 1.1774623498884953], [13.068313681645773, 1.179896220259534], [13.068567644234571, 1.1814948075934466], [13.068964644234573, 1.1834042075934466], [13.070097999409157, 1.187485500178928], [13.07043549718198, 1.1901047062560959], [13.071154472000655, 1.1934266334542176], [13.071401172000655, 1.1943705334542176], [13.072449105654526, 1.197758384619232], [13.073792977720991, 1.2010401079969981], [13.0754222256172, 1.2041899098561488], [13.0773240437597, 1.2071830333437545], [13.0778980437597, 1.2080036333437545], [13.080380185353658, 1.211195590025305], [13.081217085353659, 1.212166290025305], [13.083416031980086, 1.2145183304233642], [13.085797031650126, 1.2166858868519825], [13.086031399707611, 1.2168825914619397], [13.08637635701337, 1.2171918706819547], [13.08914869538101, 1.2194619264354767], [13.09037709538101, 1.2203790264354768], [13.091647609914862, 1.2212894575863202], [13.092849209914862, 1.2221154575863202], [13.094634853679262, 1.2232742070100056], [13.09607255367926, 1.2241537070100055], [13.098453809760402, 1.2255007398031912], [13.099955809760402, 1.2262838398031912], [13.103152001732903, 1.2277748932701693], [13.105147601732904, 1.2286007932701692], [13.10877440842895, 1.2299009699472108], [13.11067340842895, 1.2304801699472108], [13.112476325356058, 1.2309800983975354], [13.112447748500097, 1.2311666626523512], [13.112102053744614, 1.2341860656902204], [13.111986600000002, 1.237223], [13.111986600000002, 1.2377271], [13.112167444943857, 1.241526427652994], [13.112708344530741, 1.2452914008461833], [13.11360440781288, 1.2489879757612803], [13.114847532364578, 1.2525827270541363], [13.115051332364578, 1.2530922270541363], [13.11679457815209, 1.2568681806015236], [13.118920468946744, 1.260442718249517], [13.12140602289769, 1.263777197612873], [13.12179762289769, 1.2642491976128731], [13.124018868201007, 1.2667112338374324], [13.126436405649011, 1.26898082978298], [13.127225005649011, 1.26966192978298], [13.131075130425995, 1.2725375258179095], [13.131227730845849, 1.2727681398468353], [13.13386202036517, 1.2759710652073462], [13.13465062036517, 1.2768344652073462], [13.137802627542372, 1.2799243376566094], [13.138328327542373, 1.2803856376566094], [13.141134671576141, 1.282633214212218], [13.141255899163326, 1.2827135720711995], [13.141418366772168, 1.2840975474631673], [13.141708066772168, 1.2857172474631673], [13.14238583907451, 1.2887995324640937], [13.143304498968774, 1.2918187906709109], [13.144076998968774, 1.294039090670911], [13.14530872042983, 1.297152768381111], [13.14679654774293, 1.3001525177918136], [13.14751534774293, 1.3014611177918136], [13.150403762569278, 1.3059741468814707], [13.151339502279368, 1.3072405590522], [13.151346119619152, 1.3072573020075025], [13.151737719619153, 1.3080778020075023], [13.153565177763456, 1.3114749502793592], [13.155711368559443, 1.3146802715920183], [13.158156332138077, 1.3176639560172407], [13.158456732138077, 1.3179964560172408], [13.161374695816177, 1.3209092619073814], [13.16457699566622, 1.3235062266454456], [13.16802960935345, 1.3257597591850572], [13.168555309353449, 1.3260654591850571], [13.172086631475322, 1.3278904807476457], [13.175781655958742, 1.3293559955716128], [13.179603892266957, 1.3304475308374182], [13.18351559357174, 1.3311543069932863], [13.18421839357174, 1.3312455069932863], [13.188774176777763, 1.3315737230558828], [13.193337675642764, 1.3313804240306837], [13.197849385317731, 1.330668130402442], [13.19841798531773, 1.330544730402442], [13.199955337447882, 1.3301222732477458], [13.201688064138994, 1.3317930703419933], [13.2020151231071, 1.3320786617108726], [13.2011826582681, 1.3353879557803245], [13.200593270240573, 1.3394811750397402], [13.20042964735772, 1.3436133717563608], [13.200693538525439, 1.347740378371844], [13.201382123106345, 1.3518180828029647], [13.201530023106345, 1.3524825828029647], [13.20268480163518, 1.3566127204249763], [13.203399663705936, 1.3584030189045162], [13.202942893268883, 1.3630243341425534], [13.203047984108263, 1.3678347919744218], [13.203241084108264, 1.3701836919744217], [13.203646003394747, 1.3734532553945744], [13.204010803394747, 1.3756520553945744], [13.204926550803723, 1.3797960652800532], [13.206276202669178, 1.3838197266835597], [13.206844802669178, 1.3852570266835598], [13.208630330803322, 1.389147749995143], [13.209188230803322, 1.390209549995143], [13.211505585610453, 1.3940742516764806], [13.212992725496616, 1.3960189363275215], [13.213139790007036, 1.3962483107222712], [13.213507943597106, 1.3986493988731843], [13.21448031483967, 1.402452472474313], [13.215820770247772, 1.406141924188032], [13.217516400503063, 1.4096822225774779], [13.219550875759259, 1.413039272633837], [13.221904602907482, 1.4161807441299161], [13.224554914268623, 1.419076382977905], [13.227476285895463, 1.4216983025927803], [13.23064058338225, 1.4240212524553637], [13.234017332814409, 1.426022861288625], [13.237574014248986, 1.4276838525053093], [13.241276374899488, 1.4289882298520096], [13.245088759008935, 1.4299234314618319], [13.24897445123429, 1.4304804508320408], [13.252896030235286, 1.430653923561603], [13.256815729062396, 1.4304421790133033], [13.260695798873185, 1.429847256402893], [13.264498872474313, 1.4288748851603281], [13.265535776624278, 1.4284981560733654], [13.265855853169283, 1.4284142225654997], [13.269570168006753, 1.42703498769743], [13.270457968006754, 1.42665428769743], [13.27413299376454, 1.4248504450852555], [13.277604397020744, 1.4226804169926437], [13.278602197020742, 1.4219832169926439], [13.281150703794053, 1.4200462251085386], [13.283536163074285, 1.4179116505947158], [13.284072663074285, 1.4173914505947156], [13.286157030814087, 1.4152120677005704], [13.288071283838109, 1.4128818458154184], [13.28847898383811, 1.4123455458154186], [13.290369948555863, 1.4096321962950755], [13.292030297238972, 1.4067719068982063], [13.293448679315068, 1.403784231301769], [13.293722179315068, 1.403140731301769], [13.295184006274019, 1.3991151370172408], [13.29620705211209, 1.3949563241319645], [13.296779588665428, 1.3907119691401395], [13.296895052393808, 1.3864307291878633], [13.296884352393807, 1.3860285291878631], [13.296649954202016, 1.3826401220133135], [13.296128941921271, 1.379283815725716], [13.295325072130126, 1.3759838098087913], [13.295196372130127, 1.3755386098087914], [13.293686460447903, 1.3712470941112271], [13.291699010068006, 1.3671547865399418], [13.291209654743477, 1.3663843936176836], [13.291308476949187, 1.3660369907923289], [13.291496176949186, 1.3652325907923288], [13.292196866057072, 1.3613908789087275], [13.292233473722629, 1.3609494509066917], [13.292914523869198, 1.360025943500922], [13.29480936333007, 1.3568922579551088], [13.296409672122438, 1.353598413172551], [13.297478072122438, 1.3511163131725508], [13.297555985338793, 1.3509340636469451], [13.298851085338793, 1.3478837636469452], [13.299818635888291, 1.3453734261883128], [13.300355035888291, 1.343828826188313], [13.301402141097142, 1.340296378545657], [13.302119778157305, 1.3366825699291989], [13.302332278157305, 1.3352761699291988], [13.30266881165006, 1.3322966039870958], [13.302781199999998, 1.3293002], [13.302781199999998, 1.3278053], [13.302568447589511, 1.3236852357710245], [13.301932453537455, 1.319608999221853], [13.300879983307212, 1.3156199518100633], [13.299422232677706, 1.311760527508276], [13.297574708646952, 1.3080717814076561], [13.2953570644745, 1.3045929529894327], [13.29510547765833, 1.3042398797726917], [13.29377379547256, 1.3008842634309583], [13.292110288961704, 1.2976070179679429], [13.290153003398684, 1.2944962905672677], [13.289651403398684, 1.2937748905672677], [13.287033221336989, 1.2904077693313067], [13.284071394019184, 1.2873385737257181], [13.28079959813036, 1.2846022012387004], [13.279405949506815, 1.2836694086622567], [13.2791705156948, 1.283425702431574], [13.27601830739502, 1.2804959270922407], [13.27356140739502, 1.2784473270922407], [13.27344749279194, 1.2783532754842333], [13.271528216443826, 1.276002052358278], [13.270525116443826, 1.274907952358278], [13.2676770673878, 1.2720976519395502], [13.264562507970538, 1.2695859410673784], [13.262931228941964, 1.2685204719007768], [13.26244412376124, 1.267559401233164], [13.260655064110207, 1.264668209492323], [13.260258064110207, 1.264083709492323], [13.257869948733505, 1.2609175978516003], [13.255180054367049, 1.2580035240242478], [13.252214821593094, 1.2553701321866682], [13.249003397459965, 1.2530433075239333], [13.248410597459966, 1.252657107523933], [13.246544859945908, 1.2515130661672067], [13.246151294712206, 1.25128631403924], [13.245837489153601, 1.251087864485302], [13.245271425910952, 1.250710567154141], [13.241978697515096, 1.2487372376483203], [13.238511971842845, 1.2470886313457807], [13.234903177631837, 1.2457799320029186], [13.233862477631837, 1.2454581320029185], [13.229989779826415, 1.2444696504752035], [13.226037767921671, 1.2438725860502844], [13.2220459, 1.2436729], [13.221915259042971, 1.2436729], [13.222452228310544, 1.2429196313586188], [13.223149628310544, 1.2418952313586187], [13.223961650943561, 1.240653572936789], [13.224983550943561, 1.239025872936789], [13.225663986088913, 1.2379014571355522], [13.226390886088913, 1.2366544571355522], [13.226901387338026, 1.235736450013892], [13.226923349649441, 1.2357011951078478], [13.22694215162412, 1.2356631457761278], [13.227178272578294, 1.235238542079506], [13.227320172578295, 1.234970742079506], [13.227976772233776, 1.2335693963987144], [13.228662351368648, 1.2321819980872815], [13.228809184202435, 1.2317928238599016], [13.228985666569654, 1.2314161669412207], [13.229501748622083, 1.2299572111023351], [13.230048037691049, 1.2285092949867187], [13.230156017739748, 1.2281076026051432], [13.23029473146208, 1.2277154610955214], [13.230665325759176, 1.226212945640794], [13.231067063699863, 1.2247184559447215], [13.231135151056579, 1.2243081139261793], [13.231234760245046, 1.2239042643627138], [13.23145629776114, 1.222372659337332], [13.23170961561757, 1.2208459888135479], [13.231737154563838, 1.2204309489759884], [13.231796699927504, 1.2200192806507466], [13.231867047135202, 1.2184733362484002], [13.231969505317949, 1.2169291875685768], [13.231956230638662, 1.2165134469725083], [13.231975138723122, 1.2160979244765147], [13.231893618140363, 1.2145525289869132], [13.231844229921114, 1.2130057731469388], [13.23179026945869, 1.2125933356015706], [13.231768358168756, 1.2121779606436067], [13.231535754883316, 1.2106479970700896], [13.231334995897619, 1.2091135301742704], [13.23124086932081, 1.2087083676786357], [13.231178349674181, 1.208297140546604], [13.230796903782847, 1.206797343274727], [13.230446707449486, 1.2052899430781154], [13.230313321248683, 1.2048959575685312], [13.230210795343732, 1.204492838604513], [13.229684180378966, 1.2030376515019048], [13.22961040211515, 1.202819731157143], [13.229427605162753, 1.2022382982852327], [13.229257813308472, 1.2017782824927625], [13.22918791928006, 1.2015718350923945], [13.229153580025521, 1.201495884044021], [13.228071285895375, 1.1985636327056302], [13.227803185895375, 1.1979340327056303], [13.226034251672568, 1.1943008857459125], [13.223907782715587, 1.1908647520333613], [13.2214454808165, 1.1876606992133723], [13.2209386808165, 1.1870659992133723], [13.220015409037694, 1.1860201032540791], [13.219770109037695, 1.185751803254079], [13.216774921621463, 1.1828030467717918], [13.21348684748482, 1.1801848640199337], [13.21321854748482, 1.1799933640199338], [13.21055079464985, 1.1782454634334962], [13.207752265374062, 1.1767156609818303], [13.207432865374061, 1.1765572609818302], [13.203549796855397, 1.1748811137331756], [13.199511455390576, 1.1736243365320287], [13.195362988856564, 1.172800979904563], [13.195006088856564, 1.1727495799045629], [13.191355779273165, 1.172393746865081], [13.187688221835593, 1.1723737556477396], [13.184034250105428, 1.172689774320917], [13.180424583427694, 1.173339146080628], [13.176889568669939, 1.1743164115865674], [13.176646068669939, 1.1743959115865674], [13.17350429053547, 1.175605249395193], [13.173243689210873, 1.1754520694786836], [13.171199024372648, 1.1743512611291325], [13.170965332969246, 1.1742195990994262], [13.170892100564863, 1.1741624410825517], [13.170388792258876, 1.1736864045109119], [13.168735353336826, 1.172158590520378], [13.166230829452605, 1.1696909426463384], [13.165150739802774, 1.1686656734412748], [13.163391239802774, 1.1670566734412748], [13.160808137134618, 1.1648872578642364], [13.159499237134618, 1.1638789578642363], [13.156984837665199, 1.1620921460002067], [13.15434022595242, 1.1605044022495068], [13.15330482595242, 1.1599359022495068], [13.149060781317027, 1.157920434784537], [13.147735781317028, 1.157384134784537], [13.145494645634617, 1.156573775331186], [13.14515102283946, 1.155333718074283], [13.144163916366054, 1.1523244998087812], [13.145121019738363, 1.149681854998807], [13.145506919738363, 1.148437154998807], [13.146267545431291, 1.1456257332897888], [13.146643045431292, 1.1440060332897888], [13.147490583845721, 1.1388244068943931], [13.14761928384572, 1.1374942068943932], [13.147804004101854, 1.133332793644687], [13.147793304101855, 1.131949093644687], [13.147653093290366, 1.1288979623925852], [13.14728048044903, 1.1258664247201025], [13.14698008044903, 1.1240107247201025], [13.146353108853065, 1.12091705658706], [13.145913208853065, 1.11911495658706], [13.144535298446154, 1.1146303723973543], [13.143916127082665, 1.1129691809343332], [13.143082124478061, 1.110707375198886], [13.14238011842711, 1.10893486466194], [13.14142521842711, 1.10668216466194], [13.140521965750587, 1.1047029074865529], [13.139266665750586, 1.1021392074865528], [13.138054512117279, 1.0998538490041776], [13.136753212117279, 1.0975811490041776], [13.136067516819125, 1.0964288248916425], [13.134793916819126, 1.0943679248916425], [13.13396977371545, 1.093089343606298], [13.13254287371545, 1.090965443606298], [13.13160220165404, 1.0896253670626306], [13.12954230165404, 1.0868149670626306], [13.129405312837156, 1.086629194535746], [13.127751461332847, 1.0843998769418361], [13.1261438836506, 1.0820302581596504], [13.124058618652356, 1.0792281533175547], [13.123282769061177, 1.0782754492343036], [13.122850750878595, 1.075346617493996], [13.122528950878595, 1.073683917493996], [13.121173042546838, 1.068539822697065], [13.120733142546838, 1.067231122697065], [13.119543057872374, 1.0641247611000495], [13.118098977093267, 1.0611280271099826], [13.117594677093265, 1.0601840271099827], [13.115907424632837, 1.0573189414188915], [13.113988047876905, 1.0546038852958426], [13.111849809163292, 1.0520576189927784], [13.111173909163293, 1.0513175189927784], [13.107509994784113, 1.0477856483358627], [13.10631315889453, 1.046770603486138], [13.104722864000124, 1.04535621638478], [13.102610558200352, 1.0436035852914687], [13.100668658200352, 1.0421017852914687], [13.098112184929212, 1.0403570542384146], [13.097810231096584, 1.0399360672583655], [13.096694431096585, 1.0385629672583654], [13.093938290270284, 1.0355069479822645], [13.090882742498993, 1.0327502844395615], [13.089563142498992, 1.0316775844395616], [13.087988914340443, 1.0305231098191274], [13.087568970693274, 1.0294391501366615], [13.085759776294783, 1.0258739892240267], [13.084010976294783, 1.0228167892240267], [13.082589634048636, 1.0205161478201732], [13.080712034048636, 1.0176949478201731], [13.078191328539786, 1.0143093956411584], [13.07532790343106, 1.0112083125294222], [13.07406190343106, 1.0099747125294223], [13.070943124258436, 1.0072363813542557], [13.067557391267002, 1.0048359536292033], [13.063941154498792, 1.0027992718207852], [13.062278254498793, 1.0019732718207852], [13.05835916182502, 1.0002809160803148], [13.054282033231676, 0.9990158556978608], [13.052286433231675, 0.9985116556978608], [13.050086855041037, 0.9980213954768039], [13.049179517285578, 0.9978458325624048], [13.04730640520238, 0.9971809679998486], [13.043931698467158, 0.9958738772750143], [13.041456601265562, 0.9950074066664976], [13.039815101265562, 0.9944925066664976], [13.036470657587985, 0.9936003929168113], [13.034625357587986, 0.9931927929168114], [13.028890754611393, 0.9923560447407922], [13.02563919181919, 0.992120269875923], [13.024349479258362, 0.9919880039587232], [13.022443796599019, 0.9918554763450669], [13.022282271941341, 0.9901768272670345], [13.021395007399658, 0.9859087529974642], [13.020048555267753, 0.9817625784963144], [13.019474255267752, 0.9802753784963145], [13.019392984850079, 0.9800897618516615], [13.020257492716695, 0.9793293158092627], [13.023030194773126, 0.9763369869983387], [13.025483697799853, 0.9730778105219472], [13.026288397799853, 0.9718870105219473], [13.028485049103192, 0.9682301168549011], [13.03027976189739, 0.9643600840091886], [13.03165212340152, 0.9603209291294481], [13.032038323401519, 0.9589478291294481], [13.032803363036289, 0.9557196695999436], [13.033060863036289, 0.9543894695999435], [13.033581559341755, 0.9508646351943109], [13.033786519220202, 0.9473074489920037], [13.033674116368514, 0.9437461363367331], [13.033245242673969, 0.9402089553145369], [13.03307354267397, 0.9391791553145369], [13.032317730834087, 0.9356409645305573], [13.03124530735557, 0.9321855407585905], [13.029865046033544, 0.9288411537827667], [13.029804137334201, 0.928710644796493], [13.029680141523995, 0.9268036927018454], [13.02948056760523, 0.925585403953421], [13.02965310079996, 0.9214491186925297], [13.029516152009483, 0.9193426647635122], [13.029844119788166, 0.9190314062436963], [13.031460281276095, 0.9174071044983986], [13.033123281276096, 0.9156371044983985], [13.034146853848362, 0.9145051571348196], [13.035584453848363, 0.9128530571348197], [13.036555055658658, 0.9116941193844201], [13.038067855658657, 0.90981681938442], [13.040384624461073, 0.9066329700677235], [13.041768624461072, 0.9045196700677235], [13.043175942398545, 0.9022031406547187], [13.044635042398545, 0.8996070406547187], [13.046856750572653, 0.8949825254058985], [13.047180350572654, 0.8941809254058986], [13.048414445718285, 0.8906588158445287], [13.048585445718285, 0.8900865158445287], [13.049684077930229, 0.8853965401214932], [13.049822277930227, 0.8845907401214931], [13.05009579729841, 0.8827360268855692], [13.05020759729841, 0.8818315268855692], [13.05049377510124, 0.878053300149965], [13.050421173424118, 0.8742649464182042], [13.050368573424118, 0.8734756464182042], [13.049562086587391, 0.8677211249866666], [13.049149086587391, 0.8658017249866666], [13.048146639507156, 0.8620424022119317], [13.046783708875966, 0.8583982523840739], [13.045073189216861, 0.8549037523670282], [13.04303126355094, 0.8515919632058391], [13.04251626355094, 0.8508410632058391], [13.04023267026637, 0.8478274173258956], [13.03767472408254, 0.8450428579173588], [13.03486528162315, 0.8425122665148603], [13.031829446766256, 0.8402582553124245], [13.030391746766256, 0.8392927553124245], [13.027125694609182, 0.8373187013655019], [13.023686382955809, 0.8356648812334885], [13.021304582955809, 0.8346564812334885], [13.020563296072204, 0.8343513600300356], [13.019678531902514, 0.8339975077225732], [13.019385702886563, 0.8338050022995075], [13.018257023408292, 0.8327860181474664], [13.016108498774802, 0.8307809802206064], [13.014529292788685, 0.8294906241951711], [13.014570229901503, 0.8292778010305583], [13.015111820369292, 0.825496655653212], [13.015290278875682, 0.8216810910605307], [13.01510397805972, 0.8178659013397699], [13.01498557805972, 0.8166435013397699], [13.014951656748723, 0.8164042650912591], [13.017747831828217, 0.8062913730886951], [13.018565470707781, 0.8026968231577152], [13.019004470707781, 0.8002505231577152], [13.019439476048618, 0.7971191941041849], [13.01962583145943, 0.7939632912303783], [13.01966853145943, 0.7917685912303783], [13.019674003673725, 0.7914000139893058], [13.019700803673723, 0.7887824139893058], [13.019636276206041, 0.7860652031423555], [13.019421776206041, 0.7823534031423555], [13.019355699897252, 0.7814055817766499], [13.019012299897254, 0.7772002817766499], [13.018815104587498, 0.7753291244673535], [13.018611304587496, 0.7737521244673534], [13.01807893685149, 0.7706181974709178], [13.017299391954106, 0.7675364408974209], [13.016934591954106, 0.7663027408974209], [13.015702971333425, 0.7627582702157888], [13.014144633131368, 0.7593448051413744], [13.012273290881668, 0.7560923845119472], [13.011683190881667, 0.7551697845119472], [13.010686661753866, 0.7537438156802116], [13.010811642462548, 0.7530480073488095], [13.011051789110612, 0.7515478307542434], [13.011438089110612, 0.7488014307542433], [13.011802940337795, 0.7446456782790509], [13.011899440337794, 0.741920778279051], [13.011848927375345, 0.7380474387640374], [13.011423990393137, 0.7341971479803313], [13.011177290393137, 0.7326523479803313], [13.010312676808306, 0.7285994943360098], [13.00903338593149, 0.724657845675125], [13.007353148694948, 0.7208697086472045], [13.006580648694948, 0.7193463086472044], [13.004839909896136, 0.7162604448859569], [13.002832938669616, 0.7133407200334074], [13.000575480616227, 0.7106100406571607], [12.999159280616228, 0.7090437406571608], [12.996755541448483, 0.7066038753671264], [12.994151889765764, 0.7043785882990983], [12.992617689765764, 0.7031770882990982], [12.988839660691639, 0.7005541945941078], [12.984785521048275, 0.6983823228610838], [12.983744821048274, 0.6978996228610839], [12.980053546950746, 0.6964060140608923], [12.976232058872409, 0.6952868176624752], [12.972318228647927, 0.6945531251621521], [12.970902028647927, 0.694360025162152], [12.968283478695678, 0.6941722639922445], [12.966263911550355, 0.6924438886329088], [12.963450890367342, 0.6904299415727183], [12.963318152891166, 0.6903433393192897], [12.963403081914793, 0.6871817155925737], [12.963381681914793, 0.6859050155925737], [12.963151594513366, 0.6822394016311907], [12.962586252706455, 0.6786103446507149], [12.961690422914126, 0.6750484413800801], [12.961325622914126, 0.6738362413800801], [12.959359363694324, 0.6686409891156645], [12.958801463694323, 0.6674286891156646], [12.956624027542647, 0.6633390401609899], [12.953988290219389, 0.659528614262238], [12.953234538474419, 0.6585635927055955], [12.952934008447977, 0.6581705981173349], [12.95273563839163, 0.6578781397778081], [12.9505457127492, 0.6549475567309223], [12.949708812749199, 0.6539283567309223], [12.946906485575834, 0.6508561958562618], [12.946265827696186, 0.6502233078868881], [12.94666532998959, 0.6482341702555826], [12.94708382998959, 0.6453482702555826], [12.947214850324585, 0.6443578428309448], [12.947601050324586, 0.6411287428309448], [12.947764263348041, 0.6394725572287908], [12.94795736334804, 0.6369835572287909], [12.948042543096706, 0.6355543375656518], [12.948128343096707, 0.6334945375656518], [12.948155465797013, 0.6310534756639331], [12.948112565797013, 0.6288434756639331], [12.947803605033778, 0.6245979051151891], [12.947589105033778, 0.6229029051151891], [12.947052555122582, 0.6197079937694406], [12.946687755122582, 0.6179699937694407], [12.945675323065258, 0.6141137659743195], [12.94480802116616, 0.6113742603781863], [12.943894818965434, 0.6083567146259595], [12.943583395605705, 0.6073735589903088], [12.942574895605706, 0.6043267589903087], [12.942236447405909, 0.6033470071961242], [12.941077747405908, 0.6001285071961242], [12.940799525697445, 0.5993792679312306], [12.939469125697446, 0.5959033679312307], [12.938189167473261, 0.5929264422003381], [12.936672444272295, 0.5900628901064235], [12.935084544272295, 0.5873378901064236], [12.933880838933478, 0.5854012939418403], [12.931949638933478, 0.5824831939418402], [12.928429943832173, 0.5779175510878928], [12.926284243832173, 0.5755144510878928], [12.923744176593368, 0.5729173533210161], [12.920978962895482, 0.5705614136797303], [12.919058462895482, 0.5690702136797303], [12.915567443281736, 0.5666454769989394], [12.913711343281737, 0.5654974769989394], [12.910095222251494, 0.5635110873448825], [12.907080422251493, 0.5620520873448825], [12.90579790174375, 0.56145914114395], [12.902611501743749, 0.56005374114395], [12.901718694997667, 0.5597036953132629], [12.901763327853384, 0.5590203477437165], [12.901832727853384, 0.5577740477437165], [12.90188248155108, 0.5545655548986163], [12.901845281551081, 0.5530546548986162], [12.901524713502882, 0.5488909731728175], [12.901342313502882, 0.5474855731728175], [12.900948745335242, 0.5450461173931312], [12.900835344259598, 0.5444591549177175], [12.900736937019118, 0.5438948881677734], [12.899897446467003, 0.54015186569063], [12.898703272489684, 0.5365064699421016], [12.89716539772734, 0.5329922270838408], [12.895297965785064, 0.5296414570839061], [12.894750765785064, 0.5287616570839061], [12.892588907064239, 0.5256286996427614], [12.89044287445467, 0.5230767287081857], [12.890355319035619, 0.5229127457360602], [12.888449510083136, 0.5199891924358377], [12.887869110083136, 0.5191784924358377], [12.88495854009084, 0.5155739295483116], [12.88421824009084, 0.5147586295483116], [12.882034596489696, 0.5125344159100165], [12.879684394687983, 0.5104869840608887], [12.878804594687983, 0.5097788840608887], [12.877862882984306, 0.509043853576512], [12.877068982984307, 0.508443053576512], [12.87367004591118, 0.5062086841545236], [12.873248117138314, 0.5051833510255862], [12.87272970150044, 0.5039799420969061], [12.87238730150044, 0.5032196420969062], [12.871009496346334, 0.5004513020396029], [12.870480796346333, 0.4994846020396029], [12.868620085603778, 0.49641762408603046], [12.866492081323067, 0.4935296843331206], [12.864113898774281, 0.49084401011612794], [12.86348449877428, 0.4901944101161279], [12.861762239480925, 0.4885204936014689], [12.861465139480925, 0.4882485936014689], [12.858119600002157, 0.4855041066430832], [12.856586974648335, 0.48450262982001563], [12.856661418948383, 0.4841694329482975], [12.856820594940954, 0.4834236585807814], [12.857460694940954, 0.4802780585807814], [12.857903665699636, 0.4776588490590223], [12.858269465699637, 0.4749520490590223], [12.85861647416687, 0.4706275190392181], [12.85849309002645, 0.4662908439162222], [12.85790076473661, 0.4619930391836248], [12.85768126473661, 0.4608591391836248], [12.857171349458522, 0.4585828881566704], [12.856933649458522, 0.4576501881566704], [12.855619620951412, 0.4534671834946178], [12.853855661831965, 0.4494531272985526], [12.851662966288304, 0.44565624895271866], [12.851077666288303, 0.44476004895271865], [12.84964340792077, 0.4427072933130207], [12.84872890792077, 0.44148199331302074], [12.8466472350722, 0.43892052718646035], [12.844361464973241, 0.4365394086214396], [12.843465264973242, 0.43567980862143957], [12.843212465732542, 0.43543944109687593], [12.841621365732543, 0.43393974109687594], [12.84029860236352, 0.4327474378732063], [12.83834620236352, 0.43106483787320626], [12.835233180575505, 0.4286390202848816], [12.834263780575505, 0.4279577202848816], [12.831391160990968, 0.4261166868133736], [12.830613860990969, 0.42566408681337364], [12.827856539408616, 0.42419957143667697], [12.824993394294847, 0.42295457037057516], [12.824147494294847, 0.4226253703705751], [12.819730664859255, 0.4211955590229085], [12.815177916218946, 0.42028714140353196], [12.813705616218947, 0.420081341403532], [12.813281335098775, 0.42005183157084935], [12.812494893595222, 0.41961492915047427], [12.809607263870348, 0.41816021981362184], [12.808930026904317, 0.4178851532606614], [12.807910783446975, 0.4170001583409911], [12.806440983446974, 0.41585225834099104], [12.803428850910583, 0.4137160870126865], [12.801824756573813, 0.4127880005034864], [12.800777911836912, 0.41037766194277625], [12.798793959216809, 0.40684051230440976], [12.79824685921681, 0.40597151230440975], [12.796048518185161, 0.40282534107526036], [12.79425642613095, 0.4007228510000015], [12.793290066376077, 0.3992518512297203], [12.791385029913222, 0.3967923370013174], [12.790269229913223, 0.39546203700131743], [12.787999517991043, 0.3929763819430228], [12.787894270026085, 0.39287043882175215], [12.787327991886123, 0.3921218567801661], [12.784451478360838, 0.3887292187064645], [12.78121607500796, 0.38567692640321855], [12.77998227500796, 0.38463632640321854], [12.777733291011728, 0.38298802494976436], [12.775546162974882, 0.37920645217539245], [12.775015162974881, 0.37840185217539246], [12.77217173769059, 0.3746041231700588], [12.768898671488683, 0.37116975997097185], [12.768190571488683, 0.3705099599709718], [12.763754328578248, 0.3669313632070531], [12.762627728578249, 0.3661481632070531], [12.759916138136823, 0.36451134952404596], [12.75987655161162, 0.36442864942621056], [12.75943665161162, 0.36360264942621057], [12.757565707796626, 0.3604474048730321], [12.756970307796626, 0.35954080487303214], [12.754556944906463, 0.3562458808702697], [12.751820171247457, 0.3532142287525334], [12.751321271247457, 0.35271532875253336], [12.74805720294773, 0.34979079604255303], [12.747434902947731, 0.34929189604255306], [12.744180494640014, 0.3469410488741511], [12.743386594640015, 0.346426148874151], [12.742210236306063, 0.34573917928866166], [12.741171184669637, 0.3431695425855372], [12.739287030734543, 0.3395966241283485], [12.737052143250953, 0.33623194579475646], [12.73448931217997, 0.33310981843437243], [12.733257512179971, 0.33175491843437244], [12.729892589577377, 0.3284652171711229], [12.726164603875507, 0.32559346489602514], [12.724324803875506, 0.32434146489602517], [12.720685992754339, 0.3221387809230608], [12.716833855599852, 0.32033495099668413], [12.715315555599853, 0.3197201509966841], [12.710677269269382, 0.3181647436938402], [12.705883797391271, 0.3171871858618248], [12.704703597391271, 0.3170208858618248], [12.700747022012283, 0.3166626060760481], [12.699392509370943, 0.31667486916209375], [12.69896600627036, 0.316508246610981], [12.695450433831384, 0.3154937824703146], [12.694420433831384, 0.31524698247031463], [12.690608156436342, 0.3145269902551546], [12.68674405970236, 0.31417970916285376], [12.682864494751714, 0.314208406207237], [12.679409933778588, 0.3145704715828397], [12.677629966008972, 0.3134945368079151], [12.675838266008972, 0.31252893680791516], [12.672342324344136, 0.31085805740854533], [12.668701119853212, 0.3095332646147605], [12.666344882650696, 0.30892649726311916], [12.664268004855755, 0.30762621042939464], [12.661392704855755, 0.3059954104293946], [12.659401840727739, 0.30493922991], [12.657845415217402, 0.30416890551886444], [12.65632095614653, 0.30155837633790594], [12.65574165614653, 0.3006731763379059], [12.653603663762297, 0.2977108732491064], [12.651204319553784, 0.29495598697304737], [12.648563637427303, 0.29243149713709504], [12.64570364438694, 0.29015846153816205], [12.644909644386939, 0.28958456153816203], [12.64187810218073, 0.2875961031288169], [12.638678968750897, 0.28589030117904646], [12.638399654497409, 0.2857724752979706], [12.637710574867375, 0.2843399581784408], [12.635679101992974, 0.2809978822075129], [12.633330954422208, 0.2778701742894376], [12.63068858096514, 0.27498673600359447], [12.627777243296372, 0.27237513365765964], [12.627519743296372, 0.2721659336576597], [12.623837520653575, 0.2695066567092987], [12.6198775581135, 0.2672819737744967], [12.619625358113499, 0.2671585737744966], [12.619076754478094, 0.2669213899540901], [12.617809475855283, 0.26578590009997555], [12.617101375855283, 0.26521720009997557], [12.614339694188896, 0.26325583713521833], [12.613112430256466, 0.26207013908928667], [12.612243430256466, 0.2613137390892867], [12.609428774917221, 0.25907792025605647], [12.606424765679378, 0.25710381310782016], [12.603974700299155, 0.2557922683966315], [12.603523201528748, 0.25253561075003866], [12.60341160152875, 0.25192171075003866], [12.60286199013533, 0.2493733356007223], [12.602493590135328, 0.24789993560072235], [12.602446976562339, 0.24771537392841586], [12.60188887656234, 0.24552757392841584], [12.600827254046552, 0.2420385308344018], [12.599452263003743, 0.23866068185759637], [12.597775333445767, 0.23542210634735977], [12.59581040533597, 0.23234972590196562], [12.595408605335969, 0.23178042590196563], [12.593176346690402, 0.22890486676295166], [12.590691905542126, 0.22624415798455755], [12.590189605542127, 0.22575305798455753], [12.58725959221783, 0.22315633498513976], [12.584089757887165, 0.2208584884427443], [12.580710469460824, 0.21888153165316437], [12.579956469460823, 0.2184886316531644], [12.576865719992991, 0.2170422179812851], [12.573662934600188, 0.21586450387728776], [12.570371423244147, 0.21496406077738522], [12.569060323244146, 0.21466486077738522], [12.565738674519752, 0.2140531037015795], [12.564153674519751, 0.21382990370157948], [12.56253170607893, 0.21363518564141087], [12.560956859104481, 0.2134786736667647], [12.55511865161377, 0.2128325422248947], [12.553882671636405, 0.21275688387580585], [12.552650246912483, 0.21263646797117552], [12.548976846912483, 0.21245886797117552], [12.546504490732069, 0.2124158547483701], [12.544026490732069, 0.21244935474837012], [12.540223544296639, 0.2126822412076532], [12.53889524429664, 0.2128273412076532], [12.53661091569572, 0.21315573272935742], [12.535882030240078, 0.2127836827510157], [12.531782270679232, 0.2112297565176629], [12.531318070679232, 0.2110823565176629], [12.528391863500971, 0.21027405063020527], [12.525412781768111, 0.20968999679129835], [12.52494308176811, 0.20961629679129834], [12.519716887133821, 0.20914466720312053], [12.519237700016237, 0.20913299209326414], [12.51678265097384, 0.20862584158667039], [12.51521794971441, 0.20824034731169322], [12.51149963349719, 0.2075091428108256], [12.50772880857875, 0.20713309102209712], [12.50731580857875, 0.20711159102209714], [12.50363718180434, 0.20708947751956813], [12.50323478180434, 0.20710557751956812], [12.499804849940011, 0.20739100109954822], [12.49641215158828, 0.20797022222147954], [12.49606345158828, 0.20804532222147953], [12.493314200919668, 0.20874025327864423], [12.493019200919669, 0.20882605327864423], [12.492684035339451, 0.208945474204575], [12.48890623740243, 0.20836362121199908], [12.488546837402431, 0.20832602121199906], [12.484329336057108, 0.20813729282422364], [12.483748884092757, 0.20778049089440787], [12.480335400094416, 0.20610596932480596], [12.478713000094416, 0.20540366932480594], [12.473612894959427, 0.20359481097008078], [12.470375194959427, 0.2026878109700808], [12.465854414226786, 0.20169935864176092], [12.464840514226786, 0.2015384586417609], [12.460896132233737, 0.2011117235354252], [12.456928878353432, 0.20107782947585412], [12.456500578353433, 0.20109542947585407], [12.451061259718724, 0.20169356096693675], [12.450652659718724, 0.20176706096693675], [12.44667227860816, 0.20269522493852957], [12.446490621972975, 0.2027577137991197], [12.442815837250299, 0.20282156978690877], [12.43847661801263, 0.20337469731715885], [12.43710941801263, 0.20362559731715885], [12.433421294926221, 0.20448466512193203], [12.429830937431793, 0.20568865119158186], [12.428655337431792, 0.20614585119158185], [12.424464339698904, 0.20806050523728417], [12.423572139698905, 0.20853200523728418], [12.419987314360796, 0.21067296856559597], [12.419357720801814, 0.21114448863474833], [12.41540805871746, 0.21094671381228822], [12.41134619804033, 0.21115687542210182], [12.410767098040331, 0.2112164754221018], [12.4080242202039, 0.21166271898008174], [12.405503333421914, 0.21032522227098738], [12.404731931741754, 0.20999823580825355], [12.404920153681601, 0.20750808357042297], [12.404880200957138, 0.20403196630100703], [12.404538579746447, 0.2005724457505072], [12.404281079746447, 0.1987699457505072], [12.403366662479483, 0.19424927604296588], [12.402812582078061, 0.1925485771735078], [12.402909312913632, 0.19201798115136537], [12.403209712913633, 0.18978648115136537], [12.403483553857097, 0.18703692106983577], [12.403608245144165, 0.18511300590485336], [12.403755978386133, 0.18336761367636223], [12.403980045411396, 0.18146296937207748], [12.404004270122204, 0.1812317405267726], [12.404223063996445, 0.17983125973169078], [12.404479563996446, 0.17788245973169078], [12.404771515174772, 0.1746637690964036], [12.404891358096968, 0.17227119075682865], [12.405093401509385, 0.1697941225487887], [12.405187518157913, 0.16829189477236609], [12.405359515602493, 0.1643633774306537], [12.405426983811104, 0.163254866904968], [12.405664889312238, 0.16195032497509304], [12.406270736154662, 0.15663175254259348], [12.406313636154662, 0.15570905254259348], [12.406282530036826, 0.15141489259840885], [12.405791260485973, 0.1471488134330379], [12.405649560485973, 0.1463151134330379], [12.40456201412948, 0.14163717044983265], [12.404271143475535, 0.14083676498793246], [12.403410738389052, 0.13599492868962632], [12.40303133838905, 0.1344649286896263], [12.401777627063389, 0.13036411693469355], [12.40009212705827, 0.1264210801772898], [12.397994209455645, 0.122681134874203], [12.397590409455645, 0.122043934874203], [12.39550288215595, 0.11905955058940935], [12.39315255981352, 0.11627741028508085], [12.390558927070325, 0.11372057846039696], [12.390244839100523, 0.11343795783146567], [12.390020836894685, 0.11300564582771554], [12.388154542698178, 0.10978096909330626], [12.387753742698179, 0.10915736909330626], [12.385880057415953, 0.10648802267938855], [12.3837951419945, 0.10398018805571019], [12.3830977419945, 0.1032076880557102], [12.380679975096468, 0.1007511706179], [12.378059705827617, 0.09851191546178001], [12.376825905827618, 0.09754631546178], [12.372398094875436, 0.09453604540449516], [12.371775794875436, 0.09417134540449516], [12.368058573175642, 0.09224672621332586], [12.36719557317564, 0.09185572621332586], [12.362257111503425, 0.09000018789695073], [12.360781311503425, 0.08955428789695073], [12.360656664278551, 0.08952491307705204], [12.360444294440738, 0.08839151822456663], [12.360167885485088, 0.0873756563487006], [12.36006401853804, 0.08653312524918796], [12.3590287176426, 0.0821943155576407], [12.3588742176426, 0.0816766155576407], [12.357095210311986, 0.076865570894512], [12.356923510311987, 0.076479370894512], [12.355170488041566, 0.0730027993980905], [12.353087767478584, 0.06971313201264517], [12.350695081927146, 0.06664153758917978], [12.348015101539188, 0.06381711878693341], [12.345905502982914, 0.06198819014874259], [12.34419125026558, 0.05900259570750974], [12.343795750265578, 0.05839919570750975], [12.342977239093512, 0.057287989783911385], [12.342322189960118, 0.05547470310215476], [12.341729489960118, 0.05406580310215475], [12.339974738631861, 0.050421893593337125], [12.339202238631861, 0.04900569359333712], [12.338467158589188, 0.04771564135288541], [12.337995058589188, 0.046921741352885425], [12.335931527050226, 0.04379488698046135], [12.335266327050226, 0.04288288698046134], [12.333638011900781, 0.04079881387137716], [12.332978911900781, 0.040010413871377166], [12.329686453075077, 0.03652066080679582], [12.325999855014388, 0.03345021192924735], [12.325307155014388, 0.03294041192924735], [12.322418434810421, 0.03100224213568905], [12.319372241342137, 0.02932238740409633], [12.316191613744786, 0.027913552902660684], [12.315397713744787, 0.02760245290266069], [12.311973220385555, 0.026436223234899844], [12.310724620385555, 0.02607312323489984], [12.308495905709787, 0.025534423438461608], [12.308728232947367, 0.02509213134483669], [12.310771001418331, 0.020532112227811768], [12.31093190141833, 0.02010291222781177], [12.312101997185, 0.016460490656381162], [12.312252197185, 0.015902590656381162], [12.312993683335879, 0.012596403758613511], [12.313452700550254, 0.009239325160811038], [12.313517100550254, 0.008552725160811039], [12.31364024736663, 0.0027851723772611752], [12.31360804736663, 0.0021521723772611754], [12.313381902211082, -0.0005217228964441781], [12.313344139939353, -0.0008404635032264197], [12.313487619117652, -0.0010991096206894625], [12.314921310575745, -0.003945296535173191], [12.315666090954176, -0.005773116343572871], [12.317776700117319, -0.007890849753091466], [12.320303145562477, -0.010991689312330775], [12.321075645562477, -0.012043089312330776], [12.323084864316128, -0.015054366962609644], [12.324813609703147, -0.018234963207647777], [12.32624772248513, -0.021558827467157503], [12.326301747997219, -0.021701465293816044], [12.32668877063865, -0.022545060357044736], [12.326867328720363, -0.022939893174202072], [12.327704228720364, -0.024817493174202072], [12.329630673221116, -0.030115158648418423], [12.329952473221116, -0.031241658648418425], [12.331005074395113, -0.03628885896749227], [12.332260312658844, -0.038350215529278996], [12.334029756672557, -0.04207081330337322], [12.334416056672557, -0.04300421330337322], [12.335807863671224, -0.04693574905807214], [12.336782738833673, -0.050990834572540944], [12.337330083987295, -0.05512538574465385], [12.337443948771844, -0.05929445457628211], [12.337123095327653, -0.0634527178170313], [12.337015795327654, -0.0642788178170313], [12.33626052979895, -0.06839443948423066], [12.335079456184543, -0.0724086433708961], [12.334607356184543, -0.0737497433708961], [12.333168926998589, -0.0772869977360475], [12.331399758432264, -0.08067097314238826], [12.33079585872837, -0.08159832067525609], [12.329914870871287, -0.08411070283908656], [12.328343023324548, -0.08752635537920055], [12.328192823324548, -0.08781605537920055], [12.326016349591441, -0.09151394902106363], [12.323456291028014, -0.09495742915738609], [12.320542106636637, -0.09810687111279438], [12.320177306636637, -0.09846097111279438], [12.316997446833875, -0.10123715408372586], [12.316866492246575, -0.10132909967236813], [12.316362338667773, -0.10424578384096128], [12.316267138667774, -0.10468138384096129], [12.315178709417816, -0.10866377795895561], [12.313685596763337, -0.11251277208005164], [12.311803706218601, -0.11618736445483725], [12.309553084788647, -0.11964841116388772], [12.306957707416794, -0.12285904310182036], [12.304045221589448, -0.12578505872869208], [12.300846652818803, -0.12839528840492043], [12.300763106431845, -0.12845656613701406], [12.300104068112711, -0.13018669452364856], [12.299793068112711, -0.13090559452364856], [12.297960278499245, -0.13460549827205592], [12.295755842398858, -0.13809675406245794], [12.295627042398857, -0.13827915406245794], [12.292852089680034, -0.141776909006155], [12.292680489680034, -0.141970009006155], [12.290264844784051, -0.1444616774920309], [12.287642317246412, -0.14673458343406076], [12.284832647736838, -0.14877161788491397], [12.284532247736838, -0.148970117884914], [12.28257118521226, -0.15018618434196923], [12.282174185212261, -0.15041678434196923], [12.278817046548326, -0.15215995276693214], [12.275310255728213, -0.1535782032069563], [12.271685174456003, -0.15465885205674473], [12.270730374456003, -0.15489495205674475], [12.268256481552681, -0.155379524900976], [12.270327438221765, -0.15624117162733517], [12.273481738221765, -0.15776457162733518], [12.276206410596455, -0.15921264072904187], [12.278811356581175, -0.16086642429692855], [12.283038456581174, -0.16378472429692853], [12.285762025840071, -0.16584197874632745], [12.28830029238536, -0.16812393587183444], [12.290634774264856, -0.17061397999431296], [12.29255707106072, -0.17284823257754173], [12.292769025110555, -0.17302454845184645], [12.294441128314647, -0.1733885170217126], [12.297509242161475, -0.1741848919185574], [12.303045242161474, -0.1758585919185574], [12.307942202578836, -0.1776963474715586], [12.312405402578836, -0.1797133474715586], [12.315816780261088, -0.1814563156610723], [12.319045778228759, -0.18351762784640133], [12.322062779636617, -0.18587837736839483], [12.32484011210312, -0.18851691108452068], [12.32735230152557, -0.19140902797467957], [12.328468101525571, -0.19282522797467957], [12.330609079258558, -0.19581583647082335], [12.332466312260769, -0.19899045619700303], [12.334024098178732, -0.20232224668623577], [12.335269266395146, -0.2057830386394137], [12.336191289382532, -0.20934357208836218], [12.336782371710354, -0.2129737437801814], [12.337125671710353, -0.2159349437801814], [12.337386387615169, -0.21988340190535968], [12.337255699129198, -0.22383829948544248], [12.33673488522668, -0.22776093217641083], [12.33582904281848, -0.23161291139245258], [12.334547036871513, -0.23535653999332248], [12.333089336871513, -0.2390123399933225], [12.331738891211707, -0.2420302290833075], [12.331028283453856, -0.24332042967490305], [12.330993335959153, -0.2435502085364423], [12.330247394966927, -0.24715156858973686], [12.332351092894642, -0.2481377009286042], [12.335804442511504, -0.24996734809834037], [12.339062762091324, -0.25212526048251305], [12.342094948464108, -0.2545908391453619], [12.3448720570755, -0.25734054823952723], [12.3467388570755, -0.25937894823952723], [12.346911874647859, -0.25958292406654326], [12.349094939862601, -0.25998962994036], [12.352353646512665, -0.2608869937606777], [12.354156046512665, -0.26146629376067765], [12.357834150346, -0.26285126410409165], [12.361358583286096, -0.264590506212505], [12.364695320037372, -0.2666672292353496], [12.36542395274969, -0.2672269200629215], [12.368189980479901, -0.2684202278374101], [12.371545521895612, -0.2700576460426047], [12.374733769205195, -0.2720008072979326], [12.377726943216668, -0.27423278084354014], [12.38049896441129, -0.2767341194987075], [12.38160736570717, -0.2778323778239085], [12.382914457736074, -0.2791144826981392], [12.385810880441259, -0.28183655482370207], [12.387783008302309, -0.28382447566004393], [12.389521447025562, -0.2857040813673789], [12.389621058123149, -0.285735646985344], [12.390780852800217, -0.28612277590220037], [12.394427252800218, -0.28740217590220035], [12.399626205568048, -0.28965138850247685], [12.402978205568047, -0.29139298850247686], [12.403573789768776, -0.2917332288897406], [12.406101424751153, -0.29180092529525065], [12.40986756438743, -0.29226141227690994], [12.40990939091395, -0.29227061439128643], [12.409963305551443, -0.29225726832761745], [12.414168365946264, -0.29167968910762015], [12.418410954324736, -0.2915509469998973], [12.422643298795208, -0.29187249165109685], [12.423801998795208, -0.29202269165109684], [12.4274747250424, -0.2926741515089791], [12.431070799124452, -0.29366489326626555], [12.434558950214882, -0.2949863016072326], [12.43790884596652, -0.29662688579781765], [12.441923719009655, -0.2988309202311704], [12.445418153723013, -0.3004023063059089], [12.448322697341686, -0.3018528946325303], [12.451100032645407, -0.3035342597733658], [12.452752332645407, -0.3046285597733658], [12.455888021782501, -0.30693227866549444], [12.458785048055114, -0.30952975934381244], [12.460742248055114, -0.31146435934381245], [12.463324545847888, -0.31427265231145074], [12.46541617883287, -0.3167772398859988], [12.469635550354019, -0.3203856365904226], [12.470851832323397, -0.32146945007928407], [12.473655332323398, -0.3240719500792841], [12.475972499016777, -0.3264076056139516], [12.481203499016777, -0.3321332056139516], [12.483366609610817, -0.33471067111511765], [12.485305437316546, -0.3374608207436382], [12.487006262048965, -0.34036419310717436], [12.489237862048965, -0.34456979310717434], [12.490096906428528, -0.3463517867939833], [12.491441471119126, -0.34740477369609857], [12.494238790210387, -0.34981169306126886], [12.496802385233616, -0.3524661676770157], [12.499110436382212, -0.35534560422332706], [12.500376436382211, -0.3570836042233271], [12.502467357046626, -0.3602612710506425], [12.504246978225893, -0.3636231848134578], [12.505083878225893, -0.36540418481345777], [12.506169895918486, -0.36793881870224854], [12.507586095918487, -0.37158651870224857], [12.508697754445244, -0.37486334381344105], [12.509523854445243, -0.37769564381344106], [12.510165175910133, -0.38030803092668464], [12.510363222326381, -0.38074508406414576], [12.512741594868032, -0.38451856539184565], [12.51452713302243, -0.3876571327073571], [12.51815353302243, -0.3947594327073571], [12.519705914829892, -0.39818939832376865], [12.520928940126673, -0.4017501233242903], [12.521555740126674, -0.40389932332429024], [12.522448610274846, -0.4076117460352453], [12.523130710274845, -0.41119164603524533], [12.523638085824915, -0.41468824610564115], [12.523834926989668, -0.4182159784590036], [12.523719697959956, -0.42174731875297317], [12.523293297784505, -0.42525471449504104], [12.522992897784507, -0.427057014495041], [12.522324610380121, -0.4302549926088845], [12.521397570413924, -0.4333877659764544], [12.520431970413924, -0.4362201659764544], [12.519268017734131, -0.4392307922159652], [12.517475715248459, -0.4433627404800595], [12.516585305236134, -0.44541908547892894], [12.514399757072145, -0.4497312509477038], [12.511709955689135, -0.45374825982585826], [12.510958855689134, -0.4547352598258583], [12.508573240549426, -0.4575850278694211], [12.505933429706541, -0.4602010814259657], [12.503062211884412, -0.46256083686134614], [12.502214611884412, -0.46319383686134613], [12.4988065799594, -0.4654765110191517], [12.495182694587486, -0.46739816075930535], [12.492448091918593, -0.46850621949584315], [12.48955762189923, -0.47330827221428645], [12.485644070390967, -0.48014194137252575], [12.483667454580287, -0.4843153473247817], [12.482968360484358, -0.4874911126522357], [12.482195860484358, -0.4903020126522357], [12.481139253531397, -0.49358548239869865], [12.480130753531396, -0.4963104823986986], [12.479759810936475, -0.4972334877657046], [12.481031580119556, -0.504560942292196], [12.483062025861152, -0.5134394913116369], [12.48388867712668, -0.5162683063247803], [12.486692728459541, -0.5198387330411727], [12.48738253135089, -0.5207432538140778], [12.488013827891328, -0.5215959341967404], [12.489780452280405, -0.5226769215431845], [12.492856537011303, -0.524761505406494], [12.49572590590429, -0.5271225452856134], [12.498363796687526, -0.529739665720471], [12.500294996687527, -0.531842465720471], [12.502979503252051, -0.5350940694637099], [12.505306805131415, -0.5386101992053897], [12.507946105131415, -0.5430945992053897], [12.509720322080891, -0.5464670024595443], [12.51152282208089, -0.5503292024595442], [12.513216299586105, -0.5545755118673602], [12.514414205411896, -0.558987317765189], [12.515401205411896, -0.563664917765189], [12.51547230235592, -0.5640093497372056], [12.515982985301667, -0.5665395048889162], [12.516673712463277, -0.5687063627334453], [12.517921598787733, -0.5713199769053479], [12.51865478565669, -0.5725654827046917], [12.52140552607293, -0.5740317758410376], [12.52456492156998, -0.5761220084475192], [12.527512412189148, -0.5785017461023615], [12.529057412189148, -0.5798749461023615], [12.53189128618287, -0.5826574904918211], [12.534435255169395, -0.5857073457157962], [12.536664239756268, -0.5889944451671492], [12.537994639756267, -0.5911829451671491], [12.540091900784544, -0.5951098477249376], [12.541739799130477, -0.5992454853493642], [12.542647006396528, -0.6025513976372378], [12.543854729344899, -0.6040019999497676], [12.546213927669024, -0.6075416627771115], [12.548183890282766, -0.6113118453939479], [12.549986390282767, -0.6152598453939478], [12.551310499383964, -0.6185357969392147], [12.552340341153398, -0.6219158190351102], [12.553067879527559, -0.6253735366859507], [12.553487437377443, -0.6288819686219318], [12.553744837377442, -0.6323149686219318], [12.553813134497572, -0.6351309069015728], [12.554729414492359, -0.6355229037573523], [12.558923666894541, -0.6376173010606788], [12.563685819228173, -0.6392398302075618], [12.568564981310342, -0.6412710885801967], [12.571418881310342, -0.6426871885801966], [12.57490016511269, -0.6446367484150721], [12.578169902701465, -0.646923435224145], [12.581259802701465, -0.649322435224145], [12.584024967416639, -0.6516781311217821], [12.589131867416638, -0.656445531121782], [12.5915546837886, -0.6589116602511618], [12.59375550620608, -0.6615777834181853], [12.59571789475663, -0.6644239849626461], [12.59709119475663, -0.6666124849626461], [12.598784973737816, -0.6695872847456101], [12.600218199706202, -0.6726960118660533], [12.601768434511532, -0.6764760954924257], [12.602695768460238, -0.6781452274508982], [12.604854839997776, -0.6819648181136723], [12.606653535473344, -0.6855567997080578], [12.607726535473343, -0.6879986997080578], [12.609307501048077, -0.6922308021369632], [12.61054073578136, -0.6962032987594796], [12.61103301239105, -0.696764786714072], [12.613538250290357, -0.7003453552792446], [12.615637946738563, -0.7041778431145037], [12.617307040955453, -0.7082165078291297], [12.617886340955453, -0.7098686078291297], [12.619168404907542, -0.7143434560058916], [12.619921922386801, -0.7189369476615675], [12.6201579223868, -0.7211898476615675], [12.62017142053565, -0.7216143393228438], [12.621076088459633, -0.7238096565351372], [12.623141305366596, -0.7287913200908185], [12.624569420648816, -0.7328369984001162], [12.625384460296669, -0.7356118593050595], [12.625519729049921, -0.7360476422785216], [12.625592521216923, -0.7362406927104796], [12.626053318205475, -0.7375290967813479], [12.626724898279168, -0.7395132492011687], [12.62761992602254, -0.7418286427412912], [12.628941951014287, -0.745047400786041], [12.630342743507933, -0.7490494503570952], [12.631312032892295, -0.7531772946454365], [12.631612432892295, -0.7548507946454365], [12.63214923796711, -0.7591998363912653], [12.632207094625723, -0.7635815000481839], [12.632142794625723, -0.7651263000481839], [12.631844037131989, -0.7686162356151175], [12.63124111322934, -0.7720666542953684], [12.630338646178318, -0.7754510980492563], [12.629143556156231, -0.7787436147372196], [12.628478356156231, -0.7803528147372196], [12.62714125253393, -0.7832536010168102], [12.625607929332485, -0.7859833188706291], [12.626374983110288, -0.7872104440509875], [12.628142629975425, -0.7903434804726713], [12.629621652658631, -0.793622654844672], [12.630800089108549, -0.7970214458345584], [12.632152658019985, -0.8015744109629975], [12.633337593144844, -0.804990786756421], [12.636050146194522, -0.8077835400276424], [12.637129872941282, -0.8088077869989216], [12.64014828447982, -0.8120041013704669], [12.642797699450597, -0.8155123536547738], [12.642898237290241, -0.8156619148329132], [12.643157974920115, -0.8155276060367841], [12.646343028100686, -0.8142143756269025], [12.649629269924091, -0.8131800871997155], [12.65171066992409, -0.8126222871997155], [12.655988676398975, -0.8117231150514799], [12.66033925639403, -0.8112961447270405], [12.660869185578663, -0.8112732603714511], [12.66122597383405, -0.8109227248796068], [12.662044844169138, -0.808473513003907], [12.6635596494506, -0.8046189506326171], [12.665464894906828, -0.8009416791079098], [12.667739394906828, -0.7970581791079098], [12.669852508811083, -0.7938200225666702], [12.672268403752861, -0.7908010227673617], [12.674964504842539, -0.7880293902029397], [12.67721760484254, -0.7859267902029398], [12.680159717329655, -0.7834353281295371], [12.683328019158303, -0.7812386777994602], [12.684163306667713, -0.7807716615698594], [12.685232948687396, -0.7797051083593848], [12.688154339014726, -0.7772975317978487], [12.690450339014726, -0.7755811317978486], [12.694344304957468, -0.7730099729995836], [12.697176704957469, -0.7713685729995836], [12.701086541854437, -0.7693807305372433], [12.70519051957383, -0.7678329227020415], [12.709439292035762, -0.7667437602794891], [12.711059292035761, -0.7664219602794892], [12.715190131451585, -0.7658234330434441], [12.719360851818939, -0.765658627858627], [12.72104525181894, -0.765680027858627], [12.725346918719866, -0.7659670323869552], [12.726207637714747, -0.7661187300078103], [12.727210429869404, -0.7659534722312282], [12.73299559038506, -0.7627576251768096], [12.736131265129384, -0.7612004506897347], [12.739391091512516, -0.759923430550031], [12.74275009672071, -0.7589363477284312], [12.74622629672071, -0.7580781477284312], [12.750512521541348, -0.7572650239697298], [12.75486180565044, -0.7569235255093877], [12.75846660565044, -0.7568377255093878], [12.76223677602272, -0.7569258140820645], [12.77195717602272, -0.7576124140820645], [12.773272100286839, -0.7577271252611077], [12.77657660028684, -0.7580704252611077], [12.780135775894767, -0.7586029458170969], [12.78363268423179, -0.7594532053263494], [12.78703901933482, -0.7606143213052639], [12.79557911933482, -0.7639613213052638], [12.795906058131754, -0.764091115016052], [12.799961558131754, -0.7657218150160521], [12.803181230780828, -0.7671849350215317], [12.806259086960576, -0.7689267195818044], [12.809241686960576, -0.7707933195818043], [12.810782699668612, -0.7718768720604925], [12.811455989886108, -0.7718075454193313], [12.814944745401068, -0.7717539939938389], [12.818424894874422, -0.7720046779411774], [12.820828094874422, -0.7722835779411775], [12.824849816233044, -0.7729595990523761], [12.828781802489052, -0.7740416024311775], [12.832583182495245, -0.7755183411615217], [12.836214442694937, -0.777374465239086], [12.83773608100031, -0.7782528396139814], [12.840271518559616, -0.777804057445399], [12.844893024870494, -0.7772609071122167], [12.847319803567038, -0.7772594717632347], [12.850414317508339, -0.7767806078860984], [12.85446852727034, -0.7765696299791144], [12.85781732727034, -0.7765655299791144], [12.862000461954283, -0.7767797147879956], [12.866138264283943, -0.7774301629389094], [12.870185361987202, -0.7785097420683094], [12.873167961987203, -0.7794752420683093], [12.876454289445837, -0.7807006888386241], [12.879620634204954, -0.7822093070204924], [12.881792958026216, -0.7834889654906441], [12.883190014896563, -0.7833670580274759], [12.885657614896564, -0.7832812580274758], [12.889322051183063, -0.7833218164550461], [12.893590451183062, -0.7835649164550461], [12.89706697639512, -0.7839157804576753], [12.900499616865647, -0.7845687065626167], [12.903862178687822, -0.7855187123996803], [12.908668678687823, -0.7871064123996803], [12.912543688460557, -0.7886202567597929], [12.914134353646345, -0.7889173805848331], [12.918503079883315, -0.789990774253089], [12.923266679883316, -0.791449674253089], [12.923641815354951, -0.7915665816369335], [12.932439515354952, -0.7943557816369335], [12.93349675380237, -0.7947072428590347], [12.943128553802369, -0.7980588428590347], [12.947328607043358, -0.7997936514039751], [12.950356696147292, -0.8014690707734768], [12.95310553088909, -0.8013266724081338], [12.955530230889089, -0.8013051724081338], [12.957710480386831, -0.8014097420556651], [12.960400004211431, -0.8009121616361208], [12.964683643130783, -0.8005881744878558], [12.968977323123832, -0.8007254413116685], [12.973231520536507, -0.8013223788608544], [12.977397167110025, -0.8023721020091968], [12.978247567110026, -0.8026357020091969], [12.981716261883975, -0.8038889102995835], [12.985054784808888, -0.8054562772424992], [12.988234753485422, -0.807324477892904], [12.99021955348542, -0.8086171778929039], [12.990610988595217, -0.8089084219006142], [12.991932419901882, -0.8094456538225157], [12.996951631765107, -0.8119079776382386], [13.001267431765108, -0.8144136776382386], [13.002404263958853, -0.8150991806913598], [13.005206108976909, -0.8168527251887594], [13.006436248535113, -0.8170927681886252], [13.009951782112415, -0.8181200974878187], [13.013358610719791, -0.8194646794533638], [13.015408910719792, -0.8203844794533638], [13.018717880638878, -0.8220572853667396], [13.021857741969702, -0.8240292976315186], [13.023251441969702, -0.8249974976315185], [13.02635886904844, -0.8273903345678558], [13.029217026162843, -0.8300759833838729], [13.030743352946793, -0.8316580714560022], [13.0329146923171, -0.8338679362797593], [13.036227191655916, -0.8349945063568667], [13.039808395867395, -0.8364081786526828], [13.04323709787448, -0.8381596053599341], [13.04675619787448, -0.8401764053599339], [13.049770695147947, -0.8420875614928356], [13.052602825081301, -0.8442598302645747], [13.05523003735048, -0.8466759153766403], [13.057631413251386, -0.8493165791868629], [13.060056113251386, -0.8522344791868629], [13.062782636733925, -0.8559277755604083], [13.065068033687492, -0.8599091483347533], [13.066162333687492, -0.8620975483347533], [13.067685324862994, -0.8655391161956882], [13.068878125410148, -0.8691085865088842], [13.069730176143024, -0.8727743607805329], [13.07023393434031, -0.8765039879925667], [13.070384940516739, -0.8802644518730949], [13.070363540516738, -0.8833540518730949], [13.07010543375614, -0.88762212752187], [13.069393210106425, -0.8918382663142155], [13.068235008097757, -0.8959542907250578], [13.067140708097757, -0.8991724907250578], [13.065553957229133, -0.9031323304365476], [13.065240272066129, -0.9037235329809492], [13.068610660303088, -0.9032792948684105], [13.071060007305345, -0.9030328612597853], [13.074450307305344, -0.9027968612597854], [13.07892313872388, -0.9027362348325675], [13.083374770423445, -0.903175406409233], [13.086271570423445, -0.9036259064092329], [13.0895235771778, -0.904270689563402], [13.090514508965892, -0.9045541781676255], [13.093595117396312, -0.9041356757610862], [13.098024981081965, -0.9040285041769504], [13.100771481081965, -0.9041143041769504], [13.105425696817182, -0.9045327946496944], [13.109999345506825, -0.9054912288151195], [13.113003445506823, -0.9063065288151194], [13.116763367360813, -0.9075294304619343], [13.120384191541705, -0.909117552949956], [13.123830541463965, -0.9110553798254081], [13.129967441463966, -0.9149171798254081], [13.13288232036072, -0.9169371903211722], [13.135606824777168, -0.919207440763409], [13.138119538471539, -0.9217100856195264], [13.14285773847154, -0.9268674856195264], [13.145166817544334, -0.9296192751667212], [13.147219707134774, -0.9325671279795228], [13.147726491752323, -0.9333694080939078], [13.150420470824182, -0.9339172464010341], [13.154675851514611, -0.9352919961058219], [13.158751184002758, -0.9371331551653173], [13.161164684002758, -0.9383904551653173], [13.164558592514837, -0.9403764323821886], [13.167741102516016, -0.9426860536902579], [13.17068145759216, -0.9452969984465664], [13.173351241562832, -0.9481840339579933], [13.175724653100957, -0.9513192593350573], [13.177778755082018, -0.9546723751317008], [13.179256355082018, -0.9573741751317008], [13.180962384907216, -0.9608918387446201], [13.182276875026224, -0.9644509667463391], [13.183804364447724, -0.9660397670030072], [13.185769781018584, -0.9682640396994644], [13.18682898913511, -0.9690284663957847], [13.18788038913511, -0.9698651663957847], [13.190943716555427, -0.972569709989185], [13.193715124259832, -0.9755726802302378], [13.19616568822502, -0.9788427363742802], [13.198269832939637, -0.9823457502127667], [13.200005598325179, -0.9860451622551099], [13.20043479832518, -0.9870964622551099], [13.201763466889899, -0.9908836835955053], [13.202705922667985, -0.9947849888568726], [13.203252677246956, -0.9987611006594245], [13.203398226036477, -1.002771988489555], [13.203376726036476, -1.004316688489555], [13.203169734987528, -1.0078617967946202], [13.202718202944508, -1.0109085650704726], [13.204373998637283, -1.013094801594805], [13.204931898637284, -1.0139101015948049], [13.206706316332252, -1.0167515962593254], [13.208236742978587, -1.0197316037030912], [13.20951244392458, -1.0228292216881083], [13.20994154392458, -1.0240092216881083], [13.211041820900288, -1.0275334985927087], [13.211812463576392, -1.0311442114017453], [13.212246906492895, -1.0348105987893341], [13.212341448430449, -1.0385014251122076], [13.212284065903859, -1.0412924078456176], [13.212860296425438, -1.0435898626754219], [13.212989096425439, -1.0442119626754218], [13.213562936617535, -1.0477957750144418], [13.213809566512339, -1.0514168490460474], [13.213726955574561, -1.0550453720073], [13.213315783950561, -1.0586514698072764], [13.212579436868598, -1.0622054529842573], [13.211734597915529, -1.0649850887459384], [13.213183334679352, -1.066813150691644], [13.215909810104973, -1.0707084862871914], [13.218785110104973, -1.0753854862871914], [13.221228728978511, -1.0800141923160687], [13.22212992897851, -1.0820307923160686], [13.223750502368228, -1.0862945541476048], [13.224875117136767, -1.090715093106816], [13.225475917136768, -1.0938044931068158], [13.226028172704797, -1.0976150451432518], [13.226211494622504, -1.1014610412573027], [13.226024184264165, -1.1053068451868426], [13.225903583900585, -1.1061329487774625], [13.228490718226949, -1.1071134877251263], [13.231905702570806, -1.1087947059121241], [13.235145421766175, -1.110792913157691], [13.238180538915211, -1.1130900149300782], [13.240983569869945, -1.115665210093146], [13.244963969869945, -1.1196877100931457], [13.247262647672528, -1.1222184200967453], [13.249336825052398, -1.124936176700866], [13.251104831042191, -1.1277165197658539], [13.253834310262995, -1.129046303394048], [13.260958210262995, -1.1331439033940482], [13.264906005273014, -1.1357362900801355], [13.268520728098247, -1.1387759172066219], [13.268658309955887, -1.1389062268321501], [13.271357822513082, -1.1393378251088002], [13.275147741394322, -1.1403319602017128], [13.278822216338748, -1.1416921159251952], [13.282345991242211, -1.1434052417638478], [13.28700229124221, -1.145958141763848], [13.289708461132403, -1.1475839254827516], [13.292277988294698, -1.1494180624289643], [13.294187688294699, -1.1508983624289642], [13.297858678852977, -1.1541213433316326], [13.301109416671624, -1.1577677773722201], [13.301903316671623, -1.1587760773722202], [13.302568047719761, -1.1597015800052037], [13.30434902728444, -1.161134240479491], [13.305063454143475, -1.1618415203190577], [13.306316543005416, -1.162498856512366], [13.309279472081908, -1.1644029833638825], [13.309901772081908, -1.1648427833638826], [13.313035613521766, -1.167300344404901], [13.313728208955217, -1.1679014970939376], [13.315660829485072, -1.1695163216773288], [13.31793553561877, -1.1716450672393075], [13.318596676152067, -1.1716773242008336], [13.321200577066463, -1.1718897876874526], [13.322557777066462, -1.1720452876874525], [13.32649585700466, -1.172696957051228], [13.330349379166403, -1.173737876600606], [13.334079969343332, -1.1751576806332507], [13.335265469343332, -1.1756779806332507], [13.34007280708119, -1.1781894374819026], [13.34102770708119, -1.1787739374819026], [13.34354518911652, -1.180448904749037], [13.345928950315656, -1.182309257857904], [13.347093050315657, -1.183290757857904], [13.348871816021209, -1.1848837286477556], [13.349966116021209, -1.1859242286477556], [13.352139072290354, -1.1881578518617941], [13.354131555114684, -1.1905538534904794], [13.355247355114683, -1.1920072534904793], [13.357886356090896, -1.1958984879507542], [13.360050531164209, -1.2000725001727457], [13.360798831164209, -1.2017503001727456], [13.362440501257867, -1.206092485175608], [13.363231121156769, -1.20925005763232], [13.363644666208737, -1.210612131020858], [13.364642379875747, -1.2146386703215502], [13.365168179875747, -1.2173577703215501], [13.365801336715739, -1.2222060651297817], [13.36595153671574, -1.2243888651297816], [13.365992601666905, -1.2266706029101617], [13.36838333279232, -1.2285652522317172], [13.370927941016477, -1.2307620953649916], [13.373279096558425, -1.2331648476169386], [13.375420192691129, -1.235756537821649], [13.37649309269113, -1.237172437821649], [13.376818480768925, -1.237649839970592], [13.37709472164092, -1.2378450463396424], [13.380162526237797, -1.2402451401130739], [13.382982347234531, -1.24293223607568], [13.385527445898528, -1.2458808540496467], [13.386151387329226, -1.2467647718775057], [13.38656059105329, -1.2470863970332724], [13.386612451498062, -1.2471314453812095], [13.386668341031392, -1.247171385579634], [13.388094075021488, -1.2484184511577132], [13.389524079102125, -1.2496606179315972], [13.38957127431444, -1.2497105325719176], [13.389622979900357, -1.2497557585796024], [13.391178679900358, -1.2512574585796024], [13.393733478144672, -1.2539642671937867], [13.396025615325486, -1.256896828205478], [13.39803524467656, -1.2600297496558612], [13.399744965562231, -1.263335904739348], [13.401139974143078, -1.2667866666845324], [13.401708574143077, -1.2684062666845324], [13.402846886387136, -1.272257109679129], [13.403593367427609, -1.276202678407491], [13.40387236742761, -1.278229878407491], [13.404200703636022, -1.2817826354009072], [13.404211152261809, -1.2853505168095642], [13.404125252261808, -1.2874100168095641], [13.403842314849843, -1.2907743909037315], [13.403276664093632, -1.2941029199852616], [13.402432329924837, -1.2973718902261784], [13.401659929924836, -1.2999139902261785], [13.39984804032859, -1.3047362270513783], [13.39871074032859, -1.3072568270513782], [13.397617019463661, -1.3094925641494881], [13.396741188858142, -1.3111501681667133], [13.396395196078771, -1.3121950663604114], [13.395872949822053, -1.3139430833145087], [13.395066093419953, -1.3172602960629547], [13.393552187751808, -1.3221160995230712], [13.392779687751808, -1.3241325995230713], [13.39115269729066, -1.3278136603797441], [13.38916404225079, -1.3313125970930328], [13.387517245093358, -1.3336316318451984], [13.388415778502443, -1.335416124023061], [13.389274078502444, -1.3373468240230613], [13.390705319431413, -1.341051737027161], [13.391762083428388, -1.3448803243409635], [13.392433951572475, -1.3487948388909003], [13.392669951572474, -1.3507469388909004], [13.392936626205879, -1.3542071291014564], [13.39290236921988, -1.357677411238724], [13.392567438484619, -1.3611316626852614], [13.39193435519783, -1.3645438814949682], [13.39154815519783, -1.3662170814949681], [13.390277119163914, -1.3705773414616262], [13.388519995633493, -1.3747654098081552], [13.386299437662297, -1.3787272934350314], [13.385205137662297, -1.3804433934350313], [13.383050095010814, -1.383498058914141], [13.380619291333108, -1.38633819685083], [13.377933958468734, -1.388939000078007], [13.37501755144085, -1.3912777518961092], [13.371895543588444, -1.39333402449197], [13.371077220191054, -1.3938197557859267], [13.370724310417403, -1.3967017485134479], [13.370316610417403, -1.399061448513448], [13.369087880152742, -1.4040670281288845], [13.370219702912822, -1.4053293588141782], [13.37250884454621, -1.408440530513194], [13.37448723466709, -1.411757989071802], [13.37536703466709, -1.4134096890718018], [13.37693932771262, -1.4167182252272623], [13.378202355579868, -1.4201567245393991], [13.379145525793335, -1.4236963497824775], [13.37976092838711, -1.4273074156307537], [13.37999692838711, -1.4292165156307537], [13.380080784053757, -1.4302818857002213], [13.380247504026478, -1.4311334751510627], [13.38061962334301, -1.4351774014624528], [13.380579793427064, -1.4392382174365503], [13.380461693427064, -1.4411849174365503], [13.380047045038133, -1.4449921622001893], [13.379270194452637, -1.448742302083516], [13.37813826298511, -1.4524009599152248], [13.378067921476474, -1.4525692893921907], [13.37814718470256, -1.4531502671886212], [13.378367084702559, -1.4558208671886212], [13.378445836641331, -1.4577458648303467], [13.378823807952562, -1.4581825718532326], [13.380904044530567, -1.4610692277506185], [13.382719528980791, -1.4641293229617804], [13.38425589609361, -1.4673386441649372], [13.38644459609361, -1.472486844164937], [13.388164469237072, -1.4773970937200214], [13.389651560762221, -1.4827323908354064], [13.394246058552055, -1.4862277922378642], [13.396799558552054, -1.488480092237864], [13.399736589141552, -1.4913519273567692], [13.402363602511313, -1.4945098359034064], [13.404652894201925, -1.4979205146025982], [13.405854494201925, -1.4999261146025984], [13.40779514135443, -1.5035819217450745], [13.409347624457, -1.5074186955786146], [13.410163024457, -1.5097781955786145], [13.411344047034774, -1.5138988958225865], [13.412077326965468, -1.5181223168734788], [13.412334826965468, -1.520288816873479], [13.412607302393385, -1.524256302718549], [13.412484468307795, -1.5282312365012762], [13.411967538861202, -1.5321743280215043], [13.411816901979062, -1.5328182152613896], [13.413158856195148, -1.5328610041833917], [13.414006456195148, -1.5329253041833917], [13.41776756415209, -1.5333906736811216], [13.421467749391017, -1.53420989955402], [13.425073796963629, -1.5353756279688988], [13.42589989696363, -1.5356866279688988], [13.42994616859804, -1.5374711276783035], [13.433770723258924, -1.5396913832938106], [13.43732681352617, -1.5423202566957626], [13.438517713526169, -1.5433069566957627], [13.438921852332633, -1.5436797321534408], [13.441342187291168, -1.5445815327469572], [13.442372087291167, -1.545021232746957], [13.445518434697293, -1.5465300068386945], [13.448521317760791, -1.5483072503692452], [13.44853450279385, -1.5483166964601198], [13.44903170666009, -1.5482603570516023], [13.45263632572849, -1.548178654968621], [13.456233658113707, -1.5484218700357752], [13.458604758113706, -1.5486899700357752], [13.461077720322521, -1.5490481326940986], [13.464897220322522, -1.5497237326940987], [13.469369251239, -1.5507828619799706], [13.473690279529718, -1.552347959380439], [13.47880965241431, -1.5545425379960496], [13.481027621629396, -1.5541714522586714], [13.484439421629396, -1.5538282522586713], [13.488385766592407, -1.553627440802849], [13.492332669104767, -1.5538169780440396], [13.494199469104766, -1.5539993780440398], [13.498351491369142, -1.554626517958099], [13.502414890110353, -1.555685472171274], [13.506344885167373, -1.5571645706154262], [13.510098166537242, -1.5590475130771806], [13.513468444516247, -1.5612078319622469], [13.51548165442879, -1.560743568361586], [13.518909220886831, -1.5602602607637137], [13.520014220886832, -1.5601529607637137], [13.524489997484586, -1.5599703484322516], [13.528958126488826, -1.5602893258892767], [13.530717726488826, -1.5605145258892767], [13.534709954581322, -1.5612328161678743], [13.538608908457642, -1.5623517374060165], [13.539735408457641, -1.5627378374060164], [13.544118035448882, -1.5645365050406903], [13.548257275887051, -1.5668406997371942], [13.549351575887052, -1.5675377997371942], [13.55234068318774, -1.569639853887261], [13.55547308318774, -1.5720638538872609], [13.556472645566508, -1.5729189770690493], [13.557499384450796, -1.5737412713403007], [13.557963260648352, -1.5741941946429427], [13.558455903236556, -1.5746156491779046], [13.55936683572036, -1.5755646289537975], [13.5603080316433, -1.5764836016626744], [13.560725279903261, -1.5769798118341687], [13.561174240514454, -1.57744752436805], [13.561987770325494, -1.5784812215440251], [13.562834359055854, -1.5794880224809946], [13.56320096104939, -1.5800227407461416], [13.563601915947453, -1.5805322069515553], [13.56431020834893, -1.5816406664587317], [13.565054036774441, -1.5827255995803975], [13.565366461923947, -1.5832936763099936], [13.565715549694032, -1.5838399897488826], [13.566311783442927, -1.5850125365162537], [13.566945688089234, -1.5861651533235759], [13.567343088089233, -1.586980053323576], [13.56875195258055, -1.5902261392961652], [13.569868416844539, -1.5935840375738926], [13.569958124031379, -1.5939629048909718], [13.572098043759915, -1.5966286058118306], [13.574120868706766, -1.5996841390057213], [13.574415868706765, -1.6001774390057213], [13.576521665732779, -1.6042010541460612], [13.578157811506605, -1.6084374307722753], [13.578415311506605, -1.6092364307722753], [13.579482713116544, -1.6132520207387882], [13.580127796137798, -1.6173566738144751], [13.580343599999999, -1.6215061], [13.580343599999999, -1.6228413], [13.579960769510114, -1.628362158629501], [13.579762369510114, -1.629785858629501], [13.578578544814317, -1.6353500352450425], [13.578426866716674, -1.6358759241122085], [13.57772116534123, -1.6385599297186606], [13.577187463557038, -1.6401852937120844], [13.577274506920327, -1.6403827010699912], [13.578440146017321, -1.6438579828165176], [13.579282754296651, -1.6474253780861488], [13.57947055429665, -1.6484227780861487], [13.580025376526924, -1.652529546191977], [13.58015232337287, -1.6566716780682647], [13.579850032268606, -1.6608047147328175], [13.579121747812621, -1.6648842948256], [13.578756244379756, -1.666153904186701], [13.580327007518182, -1.6684867222612454], [13.582087262793019, -1.6717016686520805], [13.583545844363531, -1.675064244856525], [13.584690505268773, -1.6785462170477619], [13.584899705268773, -1.6792969170477619], [13.585753825049824, -1.683052658180475], [13.586242760698653, -1.6868731364211722], [13.586361978830798, -1.6907229285055976], [13.586340478830797, -1.6919723285055976], [13.586093257332834, -1.6957771315114938], [13.585484894786598, -1.6995411107084433], [13.58452091879106, -1.7032300664770528], [13.584193718791061, -1.7042756664770526], [13.583037449214881, -1.7074838817682443], [13.58161211238583, -1.7105819488448566], [13.580634092036151, -1.7124891435644538], [13.58006814755985, -1.7137388089591263], [13.579698509108816, -1.7149488386950489], [13.579521509108815, -1.715409938695049], [13.579195143769146, -1.716153596967863], [13.579413953974186, -1.7166278761040663], [13.58060640072391, -1.7199587958817975], [13.58071900072391, -1.7203233958817974], [13.581770812723649, -1.7245232374427706], [13.582362544328932, -1.7288121570418515], [13.582487263042449, -1.7331399073653535], [13.582264078294214, -1.7359420117387674], [13.582562605709958, -1.7362818131562416], [13.584868562192199, -1.7394994347990163], [13.586524748972124, -1.7423732161878023], [13.588070028436169, -1.744681696374478], [13.588391928436168, -1.745223296374478], [13.590336371852754, -1.7489220532502867], [13.591884331064923, -1.7528034814544533], [13.593018912359229, -1.756825220868346], [13.59319861235923, -1.7576187208683458], [13.593801338762956, -1.7609160418933094], [13.593884538762957, -1.7615112418933094], [13.594078337672835, -1.7631408124574148], [13.594121237672834, -1.7635778124574149], [13.594312131127863, -1.7676794738264698], [13.594081527866212, -1.7717790943495535], [13.59400708218697, -1.7722436856973496], [13.596314120630623, -1.7744209476731538], [13.598906478072967, -1.7774036585947182], [13.600424578072968, -1.779335358594718], [13.602703865536498, -1.7825497419290022], [13.604655821912289, -1.785972792888035], [13.606261504181592, -1.7895712920211686], [13.607505329788518, -1.793310317217752], [13.608375227862993, -1.797153582613369], [13.608862756364134, -1.8010637907308102], [13.609011756364135, -1.8030529907308102], [13.60911554009936, -1.8068387528126335], [13.608860826048856, -1.8106173618631105], [13.608249897527577, -1.814354945567291], [13.607288231038382, -1.8180179993708039], [13.605984447179425, -1.8215736868223378], [13.604350233367139, -1.8249901339270942], [13.602400239067554, -1.8282367148725596], [13.599614939067555, -1.8324125148725596], [13.596733672295557, -1.8362188165195608], [13.592738572295556, -1.8408889165195608], [13.591149487933079, -1.84263903349196], [13.589225435502824, -1.844636162876614], [13.589389878088802, -1.8470679495339775], [13.589307776668077, -1.8506764862902243], [13.588900718423487, -1.854262930455408], [13.588428718423488, -1.857222530455408], [13.587777005831711, -1.860449020725491], [13.58686221270978, -1.8636110014827525], [13.585690533904513, -1.8666870602504793], [13.585368198334153, -1.8674387593184434], [13.585388538749305, -1.8691102852102697], [13.585220764490062, -1.8732888410286148], [13.58461764449761, -1.8774270439240508], [13.583585771053242, -1.881479662105412], [13.583237171053243, -1.882600162105412], [13.581490584853512, -1.8871967678483927], [13.581088184853511, -1.8880867678483928], [13.579574386613736, -1.891091430970382], [13.578814601804025, -1.8923283600164782], [13.579165861300293, -1.89322567465992], [13.579385861300294, -1.89389047465992], [13.580396881630593, -1.8975065107723372], [13.581064392315229, -1.901201413850969], [13.581382511801042, -1.904942627459857], [13.58141461180104, -1.905789727459857], [13.581388581002514, -1.909395936667185], [13.581340881002514, -1.9103069366671852], [13.581031167504912, -1.9136025874446196], [13.580450018828024, -1.91686134529275], [13.579601414836532, -1.920060893348808], [13.579370214836532, -1.9208065933488079], [13.57873677238629, -1.9224541450612254], [13.579029708854952, -1.923129464085744], [13.580297398332721, -1.927184064510027], [13.580565598332722, -1.9282348645100271], [13.581358061658904, -1.9321437453573804], [13.581757315617734, -1.9361121132685633], [13.581757950834266, -1.9373329752351705], [13.584490857037725, -1.9385683851417288], [13.584866357037724, -1.9387613851417287], [13.588474479297888, -1.9408608072889513], [13.59184415256516, -1.9433248327897084], [13.59493867663369, -1.9461266251420843], [13.597724348036909, -1.9492356691156938], [13.600170827122922, -1.9526181031029646], [13.602251468493515, -1.9562370879169033], [13.60394361120784, -1.9600532080186437], [13.604126011207839, -1.9605303080186438], [13.60532507431891, -1.9641843824213603], [13.606167682661738, -1.9679367181293583], [13.606646047369088, -1.9717526294610959], [13.606755746553583, -1.9755968430573783], [13.606745046553584, -1.9761437430573783], [13.606475730161302, -1.9800603291342294], [13.605823777266359, -1.9839316512907166], [13.60479546787747, -1.9877204185859272], [13.603400707299105, -1.9913901352978243], [13.603121707299104, -1.9920280352978241], [13.60275264710723, -1.9927813101531513], [13.603056518387463, -1.9929784580571495], [13.606248383997363, -1.9955491958808715], [13.609160445113849, -1.9984330473132161], [13.611762131103086, -2.0015997378638355], [13.614026129629746, -2.005016023815167], [13.614584029629745, -2.005959523815167], [13.616430945714752, -2.009469251495731], [13.617921220402861, -2.0131446247789175], [13.619040203094759, -2.0169495117880167], [13.619776893290213, -2.0208465074221817], [13.620124048731833, -2.024797301078668], [13.620078256602294, -2.028763053276884], [13.619639967075077, -2.032704777481735], [13.619139096291653, -2.035055536037404], [13.619358816025501, -2.03618997248848], [13.619823550347283, -2.039365714084989], [13.62089264272953, -2.040955990130496], [13.622635320897095, -2.0441371750124557], [13.624082657711192, -2.047463145637021], [13.624781036809258, -2.0495724483970448], [13.625645295252061, -2.050871934008053], [13.627411236580928, -2.05415338653215], [13.62886414162942, -2.057584938129455], [13.62999140056248, -2.0611368061932676], [13.630120100562479, -2.0616192061932677], [13.631060846634147, -2.0662104706009243], [13.631458117823014, -2.070880255139302], [13.631468817823015, -2.0712877551393016], [13.631426560362057, -2.074454308276132], [13.63113393304757, -2.0776075944534704], [13.630951533047568, -2.0789799944534706], [13.630721586115474, -2.0802367039485956], [13.631123795918864, -2.0812533641999824], [13.632497405970282, -2.0853635599017664], [13.63341830463631, -2.0895982333162384], [13.633875682573427, -2.0939076786057114], [13.633982982573427, -2.0959876786057117], [13.634011328837817, -2.0994559082110467], [13.633903616807544, -2.100824115850625], [13.63586770856306, -2.102499050047293], [13.63730540856306, -2.103849950047293], [13.63971715408915, -2.106320550773194], [13.641906864916711, -2.108989923531183], [13.643858227173963, -2.1118381808528475], [13.645556702743233, -2.114844102536795], [13.646157502743232, -2.1160235025367946], [13.64773770971615, -2.1195335848224945], [13.648973199666452, -2.1231793078389], [13.64985253061999, -2.1269269082449993], [13.650367559020404, -2.130741679204888], [13.650474859020404, -2.131985379204888], [13.650622431969142, -2.1356170999986848], [13.65043972943992, -2.1392472230661728], [13.650144884354866, -2.141321668071479], [13.650449558312046, -2.141761499728421], [13.65219695322544, -2.143410505475984], [13.65395645322544, -2.1453188054759837], [13.656913495379419, -2.1489272802193864], [13.657879095379418, -2.1502567802193866], [13.65987782264446, -2.15328935239505], [13.661593237100021, -2.1564907205285664], [13.663011195792173, -2.159834490530822], [13.664120008179086, -2.1632930942622814], [13.664910532515194, -2.1668380168220365], [13.66511501086775, -2.1680013219565], [13.66533708423262, -2.1681547823933953], [13.66673188423262, -2.1692161823933955], [13.670356724253246, -2.1723336178957635], [13.673583726998302, -2.1758612690363868], [13.674635126998302, -2.177158469036387], [13.677088507489824, -2.18053064674003], [13.679177465568323, -2.1841399281709255], [13.679687065568322, -2.1851369281709254], [13.68044870747244, -2.1867110155843204], [13.68124270747244, -2.18844781558432], [13.682604350124485, -2.1918248959532196], [13.683653249285726, -2.1953118076354143], [13.68438071302871, -2.1988796555907673], [13.684780713069399, -2.2024988740833873], [13.684932464915272, -2.20484678448285], [13.684960478608948, -2.2052155486442118], [13.68504791994642, -2.2056675922486426], [13.685572451949986, -2.20923499996872], [13.685773598872116, -2.2128351487961653], [13.685789698872115, -2.2143360487961656], [13.685671526193422, -2.2178672590204487], [13.68524220820646, -2.2213742657920617], [13.68501648251651, -2.222721625768533], [13.685118389946453, -2.224330491101164], [13.684960552900051, -2.2284047591534746], [13.684897603174896, -2.2288492135036324], [13.684897243865143, -2.2294592175612205], [13.684527474970476, -2.233277723596503], [13.684441674970476, -2.233867323596503], [13.683856749722636, -2.2368806498815412], [13.683781417216288, -2.2379341557406436], [13.683483529526296, -2.2396128358347935], [13.683385681156421, -2.240493900043681], [13.683502508729763, -2.241283121701131], [13.683688773330141, -2.2453038585349048], [13.683470015758566, -2.2493229584730376], [13.682848451074793, -2.2532997255685197], [13.68183037301718, -2.2571938925213386], [13.680426090274567, -2.2609660284105426], [13.679396847881225, -2.263058916460152], [13.679831841701352, -2.264401901473002], [13.68063709626418, -2.267975708218025], [13.681112009555882, -2.2716081986759744], [13.681144422915567, -2.272452191882046], [13.681615309848942, -2.2738567984149363], [13.682508683136671, -2.2778150084266775], [13.682996438253648, -2.2818433625911148], [13.683028638253647, -2.282304262591115], [13.683048307445302, -2.283377723620226], [13.683401775440124, -2.283921839045937], [13.684267239444882, -2.2853158805792604], [13.68483593944488, -2.2862752805792605], [13.686602198806282, -2.289602888017212], [13.68804756872044, -2.293081903568211], [13.68896938703366, -2.296066759627709], [13.68921502851783, -2.2963892535225394], [13.691443063748093, -2.3000800942492385], [13.69172593761759, -2.300611458363531], [13.693820059238115, -2.304301633532319], [13.695454460810993, -2.3075100784620934], [13.696793712951013, -2.310852501396773], [13.697826963206436, -2.314301817456296], [13.69812900051586, -2.3157842236456916], [13.699422833283645, -2.3187195005365124], [13.700666242138157, -2.322539341685942], [13.701520245565725, -2.3264646353223544], [13.701976230273532, -2.3304557917879167], [13.702026155536274, -2.334213506672087], [13.702770303223136, -2.335363805835235], [13.703651140757168, -2.337098757539037], [13.70387068128658, -2.3373631763295704], [13.705905227760665, -2.340316456839075], [13.707667082658054, -2.343440094533108], [13.709142083698929, -2.346708980742882], [13.709560483698928, -2.347759480742882], [13.710809890178508, -2.351395885138144], [13.711704373766446, -2.3551354509669546], [13.712235669180869, -2.358943623581177], [13.712398867101566, -2.362785214386531], [13.712192459533496, -2.366624725995179], [13.712085159533496, -2.367675225995179], [13.711945018366036, -2.3686294402892862], [13.711993085999696, -2.3713605738190098], [13.711982385999697, -2.3718536738190097], [13.711664967657594, -2.376088817598045], [13.710900303846806, -2.380266434920093], [13.709697014812315, -2.384339430467903], [13.708317443837823, -2.3876626173935094], [13.70845492701586, -2.3881285017217944], [13.70920218033339, -2.392104529464562], [13.709543986989734, -2.396135702041059], [13.709694186989735, -2.400552102041059], [13.70967271097733, -2.4037998561462577], [13.709663575751389, -2.4039035983691344], [13.711034440860498, -2.405514582689713], [13.7118605408605, -2.406586482689713], [13.714307909640961, -2.4101438318815127], [13.715568372715298, -2.4124809477236764], [13.717998023701888, -2.4136262771019363], [13.719843323701888, -2.4146231771019364], [13.723320682609922, -2.4167370596612208], [13.726565264896218, -2.41919331906063], [13.7295434880706, -2.4219665322102637], [13.732224526547009, -2.4250279954450176], [13.734580630698419, -2.428346021616922], [13.735310230698419, -2.429492921616922], [13.737217002107682, -2.432835090341999], [13.738793820080076, -2.4363450068760506], [13.740026093265394, -2.439990191616337], [13.740902418616546, -2.4437369132330304], [13.741414686909565, -2.447550500807748], [13.741554186909566, -2.4491798008077477], [13.74169880101313, -2.4529018055248266], [13.741565601944465, -2.4553515243604065], [13.744382520437869, -2.4577031994999636], [13.747258082991268, -2.46065642069003], [13.749814457099804, -2.4638898904692565], [13.75202449666613, -2.467369272671781], [13.75301489666613, -2.469121972671781], [13.754987877029127, -2.473118213760187], [13.756080717471324, -2.476138989854382], [13.756386988243511, -2.476544813775853], [13.758811688243512, -2.480178413775853], [13.760956864202923, -2.4837905930804425], [13.762711349689141, -2.487607843387141], [13.76387004968914, -2.490523343387141], [13.765593973178314, -2.4959631699567333], [13.765905173178314, -2.497260069956733], [13.766594318623294, -2.5008465486365554], [13.766953479623004, -2.5044809336108593], [13.766979662177507, -2.5081329283040366], [13.766947462177505, -2.5089689283040366], [13.766654112028103, -2.5125023396331665], [13.766049023316626, -2.5159958933514055], [13.765136950168328, -2.5194221409348607], [13.764847250168328, -2.5203439409348607], [13.763363338843815, -2.5243160210113573], [13.762954803171231, -2.525133220300337], [13.763253793743946, -2.525323466862555], [13.7663686053643, -2.527769638974377], [13.7664920053643, -2.527876838974377], [13.768022580577941, -2.5293354409553923], [13.770119478425547, -2.5294866142061965], [13.773640973620118, -2.5300592206760957], [13.777097439142866, -2.530943331904856], [13.780461377068118, -2.532131914341965], [13.780686677068118, -2.532223014341965], [13.78401648879999, -2.5337503738233127], [13.78719259930188, -2.535575968311352], [13.790188368007708, -2.537684485092447], [13.79297866702154, -2.5400582383585615], [13.795540091885243, -2.542677317552205], [13.797851157890307, -2.5455197543721217], [13.799892480287177, -2.548561707038915], [13.799999780287177, -2.5487386070389144], [13.801726181455605, -2.55189712905037], [13.803161649292697, -2.55519806140046], [13.804294559449628, -2.5586146732993336], [13.805115737674969, -2.562119297189771], [13.805511978417723, -2.5649281939888655], [13.806252276774844, -2.5663872703351376], [13.80776583140283, -2.5703734895266974], [13.80884647035888, -2.574498172605641], [13.80888947035888, -2.5747071726056414], [13.809510025717373, -2.578772263160372], [13.809709944362936, -2.5828795837841207], [13.809487113399115, -2.586985725103252], [13.809126419560517, -2.5892632801122337], [13.808850382375256, -2.5930851199664064], [13.808250372265144, -2.5965037235342963], [13.80842560410407, -2.596776578130837], [13.81015290410407, -2.599734578130837], [13.812290294519144, -2.6039482200509316], [13.814285894519143, -2.6085354200509316], [13.814980939216204, -2.6103477847271006], [13.817289510110397, -2.6137061801128922], [13.817675710110397, -2.614338480112892], [13.819485008458763, -2.617640738570596], [13.82097577407907, -2.621098496413503], [13.822134796485214, -2.6246811125661114], [13.8229518049484, -2.628356839515432], [13.8230484049484, -2.628914139515432], [13.823525540269303, -2.6327737385261893], [13.823625616601339, -2.636661430304875], [13.82344506894784, -2.6391813246392046], [13.824490142326805, -2.6421093227065233], [13.825422141639539, -2.645793175748359], [13.82558314163954, -2.646586275748359], [13.82615828919063, -2.650312864864094], [13.826296562375697, -2.6526607270366562], [13.826509249519784, -2.6528891450999983], [13.82768948253951, -2.6542759741860387], [13.82856031428144, -2.654776479087738], [13.831679396651404, -2.6569905470522936], [13.834572739045313, -2.6594924146694754], [13.835484639045314, -2.6603605146694753], [13.836487828951427, -2.661433006010849], [13.837660441326475, -2.6624749918500896], [13.840616149025651, -2.6657517082247115], [13.843192930716471, -2.669334064198164], [13.84398693071647, -2.6705772641981644], [13.84571754077597, -2.6735636170955037], [13.846637878511855, -2.675524138051567], [13.847530035168324, -2.6767634429180895], [13.84953825131951, -2.6802427937482394], [13.849774251319511, -2.6807036937482396], [13.851287087731805, -2.6840231938625942], [13.852491210945194, -2.6874667156509], [13.853376605849217, -2.6910056181479307], [13.853935908307326, -2.6946104670740185], [13.854164466406962, -2.6982512796501683], [13.854175266406962, -2.6988835796501682], [13.85404014073479, -2.702921826182788], [13.853931630701492, -2.7037236934107995], [13.856598392041091, -2.705547853995866], [13.85687729204109, -2.705756753995866], [13.85969838207007, -2.7080782521899684], [13.862295887368251, -2.7106474678373496], [13.864648138405457, -2.7134429674125236], [13.864824578636037, -2.713696419621559], [13.866446335074638, -2.715491462854477], [13.867009635074638, -2.716171962854477], [13.869290310277561, -2.7192100569433197], [13.871272491559425, -2.7224508056900945], [13.8729383002706, -2.7258649785638176], [13.874272711342204, -2.7294217808026096], [13.875263688807484, -2.733089131172727], [13.875370888807485, -2.733576731172727], [13.875928053232519, -2.7369253080813642], [13.8761955554779, -2.7370990421477948], [13.879262174393649, -2.7395494957944755], [13.88207384024217, -2.742288731053673], [13.884603475144328, -2.7452903675924225], [13.886826717333175, -2.748525498009995], [13.888722155771084, -2.7519629662319662], [13.890271536349749, -2.7555696675602475], [13.891459937687218, -2.7593108674894244], [13.892275914828964, -2.763150536219031], [13.892711609469055, -2.7670516956402245], [13.89276282562993, -2.770976775455188], [13.892429070071964, -2.774887974999637], [13.89171355704363, -2.7787476272838787], [13.89062317732653, -2.782518561746516], [13.889168431873399, -2.7861644622272705], [13.887363330678198, -2.789650216711461], [13.885225257852206, -2.792942255477898], [13.882774804205525, -2.796008874393648], [13.880035568946328, -2.7988205402421693], [13.877033932407578, -2.801350175144327], [13.873798801990006, -2.803573417333174], [13.870361333768034, -2.805468855771084], [13.866754632439752, -2.8070182363497485], [13.863013432510575, -2.8082066376872166], [13.85917376378097, -2.809022614828963], [13.855272604359776, -2.8094583094690537], [13.851721509375063, -2.809504645712034], [13.849013495420982, -2.809591370337783], [13.845474565606906, -2.809390745928589], [13.845104365606907, -2.8093532459285893], [13.841043615958377, -2.808729847224712], [13.837068228212795, -2.8076932152146266], [13.835720810164398, -2.8071893703647484], [13.832886300236261, -2.8068459238333343], [13.828888217873352, -2.805938785644229], [13.825003987648591, -2.804627176771204], [13.82127441233785, -2.8029248753066414], [13.817738670109437, -2.800849763461715], [13.817518770109437, -2.8007050634617148], [13.814218646284667, -2.798282728961727], [13.81118338936299, -2.7955357784510597], [13.80844479085625, -2.792492983698283], [13.80603153505349, -2.789186215167058], [13.80585983505349, -2.788923715167058], [13.804043212653795, -2.785856172958113], [13.802506936304425, -2.782639064454332], [13.8024473097834, -2.782478885111841], [13.801999661168969, -2.781584343550751], [13.801133379919214, -2.780415071020658], [13.798856509860144, -2.776472887667838], [13.798139647212501, -2.7748230201727386], [13.797744452302007, -2.7743292890062086], [13.79554459764651, -2.770924349527419], [13.7937006668393, -2.767314239759316], [13.792231598171522, -2.763536037725426], [13.792033809281003, -2.762819843693882], [13.790766826953305, -2.7614510172101676], [13.789881014290618, -2.760281312968578], [13.78928545607219, -2.759860084773359], [13.786915660809644, -2.757893831712338], [13.785864260809644, -2.756950831712338], [13.782599846812598, -2.753662481268698], [13.781387446812598, -2.752290681268698], [13.779222257535627, -2.749617446570003], [13.777294767185369, -2.746768059037729], [13.77649006718537, -2.745460659037729], [13.773961924267178, -2.740648527667728], [13.772218524267178, -2.736699427667728], [13.771833690701932, -2.7357979787252757], [13.771318690701932, -2.7345494787252758], [13.770215459942206, -2.731537707956778], [13.769357086158243, -2.728447226486491], [13.769233686158243, -2.7279221264864906], [13.768541336811353, -2.7241878671069686], [13.768206267015524, -2.7204047772370856], [13.768229505496915, -2.71690679833728], [13.767002757933229, -2.716270640821465], [13.76393319827975, -2.714305098321518], [13.761055303512588, -2.712068298041096], [13.758392970147815, -2.7095788131867193], [13.757974470147815, -2.7091501131867193], [13.755537589396617, -2.706413569889653], [13.753361358121888, -2.7034655070593914], [13.751464039062002, -2.7003306645757457], [13.749861554348952, -2.697035349756686], [13.748567351891237, -2.6936072165896805], [13.748336751891237, -2.6928999165896803], [13.747949615591077, -2.691371050606337], [13.74719029166106, -2.6900630004900825], [13.74692199166106, -2.6895379004900826], [13.74523696819814, -2.685772576030885], [13.743948703228803, -2.6818537310834034], [13.743070898233903, -2.6778230449452196], [13.742841571239694, -2.6757703291577637], [13.742680751823228, -2.6751597351147582], [13.741944783857438, -2.671777383464341], [13.741503997379544, -2.6683440674557777], [13.741390145617597, -2.665577005222015], [13.740699546776405, -2.662307952293904], [13.740564010213358, -2.6620102216746053], [13.739340709993892, -2.6584828908742146], [13.738451605884899, -2.654856871033438], [13.737904443386844, -2.651163750509673], [13.73770398914892, -2.6474357022132007], [13.73770138914892, -2.647066002213201], [13.737887166023171, -2.6429238192318065], [13.738278610141966, -2.640307685600284], [13.736066316090591, -2.638838024218174], [13.733112403845595, -2.6364419898372016], [13.73039942067342, -2.6337762252914416], [13.727951896313755, -2.630864833388111], [13.727686296313754, -2.6305165333881106], [13.725644740457035, -2.627575010740718], [13.723874408486619, -2.624462707652047], [13.722389485747067, -2.621204562434475], [13.721201870651251, -2.617826682006541], [13.721107970651252, -2.6175157820065413], [13.720161069212981, -2.6137184346553646], [13.719589790118333, -2.60984672838612], [13.71939960210398, -2.6059377262425434], [13.71959232580047, -2.6020288482940646], [13.71964647459715, -2.6016635091611646], [13.716657039711228, -2.5998261654619337], [13.713411942745825, -2.5973422651395572], [13.711148142745825, -2.5954183651395573], [13.708672349790861, -2.5931276729433796], [13.707707018308556, -2.5920701688174166], [13.705981021872933, -2.5912359181832243], [13.70580153400364, -2.591123414409166], [13.70423268379987, -2.5908595128469085], [13.700674899365882, -2.5899180477103725], [13.69721870226296, -2.5886535761734115], [13.693893349602835, -2.587076802135119], [13.693480249602834, -2.5868571021351188], [13.690250769625425, -2.584939858152892], [13.687215341835692, -2.5827281747340494], [13.684400726119982, -2.5802415497553395], [13.681831735717772, -2.577501904937992], [13.679531018471788, -2.5745333925890357], [13.679316418471789, -2.574227892589036], [13.677227974863358, -2.570922369062364], [13.675472237434814, -2.567428736486808], [13.674065982347807, -2.563780376701748], [13.673888982347806, -2.563244476701748], [13.672807196927916, -2.559303500411796], [13.672133176844888, -2.5552727125557646], [13.671873957837901, -2.5511941883963325], [13.672032245757078, -2.5471105014902027], [13.672034507725009, -2.547094560458338], [13.671315129796714, -2.5448327476029555], [13.670479518962072, -2.540824579860773], [13.670058018380942, -2.536751989606825], [13.670015118380942, -2.535926589606825], [13.670007155631154, -2.531933543570242], [13.670397346921106, -2.527959599583106], [13.671181803877522, -2.5240443591895683], [13.672352709151465, -2.5202268389348603], [13.673898394320569, -2.516545081553709], [13.674502677237667, -2.5154319350813776], [13.673538192927396, -2.51429107212558], [13.67124646266393, -2.510943832790407], [13.669305541590411, -2.5073816895937107], [13.667735392127103, -2.5036412792645786], [13.667227151146685, -2.5019745853073725], [13.666515158866142, -2.5013447832240794], [13.663767030045443, -2.498366452261482], [13.661334358801165, -2.49512534474164], [13.659242114477422, -2.4916547279336814], [13.658426714477423, -2.4901327279336813], [13.656582897750896, -2.486189568022405], [13.65532158863009, -2.4824892629372557], [13.654063787363999, -2.4810467631581545], [13.651686345457406, -2.4776731142349253], [13.649669187898207, -2.474072445900047], [13.648033789518594, -2.4702830911770914], [13.646797560909823, -2.466345391861084], [13.646566515287784, -2.4652112987420742], [13.646262253636642, -2.46500270269232], [13.643401433044628, -2.4628469056708684], [13.640744949870227, -2.460443813412648], [13.638314108702152, -2.4578126983499824], [13.633161008702151, -2.4517078983499823], [13.630766583495602, -2.4485692498899994], [13.628693203624215, -2.4452098627235594], [13.626961064308432, -2.4416624580925883], [13.625587037003314, -2.437961588574502], [13.625072037003314, -2.436332188574502], [13.623932715451229, -2.431834696223304], [13.623321839115132, -2.427235530956637], [13.623150139115133, -2.424920230956637], [13.623051059765652, -2.4210473023201953], [13.623327117117976, -2.4171829543443146], [13.623975721513807, -2.4133634379772633], [13.624312945920778, -2.4121213199787186], [13.624253434968757, -2.411556282860629], [13.624229977111161, -2.4075975793780784], [13.624597944358873, -2.4036559447376713], [13.624601203135947, -2.4036391894203755], [13.623728448499103, -2.400689869444765], [13.623688733403457, -2.4005234163376], [13.622883730031605, -2.3978380902809935], [13.622180446613884, -2.3944514660685585], [13.622030246613884, -2.3935295660685587], [13.621595256616278, -2.3897122057992184], [13.621528513674143, -2.385870721567358], [13.621830633551847, -2.382040554560105], [13.622498828918639, -2.3782570415528914], [13.622756328918639, -2.377120741552891], [13.62381744150792, -2.3733192713983757], [13.625248021922966, -2.369640878415171], [13.6256174890592, -2.368912853031427], [13.625558729857715, -2.368831742717283], [13.623412929857714, -2.3655728427172833], [13.621157370099322, -2.3616886889563298], [13.619351491120016, -2.357576146996117], [13.618750691120017, -2.3559682469961167], [13.617465713004501, -2.3518707437050126], [13.616627399659693, -2.3476591011852963], [13.616245413014692, -2.343381860464808], [13.616184344063752, -2.341655829103077], [13.61616234744598, -2.341569037267744], [13.614644199086342, -2.339871132278125], [13.614155948639896, -2.339528451908375], [13.610932126542888, -2.336705829269416], [13.609937026542887, -2.335735629269416], [13.607138184015572, -2.332710276314386], [13.604665504774923, -2.3294129838845143], [13.602545239834644, -2.3258787574375757], [13.602046339834645, -2.324940757437576], [13.600228651586937, -2.3210277165689237], [13.599926037524932, -2.3201353547764993], [13.59894299659486, -2.318259148206449], [13.597495658796367, -2.3147040659651252], [13.596395738548827, -2.3110266250214013], [13.595653364327905, -2.3072606886223586], [13.59527537219217, -2.3034409349142186], [13.595265242834115, -2.299602537613049], [13.595331320210736, -2.2988968115819484], [13.595271597414055, -2.298681471855337], [13.594629841036333, -2.2951894835765834], [13.594300262284087, -2.2916543440838097], [13.594252062284086, -2.29066264408381], [13.594241307581846, -2.287014552352171], [13.594562967267521, -2.2833806530700382], [13.595214365798169, -2.2797911727594165], [13.596092306021777, -2.276628234491925], [13.595860343333497, -2.275788347616151], [13.595836731652458, -2.2756875694405734], [13.59516277557301, -2.274120405468599], [13.594622064413832, -2.2727985421070174], [13.59364576441383, -2.2702846421070175], [13.59283867182077, -2.268004417852768], [13.59240947182077, -2.2666643178527677], [13.59143459365076, -2.2630444975500543], [13.590802873569148, -2.259349309299262], [13.590519860244449, -2.2556112095241967], [13.590471560244449, -2.253928109524197], [13.5905615118934, -2.2498649448695307], [13.591063299970335, -2.2458318806454045], [13.591971744329296, -2.2418705516819437], [13.593277466759456, -2.2380218522593527], [13.594966987799905, -2.234325513940968], [13.597022865893157, -2.230819695409473], [13.599423877440868, -2.2275405885405477], [13.600518277440868, -2.2261950885405475], [13.601823011932192, -2.2247744205647764], [13.601973176538891, -2.2242746441334376], [13.602727929883274, -2.22247903173241], [13.60187870861641, -2.221473564239862], [13.599632854932397, -2.218206204394701], [13.598130371795303, -2.215475640048312], [13.597941314650445, -2.215298237287711], [13.596889914650445, -2.214269037287711], [13.594193614082084, -2.2113538474404213], [13.591799644248212, -2.208185681246042], [13.589731598273056, -2.204795761712287], [13.58800985722613, -2.201217497277115], [13.58732315722613, -2.1995878972771146], [13.58592290316226, -2.1957203682558077], [13.584927225197932, -2.1917294889585364], [13.584826955558173, -2.1910262171873884], [13.584413571779619, -2.1907243766298947], [13.57883457177962, -2.1861142766298944], [13.576100328724943, -2.1836338969234084], [13.573606404669873, -2.1809120021095074], [13.57137404218704, -2.1779717765542754], [13.569335542187039, -2.1750126765542754], [13.567007570122506, -2.1711923888010864], [13.5651207606846, -2.1671360354393294], [13.563983560684601, -2.1642841354393294], [13.56322305023988, -2.162373362610575], [13.561960822469969, -2.158689379645701], [13.561062807286273, -2.154900116107957], [13.560537516160574, -2.151041486991045], [13.56038992785122, -2.1471500647421027], [13.560411327851222, -2.1451665647421025], [13.560749636744179, -2.1403889824026816], [13.560878119537131, -2.139722724900186], [13.558967790192304, -2.1374938035968083], [13.556561948444937, -2.133995088360862], [13.554540532396835, -2.1302610610476105], [13.552926319721339, -2.126333797336846], [13.552701019721338, -2.125690497336846], [13.551557142748068, -2.121803546541871], [13.550812354636985, -2.1178208173667805], [13.550474297305593, -2.113783174706363], [13.550452797305592, -2.113129174706363], [13.550491089863968, -2.110803697146022], [13.549207740536986, -2.1088831882571903], [13.548306440536985, -2.1073821882571906], [13.54655823379519, -2.104141564330754], [13.54511542542059, -2.1007539140774325], [13.543990241293642, -2.0972479433238314], [13.543192215852088, -2.0936533605053], [13.542728111299299, -2.090000624926487], [13.542577911299299, -2.088135024926487], [13.542458595412047, -2.084044353099868], [13.542635008927714, -2.081638487781487], [13.540220998633288, -2.079310161601622], [13.537836541733396, -2.0765484181029112], [13.535713660588412, -2.0735808875631556], [13.53496266058841, -2.0724228875631554], [13.533109999259954, -2.0692570983968506], [13.531555128888069, -2.0659349073773448], [13.530311124547818, -2.062484251172376], [13.529388447207797, -2.0589341467274815], [13.528794855762696, -2.0553144472593274], [13.528535341787922, -2.0516555912167442], [13.528513941787923, -2.0507977912167443], [13.528615392875851, -2.0467838348893244], [13.528794993937767, -2.0453624735666747], [13.525620969373746, -2.0441382754345545], [13.521994485409826, -2.042296894780214], [13.518573737372368, -2.040096769438562], [13.515394091666927, -2.03756064604988], [13.512488421991975, -2.0347147450686762], [13.509886769464545, -2.031588489675835], [13.50761603203134, -2.0282142015784452], [13.505699686376431, -2.0246267668423608], [13.50415754520069, -2.020863275212394], [13.50387864520069, -2.020069875212394], [13.502829883007035, -2.0165879889752985], [13.502101666082835, -2.013025246489765], [13.50170001288332, -2.0094110925619093], [13.501628242930076, -2.0057753968952277], [13.501886949376374, -2.0021482072280667], [13.502473994104966, -1.998559500999696], [13.502731494104966, -1.9973371009996959], [13.503652314546244, -1.9937831566540145], [13.504895102563069, -1.990328607675854], [13.505742225040384, -1.9885158311439364], [13.504128924707103, -1.9861885381690305], [13.502149334907466, -1.9825952724834808], [13.500548204255102, -1.9788181419991264], [13.49934237497736, -1.9748968781958716], [13.49900977497736, -1.9735779781958716], [13.498261110642428, -1.9698823971212942], [13.497863754272085, -1.9661327403796547], [13.49786355862185, -1.9661153902749786], [13.497531597652774, -1.9653027789170152], [13.496468313786885, -1.9618278707833177], [13.495724782612887, -1.9582708045047126], [13.495542382612888, -1.9571450045047125], [13.495086988930234, -1.9529284282008519], [13.494958188930234, -1.9505694282008519], [13.494935759255961, -1.9466672566845071], [13.49529366302389, -1.9427814684084734], [13.495443963023892, -1.9417198684084735], [13.49613532173312, -1.938161780102026], [13.495970761691767, -1.9378486546544555], [13.494560949570252, -1.9344331124541554], [13.494437549570252, -1.9340900124541556], [13.493352547063795, -1.930572929127088], [13.49259542306154, -1.9269710034180036], [13.492172588087726, -1.923314732619297], [13.492087622261124, -1.9196350741600285], [13.492098322261123, -1.9191686741600285], [13.492148012102737, -1.9178921668374491], [13.492169512102738, -1.917500766837449], [13.492239548121507, -1.9164693496085892], [13.492271648121507, -1.916072549608589], [13.492335042555041, -1.9155378967983916], [13.492317179113972, -1.9140396291072483], [13.492635048360524, -1.9102394208569762], [13.493084401481065, -1.9077534409698078], [13.492199811887254, -1.9055071640699788], [13.491126427783513, -1.901731467863686], [13.490954827783513, -1.900991567863686], [13.49027892533896, -1.897296562342224], [13.489952610680952, -1.8935544468092458], [13.489978761478508, -1.8897982218354223], [13.490357147115756, -1.8860610124182617], [13.491084430725659, -1.8823757758629027], [13.492154198616829, -1.8787750111417347], [13.493407377401574, -1.875662170074341], [13.493147348028485, -1.8750756538948519], [13.491927020661103, -1.8713981330246316], [13.491197420661104, -1.8687817330246317], [13.49030800867824, -1.864827951363611], [13.489823223026837, -1.8608044670563864], [13.489748039862876, -1.8567525797689433], [13.490083230915364, -1.8527138807139727], [13.490791064649736, -1.8489139146055167], [13.490688234770255, -1.8486113710058412], [13.489819702298876, -1.8449665298364342], [13.489296026471981, -1.841256411316444], [13.48912180228829, -1.8375135699174716], [13.48912260228829, -1.8351484699174716], [13.489357880983363, -1.8308298964084642], [13.49005804486341, -1.8265619690709698], [13.491214908385496, -1.822394583798605], [13.492814946778775, -1.8183764610581838], [13.493924546778775, -1.8159763610581838], [13.494690842624866, -1.8145120208540173], [13.493673053589642, -1.8122488994918635], [13.493469253589643, -1.8117340994918634], [13.492204935906802, -1.8080169084484567], [13.491311141641246, -1.8041936715649785], [13.490796482505448, -1.8003012257490079], [13.490665917242902, -1.7963770747365537], [13.490676617242901, -1.795701574736554], [13.490886457122526, -1.7921947610985323], [13.491403184044954, -1.7887198844166148], [13.491606284044954, -1.7876725844166148], [13.492444906811652, -1.7841904581786086], [13.49359165224516, -1.7807973082861097], [13.495037325961855, -1.7775203403602526], [13.496770336828815, -1.7743858284975806], [13.498776789899294, -1.7714189046094089], [13.500182989899294, -1.7695279046094088], [13.501761447374621, -1.7675402145439267], [13.503772736148843, -1.7651662184660193], [13.50275684565024, -1.763673245280237], [13.50240284565024, -1.7630619452802372], [13.500874496362917, -1.7601534683898792], [13.499590002771363, -1.75712937090814], [13.49855803126502, -1.7540100562116236], [13.49833273126502, -1.7532218562116235], [13.497313320059304, -1.7486629577888233], [13.497232920059304, -1.7481696577888233], [13.497142223927442, -1.7473716985579197], [13.496269120626328, -1.743785876573933], [13.49572290264177, -1.7399909892136824], [13.495601436049188, -1.7374121672168856], [13.493747268241151, -1.7344696219187965], [13.49199665466933, -1.7309762842842107], [13.490595236277901, -1.7273288081432028], [13.489556386150658, -1.723561999663842], [13.489304286150658, -1.722435899663842], [13.48850433902222, -1.7173404051283643], [13.488402339022223, -1.7162251051283643], [13.488239994782326, -1.7131402822431943], [13.488229294782325, -1.7123735822431942], [13.488385754680184, -1.708237319398444], [13.488764098121448, -1.7055782430332238], [13.48721911677039, -1.7039713852007152], [13.48592091677039, -1.7024806852007153], [13.482893812155906, -1.6985338024769754], [13.482255512155906, -1.6975847024769755], [13.481883156703967, -1.6970208125530148], [13.480579148625106, -1.6950092944398794], [13.479463426453986, -1.69330835946501], [13.477135689982815, -1.6892632979877267], [13.476899532721369, -1.6887130858461548], [13.475355087778123, -1.6858347445402675], [13.474012429108907, -1.6827270236587224], [13.473776429108906, -1.6821103236587223], [13.472545193744992, -1.6783437325011104], [13.47169269092717, -1.6744737985978557], [13.471227287517424, -1.6705385032930344], [13.471153551202821, -1.6665764694181335], [13.471169651202821, -1.6660563694181336], [13.471462304031602, -1.66230931337252], [13.472105355873165, -1.6586062661116514], [13.473093129353543, -1.6549799210868885], [13.474416903621517, -1.6514622945611444], [13.47606499134322, -1.6480844429438095], [13.476343891343221, -1.6475750429438094], [13.478413841129532, -1.644232922403593], [13.478489869640898, -1.644059944131946], [13.480292827591038, -1.6408378739575518], [13.47800529990446, -1.6398672203214835], [13.476074099904459, -1.6389448203214836], [13.472549309441803, -1.6370388425968134], [13.47130497100092, -1.636194974053772], [13.467672437514176, -1.6358376939988692], [13.46387680745213, -1.6350888161977024], [13.460937107452128, -1.6343595161977027], [13.45774206666517, -1.633424129446491], [13.454635875547224, -1.6322262935881793], [13.451640050750179, -1.630774306057215], [13.450374157430312, -1.630094313210557], [13.448077324837937, -1.6306993138288526], [13.44360548833043, -1.631608057001818], [13.439059249608762, -1.632001566074026], [13.434497775514659, -1.63187471973742], [13.432480775514659, -1.63170311973742], [13.428475887641522, -1.6311574477307267], [13.424546514081465, -1.6302103953347047], [13.420732775911516, -1.6288716324780461], [13.418844475911515, -1.6280995324780463], [13.41449456409472, -1.6260062062891383], [13.410722771302583, -1.6235924311062109], [13.409462828523791, -1.6234571931402526], [13.405887215662103, -1.6227393283227471], [13.40239184692983, -1.6216987829569247], [13.399005778316281, -1.6203442067954552], [13.39575715723049, -1.6186868600381854], [13.39505985723049, -1.6182900600381853], [13.394000849439694, -1.6176178127565555], [13.391512919769616, -1.6178431226047685], [13.387883829757051, -1.6178415127853827], [13.383206029757051, -1.6176270127853827], [13.379604370355084, -1.617298186322887], [13.376047133590456, -1.616645389347859], [13.372563400045557, -1.6156739585071034], [13.369688100045558, -1.6147301585071034], [13.366346896540161, -1.6134655167017882], [13.36313185571728, -1.6119078029066962], [13.360068623474817, -1.6100694427708804], [13.357181634756428, -1.6079651006171145], [13.355465034756428, -1.6065924006171144], [13.351565500070237, -1.6030272830930428], [13.347660200070237, -1.5989517830930429], [13.344754173121366, -1.595558500769358], [13.342244675321977, -1.5918623164732686], [13.338768575321977, -1.5860709164732685], [13.336786190261321, -1.5823333881024393], [13.33520965100409, -1.5784073859600714], [13.334356511647542, -1.5753956077318654], [13.33336488869033, -1.5747033709598595], [13.330086668890154, -1.5718377229603373], [13.327139345677187, -1.5686327347554079], [13.326538545677188, -1.567903434755408], [13.324296901450772, -1.5649070503273896], [13.322345078897268, -1.5617142964693664], [13.320700160475594, -1.5583531163396598], [13.319376542602743, -1.5548529271726346], [13.318385809655531, -1.5512443628174373], [13.317736632583497, -1.5475590056288546], [13.317522032583495, -1.5458859056288545], [13.317207525070557, -1.5417145482916816], [13.31733038087059, -1.5375331557649652], [13.317889256314542, -1.5333874597741541], [13.318168256314543, -1.5319073597741542], [13.31899610913944, -1.528394537647494], [13.320110961470338, -1.5250494167268598], [13.319780675020063, -1.5244057445926307], [13.317806575020063, -1.5200298445926308], [13.317442605037407, -1.5190823433083132], [13.315660615201693, -1.51840211916876], [13.312037156341646, -1.5165792804818168], [13.310942756341646, -1.5159572804818167], [13.307151287072037, -1.513509581175541], [13.303659665883806, -1.5106503762870724], [13.300512337778255, -1.5074160607625218], [13.299696937778254, -1.5064775607625218], [13.297338499292458, -1.5034865599892497], [13.295275247045346, -1.5002847936202288], [13.293525889986379, -1.4969012943077948], [13.29210629075806, -1.4933667426038355], [13.29156989075806, -1.4918223426038355], [13.290506085873913, -1.4882226475772695], [13.289784387902255, -1.4845390844715896], [13.289411152063607, -1.480804090479015], [13.289389665045965, -1.4770505556884619], [13.289475465045964, -1.4749698556884618], [13.289904876814704, -1.4705470329199195], [13.290822213897806, -1.4661991313128182], [13.292216155349054, -1.4619798087440208], [13.293439255349055, -1.4588694087440208], [13.294857210512209, -1.4556796886348988], [13.295963167802535, -1.4536819115035293], [13.295926264328275, -1.4533887204021945], [13.29579359756949, -1.4499076559924085], [13.295864767173263, -1.4484571128895], [13.293893923701928, -1.4460182541356965], [13.292188023701927, -1.4437122541356966], [13.290743402630524, -1.441590451571551], [13.290713242224035, -1.441558385851075], [13.287710610603739, -1.4379661492479126], [13.28685231060374, -1.4368077492479125], [13.284637680535779, -1.433483821982441], [13.282765582208093, -1.4299556033588945], [13.281254681703277, -1.42625827209586], [13.280696781703277, -1.4246709720958601], [13.27959488333937, -1.4209752841347079], [13.27885399880398, -1.4171906600297532], [13.27848101475292, -1.413352278546857], [13.278479398140435, -1.4094958181364354], [13.27884916399323, -1.405657125295807], [13.278945763993232, -1.4049921252958069], [13.279701718845693, -1.4011328626833088], [13.280728847837356, -1.3977131934029865], [13.280902836665115, -1.3959178318294112], [13.281866304523078, -1.3914292762448586], [13.282359804523077, -1.3896381762448589], [13.283606899545847, -1.3858577214913104], [13.285223587202514, -1.382219946737395], [13.287193855127253, -1.3787608820597412], [13.2880322530782, -1.3775798383255866], [13.288392907231026, -1.3737503519338092], [13.289151487825125, -1.3698662864756794], [13.290546287825125, -1.3642244864756794], [13.292298668358722, -1.3588184181887237], [13.294937868358723, -1.3522972181887238], [13.296647121601705, -1.3486213797136966], [13.298719646848243, -1.3451374201494084], [13.301134157534605, -1.3418811226678247], [13.303488162586774, -1.3393000555286467], [13.303330240520586, -1.3375162573532455], [13.303174400000001, -1.3339888], [13.303174400000001, -1.3332379], [13.303416736206666, -1.3288415185679487], [13.304140808484805, -1.3244984072558619], [13.304678430384213, -1.3225953546411584], [13.304564152234896, -1.321626872777751], [13.304470186132493, -1.3179544612284264], [13.304480886132492, -1.3174288612284264], [13.304791059142476, -1.3132056082966785], [13.305545964822707, -1.3090388121610854], [13.306737142533512, -1.3049751723784615], [13.308351242096627, -1.301060232376113], [13.308662442096628, -1.3004060323761129], [13.310660205819328, -1.296718238910445], [13.313033134584986, -1.293259902661571], [13.31304880837656, -1.2932415291368662], [13.310333302478929, -1.2920488338039982], [13.306743055112506, -1.2900067318809711], [13.303382533613128, -1.2876052840534375], [13.302856833613129, -1.2871869840534376], [13.301733596846057, -1.2862593225506234], [13.301188196846057, -1.2857919225506234], [13.298556590729095, -1.2833222605657242], [13.29615829156628, -1.280625458348258], [13.294012822383792, -1.2777234688476773], [13.292137648079947, -1.2746399153124366], [13.290548033254591, -1.2713998989881723], [13.290181433254592, -1.2705586989881723], [13.288726568458776, -1.266684538115315], [13.28767976683466, -1.2626807948165215], [13.287052232924212, -1.2585903235436577], [13.286907332924212, -1.2571530235436577], [13.286893243919002, -1.2568647449565429], [13.285210711434006, -1.256387842566078], [13.28168621684285, -1.255017697095287], [13.27830685525036, -1.2533208541557619], [13.27766845525036, -1.252961554155762], [13.274696176879187, -1.2511129814951103], [13.271896884461286, -1.2490116434555436], [13.269292012982792, -1.2466736305860364], [13.268755612982792, -1.2461480305860364], [13.266377717990503, -1.243605967010713], [13.264229832118284, -1.2408667959508362], [13.262328220865284, -1.2379512605869967], [13.260687284743467, -1.2348814396704835], [13.260426984743468, -1.2343389396704834], [13.258956719570502, -1.2308631630122282], [13.258082109742059, -1.2280927508429484], [13.257772003180094, -1.2278765725726266], [13.254640540716064, -1.2254548133926126], [13.252150092646204, -1.2231005584099854], [13.250315249169246, -1.2219454828297414], [13.247334924840217, -1.219651975191041], [13.245606019701947, -1.2180415046389783], [13.244660386377673, -1.2178617672928338], [13.240301709053131, -1.2167765988698], [13.236092177648128, -1.2152095941231258], [13.232084873455275, -1.2131805126482342], [13.229721773455275, -1.2118121126482342], [13.226546210587141, -1.2097671748473353], [13.224403210587141, -1.2082393748473352], [13.22178417879518, -1.20620325542517], [13.21934287417025, -1.2039571161692686], [13.21745457417025, -1.2020693161692686], [13.214869942587052, -1.1991727772732068], [13.211990540039057, -1.1980069116587087], [13.207531341627814, -1.1958717515812545], [13.204913541627812, -1.1944129515812545], [13.201277125192707, -1.1921221970131948], [13.1979074735905, -1.1894545146744708], [13.194843487513456, -1.1864407014254013], [13.193230219976119, -1.1846735403117414], [13.188717453882765, -1.1837703812891953], [13.184211353882764, -1.182539481289195], [13.182223297164722, -1.1819405547696733], [13.178293697164722, -1.1806445547696733], [13.173908009791749, -1.1789051454924984], [13.169757637567272, -1.1766614412416483], [13.163835437567272, -1.1729928412416484], [13.16040716286287, -1.1706130498376086], [13.157245498866988, -1.1678890169169664], [13.154415798866989, -1.1651813169169665], [13.151475938904861, -1.1620489264677454], [13.148888957864077, -1.1586193236309834], [13.146684694382559, -1.1549320659742226], [13.145847894382559, -1.1533444659742225], [13.144184903757873, -1.1497733837596185], [13.142881241079927, -1.1460560420180799], [13.141949550382373, -1.1422284947035002], [13.141649150382372, -1.1406623947035002], [13.141049647202276, -1.1361797677080607], [13.14095998660206, -1.1316581186924959], [13.14122438660206, -1.124463918692496], [13.141259457120851, -1.1240562831782752], [13.141262766990879, -1.1236471552049927], [13.141427628318745, -1.122101577200384], [13.14156086273598, -1.1205529522569113], [13.14163571964804, -1.120150717131067], [13.141679115134108, -1.119743883644801], [13.142101315134108, -1.117048083644801], [13.142622343008698, -1.1143369782525172], [13.143944834679452, -1.10854234200451], [13.137226915008483, -1.1014559118825658], [13.135018407448428, -1.0989208762998106], [13.133030591036615, -1.096209327487493], [13.127666191036615, -1.0882070274874929], [13.125990839736797, -1.0854775854076628], [13.124539215979516, -1.0826228622140326], [13.123337615979516, -1.0800054622140325], [13.121799043915301, -1.0761340939877595], [13.120671462030002, -1.0721237006115283], [13.119967100849095, -1.0680177815588667], [13.11969360035641, -1.0638608724402212], [13.11965070035641, -1.0607071724402213], [13.119808747584703, -1.0565695440320149], [13.12039368528608, -1.0524704227046724], [13.121399245506584, -1.0484537329713586], [13.1228146530728, -1.044562516041879], [13.124060377391723, -1.0419995818102066], [13.123398317482211, -1.038661618979735], [13.12301902858525, -1.0343949529749312], [13.123098164726988, -1.0301121926109866], [13.123173264726988, -1.0290715926109866], [13.123380270284569, -1.0274700094815874], [13.122687864947338, -1.0253573980976085], [13.12158672737837, -1.0212826416985794], [13.12095347012865, -1.0173172266270005], [13.119000623870988, -1.0154518670582224], [13.117398223870989, -1.0137770670582225], [13.115834209279862, -1.0119647676894135], [13.111860785659148, -1.0109273786000108], [13.10797609067046, -1.0094688726213485], [13.10426339486449, -1.0076157712487075], [13.10162379486449, -1.0061224712487076], [13.097643763014236, -1.0035481760343012], [13.09399619391659, -1.0005211495960533], [13.091744293916591, -0.9984149495960534], [13.089017715564768, -0.9956021279339466], [13.086579357792472, -0.9925360870689655], [13.084452607796186, -0.9892462345396352], [13.082657864026286, -0.9857641245454135], [13.082419695214544, -0.9851642274658539], [13.080038869514778, -0.9848303183854864], [13.077120669514779, -0.9842939183854864], [13.073252896275482, -0.9833593422081475], [13.067670739696911, -0.9840951051315894], [13.063671573505436, -0.9844192496414829], [13.05966005306477, -0.9843411238169989], [13.05412395306477, -0.983954923816999], [13.050749850796073, -0.9835750846482737], [13.047420118358271, -0.982910460087809], [13.043729418358271, -0.9820093600878089], [13.040274579182165, -0.980999133277018], [13.036924544266398, -0.9796824184236304], [13.033706441506837, -0.9780698780145543], [13.029497328364208, -0.9757181055184972], [13.021386635928254, -0.9712884245363466], [13.015828696256898, -0.969004984665311], [13.010557794825338, -0.9676736839752612], [13.009691961275745, -0.96744465420929], [13.005023461275744, -0.96615365420929], [13.001585860080276, -0.9650335094904208], [12.998263444875205, -0.96360754196786], [12.995078444875205, -0.96206654196786], [12.99177482367428, -0.9602718712090795], [12.988654290644323, -0.9581749616305384], [12.985744413268778, -0.9557943377982401], [12.983070898052135, -0.9531510306730636], [12.980657363422967, -0.9502683918185719], [12.978525131083455, -0.947171887108102], [12.976109631083455, -0.9432847871081019], [12.974400009235389, -0.9402456438735727], [12.972961569360768, -0.9370691537995333], [12.971805242882038, -0.933779456619251], [12.970939817301161, -0.930401552383288], [12.970115217301162, -0.9264790523832881], [12.969453574246929, -0.9221845029858626], [12.969261665335765, -0.9178435241759674], [12.969541755203897, -0.9135073420160584], [12.970290538628769, -0.9092271259653455], [12.97082703862877, -0.9069100259653455], [12.972175975842001, -0.9023414961601927], [12.974058439215103, -0.8979657187624327], [12.975419439215102, -0.8952586187624326], [12.975659477953213, -0.8948315414811884], [12.975820012829784, -0.8924372962773848], [12.975917137392486, -0.8917067980546056], [12.975043435391933, -0.8913921372007093], [12.970705794386593, -0.8895341066100402], [12.96661714899803, -0.8871781808782616], [12.963461495992712, -0.8851027304529946], [12.960525463748018, -0.8832652044107999], [12.960009210744591, -0.8829654743142507], [12.956109127270848, -0.8842332629990746], [12.95182463702869, -0.885123376098025], [12.94927123702869, -0.885509576098025], [12.94493004448819, -0.8859257353026578], [12.9405693484783, -0.8858668161493776], [12.938681048478301, -0.8857381161493776], [12.93535325852983, -0.885370867211457], [12.93206783700838, -0.8847266132631163], [12.93072673700838, -0.8844048132631163], [12.92723602094338, -0.8833975279237078], [12.923851099655664, -0.8820776679775717], [12.920599898158578, -0.8804561220402689], [12.918912698158579, -0.8795166220402689], [12.915753195861953, -0.8775596717865262], [12.912788957976574, -0.875317930762928], [12.91004557348803, -0.8728107509516599], [12.907668857541319, -0.8704268163650762], [12.89965206527481, -0.867885193328402], [12.897230455196024, -0.8671435510948098], [12.893113946353655, -0.8663746194151669], [12.88843738780564, -0.8652055906498675], [12.885140495359611, -0.8639437313068837], [12.884525620525837, -0.8640715738683135], [12.883414045010387, -0.8642863245372998], [12.881010845010387, -0.8647154245372999], [12.876764888163189, -0.8652411302298828], [12.872487070153205, -0.8653103335313556], [12.870382470153205, -0.8652317335313555], [12.866496556896294, -0.8648963143267999], [12.86266178482255, -0.8641840285516807], [12.858914615011674, -0.8631016486315606], [12.856513115011674, -0.8622791486315606], [12.852529616666795, -0.860670988159715], [12.850016728908598, -0.8593269455017184], [12.849792230707878, -0.8594303006008251], [12.846858387379799, -0.8605120931962909], [12.8451416873798, -0.861069893196291], [12.840194910252993, -0.862334581956681], [12.839057710252993, -0.862549081956681], [12.83582977109548, -0.8630225465490104], [12.832573984062877, -0.8632313783548443], [12.831189984062878, -0.8632635783548442], [12.827321331059078, -0.8631663362231369], [12.823480180127866, -0.8626957072613952], [12.81970248427894, -0.8618560965367278], [12.81645028427894, -0.8609661965367278], [12.812069519947142, -0.859490560684563], [12.80788825657994, -0.8575193595398239], [12.80484395657994, -0.8558627595398239], [12.801868458297044, -0.8540719670587434], [12.801540259700497, -0.8538333636622135], [12.798969535673619, -0.8536746107205531], [12.795357193724193, -0.8531172552317641], [12.792501893724193, -0.8525420552317641], [12.789602542795938, -0.8518445894008154], [12.786763210091648, -0.8509330609125815], [12.784574510091648, -0.8501392609125815], [12.781420868175926, -0.8488408357754824], [12.778396768175927, -0.8474421357754823], [12.774679875624479, -0.8454796998570078], [12.77118942852138, -0.8431380713652086], [12.76870032852138, -0.8412713713652086], [12.764746632656951, -0.8378826322313683], [12.764609024515838, -0.8377481952727797], [12.76345602728528, -0.8372963174574521], [12.758857946552283, -0.8396272515646749], [12.75688011437498, -0.8405627985621805], [12.75232041437498, -0.8425688985621805], [12.748514150873543, -0.8440170280921749], [12.747474240342125, -0.844295553470209], [12.746926486335738, -0.8445767430583743], [12.743055053130297, -0.8463112762978228], [12.739021693788361, -0.8476260435934907], [12.734871775033207, -0.8485062566066701], [12.732166547247266, -0.8487856122848882], [12.732151542583331, -0.8488170426559052], [12.730402553560694, -0.8520825162221035], [12.728085053560694, -0.8559659162221035], [12.725938727775517, -0.859195669282974], [12.725493494719837, -0.8597423034229982], [12.725266349673603, -0.860460769629347], [12.724025136886961, -0.86349580497021], [12.723735436886962, -0.8641288049702099], [12.72203178734458, -0.8674356641112253], [12.72002830696908, -0.870569959171802], [12.717742323034717, -0.8735045829285387], [12.715193606072344, -0.8762141550326698], [12.712404198882256, -0.8786752415142186], [12.710388198882256, -0.8802936415142186], [12.709867658883676, -0.8807044705956381], [12.706948358883675, -0.882969470595638], [12.704109631784048, -0.8849804804782437], [12.70110690529811, -0.8867372291639555], [12.69796289229728, -0.8882264284604595], [12.69536659229728, -0.8893206284604596], [12.690157927546085, -0.8911046132836599], [12.687668827546085, -0.8917697132836598], [12.685238167339122, -0.8923010377218695], [12.684774741401732, -0.8930017397894214], [12.682274353705955, -0.8960725248113417], [12.680878208850269, -0.8974770367605605], [12.680255174230856, -0.8985009209495509], [12.677812376984697, -0.9017284226820612], [12.675055904727902, -0.904692522295218], [12.672013983780861, -0.9073628673611509], [12.668717763463158, -0.9097121135032934], [12.66520099712404, -0.9117162044032402], [12.66149969650757, -0.9133546181378357], [12.657651762991787, -0.9146105773239988], [12.653696599477986, -0.9154712209193954], [12.649674706904372, -0.9159277359197208], [12.645627269515805, -0.9159754476040046], [12.641595733136452, -0.9156138674038301], [12.637621380763898, -0.9148466979062817], [12.633744909830568, -0.9136817949393942], [12.63000601546138, -0.9121310871283467], [12.629633498220517, -0.9119539921437466], [12.625748243512007, -0.9107161360089554], [12.62200383618265, -0.9090861379734703], [12.618445141595291, -0.9070828475108275], [12.61510925353571, -0.9047271457687218], [12.614955742650398, -0.9045933205766589], [12.612254423951857, -0.904041432221097], [12.607729262457912, -0.9025377633784278], [12.605154362457913, -0.9015079633784278], [12.601054474623027, -0.8995925783607136], [12.59719716561524, -0.897226368893401], [12.5936318036379, -0.8944396191745932], [12.592408703637899, -0.8933668191745933], [12.589766140441746, -0.890825494218354], [12.587367361537268, -0.8880528902895009], [12.585232518875305, -0.885072299813181], [12.583379547099314, -0.8819087624929899], [12.582499747099314, -0.8802352624929899], [12.580497133669947, -0.8757866881057927], [12.579660333669947, -0.8735767881057928], [12.57857842983918, -0.8702990435649226], [12.577783134215311, -0.8669402297795382], [12.577280368830596, -0.8635253575795625], [12.577115217741468, -0.8619279130843521], [12.572002833536429, -0.8566643744729838], [12.56950400082043, -0.8538361253139093], [12.567282839357377, -0.8507849616009305], [12.564557639357377, -0.8466440616009305], [12.562320049621118, -0.8427930221024004], [12.560524470559459, -0.8387170916711509], [12.55910899004505, -0.8349479741634069], [12.55748152294604, -0.8335381142376842], [12.55497607152324, -0.8309366236107011], [12.554192871523242, -0.8300462236107011], [12.551917521772493, -0.8272091110511126], [12.549909261291422, -0.8241770632275831], [12.548184691395623, -0.8209751446092376], [12.546758068268185, -0.8176298239046916], [12.546393268268185, -0.8166536239046917], [12.545754241386494, -0.8146985753979177], [12.544111210050442, -0.8124382376138816], [12.542319851873087, -0.8094610018308092], [12.540793626195944, -0.8063395386786943], [12.539034126195943, -0.8023058386786943], [12.537292010448905, -0.7974928874661882], [12.536455110448905, -0.7946178874661882], [12.535486346160058, -0.7904834271737107], [12.534961340769895, -0.7862695648720066], [12.534843340769894, -0.7846067648720065], [12.534762298844544, -0.7805329091121885], [12.535096128372718, -0.7764719453852406], [12.535321428372718, -0.7747876453852406], [12.536246450600903, -0.7700601286961861], [12.537733062591311, -0.7654780914901063], [12.538065662591311, -0.7646305914901063], [12.539457324055501, -0.7614885552377384], [12.541113536053755, -0.7584775628334057], [12.543022074588963, -0.7556198374964055], [12.54516885331858, -0.7529364712284194], [12.54575895331858, -0.7522605712284195], [12.546118678417033, -0.7518838533900134], [12.545366910963164, -0.7500595729138642], [12.545177010855447, -0.7495903442154438], [12.543267210855447, -0.7447841442154438], [12.541837353923283, -0.740493353616956], [12.541028709058834, -0.7366720028428684], [12.53964696101374, -0.73440197421568], [12.537790257138528, -0.7304279319240611], [12.536679057138528, -0.727663631924061], [12.535591198951924, -0.7246039978630368], [12.53380077620239, -0.718836686796093], [12.532979560002225, -0.7173838818863277], [12.532835450606228, -0.7171267322063674], [12.530689750606228, -0.7132646322063674], [12.530243543327417, -0.7123365377936003], [12.525598585507641, -0.7103958962426477], [12.521098974929037, -0.7081490185256694], [12.517223501343192, -0.7067546366116026], [12.516106592998538, -0.7063338525713952], [12.50979799299854, -0.7038490525713953], [12.50631643705993, -0.7022819154883545], [12.503000153781592, -0.7003899811320609], [12.499879356888579, -0.69819048638479], [12.495416156888579, -0.6947145863847899], [12.492410040643769, -0.69212394325663], [12.489675419439953, -0.6892481801289636], [12.48723920907124, -0.6861156019999833], [12.484020609071239, -0.6815239019999834], [12.482385502762066, -0.6789935829490569], [12.480945473316206, -0.6763473776779491], [12.478070173316206, -0.6705541776779491], [12.476802453993935, -0.6677306093270527], [12.475756846927705, -0.6648174741816643], [12.474211846927705, -0.6599254741816643], [12.473151137786214, -0.6558209429238652], [12.472530790659045, -0.6516272035219823], [12.472187490659044, -0.6479796035219823], [12.4720120330307, -0.6444379998106514], [12.472105628580943, -0.6420501391865779], [12.470609212757237, -0.6393199420322704], [12.469663701832257, -0.6370913481945041], [12.469607689027164, -0.6370543720527212], [12.466556827845185, -0.634578489323742], [12.462823127845185, -0.631231289323742], [12.46026355892063, -0.628720898981005], [12.457939049449973, -0.625991410297517], [12.455868273166125, -0.6230647503694234], [12.452477973166124, -0.6177864503694234], [12.451662620901498, -0.616461033189154], [12.448100720901499, -0.6104102331891541], [12.446474933504364, -0.6073529776827509], [12.443299133504365, -0.6007014776827508], [12.441285240126483, -0.5956153659989252], [12.439096540126481, -0.5887492659989252], [12.437997797644078, -0.5845147502627944], [12.437889581022167, -0.5839785959899518], [12.433227592460085, -0.5801078071595698], [12.429719640258744, -0.5768196011450369], [12.426631568649109, -0.5731342461859222], [12.423424938669395, -0.5688031112865234], [12.417021671540459, -0.5606497669588274], [12.414697806635132, -0.557362820791844], [12.412716077548954, -0.5538589496424078], [12.4110965546931, -0.5501736397609697], [12.408881854693098, -0.5443553397609696], [12.40787097020573, -0.5413453646367877], [12.40593977020573, -0.5347367646367878], [12.405340674206892, -0.5324344292031181], [12.402808674206891, -0.5213627292031181], [12.402391198039536, -0.5192855257881771], [12.399687498039537, -0.5037078257881772], [12.399283360339927, -0.5007108512102129], [12.399106794481071, -0.4976919096078137], [12.399020994481072, -0.49352930960781366], [12.399069642011703, -0.490567689604506], [12.39933731519621, -0.48761778948881995], [12.399659215196209, -0.4851072894888199], [12.400239029425347, -0.48173565849359173], [12.401104828247652, -0.47842590434749743], [12.402250278301393, -0.47520223806782785], [12.403473378301394, -0.4721768380678279], [12.403869496720711, -0.47123202324863556], [12.405316237084442, -0.4679015495339822], [12.40585145411714, -0.46434386205469386], [12.407051868077987, -0.4599077893593026], [12.407545368077988, -0.4584272893593026], [12.408821526608325, -0.45510063579049703], [12.410388652668482, -0.4519007419683564], [12.411230676780779, -0.4503592848645864], [12.414009412865273, -0.44449229055435113], [12.415448902094868, -0.44173543007348276], [12.420351902094868, -0.43317403007348276], [12.420792204522575, -0.43242421151979105], [12.426242504522575, -0.423369411519791], [12.428705120687786, -0.4197437837786191], [12.432631820687785, -0.4145940837786191], [12.436074265223088, -0.4106452264339164], [12.436080672994828, -0.4106387816822416], [12.435799198329, -0.40999982660164136], [12.434651198329002, -0.40731772660164134], [12.433516368554152, -0.4042621950336932], [12.433161759320715, -0.4039606227387419], [12.430384711600448, -0.40136152851526147], [12.427867086605712, -0.3985104148365307], [12.425871486605713, -0.39602131483653075], [12.423455130201747, -0.39266571592226496], [12.421398112707323, -0.3890785859591822], [12.419767412707321, -0.3858599859591822], [12.417909821461153, -0.3814798881316288], [12.417021271063513, -0.38065504332697025], [12.416158692880883, -0.37991736847281], [12.415702693300021, -0.37996656878755247], [12.411405038750654, -0.3799665113336231], [12.407132195668058, -0.37950537510591353], [12.405257795668058, -0.37920047510591354], [12.40119299944582, -0.3783202137139182], [12.397241577062147, -0.37702264306367567], [12.393446246920755, -0.375321791052359], [12.389848039928863, -0.3732360454086956], [12.388010239928862, -0.37203894540869553], [12.387075728227396, -0.37136361522980343], [12.383118086663444, -0.3707002085100655], [12.3789241186589, -0.36951651556119053], [12.374883806101764, -0.36788361291221844], [12.372459106101763, -0.36674631291221843], [12.368928792425095, -0.36486973120730437], [12.36560344729592, -0.36265010211154064], [12.364182070128386, -0.3615949846435368], [12.361451041876851, -0.36072955301465603], [12.358295430364103, -0.359581726077585], [12.355247209686643, -0.358173272529056], [12.352189509686642, -0.356601472529056], [12.349944382904127, -0.3553546801829708], [12.345352482904127, -0.3526081801829708], [12.341364902219889, -0.34988339559055187], [12.338875802219889, -0.34795219559055185], [12.336402669418614, -0.3458678836584133], [12.334106016074188, -0.34359057702584866], [12.331095716074188, -0.3403539770258487], [12.331019891697691, -0.3402722243399561], [12.330003243202016, -0.3391730206180969], [12.32988489501492, -0.3390617964170763], [12.328056582090605, -0.338214753172462], [12.326259418268165, -0.3381301352459627], [12.322654920733273, -0.33779644217145727], [12.321260220733272, -0.33760334217145727], [12.317304853216848, -0.3368511436762869], [12.313445140654418, -0.3357051272272185], [12.30972018853137, -0.33417690392968546], [12.306167736979507, -0.33228195729777543], [12.305202136979506, -0.33170265729777537], [12.302034621754542, -0.3295910977742089], [12.299082181486872, -0.3271879887904584], [12.296371557602189, -0.32451509626030883], [12.293927301299036, -0.3215966296344184], [12.292474414544198, -0.31968385205102706], [12.28596693657005, -0.31864577391265425], [12.281999213427804, -0.31780460983211467], [12.278137069739802, -0.3165659694173358], [12.274420214097615, -0.3149425877373126], [12.267656414097615, -0.3115702877373126], [12.264549069774473, -0.3098445645644913], [12.261607189379541, -0.30784980920262717], [12.258854002201222, -0.30560177237621394], [12.2563112475934, -0.3031182047374782], [12.253999003320022, -0.30041871670601694], [12.249836203320022, -0.29509731670601697], [12.247391341112827, -0.2916030179487362], [12.245332396197252, -0.28786828625128624], [12.24368277295406, -0.28393557495081934], [12.242461222934198, -0.2798495878526653], [12.24168163170671, -0.27565677107449205], [12.24078043170671, -0.26879037107449205], [12.240472030334395, -0.26517802810176955], [12.240491971623715, -0.2615525990921206], [12.240840091755324, -0.2579438672465835], [12.241513530893364, -0.2543814785976039], [12.242822430893364, -0.24884547859760386], [12.244098443311257, -0.24454278589269668], [12.245848416919284, -0.24041011549999713], [12.246508396867839, -0.23906685240167636], [12.245271446745097, -0.2397707887046198], [12.24137833150752, -0.24171402747364995], [12.23729717926031, -0.24322290768812382], [12.233076281571888, -0.24427957502953151], [12.228634581571889, -0.24513787502953155], [12.225024591258492, -0.24566599334444533], [12.221381497544417, -0.2458629887957331], [12.216274497544417, -0.2459058887957331], [12.212347001292612, -0.24574573793417143], [12.20845418741454, -0.24520087536701293], [12.19583708741454, -0.24279767536701294], [12.192307853900495, -0.2419579919007433], [12.183467353900495, -0.23942599190074332], [12.179784052375124, -0.23817428635901916], [12.176239759852184, -0.2365707068000943], [12.172867999749789, -0.23463042055784175], [12.161478499749789, -0.22731692055784175], [12.156873685450433, -0.2238683905288567], [12.150045585450433, -0.21794259052885673], [12.146911805416044, -0.21490796818141067], [12.14412711573322, -0.21155013949817894], [12.141724635952231, -0.20790904062592877], [12.14045863595223, -0.20574184062592876], [12.138733190187986, -0.2024450057816698], [12.137321571379957, -0.19900209779328504], [12.136227271379957, -0.19593369779328504], [12.135121146286195, -0.19229351678341927], [12.134365861971519, -0.1885647132069835], [12.132789550055687, -0.17829314730079476], [12.132338182451074, -0.17552553619912278], [12.132304629176032, -0.1754453129351273], [12.130367155008786, -0.1712975705458157], [12.129143201775479, -0.16867737066245603], [12.128680627575733, -0.1676157563358041], [12.125163254605344, -0.16631806687810408], [12.121530754320354, -0.1645428749586057], [12.12015248120867, -0.1636870317016551], [12.119542119806471, -0.16382656846389754], [12.115290548522774, -0.164329174633252], [12.110612748522772, -0.16462957463325198], [12.106937691534322, -0.16469635109938127], [12.10327202103929, -0.1644254954429018], [12.099646690195234, -0.16381929478640705], [12.094453990195236, -0.16270359478640706], [12.089819931328673, -0.16141203936363352], [12.085374436605779, -0.15957350906538054], [12.0796300019775, -0.15678217007272338], [12.076704430314988, -0.15920576919473423], [12.074049567929896, -0.16122454578072712], [12.07123575359182, -0.1630151328517124], [12.068282549910897, -0.16456508162729033], [12.067102449910896, -0.16512298162729033], [12.063708222658912, -0.16654054864051815], [12.060198127015136, -0.16764032291129213], [12.056601845828881, -0.16841300428449724], [12.052949790770759, -0.168852058640527], [12.049272845158766, -0.16895377315055501], [12.046933945158766, -0.168910873150555], [12.04247925628105, -0.16857969937853504], [12.038089271057796, -0.16775389140804683], [12.033818737897588, -0.16644374806013018], [12.032016237897588, -0.16577854806013015], [12.028614951484128, -0.16434167577827058], [12.025360650051912, -0.162597292388918], [12.022281062997443, -0.1605602615117044], [12.019402431003178, -0.15824794037000262], [12.016770955782745, -0.15570100891197214], [12.009713925445054, -0.15576248246757918], [12.00618013019387, -0.1556369660195752], [12.00267122753914, -0.15519985571811246], [11.994581727539142, -0.15382665571811244], [11.989830650594106, -0.15271838767489807], [11.985249830304676, -0.15103997304519523], [11.98018156721447, -0.1488236926329729], [11.975035983851251, -0.14687441148015204], [11.971816513817386, -0.14604311291437233], [11.97172051596119, -0.14602360639689016], [11.971667396509652, -0.14606022196756685], [11.971463097923165, -0.14617325098468129], [11.96921272371332, -0.1475313990427504], [11.96701792371332, -0.1487264990427504], [11.963904212682834, -0.15025089351984022], [11.960670199881342, -0.15149994760310947], [11.956979499881342, -0.15274444760310946], [11.952956360538266, -0.15387079692673977], [11.94883768326183, -0.15457137559129228], [11.944668398478422, -0.15483854102222142], [11.940493988688965, -0.15466937872637287], [11.936803188688966, -0.15432607872637288], [11.93313555299087, -0.15381275516948248], [11.929531111515372, -0.15296242915098845], [11.92602076120294, -0.15178238958723178], [11.922634592453257, -0.1502827516687068], [11.919401631193077, -0.14847637015357942], [11.916349590068666, -0.14637872917788367], [11.912999490068666, -0.14384012917788366], [11.90984019271326, -0.14117846561885375], [11.906972264107088, -0.1382051512743474], [11.904426293599396, -0.13495189953872924], [11.902229436531796, -0.13145340962079616], [11.900405124599184, -0.1277469964417412], [11.898928024599183, -0.12430839644174119], [11.89876032394436, -0.1238684167546251], [11.897157717209394, -0.12375811215029413], [11.893405748704861, -0.12313787605668364], [11.889729637262132, -0.12216413834484918], [11.886339337262132, -0.1210912383448492], [11.882852261300293, -0.11980665146292724], [11.879499448605456, -0.11820399452703353], [11.876309837853471, -0.1162971003318381], [11.875238610882006, -0.11551314311916788], [11.874363071814097, -0.11586017160377104], [11.873601271814097, -0.11611767160377104], [11.869936187582736, -0.11716481429482417], [11.866188071859858, -0.11785834062188183], [11.86239096069926, -0.11819195278062794], [11.859714972388694, -0.11817136032723174], [11.856292418087463, -0.11938701019052869], [11.851831743529974, -0.12041630472604804], [11.85119835161339, -0.12048771561497867], [11.849657338779128, -0.12130846932196708], [11.84839069063892, -0.12260606151824106], [11.845679702575389, -0.12492777703609917], [11.84277254197747, -0.1269985827933781], [11.84204294197747, -0.12747068279337812], [11.838266591614952, -0.12963233907458016], [11.834277784101124, -0.13137101516752045], [11.830123720939683, -0.1326661364704534], [11.829233220939683, -0.13289143647045337], [11.824956292723275, -0.1337286230168605], [11.820613671380293, -0.13409555101154186], [11.816256906530128, -0.13398786479072328], [11.811937715684403, -0.1334068426568994], [11.810360615684402, -0.13310644265689942], [11.807093279233063, -0.1323003971376554], [11.806981146197828, -0.13236196700594138], [11.803750132384094, -0.13395116280224412], [11.800389299017283, -0.13524336736192688], [11.796925879336712, -0.13622810979513128], [11.796153379336712, -0.13641060979513128], [11.792433625576322, -0.13710546698079573], [11.78866485540454, -0.1374457109207629], [11.786271305386418, -0.13743469572289868], [11.78605766023212, -0.13755081531170305], [11.78231999641092, -0.13911570844966836], [11.78118485083767, -0.13952471925282697], [11.7800603454924, -0.13993366493507564], [11.779040479156185, -0.14028904237105994], [11.778396779156186, -0.14050364237105994], [11.776297361912121, -0.14106322446475436], [11.776252071088557, -0.14107913843702688], [11.776078369228502, -0.14112159513154268], [11.77366029483035, -0.14176611262240968], [11.772773994830349, -0.14194501262240966], [11.772604968497898, -0.1419705734539655], [11.772438908842101, -0.14201116221953974], [11.77066469764979, -0.14226398889759448], [11.768892709960195, -0.1425319558953748], [11.768721992136115, -0.14254082616679317], [11.768552753708223, -0.14256494279378146], [11.767936953708222, -0.1426220427937815], [11.76410111445058, -0.1427926455096153], [11.760266589930417, -0.14259468136795408], [11.759730189930417, -0.14254108136795407], [11.756277625190524, -0.1420432240570261], [11.75288156419075, -0.14124645880237305], [11.749567834113359, -0.1401568450362173], [11.747434764277061, -0.1392426118274826], [11.746125598377064, -0.13966582066566477], [11.742753074494, -0.1404416854562395], [11.739620274494001, -0.14102098545623948], [11.73699142043285, -0.14141725203300617], [11.734494723886117, -0.14170911884371956], [11.732723121139726, -0.14198962777210652], [11.729605026422702, -0.1423585671137234], [11.7264676, -0.1424818], [11.7243433, -0.1424818], [11.720906705769044, -0.14233389931850224], [11.717495525269529, -0.14189129100458833], [11.714134984297482, -0.1411572481618215], [11.713362484297482, -0.1409533481618215], [11.709972245009842, -0.13989543982093572], [11.70668920391723, -0.13854099023922636], [11.70606690391723, -0.13825129023922636], [11.702926915246936, -0.136616745218878], [11.700443439619963, -0.13503021556600617], [11.701010563387674, -0.13652782585721665], [11.702034207454101, -0.1403174204891318], [11.702681477165727, -0.14418910185119913], [11.7029461389614, -0.1481055835354256], [11.702825644003346, -0.15202914768222547], [11.702321152723881, -0.15592200822402674], [11.701437523649808, -0.15974667478575774], [11.700183266612152, -0.16346631373765366], [11.698570460791833, -0.1670451029232462], [11.69661463839055, -0.170448576646313], [11.694334635047186, -0.17364395759437287], [11.691752408440317, -0.1766004725021231], [11.688892826823755, -0.17928964851480664], [11.685783429531675, -0.18168558739736818], [11.682454161759766, -0.1837652149486152], [11.678937086176639, -0.1855085032183892], [11.675266074142783, -0.18689866338767386], [11.671476479510869, -0.1879223074541002], [11.667604798148801, -0.18856957716572775], [11.663688316464574, -0.1888342389613999], [11.659764752317775, -0.18871374400334545], [11.655871891775973, -0.18820925272387976], [11.652047225214243, -0.18732562364980704], [11.648327586262347, -0.18607136661215143], [11.644748797076755, -0.18445856079183215], [11.642955231937751, -0.1834278800337437], [11.642531524123134, -0.1831980871541886], [11.642211958629307, -0.18300075448343356], [11.641345323353688, -0.18250273839054826], [11.640728296621795, -0.18210666697416636], [11.639670942768046, -0.18154999662841903], [11.638897373477507, -0.18111165672050514], [11.637144976141775, -0.18018592004653394], [11.634596467167132, -0.17869801150420692], [11.633686615354694, -0.1782360845072114], [11.632377715354695, -0.17751718450721138], [11.63118699299632, -0.17678552659918131], [11.62985373871806, -0.17617943963567456], [11.62607582935743, -0.17393219385039324], [11.62538922935743, -0.17347089385039324], [11.622397211996516, -0.17125169576407578], [11.620270293476421, -0.16934315836346936], [11.617655776574697, -0.16721743361855584], [11.617247075415186, -0.1668533356698105], [11.61633764486084, -0.1661446721265727], [11.615948132201614, -0.1658161142097842], [11.61461574169015, -0.16505294627261152], [11.611682791669999, -0.16300467011316247], [11.61129119167, -0.16270427011316246], [11.61079824943868, -0.1622720311251564], [11.610570024648334, -0.16214417007427614], [11.610447374151018, -0.16205967480047678], [11.609686587420558, -0.16164424237776795], [11.609094778591617, -0.16134981544148574], [11.608676278591616, -0.16110311544148573], [11.608680987110407, -0.1610951279460921], [11.608676670334889, -0.16109277074342324], [11.605895769999535, -0.1597258691730461], [11.605759615221087, -0.15964148953020388], [11.604327725263973, -0.1590603061885084], [11.604284441504054, -0.15904724484128335], [11.600883643937808, -0.1576698295220787], [11.599692743937807, -0.15712262952207873], [11.597245086992917, -0.1558104030464552], [11.59643425617999, -0.15540498763999094], [11.59471252573772, -0.15449102010360116], [11.59282432573772, -0.15342892010360118], [11.590862062346748, -0.15222599735438436], [11.589215730664643, -0.15133861742238194], [11.585214500332759, -0.15245092626858386], [11.580778262136448, -0.15316123604055176], [11.579319162136448, -0.15331143604055178], [11.576356051987757, -0.15350565486159212], [11.573386698590722, -0.1534795185412282], [11.572453298590723, -0.1534366185412282], [11.568560997114353, -0.153066434653985], [11.564723430936954, -0.15231801449964713], [11.560977265717348, -0.15119850878696156], [11.560247665717347, -0.15094100878696157], [11.556230988594994, -0.1492726305174807], [11.552419198867284, -0.14717800877906909], [11.548857364232218, -0.14468190878352521], [11.545587597109195, -0.14181384251572282], [11.545094097109196, -0.14133104251572282], [11.54206484603004, -0.13801467554982028], [11.539426502209476, -0.13437959730615373], [11.537212332940197, -0.13047164305871553], [11.536718832940197, -0.12947384305871554], [11.536230475072456, -0.1283527947458341], [11.53516944169943, -0.12683709164891163], [11.53288794172251, -0.12317161887709902], [11.531069974508062, -0.11939618243105359], [11.529486557625885, -0.12006682750012622], [11.525417442062245, -0.12153619380381514], [11.52121343680959, -0.1225575060187227], [11.51430413680959, -0.1238449060187227], [11.509090774573103, -0.12446581570931342], [11.508324366548276, -0.12450637079799], [11.507446653858736, -0.12493798322091026], [11.504850253858736, -0.12607518322091027], [11.501341636233363, -0.12741928015263823], [11.499131536233362, -0.12814888015263823], [11.497790549078317, -0.1285195848661974], [11.496456844492224, -0.13114388974906144], [11.494521187978695, -0.13422336751877867], [11.493791587978695, -0.13527476751877865], [11.491623226528075, -0.13811904887763418], [11.489209469158183, -0.140758272852244], [11.486569613448593, -0.14317133929588113], [11.483724764596644, -0.14533895615280812], [11.48069766668498, -0.14724379369498092], [11.479131266684979, -0.14813429369498093], [11.474036870667117, -0.1505718581080953], [11.472513370667118, -0.15117265810809533], [11.467676316804917, -0.15273307402510897], [11.461925616804917, -0.15419217402510899], [11.458811070728355, -0.15485170751609012], [11.455653938497209, -0.15526146081235428], [11.449601238497209, -0.1558031608123543], [11.445301496372597, -0.15595566308097691], [11.44101024738616, -0.1556454673097049], [11.43605514738616, -0.1550179673097049], [11.43029546943995, -0.15385350739718906], [11.426003969439948, -0.15265190739718906], [11.42118586478971, -0.1509645662232703], [11.41809596478971, -0.1496555662232703], [11.414059483498765, -0.14763430150399012], [11.411312663990437, -0.14889937435622908], [11.409081063990437, -0.14982197435622907], [11.405297677727592, -0.1511680023382637], [11.401398396551341, -0.1521279029845921], [11.397422519861596, -0.1526920018147974], [11.396124319861595, -0.1528101018147974], [11.392172274540984, -0.15297325414839788], [11.388223437729735, -0.15274528761963682], [11.386966237729736, -0.15261008761963685], [11.382813288055605, -0.1519204734905683], [11.37914077777875, -0.15136530302034842], [11.37537645842175, -0.15041562195231462], [11.371721933283277, -0.1491054920485515], [11.371317670967779, -0.14891452208999897], [11.36736144639129, -0.15169372503482464], [11.364733446391291, -0.15331052503482462], [11.362155791529446, -0.15476767689824736], [11.359477406897915, -0.15603015537547124], [11.357230106897914, -0.15698945537547124], [11.352327176343392, -0.15871516713645467], [11.348300276343393, -0.15984446713645467], [11.343770032813682, -0.16083573208365115], [11.34022183281368, -0.16139893208365114], [11.335954305494582, -0.16184331312068398], [11.331663730864408, -0.1618280399992753], [11.328175630864408, -0.1616282399992753], [11.325211906292889, -0.1613475139987871], [11.322277268314442, -0.16084714377721754], [11.316207392522536, -0.1595781115595791], [11.316207068314442, -0.15957804377721752], [11.31381741672037, -0.15907847933419234], [11.311662242076848, -0.15856525452763207], [11.308742642076847, -0.15778395452763205], [11.306351493335244, -0.15706336711486088], [11.3038038374846, -0.1562079953678843], [11.302621319291758, -0.1558379898339206], [11.299221191816544, -0.15460269654410544], [11.295946574338487, -0.1530652646815593], [11.292824250806076, -0.15123826930156392], [11.28987975951599, -0.14913665387476158], [11.289576383219234, -0.14889870011249204], [11.288854299369572, -0.1489499564242477], [11.285150498431257, -0.14886925590877947], [11.281470049147327, -0.14844623459456424], [11.279317281788849, -0.1479939439696184], [11.277461298207752, -0.14827351580747092], [11.27340725215139, -0.14846824779161424], [11.269354342209578, -0.1482511510935391], [11.26534429615511, -0.14762446088792777], [11.26339159615511, -0.14721686088792776], [11.259127044229931, -0.14607789804604973], [11.255013951490813, -0.1444759905589725], [11.251102404197802, -0.1424306452941679], [11.24744003433668, -0.13996676898272736], [11.24568053433668, -0.13863636898272735], [11.24257847548557, -0.13603389094366816], [11.239755418775733, -0.13313113158875026], [11.237240292882769, -0.1299578363295494], [11.236134933593402, -0.1282292724357621], [11.234815196508203, -0.1285710649815936], [11.231318592353103, -0.12915248247940986], [11.228397992353104, -0.12950598247940986], [11.224304217845049, -0.1297894516938241], [11.220202943326116, -0.12965200410860195], [11.217755343326116, -0.12944390410860196], [11.213190177530077, -0.12878893350249238], [11.210035373347075, -0.12795691025657963], [11.207686611131468, -0.12786921442199134], [11.205817311131467, -0.12771861442199134], [11.202287033794928, -0.12727544448294456], [11.198810103094019, -0.12652032159968388], [11.19541402862976, -0.12545922033167828], [11.193988628629759, -0.12494322033167828], [11.190167316927676, -0.12333122494108362], [11.185163216927677, -0.12090742494108361], [11.183621502084437, -0.12011902976155309], [11.177722856387224, -0.11693970112994796], [11.176057414022468, -0.11610033979720559], [11.173398298184553, -0.11463098164075874], [11.170748298184554, -0.11303238164075874], [11.168239990382846, -0.11133153995316981], [11.165695785196926, -0.11129351404292315], [11.162024455543222, -0.110898091804634], [11.15840523335015, -0.11016580027123175], [11.154868961222473, -0.10910287994886025], [11.1534531088056, -0.10860497148638977], [11.150659367700122, -0.10771096131275483], [11.150335684353307, -0.10814619944304632], [11.147487078844415, -0.11202886442956067], [11.14716676073262, -0.11245937518569629], [11.142738654222125, -0.11832818385841863], [11.141648388544183, -0.11999165878559946], [11.139187995833451, -0.12395109820793256], [11.137619452389485, -0.12677966533908633], [11.136023049146111, -0.1301026649668465], [11.134018721307687, -0.1337704821207591], [11.131642596536235, -0.1372091219432636], [11.130086996536235, -0.1392262219432636], [11.127530524257631, -0.14222347066693536], [11.12469162248498, -0.14495471345146677], [11.12277112248498, -0.14662831345146676], [11.119474554497446, -0.14921034973498415], [11.116234454497445, -0.15148494973498416], [11.113067822837012, -0.15349322897353104], [11.110321222837012, -0.15505962897353104], [11.106297630062732, -0.15706355570081662], [11.10207460703608, -0.15860339259410378], [11.09909200703608, -0.15950459259410377], [11.095520839326452, -0.1604064748314497], [11.091881852546013, -0.16097604097520837], [11.088205902187644, -0.16120846159203644], [11.085695302187643, -0.16125136159203646], [11.082197145837467, -0.16115804158265967], [11.078720532571507, -0.16075933533316517], [11.070697525242426, -0.15948153891626204], [11.062117015902416, -0.15820181003040854], [11.05772532441234, -0.15729261618795484], [11.056034422494484, -0.1568423804467566], [11.054020334738674, -0.1565170000391005], [11.052941213716213, -0.1564307009341428], [11.04813047707927, -0.1557499536759182], [11.046027677079271, -0.15532075367591822], [11.042291008218282, -0.15436836262421239], [11.039531716644756, -0.1533736192979552], [11.0336904341061, -0.15380637560622804], [11.02842875251543, -0.15384915416164768], [11.02645835251543, -0.15373535416164769], [11.020665008710253, -0.15297325434230993], [11.018683341419338, -0.1525634933431081], [11.016476729232608, -0.15217945509444822], [11.013878037664728, -0.15183624317684266], [11.008156019548375, -0.1506499641761406], [11.006310719548374, -0.15012426417614058], [11.00472891801631, -0.14963803776469753], [11.004026591534979, -0.14940614527943458], [11.00346671541396, -0.1493062985717532], [11.002901717393135, -0.14920134533524226], [11.001013517393133, -0.14883654533524227], [10.995472298636065, -0.14734681711009684], [10.992940298636066, -0.14646701711009685], [10.989047934249532, -0.14488074181149913], [10.985343514103254, -0.14289478077957074], [10.981867941408554, -0.14053106246210106], [10.980764511395831, -0.13959717792174756], [10.978013159794909, -0.13907950677722314], [10.973989637991252, -0.13787432542646116], [10.972295577085402, -0.1372682889220842], [10.970496887798307, -0.13888368426475461], [10.967150906407731, -0.14131468641815828], [10.963571789542689, -0.14338719345126705], [10.96169242038199, -0.14422970268880483], [10.961500242786604, -0.14439130893189844], [10.96101446832274, -0.14479981926807411], [10.960575195030438, -0.14516390804366675], [10.957209595030438, -0.14791320804366673], [10.95330315474089, -0.15072994420671598], [10.949086506130955, -0.15305677742987098], [10.947753416882222, -0.15369090110888545], [10.94671004382, -0.1542125876399962], [10.942912191088281, -0.15587147767729095], [10.938963078296949, -0.15712850181747134], [10.938729064144866, -0.15717703862053442], [10.938294256300688, -0.1573757460077202], [10.937618256300688, -0.1576439460077202], [10.93355803661646, -0.15900810167370844], [10.929375228798554, -0.15993028567037604], [10.925117794763326, -0.1603999238299307], [10.92166873309262, -0.16040935103536083], [10.921098772076444, -0.16082370726893014], [10.917700858658137, -0.16281510597350765], [10.914123577621309, -0.16446269353793977], [10.910401609552835, -0.16575049713172568], [10.909238909552835, -0.1660896971317257], [10.905079146494773, -0.16706553340103977], [10.90083902734585, -0.16759210222529072], [10.896566931561125, -0.16766339549200013], [10.892311603446776, -0.16727859975011367], [10.889966003446776, -0.16693939975011365], [10.88607066835249, -0.1661771081419643], [10.882270060817174, -0.16503250936722746], [10.880703660817174, -0.16447460936722746], [10.877609665314443, -0.16322488293718168], [10.874945461368435, -0.1618805059589617], [10.873411489320011, -0.1614739294282792], [10.869874283370754, -0.16077573547488264], [10.868614883370755, -0.16044753547488264], [10.865961653587846, -0.15963218548115138], [10.865847604935539, -0.15979726352784498], [10.863393013242602, -0.1629930365198781], [10.860629340497132, -0.1659256289483583], [10.857584634497675, -0.16856527869264504], [10.854289795176454, -0.17088519663148954], [10.852777095176455, -0.17184009663148953], [10.849758988547459, -0.1735665802607052], [10.846602350513411, -0.17502443816459606], [10.844692550513411, -0.17580763816459608], [10.841558211522896, -0.1769428780544505], [10.838340228804734, -0.17781318704589802], [10.832932928804734, -0.17903628704589802], [10.831926065965826, -0.17920721196908151], [10.829471034560664, -0.18105225436664835], [10.826372137094022, -0.18296667855269713], [10.823111934671934, -0.18459126023420666], [10.81971746290091, -0.1859125273792605], [10.818065262900909, -0.1864704273792605], [10.815087396018082, -0.18730890181556942], [10.814786894170075, -0.18807157057998597], [10.812963674302217, -0.19204670847470057], [10.809589674302217, -0.19845350847470056], [10.80723036157912, -0.2023722617109157], [10.806608452030273, -0.20317965512271985], [10.805636776502585, -0.2063406763659521], [10.804479607760273, -0.20959705257436473], [10.80304568024416, -0.21274139310736018], [10.801345697349813, -0.2157502273779419], [10.79939234841415, -0.21860109627083096], [10.79758574841415, -0.22100779627083095], [10.795527910353188, -0.2235286942209614], [10.793271966171618, -0.2258739745474371], [10.79067776617162, -0.22836007454743712], [10.787500510088282, -0.23110016800088687], [10.784053719011913, -0.23349238446864257], [10.780375314254334, -0.2355104049819564], [10.776505765322028, -0.23713202744518264], [10.772487644673967, -0.23833941090140712], [10.770342344673967, -0.2388631109014071], [10.76558427088687, -0.23972379580978778], [10.760757109493175, -0.24000407701535287], [10.758458509493176, -0.23999837701535287], [10.754452235243766, -0.2397872566925045], [10.750487258903927, -0.23917589119077243], [10.746603465174672, -0.23817043039054858], [10.742839922120577, -0.23678098847662538], [10.739234488174228, -0.2350215421970498], [10.736098888174228, -0.23329154219704978], [10.73277190591076, -0.23123770847881683], [10.72966133271724, -0.22886887367424566], [10.729143441650889, -0.22838772861193862], [10.727417882260031, -0.22790926660966815], [10.723039411008084, -0.22641766756004378], [10.718862413896275, -0.22443056581204307], [10.717102813896275, -0.22346496581204306], [10.71342212437093, -0.22117736479788405], [10.710010514690723, -0.21850500382453789], [10.709917124468312, -0.21841392336048626], [10.7070792612206, -0.21860243359814197], [10.703723651578192, -0.21948250517723855], [10.701642251578193, -0.21987940517723853], [10.697814778098216, -0.2204191361225189], [10.695132578098216, -0.2206659361225189], [10.690612580319657, -0.2208250628606606], [10.687104280319657, -0.2207500628606606], [10.683696204697714, -0.22053138715450138], [10.680319203110306, -0.2200228020701802], [10.676997891363108, -0.21922801481104914], [10.675152591363108, -0.21870221481104912], [10.671351383357312, -0.2174095765432426], [10.667825337125786, -0.21580009500626696], [10.666030327179316, -0.21764799506053206], [10.663224946023353, -0.22004757930004293], [10.657951046023355, -0.2241527793000429], [10.654818229702526, -0.22635880493288618], [10.653993432417302, -0.22682852654875824], [10.652522143539517, -0.2306251262863125], [10.651149983640785, -0.2393634659347538], [10.65015579721004, -0.24393274677311946], [10.648635147328703, -0.2483547777519034], [10.648141647328703, -0.24955637775190342], [10.646670597147391, -0.2527346131577177], [10.646019597147392, -0.25399341315771773], [10.64356040214186, -0.25812054792864886], [10.640624144038192, -0.2619230825887556], [10.63610384403819, -0.2671015825887556], [10.634003988834397, -0.26932906876547], [10.629068688834398, -0.27417836876547], [10.626915949031405, -0.2761446309317762], [10.611037249031405, -0.28961993093177624], [10.608682818844002, -0.29147094268349955], [10.606196494152243, -0.29314060598474345], [10.594609394152243, -0.3003074059847435], [10.592591832509184, -0.3014754192399635], [10.582034632509185, -0.30718311923996355], [10.579205390014524, -0.3085715961160229], [10.564957490014523, -0.3148800961160229], [10.564784470292295, -0.31495621509538546], [10.558415991019892, -0.3177400477493711], [10.552718159748348, -0.32053225061130636], [10.548006551462656, -0.32247936447954645], [10.537921351462657, -0.3259125644795464], [10.536687364057158, -0.32631044094924067], [10.52126303536245, -0.33100916215104514], [10.520689033852141, -0.33132637119637787], [10.518137521671173, -0.3332047971559136], [10.507927683429507, -0.34331132774212436], [10.506868958381446, -0.3442611392096981], [10.505836309392928, -0.3452392376800554], [10.50540870801709, -0.34557117012295174], [10.505005776656978, -0.3459326509693533], [10.50385905185552, -0.3467741156334791], [10.502735504939086, -0.3476462869915567], [10.49659967640885, -0.3519439933997843], [10.49617585907917, -0.3524972986579049], [10.49587275295144, -0.3530665507430268], [10.495824336414623, -0.3532164804246137], [10.497414561984028, -0.3648565195480084], [10.497782661013945, -0.3702150530413999], [10.497825561013945, -0.4009418530413999], [10.497415571942106, -0.40671032825879283], [10.495570271942107, -0.4194987282587928], [10.494711130401589, -0.42378223807444854], [10.493389964415222, -0.42794650283115343], [10.489913764415222, -0.43713010283115344], [10.488597022612307, -0.44021211680571637], [10.487026894526611, -0.4431730823424047], [10.485214403064854, -0.44599221231741465], [10.480880003064852, -0.45215051231741465], [10.47886631655073, -0.4547740081170027], [10.476033916550731, -0.4581642081170027], [10.473359415469098, -0.46106221941977565], [10.467480015469098, -0.46683411941977565], [10.46471211563967, -0.4693098452024519], [10.45501321563967, -0.47720604520245186], [10.452781701881966, -0.4788964696426987], [10.442782401881965, -0.48593436964269876], [10.438653254459226, -0.4884808816347806], [10.430885554459225, -0.49264348163478056], [10.427447862079203, -0.4942801100627825], [10.423870136869374, -0.49558247861044535], [10.408491039181365, -0.5003650884215893], [10.378728475134517, -0.510705938936489], [10.377666129001955, -0.5110584666356737], [10.364942262047439, -0.5150840060070662], [10.35935987537824, -0.5176826046467077], [10.34163660081397, -0.5284843547821219], [10.337428432017237, -0.5325965365934837], [10.336571658789378, -0.5337105555403913], [10.338929623894591, -0.5485444019200955], [10.339153634084745, -0.5501673661215347], [10.339335365478812, -0.551717839328905], [10.34008695155923, -0.5516835247481625], [10.343782147238517, -0.5516856748203096], [10.34746137701892, -0.5520288132093438], [10.35419907701892, -0.5529728132093438], [10.35756139576357, -0.5535914234455762], [10.360858610203774, -0.5544948850663982], [10.367017010203774, -0.5564688850663982], [10.369979048679962, -0.5575488060370839], [10.372846834225221, -0.558858656144443], [10.381288852768064, -0.5631243125133871], [10.393629638615256, -0.5679775851981752], [10.396606402540097, -0.569290432523039], [10.402292602540097, -0.572079732523039], [10.405296039468034, -0.5737158999625347], [10.408148725216018, -0.5756026594314143], [10.410829803660778, -0.5777262167400827], [10.415442403660778, -0.5817121167400827], [10.418213157439002, -0.5843480303970588], [10.420719524220015, -0.5872364976143937], [10.422938594061199, -0.5903511157846556], [10.4256859940612, -0.5946259157846556], [10.42790281215003, -0.5985436315650082], [10.429665409491141, -0.602685615387732], [10.430951464133873, -0.606999412187594], [10.432174264133872, -0.612142112187594], [10.432753219487632, -0.6150529848393815], [10.433114751158355, -0.6179987722973689], [10.433387851158356, -0.6212035722973689], [10.433532283084562, -0.6246366863394228], [10.433381536820418, -0.6280695289182344], [10.432936724791631, -0.6314767675165867], [10.432420160988725, -0.6344366761483267], [10.434270466034494, -0.6366381041076169], [10.436492626772512, -0.6398819450700776], [10.438385568412, -0.6433282872592421], [10.439973468412001, -0.6465895872592421], [10.441397426628091, -0.6498815129103526], [10.442520778243265, -0.6532877590321552], [10.443334491207588, -0.6567809384872224], [10.443832023049383, -0.6603329651706825], [10.444132423049382, -0.6635085651706825], [10.44430796552413, -0.6676983920015995], [10.444043895956977, -0.6718835719615555], [10.443343116714091, -0.6760181060932631], [10.442213330000582, -0.6800565520834294], [10.436720991179586, -0.6963446056635234], [10.462536389089752, -0.7183236989181586], [10.463179020085855, -0.7188827420015821], [10.475008220085854, -0.7293966420015822], [10.477849282654352, -0.7321870058270532], [10.482798182654353, -0.7375571058270531], [10.484927763554188, -0.7400678638338649], [10.486806551678862, -0.7426933984408115], [10.48943644414188, -0.7430888222596822], [10.493435898675083, -0.7439006946507465], [10.497331813618977, -0.7451158572293651], [10.501083635485843, -0.7467216610847124], [10.504652310686419, -0.7487013910297612], [10.506476210686419, -0.7498385910297611], [10.509834080668501, -0.752178999796491], [10.512935201566908, -0.754850301573794], [10.515747103087495, -0.7578245264897125], [10.518240343208344, -0.7610705329148066], [10.520388816452513, -0.7645543335306634], [10.521611916452512, -0.7667856335306634], [10.523446949787473, -0.770599011739674], [10.524868829617454, -0.7745849192216003], [10.525841914416768, -0.7778489907450907], [10.528120952777696, -0.7802602128680519], [10.538303249401705, -0.7885966416156168], [10.54091022432653, -0.7909554148681333], [10.54359308231174, -0.7907432705509259], [10.547853057960097, -0.7906341171144728], [10.552100471250016, -0.790978772510337], [10.556287115880327, -0.7917733250490547], [10.56036547524782, -0.7930087569034534], [10.564335175247821, -0.7944462569034534], [10.567913320544257, -0.7959419160702691], [10.571329808796632, -0.7977770531569882], [10.574552524758916, -0.7999344177372394], [10.577551174659144, -0.8023937304220233], [10.582057274659144, -0.8064703304220233], [10.585110784284305, -0.8095498118798001], [10.587812967556783, -0.8129417630353574], [10.590132061786452, -0.8166063133534258], [10.590935713238878, -0.8182458607850293], [10.59369697701976, -0.8187756690441633], [10.59479623682315, -0.8190431099273257], [10.595905670855023, -0.8192645887530613], [10.59670219170295, -0.819506813098086], [10.59751113205386, -0.8197036216425322], [10.598578884830257, -0.8200775210271486], [10.599661267912893, -0.8204066769229925], [10.600430211157608, -0.8207258075873164], [10.601215965628903, -0.8210009584647208], [10.60224192833538, -0.8214777154953228], [10.603286836527998, -0.8219113785100635], [10.604020796825706, -0.8223043420909332], [10.604775798172293, -0.8226551854479349], [10.605750090227154, -0.8232302086937041], [10.606747460492638, -0.8237642024154372], [10.609573460492639, -0.8254607024154372], [10.612651852390416, -0.8275079877195037], [10.615528077193932, -0.829830745707796], [10.618177564979682, -0.8324091344034169], [10.619731964979682, -0.8340684344034169], [10.622413539909902, -0.8372472055793083], [10.624750573222768, -0.840687220926603], [10.626717802420302, -0.8443512951042679], [10.628293962455343, -0.8481998207750934], [10.629014362455342, -0.8502579207750934], [10.630315580096664, -0.8548304941355451], [10.630821780096664, -0.8571179941355451], [10.631468440098915, -0.8608856776688677], [10.631752483137038, -0.8646978854174403], [10.63183998313704, -0.8679904854174403], [10.631738973434944, -0.8720857343463361], [10.631219639545108, -0.876149176121532], [10.630287428392869, -0.8801381921803089], [10.628768257017201, -0.8854053393917521], [10.628786361630652, -0.8855167140739921], [10.629561661630653, -0.8916136140739922], [10.62986672135697, -0.8955833579037378], [10.629775626342026, -0.8995637635625465], [10.629289279105555, -0.9035153953616899], [10.62891894548729, -0.9056440942046612], [10.630882942155703, -0.9067856430056346], [10.63418886203725, -0.9089317747194793], [10.637267518041037, -0.9113928445695132], [10.640089018365288, -0.9141449571247403], [10.641074218365288, -0.9152055571247403], [10.643508994542088, -0.9180881691990236], [10.645661318389784, -0.9211873770746856], [10.64751203747156, -0.9244756024748471], [10.64811063747156, -0.925667402474847], [10.64954025666771, -0.9288533494860014], [10.650686559947705, -0.9321518428078301], [10.650817549220323, -0.9325895134658329], [10.651001985734274, -0.9327299914463357], [10.652650985734272, -0.9341253914463357], [10.655853937315312, -0.9371539406303655], [10.658704196198991, -0.9405165338687116], [10.661167147756567, -0.9441723345492206], [10.663212880966874, -0.9480769452369607], [10.664121380966876, -0.9500711452369608], [10.665402066441626, -0.9532332402967891], [10.666331686716688, -0.9562437434722201], [10.666382733965177, -0.9562815609116168], [10.67051651845154, -0.9591655506273937], [10.671775680823899, -0.9600809591157998], [10.676037180823899, -0.9633076591157997], [10.67966749418445, -0.966414408247701], [10.682135194184449, -0.9687958082477011], [10.684536681426641, -0.9713245777460683], [10.686708781755147, -0.9740529098946873], [10.688634984741933, -0.976960066272315], [10.690300649057876, -0.9800239491905864], [10.691564449057877, -0.9826114491905863], [10.691667592153644, -0.9828522650053916], [10.693088540059899, -0.9840307963079735], [10.6942473400599, -0.9850820963079736], [10.69670835316561, -0.987517097440351], [10.698949593201373, -0.9901557825529125], [10.700054593201374, -0.9915770825529123], [10.703234266514615, -0.9963335748649849], [10.7043365251797, -0.9982690828116931], [10.707344126288758, -0.9994723072725568], [10.708545826288757, -1.0000194072725568], [10.711587281034436, -1.0015639091831439], [10.714486083014197, -1.00336193037433], [10.717204048037098, -1.005387647999056], [10.719988165923857, -1.007319096287998], [10.720715065923857, -1.007906396287998], [10.72336977031337, -1.010253013902237], [10.725806402115536, -1.0128253465175556], [10.728005842802046, -1.0156032108572368], [10.72995083491571, -1.0185648109823278], [10.731626117477521, -1.0216869093089747], [10.73202841747752, -1.0225236093089747], [10.73374069572744, -1.0266638346097527], [10.73497922135164, -1.030969576894719], [10.735728455991604, -1.0353868169607132], [10.735804755991603, -1.0360653169607132], [10.736053150864839, -1.0401206601633655], [10.73595548350848, -1.042534313627099], [10.736869371378566, -1.0449570431586273], [10.737873251389098, -1.0486595649388164], [10.738517832659792, -1.0524412256313946], [10.738653732659792, -1.0535602256313945], [10.738921407552048, -1.0569946022404195], [10.73889259631533, -1.0604392738435193], [10.738764796315328, -1.0629216738435194], [10.738725054900499, -1.0633172914929652], [10.739214619601485, -1.0645735561058078], [10.740216707169349, -1.0680410644251546], [10.740372092892205, -1.0688444133333657], [10.74145718693936, -1.0716259238828965], [10.742555940325023, -1.075622801026343], [10.742829540325022, -1.0768671010263429], [10.743511667266405, -1.0809819848054325], [10.74376158575219, -1.0851455297409456], [10.743576578299082, -1.0893124636163352], [10.743479978299083, -1.0903100636163352], [10.742871352543753, -1.0943892825931514], [10.7418459159161, -1.098384145856585], [10.741623303385145, -1.098985728960246], [10.742223043791428, -1.1015139288553133], [10.742758569643193, -1.1056773846874568], [10.742854819222325, -1.109874036736726], [10.742790419222326, -1.112051636736726], [10.742313048139637, -1.1171416214196148], [10.742098448139638, -1.1184932214196148], [10.740898064658131, -1.1237423018328876], [10.740468964658131, -1.1251689018328876], [10.739174224856656, -1.128821656492813], [10.737532077323879, -1.1323319726095922], [10.735557936660328, -1.1356668993553607], [10.733270333837865, -1.138795132256823], [10.732457033837864, -1.139801132256823], [10.730113965183705, -1.1424506315390919], [10.727546008600454, -1.144882794393709], [10.724005508600454, -1.147950794393709], [10.72154698469303, -1.1498910233748776], [10.721428359240683, -1.1499965919502382], [10.721271868937672, -1.1501351267441164], [10.719204581794456, -1.1519556047141173], [10.718605740434613, -1.1529952923537456], [10.715897437883536, -1.1566592258388801], [10.715607737883536, -1.1570077258388802], [10.712967230194327, -1.159885857155541], [10.71005860513131, -1.162492736703104], [10.709800121438693, -1.1626824143862935], [10.709655940149583, -1.1629287006444118], [10.707534330306176, -1.166179877336201], [10.705107542665827, -1.169210072042409], [10.704983958355529, -1.1693369209411637], [10.704176164933616, -1.1702657115711397], [10.702553142530936, -1.1739014483079442], [10.700456308629942, -1.177525093463069], [10.699876908629943, -1.178415393463069], [10.697517672110003, -1.1816702382981576], [10.69484365500078, -1.1846718452606193], [10.691881864894892, -1.187389898097889], [10.688662215894361, -1.189796944456167], [10.68521722647795, -1.191868673149396], [10.6815816910643, -1.1935841597024208], [10.677792328588028, -1.1949260776883426], [10.676721628588028, -1.1952456776883427], [10.674161445764407, -1.195878969271685], [10.672163963611437, -1.1973248088180681], [10.669112545576464, -1.1991443669456263], [10.665911712555559, -1.200685993286869], [10.662586715007794, -1.2019375263911425], [10.661009615007794, -1.2024524263911425], [10.657284139927334, -1.2034725535039024], [10.653477640505882, -1.2041285916550803], [10.649625611931594, -1.2044144233611214], [10.645763973946963, -1.2043273832728258], [10.644100973946964, -1.2042093832728258], [10.640061561486826, -1.203715228806742], [10.636093263573276, -1.2028132014630446], [10.635111583591991, -1.2024821067419886], [10.633412558963947, -1.2039347501192794], [10.633252380432308, -1.204046036816959], [10.633690624295728, -1.2067708906502983], [10.633967424295728, -1.2091650906502984], [10.634216889260822, -1.2126559914924824], [10.634160255133562, -1.2161553362932132], [10.633797955470191, -1.219636336208854], [10.63379562819691, -1.219652003265322], [10.635411498646496, -1.2225943393026102], [10.635668998646496, -1.2231413393026103], [10.636742135548637, -1.2256594832508876], [10.638522698036022, -1.2256792597790902], [10.640405998036021, -1.2257844597790901], [10.643853032841161, -1.226127237206088], [10.647257484763545, -1.226766965601951], [10.650593821381232, -1.2276988471855084], [10.653837021117711, -1.228915893109705], [10.655463021117711, -1.2296077931097051], [10.659295968110955, -1.2314863156824047], [10.662906913276313, -1.2337625855965275], [10.665147713276314, -1.2353482855965274], [10.669388177205029, -1.2388076585399126], [10.671703477205028, -1.2409765585399126], [10.674536972062736, -1.2439164361311197], [10.679392256298314, -1.2494981022404272], [10.686475475251667, -1.2574859674359624], [10.687806687601629, -1.259067723284638], [10.693052527289378, -1.265638300240556], [10.696631187153388, -1.2698683346076658], [10.698495551098349, -1.2722490001114872], [10.700174749614991, -1.2747636995969247], [10.702172749614991, -1.278015599596925], [10.703157661243273, -1.2797103656045248], [10.704488061243273, -1.2821344656045246], [10.705577987223199, -1.2842697195246142], [10.707330687989712, -1.2879734857191187], [10.709122124514128, -1.2916090410556864], [10.709561849496902, -1.2924255798138895], [10.717106091222014, -1.3020198326398005], [10.723067538626852, -1.304813675631871], [10.72597803831896, -1.3063262072577], [10.72876753831896, -1.3079244072577], [10.732307302031458, -1.3102081002700592], [10.735587268509311, -1.3128513938252966], [10.738723568509311, -1.3156637938252966], [10.7417934477101, -1.318733022693674], [10.74451265114302, -1.322116845508819], [10.747007640764783, -1.3255922617626361], [10.750008607463789, -1.3264239059286076], [10.753907290980841, -1.327723391536143], [10.75766729098084, -1.3291952915361431], [10.759134604753848, -1.3298035580711622], [10.763297304753848, -1.331626858071162], [10.766568507147605, -1.3332412692410949], [10.769679029714728, -1.335146981151623], [10.772603002455744, -1.3373281441295592], [10.777535372541722, -1.3413702666475662], [10.780042613331869, -1.3434067962877196], [10.78180242877731, -1.3447418260429442], [10.783241639324173, -1.3459493451639546], [10.784685916588925, -1.3471507995359011], [10.784745074116662, -1.3472107493852346], [10.784809595750156, -1.3472648839983616], [10.786123518533813, -1.3486076558869824], [10.787443078086913, -1.3499448888549803], [10.787496074642199, -1.3500103484811128], [10.787554979466409, -1.3500705466472738], [10.788730960692005, -1.3515356396759908], [10.789913094453794, -1.3529957729557451], [10.789959419650815, -1.353066111946673], [10.790012140380103, -1.3531317939246401], [10.79103885470569, -1.3547050984468048], [10.792072178081714, -1.3562740701565226], [10.793203978081715, -1.3581911701565226], [10.795257011764535, -1.3621595435147542], [10.796854663317573, -1.3663321259199546], [10.797766563317571, -1.3691809259199546], [10.798831869364912, -1.3732266078212463], [10.799468790915022, -1.3773614294570549], [10.799731990915022, -1.3799710294570549], [10.799922171170433, -1.38301640885819], [10.800059371170432, -1.38868070885819], [10.799980318403563, -1.3923426782535584], [10.799732019736917, -1.3960218516869125], [10.800265972818408, -1.3979306686778092], [10.801099328766906, -1.3985763365550947], [10.803690801773866, -1.4007661827067919], [10.806087376465475, -1.4031677630742667], [10.808271810747256, -1.405763799549836], [10.810915960431483, -1.409191319923256], [10.814185570236443, -1.4130136500757176], [10.816081055118465, -1.4154089880931968], [10.819750355118465, -1.4204284880931968], [10.822257019327061, -1.4243096951157128], [10.823351319327061, -1.426240295115713], [10.825046832938794, -1.4295886508480886], [10.826421055568023, -1.433081180688107], [10.827461888685392, -1.4366871367249845], [10.827550546320692, -1.4370589541274958], [10.827895952291996, -1.4380674272983576], [10.829313267554534, -1.4401523349048027], [10.831040875095091, -1.443253533339298], [10.832200775095092, -1.4455720333392978], [10.833729190221836, -1.4490256492201106], [10.83405689063816, -1.4498719938529672], [10.835252537813481, -1.449726199762222], [10.8384847, -1.4495954], [10.8406734, -1.4495954], [10.84409897437787, -1.449742351933614], [10.84749937901681, -1.4501821279909157], [10.850849629114984, -1.4509114968748067], [10.852480429114983, -1.4513404968748067], [10.855601427798574, -1.4522992925399432], [10.858633834350938, -1.453509429892322], [10.860264634350939, -1.4542387298923218], [10.863948583159123, -1.4561205296407491], [10.867418478575978, -1.4583727451967272], [10.869607178575977, -1.4599600451967272], [10.873352165772827, -1.4630389411703209], [10.8766971577962, -1.4665482940856533], [10.8797011577962, -1.4701090940856534], [10.882036338407243, -1.473163692818851], [10.88406745056462, -1.4764283865734305], [10.88574115056462, -1.4794313865734305], [10.88789368098696, -1.483932736308431], [10.88986778098696, -1.488823436308431], [10.89078657914274, -1.491339262108708], [10.89241737914274, -1.496315762108708], [10.892690208007126, -1.497181383635805], [10.893677308007126, -1.500441783635805], [10.894791541135485, -1.5051196237799487], [10.89533637992073, -1.5098973695430242], [10.89548657992073, -1.5127073695430242], [10.895454925795962, -1.517504367920305], [10.895339593963008, -1.519233557188343], [10.896233668910874, -1.5191632175182923], [10.89996725084683, -1.519044445676207], [10.903695631954562, -1.5192744785835621], [10.90738629669428, -1.5198513101031266], [10.908330396694282, -1.5200444101031265], [10.911943952577097, -1.5209608194047746], [10.915456499435052, -1.5222096615473342], [10.918837527303427, -1.5237800890941002], [10.919781727303427, -1.5242733890941003], [10.923005182644934, -1.5261539077063637], [10.926039352600462, -1.5283266541873695], [10.926854752600462, -1.5289701541873695], [10.92975799306249, -1.5314972529348665], [10.93240490203141, -1.5342916949489718], [10.93293050203141, -1.5349029949489719], [10.935850878131964, -1.53874626344141], [10.938287055586672, -1.5429133185985726], [10.941849055586673, -1.5499488185985726], [10.943532141326504, -1.5537517960306872], [10.944811271664989, -1.5577089718587196], [10.945672619670887, -1.5617775704589176], [10.946106874487207, -1.5659136117681045], [10.946407274487205, -1.5716192117681045], [10.94643232993502, -1.5752781563306444], [10.946122926099939, -1.5789240817761303], [10.94548165201584, -1.5825264796770109], [10.94419425201584, -1.5882320796770109], [10.943292520269477, -1.5915551377512016], [10.942108343108218, -1.5947883342434674], [10.939604479835847, -1.6008087070464865], [10.93824758115991, -1.605093256649464], [10.938238877596191, -1.6051435455003176], [10.940557697863944, -1.6088984748950659], [10.948311533164517, -1.6192776334420977], [10.953725006319226, -1.6249527872945149], [10.955915213809739, -1.6271715583993973], [10.958089650456497, -1.6295599864226449], [10.959988530969138, -1.6320180012600705], [10.960473542231936, -1.6323605694629688], [10.963147012818325, -1.634624086250731], [10.9656121946125, -1.6371128272871671], [10.967850181282907, -1.6398077055567475], [10.968322281282909, -1.6404297055567476], [10.97033868426951, -1.6433462916526114], [10.972088881896772, -1.6464299848481938], [10.973559121598015, -1.6496565543391317], [10.974737850638151, -1.6530006466388292], [10.975615806891883, -1.6564359847991117], [10.975819606891882, -1.6574118847991117], [10.976362822100235, -1.6607221327651485], [10.97744391660762, -1.661610398053318], [10.980502659095452, -1.664742848858099], [10.983200735292233, -1.668190824856799], [10.984091235292233, -1.6694670248567989], [10.985987299620287, -1.6724583145000167], [10.987611343514411, -1.6756055919100492], [10.988950635613735, -1.678884184647556], [10.989994676811005, -1.6822683908534695], [10.990659876811005, -1.6848206908534695], [10.991623358367406, -1.68978486275215], [10.991949558367406, -1.6923103627521499], [10.992121130874079, -1.6938828811527051], [10.992343430874078, -1.696376781152705], [10.992455163791806, -1.7018508957295784], [10.992271463791807, -1.7056681957295783], [10.991765608547556, -1.7103142905492672], [10.99323030876646, -1.7114326623277811], [10.99635769135042, -1.7140850378675232], [10.999197083448468, -1.7170436642960925], [11.006791783448469, -1.7258162642960924], [11.008662125880992, -1.7281472640207036], [11.010353208694813, -1.7306114027034547], [11.011988008694813, -1.7331954027034546], [11.014031030890632, -1.7368313121299221], [11.015684366918048, -1.7406601836386735], [11.016295866918048, -1.7423073836386735], [11.017180083417344, -1.7451456908389706], [11.019016675084098, -1.7460760801929596], [11.022245581837042, -1.7481206632981896], [11.024316181837042, -1.7495748632981896], [11.02730162762156, -1.751889548076554], [11.030541727621559, -1.754656248076554], [11.033316098956549, -1.7572635208588467], [11.035830022191378, -1.7601227511110442], [11.038060722740699, -1.7632080359803817], [11.039015622740699, -1.7646706359803817], [11.040698586149972, -1.7674956368247996], [11.04214382188953, -1.7704493276117665], [11.0428183243155, -1.7719846725206774], [11.045498927601939, -1.7732494865459743], [11.048958875226884, -1.775332292412917], [11.051575075226884, -1.777092992412917], [11.054781222939644, -1.779492348354941], [11.05773139712357, -1.7822002561039354], [11.060396029119325, -1.7851895751601359], [11.063338229119326, -1.7888431751601357], [11.065934859147594, -1.7924631955937116], [11.068466059147594, -1.7964425955937118], [11.069171677430942, -1.7975944217224458], [11.071511177430942, -1.8015622217224456], [11.073134514700849, -1.8046086716524887], [11.074489145722692, -1.8077837395041705], [11.076847845722693, -1.8140482395041706], [11.07802500132659, -1.817695787788291], [11.078847646834411, -1.8214392565232], [11.07944554683441, -1.8249563565231999], [11.079627210831402, -1.8264718640924145], [11.079841932021647, -1.82798304237793], [11.080991208410895, -1.8404322367219483], [11.08313240971258, -1.8424391723859357], [11.08462360971258, -1.8439725723859357], [11.087682750033222, -1.847510497857636], [11.090308004901807, -1.8513813237410446], [11.091336904901807, -1.8531077237410445], [11.09251827210526, -1.8552344606217541], [11.096561572105259, -1.8630652606217541], [11.098121914123144, -1.8664692685430477], [11.09935710306964, -1.8700042714295337], [11.10010000306964, -1.8724998714295338], [11.101126039607504, -1.8768045843144705], [11.1016702847677, -1.881196292547536], [11.101726077226212, -1.8856212435303543], [11.101618777226212, -1.8881304435303543], [11.101594702649054, -1.8883603868335925], [11.102136452679428, -1.8904204735639933], [11.102753031897345, -1.894219489317125], [11.102920731897346, -1.895700289317125], [11.103109593186, -1.898449431412266], [11.104194593138251, -1.8989620534158735], [11.107676052933488, -1.9010635650365897], [11.108469952933488, -1.9015996650365898], [11.110883627770715, -1.9033644013350577], [11.113158737291304, -1.9053045036757383], [11.113695237291303, -1.9057978036757384], [11.116608126933624, -1.908770257527632], [11.11919640152831, -1.9120292823192653], [11.121432042342912, -1.9155395982762784], [11.12286829928768, -1.9184167449471523], [11.124317477737208, -1.91869533893736], [11.125175777737207, -1.9189097389373602], [11.12923184913554, -1.9201548699831568], [11.133133214721967, -1.9218226268810938], [11.13683597909476, -1.9238942452120473], [11.140298481372355, -1.9263464165941568], [11.143481763932066, -1.9291515509322261], [11.144597563932066, -1.930245250932226], [11.146327808300144, -1.9320506802255641], [11.148634508300145, -1.934613380225564], [11.151900344439024, -1.9387626175098152], [11.153530793733262, -1.9411419099382792], [11.15588707413332, -1.9424335149062202], [11.158966403199276, -1.9445148776009906], [11.161839249325078, -1.946873074645576], [11.162719049325078, -1.947666474645576], [11.165057063804442, -1.9499550552880824], [11.167200226499538, -1.9524270517940105], [11.168825057040204, -1.9546441064521782], [11.173136683371293, -1.9574741693857378], [11.176359396462226, -1.959827598200897], [11.179331577284282, -1.9624904252729203], [11.180501077284282, -1.9636484252729203], [11.183478567447509, -1.9669435939702602], [11.18397206744751, -1.9675547939702602], [11.186726415412515, -1.971413237005946], [11.18900493207057, -1.9755704448683133], [11.189476932070571, -1.9765676448683134], [11.190352580583632, -1.9785554966630197], [11.191210980583632, -1.9806570966630197], [11.192170522613065, -1.9835308849609816], [11.19257826948148, -1.9840513436977225], [11.19305036948148, -1.9847268436977228], [11.194790424591861, -1.9874437218579322], [11.195501243889186, -1.9886588445198647], [11.196493187065547, -1.9903149474675812], [11.19740965621002, -1.9916255847100317], [11.198586199821298, -1.9908585556074594], [11.203671399821298, -1.9879015556074595], [11.206224964219722, -1.9865378575168062], [11.216645264219721, -1.981448757516806], [11.220821396188803, -1.9796946195590028], [11.225169071497572, -1.978423872688962], [11.227730671497572, -1.9778302726889623], [11.23082641471743, -1.9772403309642297], [11.233958993121485, -1.9768959331356337], [11.239151793121485, -1.9765313331356336], [11.244765413894353, -1.9765320652031684], [11.248112713894352, -1.9767679652031682], [11.251903519661969, -1.9772177291394621], [11.253785019661969, -1.9775326291394624], [11.257686928605803, -1.978387906983647], [11.261484076559476, -1.9796280928627226], [11.265138595530928, -1.9812408187179271], [11.268614039930709, -1.9832100012439422], [11.26967223993071, -1.9838815012439424], [11.272583846782917, -1.9859158883665904], [11.275303502736037, -1.9882005452168117], [11.277809762987697, -1.9907174570105695], [11.279740587254336, -1.9930358032688964], [11.282025057396924, -1.9915239392158681], [11.285179351761448, -1.989821231188299], [11.286110951761447, -1.989371031188299], [11.290622138824567, -1.9875210261685379], [11.2953248982113, -1.9862336328944739], [11.2965820982113, -1.985970632894474], [11.299909958810112, -1.9854927102421287], [11.303385348345737, -1.9847290164748548], [11.307154064754572, -1.9842694097351596], [11.308845664754573, -1.9841442097351594], [11.313709646767382, -1.9840808012455966], [11.31572664676738, -1.9841773012455968], [11.319077277642995, -1.9844792421072648], [11.322390685533032, -1.9850616712469855], [11.324064085533033, -1.9854289712469857], [11.327076270112311, -1.9862141303934813], [11.330018278208309, -1.9872311452350915], [11.331606478208307, -1.987850345235091], [11.332758678322184, -1.9883660408950783], [11.333928245474965, -1.9888410354122303], [11.334549143842397, -1.9891674080248058], [11.335189392103402, -1.989453966970199], [11.336285497044935, -1.9900801147748817], [11.33740287480795, -1.9906674596913405], [11.337988793269862, -1.9910531194129872], [11.338597870872135, -1.9914010538023819], [11.339627324551543, -1.9921316236061128], [11.340681751966118, -1.9928256624692586], [11.341227047807434, -1.9932668951860384], [11.341799089000702, -1.9936728542210602], [11.34275197721629, -1.9945008102372563], [11.343733299570019, -1.9952948590734398], [11.344232721293695, -1.9957874154730852], [11.34476221700856, -1.9962474895463096], [11.345629362925916, -1.9971648581059338], [11.34652812954808, -1.9980512697907855], [11.347858429548081, -1.9994987697907858], [11.350125202867044, -2.002194395538894], [11.352146067745357, -2.005078969094383], [11.353905356595135, -2.008130126611863], [11.35465072990264, -2.0097343510687047], [11.35558884907789, -2.0100700133743814], [11.359194530806544, -2.011782699378008], [11.362611554880505, -2.013846235312597], [11.365805891511377, -2.01624007063777], [11.368745728631911, -2.0189403653957716], [11.371401788709099, -2.021920227631135], [11.373747620316069, -2.0251499812048785], [11.37439142031607, -2.0261363812048785], [11.376275812454285, -2.02933940157434], [11.377854815323913, -2.032703479925904], [11.379114799886802, -2.0361995794838457], [11.380044890686035, -2.039797523941857], [11.38063705971658, -2.0434662579274465], [11.380886195718373, -2.0471741150539233], [11.380929095718374, -2.0492542150539235], [11.3808206533083, -2.053135478170585], [11.380336413747308, -2.0569879416921033], [11.379480939771506, -2.060775305869705], [11.378262292064719, -2.0644618843516853], [11.376744344637595, -2.0678944662845673], [11.379543296133917, -2.069802894801841], [11.382702263536537, -2.0721942904014545], [11.38560915427317, -2.0748864705978605], [11.388235448388302, -2.0778530219939237], [11.389608748388302, -2.079568421993924], [11.392324146199183, -2.0834016037878174], [11.394571434870967, -2.0875266930671006], [11.395601334870967, -2.0897138930671004], [11.397255697258649, -2.093796677151944], [11.398451069215616, -2.0980366213352712], [11.399030469215615, -2.1006312213352714], [11.399802402728561, -2.1054589341145644], [11.399979601369054, -2.1103447598042058], [11.399961854929513, -2.111057347607328], [11.400706661442072, -2.112930248618845], [11.400906330384657, -2.1136756759261743], [11.401361611990904, -2.114036910915864], [11.404110178336383, -2.1166814675938497], [11.404689184703306, -2.1172943477299557], [11.404832567949615, -2.1173414329711973], [11.406785167949614, -2.118091832971197], [11.410380645074925, -2.119680518012607], [11.413802828789741, -2.1216144349036568], [11.417018670689657, -2.1238749075962966], [11.41999711503587, -2.126440106457195], [11.422110909255375, -2.1286574509499925], [11.423719111149708, -2.129777251777069], [11.426786194836845, -2.1324099636041], [11.429571919904967, -2.1353387704862477], [11.432047840316189, -2.1385337653258967], [11.434188673559095, -2.141962322884718], [11.434715528564505, -2.1430335583099565], [11.436141784346255, -2.144645327377277], [11.438427084346255, -2.147582927377277], [11.440217116390663, -2.1500756145179882], [11.44181078038315, -2.1526981970201264], [11.44378488038315, -2.1562467970201262], [11.445492496995797, -2.1596975221492807], [11.446860445204342, -2.1632964353340496], [11.447876051431672, -2.1670101938619797], [11.448562651431672, -2.17009799386198], [11.449286811382475, -2.174501699250173], [11.449320325222189, -2.174813217576316], [11.449607157959964, -2.175239781235989], [11.451411505115278, -2.178563075478578], [11.452893962064042, -2.182041907850909], [11.453526962064043, -2.1837466078509093], [11.45484678320882, -2.1880189428546335], [11.455681505097271, -2.1924118932990604], [11.456020696432077, -2.1968705616514543], [11.456063596432077, -2.199014761651454], [11.456043977359114, -2.1995707762052086], [11.456644897949484, -2.20033376786817], [11.45864207394592, -2.2034133913462517], [11.459128604592909, -2.2043399211662402], [11.460665485659684, -2.204654018087429], [11.464078515959919, -2.205675069358032], [11.46524791595992, -2.206082469358032], [11.468457434347616, -2.207358520091633], [11.4715449073981, -2.208906688014769], [11.474487315464662, -2.210715430264376], [11.477262720479164, -2.212771261181831], [11.478282020479163, -2.213596761181831], [11.481557593283169, -2.2165637275196515], [11.48448585805646, -2.2198739438058768], [11.487031067519185, -2.2234870000239497], [11.488243367519186, -2.22542740002395], [11.489942156707079, -2.228426787878889], [11.491376401386495, -2.2315612981131725], [11.492257406005786, -2.2340288845062077], [11.493564696713475, -2.237269017036874], [11.494762901672976, -2.241566779967332], [11.494945301672976, -2.242397679967332], [11.495480247266281, -2.2456613469315236], [11.499228238060226, -2.2474476858859713], [11.503103478443236, -2.249872455837222], [11.505388778443235, -2.2514911558372224], [11.508431249826021, -2.2538750091244997], [11.511229437463289, -2.2565413801708787], [11.513757214347216, -2.2594653727555833], [11.51599097832706, -2.2626196852151663], [11.517909872485221, -2.2659748653623573], [11.518586072485222, -2.267302165362357], [11.520286249983537, -2.271120479474706], [11.521578702579854, -2.275095362173932], [11.522449318205458, -2.279183412396078], [11.522888590757326, -2.28333999342037], [11.522891723893636, -2.2875197202499358], [11.52245868340421, -2.291676955162814], [11.522424991961671, -2.291836328661248], [11.524036215169463, -2.293760249026977], [11.526658881542376, -2.2977905976694717], [11.527130981542378, -2.298621397669472], [11.528841799692112, -2.30199391242561], [11.53022648824393, -2.3055129168496324], [11.531272670890914, -2.3091469581800217], [11.531288608610415, -2.309231781150463], [11.533325084779706, -2.3109253224482282], [11.536027289521595, -2.3137448420843474], [11.536775330336019, -2.314014996069315], [11.540691365159727, -2.315669455039976], [11.544409696701091, -2.3177301767035177], [11.547888325096439, -2.3201738844833426], [11.54909002509644, -2.3211172844833428], [11.551805767103406, -2.3234532101191383], [11.554301638029923, -2.3260227298296146], [11.556557621298117, -2.328805236382706], [11.557587621298117, -2.330198836382706], [11.558573645133682, -2.331643333079323], [11.560529440601549, -2.332352580972574], [11.560924004705784, -2.3325401329079303], [11.563723459097472, -2.330301238596628], [11.566734581482368, -2.328309832261162], [11.56991298503523, -2.3265980179999475], [11.571070585035232, -2.3260404179999474], [11.574871009882338, -2.3244454929538443], [11.578815380465588, -2.3232501036351842], [11.582861819858767, -2.322466941354088], [11.5869673674829, -2.322104320853901], [11.591088435213772, -2.3221660920345295], [11.595181270151985, -2.3226515990784926], [11.599202419142433, -2.3235556874136667], [11.600812919142433, -2.3240060874136668], [11.604890596614698, -2.3253870405382475], [11.608796240510694, -2.32719823651267], [11.6124846076438, -2.3294186943464346], [11.615912971772971, -2.332022692137893], [11.619041618545788, -2.334980065038129], [11.620458818545789, -2.3364720650381288], [11.622713163886914, -2.339059111237145], [11.624737484986602, -2.3418298521197], [11.626516884257377, -2.344763896970766], [11.627651984257376, -2.346830596970766], [11.629264535955741, -2.350114063818867], [11.630176584710368, -2.3525006577118748], [11.630407689002798, -2.352645453860972], [11.633492299094033, -2.354786026595857], [11.636362618251175, -2.357206385863494], [11.637522196516674, -2.3583871577186963], [11.63964872349579, -2.3594416418979947], [11.642934898796094, -2.3614889813618425], [11.645900247108743, -2.3637620405252884], [11.64910016023268, -2.3649539172583425], [11.652298929362368, -2.366480153650418], [11.655350041502137, -2.3682835493862764], [11.658229542520328, -2.370349946094508], [11.659689742520328, -2.371499146094508], [11.66266208135252, -2.3740853498788566], [11.665365572260761, -2.3769514247307395], [11.667773985894904, -2.3800695639056983], [11.669863955753398, -2.383409515123625], [11.67161520488578, -2.3869388740772965], [11.673010742620272, -2.3906233988199395], [11.673460012060053, -2.392288620894327], [11.675199558994608, -2.394836747659427], [11.677066328914632, -2.3982378832975764], [11.678594815940908, -2.401803872777917], [11.679770640302916, -2.4055011678206615], [11.680146140302917, -2.4069161678206616], [11.681036242232706, -2.4112056516282254], [11.681451919782672, -2.415566748388814], [11.681448890533487, -2.415774950507964], [11.682758281508702, -2.4176426326061233], [11.684551765690575, -2.420764859911212], [11.685669643592428, -2.4231936498063336], [11.688192894442388, -2.4243379937776415], [11.6915505521157, -2.4262724787012435], [11.694705267687851, -2.4285227823762257], [11.697627433961996, -2.431067785566215], [11.698174533961996, -2.4315929855662146], [11.700645818641062, -2.434187840297283], [11.702874962280193, -2.4369934485515587], [11.70484407527855, -2.4399872944126617], [11.706537354865537, -2.4431453512963524], [11.70708935065048, -2.4444416997042984], [11.707566275199632, -2.444666859620633], [11.711302195067221, -2.446679542268954], [11.714803867073321, -2.4490766826197885], [11.718031879924233, -2.4518313008754187], [11.720949902358116, -2.4549123938268314], [11.723525092053091, -2.4582852837946185], [11.723733336674043, -2.4585903194760204], [11.72406545104127, -2.4587340720761373], [11.727722927774451, -2.4607968390357953], [11.72843713021176, -2.4613051449688728], [11.728908347024973, -2.4605454687588875], [11.729657091304846, -2.4567951897107734], [11.730908040668973, -2.4527823599451493], [11.732573178458008, -2.4489229567292337], [11.734092460285899, -2.446222403468717], [11.734570780570161, -2.4438341203553335], [11.735570136118618, -2.440438079562683], [11.736865835666453, -2.437143695362363], [11.738447730805214, -2.43397677061625], [11.738662330805214, -2.43359087061625], [11.740815073653929, -2.4301444352165604], [11.743306372987384, -2.426934194358299], [11.74611051825587, -2.4239932781659967], [11.749198570296862, -2.4213520372968125], [11.752538659991126, -2.419037729717602], [11.756096317156393, -2.4170742393989726], [11.759834826284347, -2.4154818298294423], [11.76017122563639, -2.4153773853716487], [11.762839082515587, -2.4135932361326775], [11.766465026543843, -2.4116738997157587], [11.77026849656173, -2.410136064158751], [11.774209481675483, -2.408995906840418], [11.778246524390765, -2.4082654217328763], [11.78233715672796, -2.407952293230087], [11.78643834696732, -2.4080598153112844], [11.78740394696732, -2.4081348153112843], [11.791622185503789, -2.4086893992069665], [11.79424991232531, -2.4093244790959427], [11.795488825562389, -2.407865595117254], [11.798366357860788, -2.405093062296285], [11.798870657860787, -2.404653562296285], [11.80210034026681, -2.402118396580606], [11.805572889996045, -2.3999276633636883], [11.80925171958382, -2.3981044446401576], [11.813098068160432, -2.3966679501998924], [11.817071409843274, -2.3956333152299125], [11.817747309843275, -2.395493915229913], [11.821774392482405, -2.3948752248947374], [11.82584352136098, -2.3946694034119425], [11.829912478828653, -2.394878586201579], [11.833541499731385, -2.3954391903260954], [11.834365472084432, -2.3951956073791205], [11.834589072084432, -2.395140307379121], [11.838183311856971, -2.394424340023192], [11.841827994802742, -2.3940403412965225], [11.845492525701829, -2.393991534668935], [11.845726225701828, -2.393999134668935], [11.84803959463925, -2.3941935360977755], [11.848046168833198, -2.394193777244659], [11.848052198616761, -2.3941945952592425], [11.849816252225713, -2.394342835575166], [11.851533900320215, -2.394666931080089], [11.851935951662348, -2.394721474308339], [11.85237424216997, -2.3948254915075577], [11.852695747041558, -2.3948861548553215], [11.8551441319229, -2.3943435722258024], [11.855692864430683, -2.394248657927539], [11.855721722497615, -2.3942345926709256], [11.855903406858745, -2.393838838097689], [11.855981278134914, -2.3936135542295145], [11.855812832670592, -2.392738796563739], [11.855453376667924, -2.3886827475748915], [11.85550814825821, -2.3846111702281276], [11.855976579845441, -2.380566258131942], [11.856072915583393, -2.3799920215763124], [11.85623677288202, -2.377085175167296], [11.856495608092063, -2.37542048235706], [11.85649838865381, -2.375313749779622], [11.856953313372308, -2.371560132302614], [11.857760627732766, -2.367866239479777], [11.858913118078295, -2.3642650776302263], [11.860400486474997, -2.360788824487014], [11.86220944272787, -2.3574685416770116], [11.864323823133684, -2.3543338971736083], [11.866724734909743, -2.3514129002022335], [11.869390725007992, -2.348731650967411], [11.872297971806054, -2.346314107437633], [11.875420497962361, -2.34418187127192], [11.87806549013409, -2.3427211889915376], [11.88086725997035, -2.340036278914299], [11.88406398419524, -2.3375415067055587], [11.88749686405809, -2.335383204133918], [11.88820496405809, -2.3349866041339182], [11.892135708206721, -2.3330595981553883], [11.893612035805745, -2.3325268584211263], [11.893539073286233, -2.33055859149709], [11.893736848269965, -2.3269143993135804], [11.893790548269966, -2.32637839931358], [11.894319712093008, -2.3227670590842187], [11.895175855884373, -2.3192189877190508], [11.896351851287797, -2.3157637268873703], [11.897002708803354, -2.314303652530672], [11.896589202452795, -2.3135352455182474], [11.896179295143579, -2.3128862226543014], [11.894931642427835, -2.310427342006682], [11.892367900999494, -2.307733183137351], [11.889943174343305, -2.3046214152065634], [11.887836758328113, -2.3012859376420676], [11.886069141007992, -2.297759192964335], [11.884657515111714, -2.2940754840532964], [11.884260615111714, -2.292864084053296], [11.883136488353847, -2.288679245408403], [11.882471634616262, -2.2843973644012796], [11.88235564274719, -2.2818587105176156], [11.882233713644702, -2.281356206621823], [11.881691788778342, -2.277587729514734], [11.881575763664065, -2.275152505128461], [11.88142363484937, -2.2744202037053154], [11.881109698137973, -2.271465446810382], [11.879414297506699, -2.269460423580531], [11.877175390078806, -2.2662102858349176], [11.875267669612787, -2.262755332223121], [11.875031569612787, -2.2622729322231208], [11.873407965808278, -2.2584692229432983], [11.872185792656934, -2.254518199482528], [11.871493539985284, -2.2510417533952585], [11.871356385760942, -2.250496333519023], [11.871140937137572, -2.249016710734657], [11.87070113161067, -2.2466678520313104], [11.87035962610443, -2.242837175949348], [11.870381629012936, -2.2398101350539426], [11.869901750401421, -2.236455471785934], [11.869738815178405, -2.2323725379126422], [11.869749515178404, -2.2314184379126423], [11.87000508551291, -2.227330455841632], [11.870677372513663, -2.2232900420265134], [11.871759326867585, -2.219339562513237], [11.873239603665468, -2.215520440335245], [11.87327973919524, -2.215441858995547], [11.873304698184764, -2.2153722452576594], [11.873819042442259, -2.2142939045087466], [11.87391856877501, -2.214020967308951], [11.874568535303393, -2.2121912396941186], [11.874879735303391, -2.2114408396941183], [11.875653172819359, -2.209804062601272], [11.875810293604342, -2.208283726755773], [11.875973230464295, -2.204965045204949], [11.876516624417976, -2.2012137456119927], [11.877412657395242, -2.1975307236831054], [11.878653283285617, -2.19394905186325], [11.880227361636432, -2.19050089250346], [11.8803434821952, -2.1902995066622526], [11.880718939266156, -2.1881928133287145], [11.88182918993416, -2.1842976536918632], [11.883327657107015, -2.1805347397579244], [11.8851989768836, -2.176942652977776], [11.885972169067504, -2.1757665489237286], [11.887089708243568, -2.173335944212356], [11.887422308243568, -2.172692644212356], [11.888769276973475, -2.170399457793841], [11.889508132244423, -2.169015491018411], [11.889958732244423, -2.168264991018411], [11.890459035836063, -2.167453765953331], [11.890995435836063, -2.1666067659533312], [11.893158398874979, -2.1635475850662234], [11.893311308471253, -2.1633139970684008], [11.893536608471253, -2.1630030970684007], [11.895939570962161, -2.1600020200881196], [11.897691139160846, -2.1582004224631235], [11.897723350080105, -2.158163036902386], [11.897787406044722, -2.1581014059421073], [11.89861954698, -2.1572454968580175], [11.898757671554149, -2.157128368534443], [11.898801024935123, -2.1569912389433608], [11.899285212655402, -2.1553237368240103], [11.89997395780723, -2.152458185706214], [11.901261005088623, -2.1487497650255967], [11.90290534367582, -2.1451853540981616], [11.904891137689345, -2.1417992801496455], [11.9071992628473, -2.138624152923189], [11.909807490642665, -2.1356905506296835], [11.912690702415967, -2.1330267254628863], [11.915821131261705, -2.130658331515348], [11.91916862943883, -2.1286081777154795], [11.922700958709967, -2.126896008165102], [11.926384100813268, -2.125538311992952], [11.930182585076865, -2.12454816455536], [11.93405983002084, -2.12393510151342], [11.937978495656862, -2.123705026999359], [11.9419008430927, -2.12386015675652], [11.945789097978368, -2.1243989968005383], [11.949605814293786, -2.125316357807231], [11.953314234974403, -2.1266034050886224], [11.956878645901838, -2.128247743675821], [11.960264719850354, -2.1302335376893455], [11.963439847076812, -2.1325416628473004], [11.966373449370316, -2.1351498906426647], [11.969037274537113, -2.1380331024159664], [11.971405668484651, -2.1411635312617054], [11.97345582228452, -2.1445110294388305], [11.975167991834898, -2.1480433587099674], [11.976525688007047, -2.1517265008132673], [11.97751583544464, -2.155524985076865], [11.978128898486581, -2.1594022300208398], [11.97825759848658, -2.1605922300208396], [11.978482630812453, -2.1641519255447355], [11.978446903161323, -2.165522229940466], [11.978489409548539, -2.166447065320362], [11.978296643747465, -2.170285175584727], [11.977736451813236, -2.1740870743277654], [11.976814004404602, -2.177817669432275], [11.976757345064211, -2.1779786033589716], [11.976497084917312, -2.180037617744307], [11.975668953925137, -2.1837331421271506], [11.974495036950664, -2.1873337837840556], [11.974108736950663, -2.188352283784056], [11.972595779852348, -2.1918334412035723], [11.970759669099849, -2.195155517883204], [11.969791275652309, -2.19657149405904], [11.969306162016348, -2.197531266330401], [11.967293252389632, -2.2007248138226982], [11.96723178477193, -2.200812833604141], [11.966359984849387, -2.2024946107667303], [11.964271628330158, -2.2057215773400722], [11.962842124478936, -2.2075240536928313], [11.962861641330068, -2.2091707334275577], [11.962829441330069, -2.2100284334275577], [11.962480779507628, -2.21400535837088], [11.961737433743089, -2.2179277217076434], [11.960606808455793, -2.2217564530289784], [11.959100165731494, -2.225453414588497], [11.959011506860422, -2.2256209088008974], [11.959539438365782, -2.2267932380106195], [11.959925638365782, -2.2277688380106198], [11.961239265502332, -2.2316600984722483], [11.962146959164345, -2.235665546817946], [11.962639150261296, -2.239742956799564], [11.962710650014898, -2.2438493435348033], [11.962522624722427, -2.2460480103736913], [11.962518336582514, -2.248566349739394], [11.962198286601792, -2.2516724412127167], [11.962202487610732, -2.251733351240548], [11.962053510146177, -2.2559095675915097], [11.961469644407254, -2.2600474508781545], [11.96145970483619, -2.260087256896621], [11.961561030494169, -2.2612003421504245], [11.961554946417333, -2.2621126945648204], [11.961672476632733, -2.2634164752661494], [11.961789266404825, -2.2643477905221934], [11.962477017827451, -2.2650969130726453], [11.964880079830682, -2.268308390455778], [11.966949432610004, -2.271744387115912], [11.968664268443014, -2.2753703534753216], [11.970007344340337, -2.279149829776051], [11.970076207729667, -2.279429865921506], [11.970961814224264, -2.28111774431897], [11.971648414224264, -2.2826828443189697], [11.972651466460722, -2.285294816858697], [11.974953503182434, -2.2899833887171868], [11.975307603182433, -2.290851688717187], [11.976426878835618, -2.2940283251932545], [11.97740860574602, -2.2962143846150287], [11.977449562464436, -2.296337073492773], [11.97779047141017, -2.296989336677356], [11.977831980283087, -2.2970925069806634], [11.980289971868931, -2.297175650868882], [11.98461817532106, -2.2977996837569585], [11.987910113442194, -2.2986492713381783], [11.991409075273143, -2.297942656200978], [11.993665625698322, -2.297707673699994], [11.993703370280102, -2.297596229965369], [11.995274545977718, -2.2941005891552213], [11.997173051937578, -2.290771359084059], [11.999381459758984, -2.2876391022873226], [12.001842472864439, -2.2847756505824712], [12.002005582156233, -2.2845491334348322], [12.004674155756826, -2.2815355096998045], [12.007627360658638, -2.2788097290907006], [12.00839851356971, -2.2780836733420218], [12.011680829691663, -2.2755780371146024], [12.012260229691663, -2.2751813371146024], [12.015670281727003, -2.2730890432904878], [12.01927228467784, -2.2713478589026876], [12.023030204673226, -2.269975202485941], [12.026906448072625, -2.26898480587913], [12.027021646276712, -2.2689673846008334], [12.028303703452158, -2.268444108887114], [12.028496259697588, -2.267649298599484], [12.029759085969646, -2.2640102914551923], [12.030768422442419, -2.261811553957538], [12.030898926749288, -2.261063251868941], [12.031873607337857, -2.25752976646382], [12.031853051803866, -2.256912606985089], [12.032120964014975, -2.2529148518302113], [12.032787476964153, -2.2489639552585716], [12.032948376964153, -2.2482349552585714], [12.034000295270012, -2.244390384233215], [12.034239627657554, -2.243767356347155], [12.033761241687374, -2.2428917676688696], [12.03222099949233, -2.2392635699628265], [12.031045323114975, -2.2355013964329027], [12.03024562849389, -2.231641778171139], [12.030192028493891, -2.231298778171139], [12.02996656743765, -2.2291434422346112], [12.029776541673192, -2.228323970913567], [12.029271169670212, -2.224499519194216], [12.02921756967021, -2.2238563191942156], [12.029093607300922, -2.220391296854606], [12.028789269451558, -2.2182602582776347], [12.028633236641243, -2.2140851554107694], [12.028913551182313, -2.2099165520541444], [12.028977851182313, -2.2093805520541445], [12.029197881334568, -2.2080752650384716], [12.029171800382207, -2.2069219789242425], [12.029510192512399, -2.202775811500379], [12.030277367896804, -2.1986872108265483], [12.031465028951763, -2.19470039822009], [12.03306033022217, -2.1908584940831908], [12.03328563022217, -2.190386794083191], [12.035176337126227, -2.186887189992905], [12.0374052735534, -2.1835926727612893], [12.039950398106665, -2.1805358210484718], [12.042786542683393, -2.177746863299475], [12.045735779495056, -2.175373970556678], [12.045779086264787, -2.175334091862769], [12.04882122253638, -2.1730275243062183], [12.052069396838055, -2.1710214807638657], [12.052766796838055, -2.170635480763866], [12.056110157206433, -2.168983665029544], [12.057200951311392, -2.1685660725313647], [12.058985464264488, -2.167539111132665], [12.062563245863629, -2.165924071356741], [12.066282101046818, -2.164667492359845], [12.070106215205707, -2.1637814756846327], [12.073998760030472, -2.163274554156033], [12.077922248186571, -2.1631516097054773], [12.081838894338263, -2.163413826355233], [12.08571097904205, -2.1640586788156204], [12.089501212005539, -2.1650799568049344], [12.093173091213337, -2.1664678248578495], [12.096691254461422, -2.1682089170463312], [12.100021819914492, -2.1702864657008267], [12.103132712406559, -2.172680462892089], [12.105993972342338, -2.175367853118474], [12.108578044224526, -2.1783227553430256], [12.110860042028296, -2.1815167122420074], [12.112817988867336, -2.1849189642644866], [12.113225318018081, -2.1858213164926186], [12.115364445665284, -2.184294083022185], [12.118767374342825, -2.1823373124519527], [12.122345714044247, -2.1807235096045745], [12.1260650034021, -2.179468216283664], [12.129889423626702, -2.1785835216501153], [12.133782143460646, -2.178077945796873], [12.137705673883957, -2.177956357695779], [12.141622229153837, -2.178219928306715], [12.14549409070203, -2.1788661193006136], [12.149283970385252, -2.179888707504961], [12.152955369590394, -2.181277844836345], [12.156472930736122, -2.1830201531428846], [12.159802777785707, -2.185098853043146], [12.16291284249178, -2.187493925520756], [12.16577317323109, -2.1901823047184754], [12.168356223455, -2.193138100075013], [12.170637116977815, -2.196332845665283], [12.172593887548047, -2.199735774342826], [12.174207690395425, -2.2033141140442467], [12.174679790395425, -2.2045149140442466], [12.175975946509105, -2.208379290193245], [12.176872109044343, -2.212355509050704], [12.177358972796204, -2.2164022839862665], [12.17743148246857, -2.220477595758314], [12.177088885165249, -2.2245391288161303], [12.176936135346532, -2.2253504453601543], [12.17666941208162, -2.229451527912982], [12.175889350999281, -2.233831870932402], [12.17543875099928, -2.235740170932402], [12.175133109986305, -2.236821228328812], [12.175180302453812, -2.239415532711248], [12.174855152906002, -2.2433917987751997], [12.174135527442004, -2.2473158978095436], [12.173028584722346, -2.251148793823678], [12.17154533634618, -2.254852358092645], [12.17088013634618, -2.256299658092645], [12.16893833719434, -2.26000147326677], [12.168343705638625, -2.2608941039967463], [12.167841924595054, -2.262401235086552], [12.166203551455006, -2.266054878220526], [12.166048586798588, -2.2663244739825954], [12.165949183857782, -2.266621298237721], [12.164618735564412, -2.269585540790567], [12.164102773712925, -2.2710434174910556], [12.162174914595655, -2.275025958948999], [12.159818993238616, -2.2787712108497047], [12.158853493238617, -2.2801327108497045], [12.156351302183179, -2.2833080070649348], [12.1535413810031, -2.2862145185639866], [12.150452432105658, -2.2888225563017044], [12.147116008073157, -2.2911054800428143], [12.143566189363835, -2.2930399704830373], [12.139839236191348, -2.2946062674480032], [12.139098836191348, -2.2948742674480034], [12.135334352711084, -2.296030716593973], [12.131474396128759, -2.29681138661579], [12.12755638078761, -2.2972087105226016], [12.125201348411206, -2.297214766331066], [12.123915178364006, -2.29871098269699], [12.120956253685856, -2.301516360455711], [12.117727105764036, -2.3040059353831026], [12.116593596870128, -2.304708415369749], [12.116135671992506, -2.305222922327085], [12.11331510923811, -2.3078366074774403], [12.112530358960088, -2.3084346353855656], [12.112472356266997, -2.3084890411832197], [12.109216604250902, -2.310969435913138], [12.107454933110194, -2.312046313056773], [12.104777950218404, -2.314168564137642], [12.101640814264401, -2.3162005864778057], [12.100416547603098, -2.318826097201774], [12.098523037238156, -2.3220578223168262], [12.098104537238155, -2.322701022316826], [12.095413127737936, -2.3263639510011838], [12.094651427737936, -2.3272858510011836], [12.091994228237999, -2.3301970248466963], [12.08906341570194, -2.332832547606937], [12.08588744766434, -2.33516682894504], [12.082497162064902, -2.3371772035110085], [12.078925477818938, -2.338844151017201], [12.076287097823469, -2.33977176596688], [12.075984738016036, -2.3399148852128833], [12.072187241797359, -2.3412637671802234], [12.068273292935332, -2.3422236965516463], [12.064282619136392, -2.3427849297679972], [12.063663940096628, -2.342809026230328], [12.063097493987659, -2.343825515685908], [12.06086904290382, -2.347039771454757], [12.060218778705176, -2.3478054993360318], [12.05846887543529, -2.350572924774924], [12.05811487543529, -2.351076824774924], [12.058100033630732, -2.351095905414357], [12.058092538961859, -2.3511114630602226], [12.055920185298234, -2.3546351529837195], [12.055490985298235, -2.3552568529837195], [12.052819108477694, -2.358707970144588], [12.049787135034572, -2.3618474402340137], [12.04643116276428, -2.364637885632731], [12.042791146898182, -2.367046084108095], [12.041546646898182, -2.3677750841080947], [12.040266044723985, -2.368441324185574], [12.038675559866975, -2.369438055000704], [12.035055331515316, -2.371226376223107], [12.031273254641082, -2.3726406041502894], [12.029755490093422, -2.3730392348923095], [12.027322004325471, -2.374708904189167], [12.023852707827489, -2.376614800093381], [12.020212024769545, -2.3781684680953052], [12.019718524769546, -2.378350768095305], [12.016042567672805, -2.379510682284959], [12.012272032814387, -2.3803113872155595], [12.00844193446856, -2.3807454473101664], [12.004587840033318, -2.3808088317615397], [12.003186643884632, -2.3806965552722894], [12.001285179327235, -2.3810467857807813], [12.000483259443563, -2.3813424850798337], [11.998305259443564, -2.3820322850798337], [11.994619268137939, -2.38300902992882], [11.990857018233552, -2.3836303495423117], [11.988595553120115, -2.3837850531258633], [11.986774674547346, -2.3854340129062988], [11.98365503544829, -2.3877504852818423], [11.982037256959869, -2.388723605204946], [11.980421180743079, -2.39066193344822], [11.979647391168614, -2.391403371584641], [11.979407159460893, -2.391780989920158], [11.977152977528386, -2.3946932938406036], [11.976406377528386, -2.395571193840604], [11.973666746922706, -2.3984840918528803], [11.973214046922706, -2.39891959185288], [11.97021608972595, -2.401529593846411], [11.966973892504452, -2.403829162270426], [11.963519471667542, -2.4057955890911695], [11.961052569996621, -2.4068915878689703], [11.960732527885309, -2.4071293285391087], [11.957324956095649, -2.409169923337437], [11.953731809776182, -2.4108625166611746], [11.953289509776182, -2.4110446166611745], [11.949407014227516, -2.4124139701186977], [11.945404331755531, -2.4133770036619966], [11.941323863027266, -2.4139235158162107], [11.938494192013662, -2.41400892210358], [11.938236323830218, -2.414874732316818], [11.936870341405802, -2.418728896621894], [11.935118012805722, -2.4224234649257252], [11.932997650401019, -2.4259198278569802], [11.93053141262881, -2.429181447351229], [11.92983369916895, -2.4299308571531215], [11.929499574805305, -2.4308255958890888], [11.927725390350094, -2.4344265055069405], [11.925599220754721, -2.43783145534633], [11.925175586636918, -2.4383788919786786], [11.924454878295318, -2.439863109639998], [11.922619673851933, -2.4428847727685032], [11.922401349299061, -2.44331435244257], [11.920491183412533, -2.446360286571025], [11.919579283412533, -2.447678786571025], [11.91689854366773, -2.4511344781990854], [11.913856549973842, -2.454276841095692], [11.910489669689088, -2.457068307978132], [11.909245069689089, -2.4579902079781317], [11.90642924088033, -2.459841523629914], [11.906262587291895, -2.460000231544611], [11.903061821777303, -2.4624826860790385], [11.899626403433055, -2.4646287012688535], [11.895991561358612, -2.466416270425209], [11.892194569679017, -2.4678270626069265], [11.888274365310862, -2.468846610598341], [11.887652065310862, -2.468975210598341], [11.886548302741753, -2.4691561258973658], [11.886079473359908, -2.4694014001273645], [11.885187432005463, -2.4701713380308536], [11.881982933650345, -2.4724301871223635], [11.878572692301171, -2.4743644732611125], [11.87498947016561, -2.4759556137493752], [11.871267691278707, -2.477188322491604], [11.86744311079099, -2.478050756848035], [11.863552471468545, -2.4785346314069945], [11.860468411984241, -2.4786138442332133], [11.857456944500637, -2.4791253976948147], [11.853689951426494, -2.4794038901294773], [11.849913484969713, -2.479325813515681], [11.84861969976941, -2.4791761872127833], [11.848330348219136, -2.4795630149450183], [11.845746602135911, -2.4826756644346566], [11.842861682798148, -2.4855114308359165], [11.839705096314589, -2.488041310761868], [11.836713659259978, -2.489977586798259], [11.836707861268515, -2.4899817800716306], [11.836697847073538, -2.489987821597497], [11.836309127325858, -2.4902394293427252], [11.83612167949498, -2.4903354213134046], [11.833855455421881, -2.491702625705511], [11.830869749836358, -2.4931801543739724], [11.829711049836357, -2.4936946543739724], [11.825713124326244, -2.495219459395484], [11.821575196195296, -2.496308490855614], [11.817344614820819, -2.496949287213254], [11.813069789790262, -2.4971345159803686], [11.810243703268146, -2.497105666477781], [11.809673000634023, -2.4972027897475315], [11.808471400634023, -2.497342089747532], [11.8042427989183, -2.4976064167543397], [11.800823105148828, -2.4974574193142884], [11.79997049177641, -2.498932888893688], [11.79994930955024, -2.499205458510206], [11.799912319268497, -2.4994268811557374], [11.801114633414398, -2.5022452209785437], [11.802276860687034, -2.5059104847465585], [11.803081791066816, -2.509670407326358], [11.803521986528807, -2.5134902448461514], [11.803554186528807, -2.513972644846151], [11.803628340663485, -2.517719535179104], [11.8033515063267, -2.5214569204620054], [11.802726113550541, -2.525151994193123], [11.801757651988238, -2.528772321278513], [11.801453880792426, -2.5295914829846637], [11.801349552736914, -2.5300230972972413], [11.800056006142709, -2.5337335860606967], [11.79840463192508, -2.53729924909139], [11.796411366866659, -2.5406856755355904], [11.79630145499693, -2.5408363354216825], [11.795884937715343, -2.5414540033101645], [11.794836647891533, -2.543575272562701], [11.792898336027648, -2.546726141963233], [11.790677222692873, -2.549684466897207], [11.790323122692874, -2.550113266897207], [11.787529535224463, -2.5531606718447217], [11.784436331631763, -2.555903462283657], [11.782297701445517, -2.5574368070794558], [11.782269307677508, -2.5574623451301033], [11.78208248710561, -2.5577472270274515], [11.780035830916512, -2.5605886498379764], [11.777748504825778, -2.5632401823192397], [11.77523803902229, -2.565681502985203], [11.772523673849559, -2.567893901424366], [11.77193347384956, -2.5683334014243657], [11.768905201807888, -2.570380227705733], [11.76570273297186, -2.5721420797820236], [11.76520510395658, -2.572359283580194], [11.764930304091848, -2.5726418315093094], [11.763106404091848, -2.5744639315093094], [11.760882889364312, -2.576522985185127], [11.75850987062754, -2.5784077933606158], [11.756728870627539, -2.5797154933606157], [11.753520972915206, -2.5818412344650725], [11.75012364585916, -2.5836488715553747], [11.747760543796774, -2.5846277960012523], [11.747287538282242, -2.5848325584382956], [11.746226762388282, -2.585342194578006], [11.745487401163624, -2.5856118315167156], [11.744765175609885, -2.5859244804392643], [11.74364455362426, -2.5862838978253753], [11.742538932579157, -2.5866871057081156], [11.741776702539228, -2.5868829741983532], [11.741027309745615, -2.5871233271474354], [11.739876854796778, -2.587371173678172], [11.738737036335579, -2.58766407019162], [11.738296054043564, -2.5877322303534576], [11.737860788644037, -2.5879155272683354], [11.734364562161762, -2.5890233527635402], [11.730781563549744, -2.589806294580965], [11.727141914353872, -2.590257770686834], [11.72347621237005, -2.5903739856126844], [11.719815274414714, -2.590153962363098], [11.718806674414713, -2.590046762363098], [11.714710441238928, -2.589395132266835], [11.71070370904353, -2.588322823949643], [11.70682955958542, -2.5868413672378225], [11.703129649046502, -2.5849666912613505], [11.699643760132139, -2.582718953178417], [11.698796160132138, -2.5821079531784172], [11.695821354005892, -2.5797408327384383], [11.693084704907504, -2.577101991633255], [11.690610932869689, -2.57421526640022], [11.688422383368067, -2.57110673270327], [11.68653882547545, -2.567804469792586], [11.686170423532394, -2.5669867314115504], [11.685128356933392, -2.565614666972315], [11.682997715811556, -2.5621168577575952], [11.681235918335918, -2.558419511337867], [11.679861435082083, -2.554561390463974], [11.678888676047347, -2.5505829434361784], [11.678668776047347, -2.5494307434361785], [11.678106959470307, -2.545362312348915], [11.67806372974654, -2.544109872482614], [11.677212413410306, -2.5406412370790448], [11.676667043703535, -2.5369951860099964], [11.676479461907379, -2.533665660929856], [11.675977138674185, -2.5325305940974734], [11.674674793899799, -2.5284620064752703], [11.674438793899798, -2.5275617064752702], [11.674295584948064, -2.5268992926858327], [11.674261915903754, -2.526873933989226], [11.6712413504959, -2.5243570069420835], [11.670800424875551, -2.5239092986551834], [11.66942685198697, -2.523632712905004], [11.665647231425249, -2.5224735547273154], [11.664337131425247, -2.5219997547273154], [11.660797132288172, -2.520523984181371], [11.657414743228724, -2.518715964036213], [11.654221060013667, -2.5165923162036767], [11.651245443555252, -2.5141725642975534], [11.648515249983642, -2.511478954144559], [11.646055579150167, -2.5085362492688166], [11.643889043873516, -2.5053715032300636], [11.642035562050323, -2.502013810908563], [11.641757162050324, -2.5014468109085626], [11.641251748715375, -2.500279052383274], [11.637352782808247, -2.5000713741174807], [11.633129947997089, -2.4993890027383596], [11.630620447997089, -2.4988444027383596], [11.625204598443306, -2.497261869312434], [11.623874198443305, -2.496768869312434], [11.619929146819175, -2.4950605984020617], [11.616190212096686, -2.492938809307629], [11.61270058276181, -2.4904280108439005], [11.609500567570587, -2.487557205278173], [11.608041567570586, -2.4860994052781726], [11.605429785831783, -2.4832230389707615], [11.603109377056407, -2.480106856995858], [11.601102232687099, -2.476780258362673], [11.599427288734747, -2.4732746272152144], [11.59810034713039, -2.4696230367447227], [11.597788047130392, -2.4686133367447227], [11.597129613935142, -2.466029737993103], [11.595933255273966, -2.462956248671078], [11.594861231617042, -2.459098876476936], [11.594180175154309, -2.4551536620265275], [11.593896908605108, -2.451160127874019], [11.594014269690348, -2.4471582806329546], [11.594298607471007, -2.4449740457436775], [11.593666810691483, -2.443346474475008], [11.591593343915369, -2.44243867129079], [11.588870343915369, -2.44107947129079], [11.585181323009907, -2.4389867677721995], [11.585012673463341, -2.438865833531159], [11.582369031326934, -2.4385533017167047], [11.579384331326935, -2.4380474017167044], [11.575406897034592, -2.4371627428623053], [11.571540098381014, -2.4358780354982525], [11.56782405969747, -2.4342066105549818], [11.564297340935108, -2.4321658117874008], [11.563135423291385, -2.4313248599788606], [11.561809984687992, -2.4306127241770095], [11.5586734407205, -2.428525071851914], [11.555747238829627, -2.426151563312991], [11.553057342107955, -2.4235132578118725], [11.550627617000876, -2.420633564044384], [11.549842663057452, -2.41950234669182], [11.549047462169433, -2.4188207976170273], [11.547121293730696, -2.4187566058428023], [11.543508124673837, -2.4184719010856837], [11.539935558116014, -2.4178613147919457], [11.536432924934577, -2.4169298598931603], [11.533028981851782, -2.41568518366166], [11.530581456070918, -2.414529361466406], [11.529902092553765, -2.414398138539841], [11.527785213241508, -2.4137593596846583], [11.527782305222578, -2.413760445963447], [11.526602105222578, -2.4141249459634473], [11.523073928864738, -2.415040783452605], [11.519477030515018, -2.4156316379019787], [11.51584127968668, -2.4158926027134116], [11.51219686853336, -2.4158215107720347], [11.51071626853336, -2.4157250107720345], [11.5067708440451, -2.415270279921291], [11.502889960899363, -2.414426537929733], [11.499111877702155, -2.4132021025928747], [11.497588377702156, -2.4126233025928747], [11.494136432274251, -2.4111223990963033], [11.490840854312127, -2.4093036620513124], [11.490004054312127, -2.408789062051312], [11.487005990492035, -2.406752610528677], [11.484204561401604, -2.404453150477993], [11.481622765935823, -2.401909559778556], [11.479281799863301, -2.3991427205492735], [11.477200881815362, -2.3961753477127137], [11.476696581815363, -2.395382047712714], [11.474817280829692, -2.3920911387293025], [11.473257853514632, -2.388637149646968], [11.472032297537451, -2.385051084020318], [11.471151613683258, -2.381365130944002], [11.470926313683258, -2.380175330944002], [11.470355617403664, -2.3759271130479593], [11.47029162865035, -2.3734971839819745], [11.466769882611919, -2.3716323445024496], [11.46344276616386, -2.369419457083861], [11.460353032103209, -2.3668856619025718], [11.457531513223293, -2.364056243977174], [11.456893113223293, -2.3633486439771745], [11.454360802759375, -2.3602420950690135], [11.45215208126623, -2.3568977278986547], [11.450289123261824, -2.353349118328939], [11.448953611586465, -2.3500361873809514], [11.446845417578517, -2.3477290167530858], [11.444489120882977, -2.3445770515197495], [11.44245395506673, -2.341208799888716], [11.44215355506673, -2.340651399888716], [11.440363717327648, -2.336868943653743], [11.438978829278964, -2.3329201996262903], [11.438933225751951, -2.3327277321224074], [11.438134595328409, -2.3321482475572863], [11.437480195328408, -2.331623047557286], [11.434641270751323, -2.329114589982746], [11.432052387095858, -2.3263488109647987], [11.429736766409187, -2.3233505192856736], [11.427715179594903, -2.3201466093446856], [11.426005760099931, -2.31676581991796], [11.425597960099932, -2.31585451991796], [11.424195066106545, -2.3122649672721454], [11.423278681137655, -2.309031781411482], [11.42145525819934, -2.30806915126345], [11.418200819055716, -2.3059217877054596], [11.415170908959604, -2.303467772791243], [11.412394316875208, -2.300730423564966], [11.40989742484279, -2.297735749197331], [11.407703957307323, -2.2945122038570918], [11.40583475569854, -2.2910904163512034], [11.405502255698542, -2.2904042163512033], [11.403804197568132, -2.2863447946652964], [11.40256230087097, -2.2821234206671956], [11.401791594346854, -2.2777911790659062], [11.401652094346854, -2.276644179065906], [11.401492136674324, -2.274397194823108], [11.401359975070696, -2.2742478235691728], [11.398997925181002, -2.271310156722772], [11.396922894896118, -2.2681631874667], [11.395882194896117, -2.2664103874666996], [11.393775939964458, -2.262350795795333], [11.393758180171448, -2.2623111759333656], [11.392988976822089, -2.261041146021718], [11.39147632634029, -2.2579821256298604], [11.390229922237838, -2.25480530425445], [11.389765022237839, -2.25345340425445], [11.388920934928016, -2.2506746664936554], [11.388257781779744, -2.2481676821958243], [11.387227782003361, -2.247308315740245], [11.384643661819725, -2.2447166391564717], [11.382307238255889, -2.2418996213062092], [11.381153938255888, -2.240371921306209], [11.378960203699961, -2.2371509475253], [11.377651303699961, -2.2350121475253], [11.375874948862009, -2.231784466119546], [11.374403099300636, -2.2284070377137835], [11.373866599300635, -2.2270026377137833], [11.372781643284839, -2.223750942717886], [11.371979079304024, -2.220418294977836], [11.371714277871993, -2.2186732358495327], [11.369617362496081, -2.2156933549408575], [11.367696551821886, -2.212305688541726], [11.367020651821885, -2.210965488541726], [11.365570167039234, -2.2077426920635936], [11.364409813206722, -2.2044044436864447], [11.363548648570877, -2.2009768032860917], [11.362993395772115, -2.1974865285728873], [11.362896795772116, -2.1966396285728873], [11.362808394248544, -2.1952403021491], [11.362600564629599, -2.195151417976311], [11.359271381743252, -2.1933371787279192], [11.356128924775174, -2.1912158850318635], [11.353201426585448, -2.188806595283763], [11.350515188774263, -2.1861309553298622], [11.348094345379744, -2.1832130039936737], [11.34596064604987, -2.1800789571033348], [11.344133260636527, -2.176756971960043], [11.343382260636528, -2.1752238719600427], [11.341810792038984, -2.1715653645366055], [11.340763211025685, -2.1682508518632972], [11.33837153615144, -2.1661944843888445], [11.33542931523188, -2.163055328260666], [11.332841276001409, -2.159618321121], [11.331832776001407, -2.1581173211210003], [11.32980022343179, -2.1547446183743197], [11.328109144685392, -2.1511884060016935], [11.3267759288453, -2.1474831490214745], [11.326239428845302, -2.1457248490214744], [11.325322049099942, -2.142128144711709], [11.32491610907706, -2.1401591914049334], [11.32409467271823, -2.138480028211876], [11.322609368012253, -2.134349114495697], [11.321585674734981, -2.1300803172090865], [11.321154538597918, -2.127717257667276], [11.317634333370007, -2.125383611095229], [11.315222416666284, -2.1236524937239736], [11.312945540842994, -2.1217472520007084], [11.308761240842994, -2.1179732520007084], [11.305343302456759, -2.1144895195538997], [11.302375066942163, -2.1106154683793616], [11.298619966942164, -2.1050401683793614], [11.296444204982011, -2.101408749590397], [11.2946644150905, -2.0975677223228337], [11.293818881481162, -2.095083218783045], [11.292683824210606, -2.0951640549961863], [11.28843676665201, -2.0950145199230548], [11.28422954274555, -2.0944152489951584], [11.281687430551937, -2.0939141263124297], [11.279074926392104, -2.093840635180765], [11.274802757555358, -2.0932561218182335], [11.270618329967885, -2.0922151375696325], [11.268849529967886, -2.0916723375696327], [11.26435260155438, -2.089990965606719], [11.26008950616529, -2.087782936046821], [11.258494406165289, -2.086831236046821], [11.257523076596184, -2.0861786505043725], [11.256465177242287, -2.085875201979557], [11.255387277242287, -2.085501101979557], [11.252054387253125, -2.084174100239136], [11.24885379160448, -2.082553829646667], [11.245811233265862, -2.0806533223314885], [11.242951184084118, -2.0784878644175713], [11.240296647951949, -2.076074873074457], [11.23591984795195, -2.0717222730744567], [11.233561136534702, -2.069163063600089], [11.231828474224258, -2.067110699625144], [11.227729124256062, -2.0689595176964364], [11.223740148002157, -2.070469901181448], [11.22290350727918, -2.0707956077928693], [11.221485763097894, -2.071821974707209], [11.218529028711108, -2.0737690702714815], [11.215411713067938, -2.0754471055962775], [11.214163613067939, -2.076049305596278], [11.21385459114941, -2.076198391627975], [11.209587998813676, -2.0779610226343688], [11.205146736183515, -2.0792203337452433], [11.204084636183515, -2.0794562337452436], [11.20005330043131, -2.080137581593108], [11.19597347184047, -2.080403854960449], [11.19521167184047, -2.080414554960449], [11.1918868752608, -2.0803229570729957], [11.18858118268743, -2.079955453223284], [11.185317450221094, -2.079314584393216], [11.184781050221094, -2.0791858843932163], [11.18157222764639, -2.0782729079264533], [11.178450645833204, -2.0770957098427094], [11.17543801941836, -2.0756624790764393], [11.174869419418359, -2.0753622790764394], [11.171238076919467, -2.0731920945456492], [11.167856241105781, -2.070650532866051], [11.164761738549048, -2.067766021959794], [11.164402806196364, -2.067394080322667], [11.15866979185247, -2.0652376190544985], [11.154963506002893, -2.0636253393207884], [11.151438844769238, -2.0616472685620764], [11.148131794944328, -2.0593236028817223], [11.1450761215084, -2.056678066907395], [11.142303022888644, -2.053737671562614], [11.13984081242325, -2.0505324382852055], [11.138225521181717, -2.0481939946624985], [11.137805271710205, -2.047657357812539], [11.135814332973863, -2.04487806443796], [11.134067996694133, -2.041938911785928], [11.133681696694135, -2.041220511785928], [11.132925186747029, -2.039656373953072], [11.131716181679149, -2.037861752416798], [11.13098658167915, -2.0366072524167977], [11.130301091012354, -2.0352573252602326], [11.130122548138338, -2.035001992124937], [11.128587882569068, -2.032633540226025], [11.127699657006909, -2.0311505994620958], [11.12617441497427, -2.0293408881204877], [11.12527491497427, -2.0281733881204875], [11.125103015350888, -2.027926056445047], [11.124911172909155, -2.027693851975368], [11.124509872909154, -2.027156451975368], [11.124260207721203, -2.0268184240449183], [11.123672807721205, -2.026014324044918], [11.121495764761232, -2.0227010817488864], [11.119657393032522, -2.019188606845223], [11.119253777224802, -2.0183145537933522], [11.118644576508466, -2.017898575532099], [11.117732676508465, -2.0172230755320992], [11.115159571081117, -2.015146975861655], [11.112766709488847, -2.0128654687321212], [11.111955824190439, -2.012025657598208], [11.110871846415515, -2.0115785330896485], [11.107514043263121, -2.009803847705093], [11.10604424326312, -2.008935347705093], [11.102747307993047, -2.0067607180023246], [11.099680901409256, -2.004271552041184], [11.099054692902044, -2.0036512682295524], [11.096483155265215, -2.0036833737001642], [11.09199350418404, -2.003231160885372], [11.087583353110329, -2.0022761578656905], [11.087079053110328, -2.0021367578656903], [11.083530781064743, -2.00097515583375], [11.080106270641231, -1.9994877815871883], [11.076835356931822, -1.9976875934593283], [11.073746536860016, -1.9955902750871952], [11.073146136860016, -1.9951402750871952], [11.069447931060227, -1.9920008589705396], [11.06615695747956, -1.988436851032491], [11.065124983887296, -1.9871734486675567], [11.064121497492641, -1.9859944042903852], [11.062524416107948, -1.9846835706546821], [11.059932946590763, -1.9821287046203457], [11.057584396523602, -1.979348890365049], [11.056511496523601, -1.9779549903650488], [11.054336443360585, -1.9748324114458036], [11.052467966433868, -1.9715172720304555], [11.051907366433868, -1.9704016720304556], [11.0516940818429, -1.9699707985916355], [11.0507741818429, -1.9680839985916354], [11.049035607224205, -1.9639425907231765], [11.047772291792095, -1.959632377856427], [11.047407491792095, -1.958066877856427], [11.047048028230558, -1.9562177275489636], [11.046287089405219, -1.9554888468537794], [11.045697724459378, -1.9548224213033234], [11.045090873324197, -1.954369897040622], [11.044370573324196, -1.953766597040622], [11.041906297219645, -1.9515213882501559], [11.040555897219646, -1.9501838882501559], [11.040427985715606, -1.9500566258588032], [11.039387285715607, -1.9490165258588033], [11.036177145237557, -1.94539423905584], [11.03342800217018, -1.9414107511411065], [11.033069502170179, -1.9408174511411065], [11.03118851347196, -1.9373240144800554], [11.029662869796786, -1.933661415735447], [11.028538659737121, -1.9299677981337457], [11.026663648810372, -1.9267097185648407], [11.025602448810373, -1.9246433185648408], [11.023803822923153, -1.9206065849991474], [11.022461482523347, -1.9163960749096653], [11.022166682523347, -1.9152574749096654], [11.021312688972179, -1.9110325587560877], [11.020918265365843, -1.906740280630318], [11.020987991756552, -1.9024304825236038], [11.021069633374887, -1.901775398561608], [11.020492756220511, -1.8979387636089338], [11.02037304393917, -1.8949326845185708], [11.019075420286159, -1.8939023474176129], [11.01551384011601, -1.8907091754833376], [11.012358901203937, -1.8871136837546145], [11.011515201203936, -1.8860274837546145], [11.009134526098446, -1.8826089146578344], [11.007122309184261, -1.8789612836844996], [11.005500375756618, -1.8751241544732717], [11.00504427575662, -1.8738661544732718], [11.004019907128596, -1.870614549634472], [11.003276136974609, -1.8672875282831998], [11.002818367978353, -1.86390925762207], [11.00084757808314, -1.8425612627913468], [11.000485281115854, -1.8424248484336985], [10.997459750836164, -1.8411413892882131], [10.994549796042818, -1.8396138867670584], [10.991775060932815, -1.837852652563222], [10.988821460932815, -1.835802952563222], [10.98593431572504, -1.833598611243918], [10.983259048032776, -1.8311414439973699], [10.980817719999651, -1.8284517143571541], [10.978630464537918, -1.8255516037303159], [10.976715319298274, -1.822465028473848], [10.974376419298272, -1.818282828473848], [10.972497180870226, -1.8144139518330267], [10.970169489536113, -1.813144545837977], [10.968971789536113, -1.812402745837977], [10.968970936155731, -1.8124021574674474], [10.968970029240198, -1.8124016555290419], [10.9685036292402, -1.8121127555290417], [10.965222983686774, -1.8098468981084477], [10.963764983686774, -1.8087285981084478], [10.96156266349263, -1.8069109420280594], [10.95965296349263, -1.8052166420280593], [10.956765286323797, -1.8023809595285463], [10.954178936748471, -1.7992679914041259], [10.95181853674847, -1.7961151914041258], [10.949464184092957, -1.7925966446009571], [10.947494897008752, -1.7888489711343107], [10.946035797008753, -1.7856747711343108], [10.944858453114387, -1.782829794277678], [10.943903424542318, -1.7799026877905633], [10.94268841759931, -1.7756272600556975], [10.941896669560691, -1.7730821177924896], [10.941408423262223, -1.7725181469341356], [10.940690442456164, -1.7719698991516146], [10.936511705143674, -1.7693963319106683], [10.933247048928052, -1.7674564396483161], [10.92891777785379, -1.7644828514426214], [10.92589407785379, -1.7620993514426213], [10.922738304242493, -1.7593312714203142], [10.919890001349943, -1.7562477110223405], [10.917380538201858, -1.7528826302203289], [10.916289838201855, -1.751247530220329], [10.915368016786443, -1.74986559811583], [10.91339462542398, -1.7465756971733883], [10.911745479034137, -1.743111878779564], [10.911041679034138, -1.7414302787795641], [10.909685898107108, -1.73767473174544], [10.908711281062615, -1.7338027300584304], [10.908127538909023, -1.7298528540419285], [10.907913038909022, -1.7276437540419285], [10.907727840126245, -1.7233740124538888], [10.907999242849606, -1.7191088826341143], [10.908543142849606, -1.7144811826341142], [10.90864246856707, -1.713836200935996], [10.907695335251965, -1.7127318202939044], [10.907679102522376, -1.7127090824717495], [10.906266842883722, -1.711225555643709], [10.904266780812407, -1.7087592645488263], [10.903633780812406, -1.7079120645488264], [10.901561985969808, -1.7048542931960529], [10.899781073209756, -1.7016184549342215], [10.898306227373048, -1.698232139935052], [10.897150023640089, -1.6947242214007145], [10.896322320309395, -1.691124609378286], [10.895822720309397, -1.6883764093782858], [10.895281213778317, -1.6840978280830106], [10.895245775759236, -1.682131745742388], [10.89466205209887, -1.6799285463426643], [10.894483393164245, -1.678751306877362], [10.888763006199987, -1.6727544033757185], [10.885661506715378, -1.6690849237930163], [10.875408506715377, -1.6553604237930162], [10.87342015593868, -1.6524378853979842], [10.86896225593868, -1.6452190853979842], [10.868740174005536, -1.6448551374790243], [10.864997174005536, -1.6386469374790245], [10.863347555538938, -1.6356237013097488], [10.861964111581422, -1.6324697702963997], [10.860857097947193, -1.6292085253141597], [10.859140497947193, -1.6233314253141597], [10.858285961538966, -1.619825057850542], [10.857855462584675, -1.6169531932033108], [10.85585392248656, -1.6161559998904595], [10.852521474858813, -1.6144521708307202], [10.84936286621567, -1.6124443281835148], [10.84849386621567, -1.611833028183515], [10.845161473444163, -1.6092143296099728], [10.842124861467635, -1.6062577417951651], [10.839418120855616, -1.602996456916179], [10.838763720855615, -1.602117056916179], [10.836514617139459, -1.598751577807617], [10.835624017139459, -1.5972607778076169], [10.833486950474471, -1.5931628662939714], [10.83183683887147, -1.5888457996507628], [10.83134333887147, -1.5872906996507627], [10.830231632582763, -1.5829621799631535], [10.829609713573893, -1.5785366641395708], [10.829491813573892, -1.577131764139571], [10.829352144660927, -1.57359809279826], [10.829425947002347, -1.57209112560049], [10.82802656749247, -1.5701810502088611], [10.82560906749247, -1.566532950208861], [10.824154037740922, -1.5641621584051755], [10.822054137740922, -1.5604575584051754], [10.820311608387279, -1.556934318798116], [10.816183413246037, -1.5570314450451965], [10.809445713246037, -1.5568169450451967], [10.805184659059982, -1.5564525581890987], [10.800986861381565, -1.5556353341020441], [10.79690030460784, -1.5543746143502732], [10.792971701557727, -1.5526848100326], [10.788465601557727, -1.5504540100325999], [10.784911363150517, -1.5484629478030023], [10.781578082255164, -1.546120688652078], [10.778500335284928, -1.543451529038152], [10.776848135284927, -1.5418642290381521], [10.773770178145222, -1.5385528923971803], [10.771085539874575, -1.5349153811793983], [10.769991139874575, -1.5332422811793984], [10.76794725785262, -1.5297425530392215], [10.766268008091599, -1.5260539664515271], [10.7655702080916, -1.524289166451527], [10.763881975567106, -1.51895547884183], [10.763335275567105, -1.51668767884183], [10.76273993235836, -1.5137338056838876], [10.76236864097999, -1.5107434975255603], [10.76202524097999, -1.5067536975255604], [10.761877931134022, -1.50337350712211], [10.762016805749159, -1.4999929596523103], [10.762440871230707, -1.4966362416388845], [10.762870071230708, -1.4941051416388844], [10.763429547791683, -1.4916167893173], [10.762681317541789, -1.4900782537471973], [10.76135091754179, -1.4868605537471973], [10.759809709755668, -1.482406180348538], [10.759158721747102, -1.4794279981569096], [10.75906803607235, -1.479295403188272], [10.757425630824534, -1.4764049585981485], [10.755880630824533, -1.4734018585981483], [10.75360756276433, -1.4680638102326775], [10.75200996768704, -1.4633993518642707], [10.749465929763558, -1.4604252499242825], [10.74820438466233, -1.4588726936200138], [10.745545694291975, -1.45698218549285], [10.742543099969318, -1.4546235290935994], [10.739779075487208, -1.4519893306693206], [10.737278806002168, -1.4491035924313032], [10.73506507339574, -1.4459926085638724], [10.732000473395741, -1.4412189085638725], [10.729572349770436, -1.4368607479869633], [10.728173949770435, -1.4339353479869632], [10.726584603534077, -1.4301140565407322], [10.725254203534076, -1.4263815565407323], [10.72441103838354, -1.4237272465511646], [10.722501358875165, -1.4169003757658711], [10.721236877285207, -1.4125471638977267], [10.720430124101563, -1.4092548725704936], [10.719905013712733, -1.405906097874842], [10.719665317078489, -1.4025248882678782], [10.71964944265796, -1.4019658539799282], [10.715661205788717, -1.4011024228561137], [10.713780905788717, -1.4005837228561135], [10.709756338878403, -1.3992400676745333], [10.705896739004976, -1.3974776724635714], [10.702245532813576, -1.395316366976034], [10.698843802188543, -1.39278046934062], [10.697612302188544, -1.3917564693406201], [10.695098218364189, -1.3894789121061066], [10.69278615747669, -1.3869965223532956], [10.69069274885698, -1.384327154491181], [10.683837520840065, -1.3747781084086617], [10.678395561373149, -1.3722277243681291], [10.675011633112822, -1.370439626416524], [10.672349733112823, -1.3688657264165238], [10.669018940402465, -1.3666648883484485], [10.665924119382957, -1.3641429939933116], [10.663656019382957, -1.3620981939933117], [10.66051302591291, -1.3589293870757921], [10.65752432591291, -1.3555592870757922], [10.656007962644056, -1.3537440161958854], [10.644290162644056, -1.3388421161958852], [10.64180989072672, -1.33531137308362], [10.63972436019658, -1.3315340118199084], [10.639411318135126, -1.3308867957740922], [10.638343361053312, -1.328903673632842], [10.637680829149385, -1.3276182661614069], [10.635429729149386, -1.3230498661614067], [10.635154212776802, -1.3224793804753856], [10.633778968057063, -1.3195732455552327], [10.633567933818279, -1.3191887235331041], [10.631610212846612, -1.316874665392334], [10.631315118863423, -1.316515635143309], [10.62907385566135, -1.3170562309106253], [10.625667306857135, -1.3175728797081132], [10.622228934218416, -1.3177944521178182], [10.61878424939726, -1.3177193041415998], [10.616880749397259, -1.3175956041415997], [10.612841411498978, -1.3171259593017905], [10.608870632024198, -1.3162486182650777], [10.6050094510062, -1.3149726487990308], [10.601297775722255, -1.3133112386995691], [10.599862475722256, -1.312579038699569], [10.596791880501772, -1.31083775956251], [10.593886758413985, -1.3088325479287242], [10.591169734201175, -1.3065790201458418], [10.588661967721938, -1.3040947264178708], [10.587621267721937, -1.302968526417871], [10.585263536848087, -1.3001705153786223], [10.583171345204512, -1.2971687667589296], [10.581362198891814, -1.2939883972413244], [10.580119798891813, -1.2915512972413243], [10.579044215195044, -1.2892658247779867], [10.577178815195044, -1.2849537247779867], [10.576122277563009, -1.2822453226067332], [10.575769294396293, -1.2812332855712996], [10.574701905069496, -1.2802828331681013], [10.572306002906798, -1.2777414424970628], [10.571316802906797, -1.276595842497063], [10.568432819523958, -1.2728248106680766], [10.567810519523958, -1.2719024106680765], [10.565609914216395, -1.2682310919057622], [10.563814207119314, -1.2643456471183934], [10.56244396047646, -1.2602905676725702], [10.56242487863753, -1.2602222404667185], [10.560665090022264, -1.258157706594655], [10.558561877741589, -1.255178217155501], [10.556738782572332, -1.252019549205328], [10.555210959972111, -1.2487079608677072], [10.554341859972112, -1.2465733608677072], [10.552942030553295, -1.242527735592804], [10.551982576533565, -1.2383556792352333], [10.551735876533565, -1.2369397792352332], [10.551277971783158, -1.2333667179576029], [10.551143376977295, -1.2297669502022637], [10.551333183717174, -1.2261696710838683], [10.551440483717174, -1.2250755710838683], [10.551947997476953, -1.2215371265585853], [10.55262619840257, -1.217955796041777], [10.552538050895212, -1.2176714567415359], [10.552226950895212, -1.2164808567415357], [10.551312305145094, -1.2119027943144347], [10.550937299744556, -1.2072493436179934], [10.55092972953853, -1.20690565626437], [10.550824249504034, -1.2049414122073818], [10.550830506374663, -1.2005380849098148], [10.550966348189775, -1.1993254824520396], [10.551008749994466, -1.196887825539665], [10.55134649009621, -1.1923504305310901], [10.551749382915277, -1.1902339349801347], [10.551732446149256, -1.1900764562381165], [10.551660163214473, -1.1866320795478855], [10.551884531745388, -1.183194258381914], [10.552030731745388, -1.181848958381914], [10.552836943278093, -1.1771071039416123], [10.55420649100702, -1.1724963014532521], [10.55437819100702, -1.172024301453252], [10.555641891009738, -1.1690090740212915], [10.555628808745297, -1.1688068382752796], [10.555758949487402, -1.1648960379108075], [10.556270580267912, -1.16101666553271], [10.557158805005344, -1.157205845027973], [10.55841512377972, -1.153500044272312], [10.56002751417307, -1.1499347261486461], [10.56198054631868, -1.1465440091829096], [10.564255530558118, -1.1433603410447686], [10.564725130558118, -1.1427668410447687], [10.567501282036108, -1.1396137653683727], [10.570592821819439, -1.1367692469525563], [10.573965648479026, -1.1342646624412653], [10.577582557832752, -1.1321276388155752], [10.581403653328586, -1.1303817486524934], [10.581802553328586, -1.1302242486524934], [10.585473158088021, -1.1289769398884635], [10.589247268779927, -1.12809082085693], [10.590273468779927, -1.12790182085693], [10.591725016857733, -1.1276950026086259], [10.592907066276947, -1.1274297049696633], [10.596673465342361, -1.126953246213928], [10.59774153580476, -1.1269202451503142], [10.597975210486275, -1.1266769592210768], [10.600711788096158, -1.124301291572211], [10.603652143551066, -1.1221830461682116], [10.606772142682114, -1.12033960937379], [10.609358852198488, -1.1191122408127365], [10.60984248573881, -1.118554336655313], [10.613210608029291, -1.1154649293987686], [10.616909164405707, -1.112779903199474], [10.618078664405706, -1.112029003199474], [10.621263283222476, -1.1101854009825394], [10.62460384749432, -1.10864225598349], [10.628072086305282, -1.1074126277093523], [10.631638648240457, -1.106506922401338], [10.635273349784574, -1.1059328049676966], [10.636335449784575, -1.1058148049676968], [10.640430741919202, -1.1055714925158742], [10.644529416567218, -1.1057489319333293], [10.6485352724971, -1.106337457407906], [10.649315438488411, -1.1053401436055401], [10.65212309127062, -1.1024167739380115], [10.65239669127062, -1.1021593739380116], [10.655279998530537, -1.0996937976709542], [10.658095833859544, -1.0977149231694874], [10.658055311673214, -1.0973155928282334], [10.658058602699288, -1.093239893071933], [10.658476620700828, -1.089185685346033], [10.659305025778542, -1.0851950607882004], [10.659523684362293, -1.0843584683601832], [10.659319604892826, -1.0837637472559847], [10.658425572155974, -1.0800167064757755], [10.65809128648624, -1.077607536535126], [10.654870917656075, -1.0755842995544862], [10.651612565607527, -1.0730321054763718], [10.64906052878587, -1.070567460205911], [10.647686878345441, -1.0699140603150312], [10.643703997445876, -1.067734178746541], [10.639993814761137, -1.0651169725340632], [10.636604134195476, -1.0620961631101582], [10.634943334195475, -1.0604376631101582], [10.63221217999151, -1.0574173745495248], [10.629802246052952, -1.0541350636734643], [10.627738507348008, -1.0506247461902383], [10.62736560734801, -1.0499094461902383], [10.625871780549508, -1.046706175271302], [10.624666555565817, -1.043383541403011], [10.623759342539824, -1.0399674870109539], [10.623157224799801, -1.0364846839284965], [10.622970424799801, -1.0350216839284965], [10.622648420721063, -1.0298572265524926], [10.622652220721063, -1.0283105265524926], [10.62276802890169, -1.025849029695191], [10.622213832911955, -1.0250412589486286], [10.620456676982313, -1.0217860008266861], [10.62014198154846, -1.0215664493726062], [10.619218002358076, -1.0209020834865554], [10.614555002358076, -1.0174475834865553], [10.611754731788407, -1.0151703970948116], [10.609171128386985, -1.0126500624761032], [10.605916228386985, -1.0091747624761034], [10.603202017977686, -1.0059521480085782], [10.600412517977686, -1.0022619480085784], [10.5984614122058, -0.9994364502343032], [10.595669712205801, -0.9949975502343031], [10.593978845155066, -0.9920359439207416], [10.59371171742595, -0.9914588036850244], [10.591646885001603, -0.9897406269890263], [10.588720246821106, -0.9867334357589411], [10.586860946821107, -0.9846107357589411], [10.583881032127703, -0.9807587087727028], [10.581391329548277, -0.9765730923845615], [10.580551385639662, -0.9749425937499401], [10.577519529521654, -0.9738537235694724], [10.574912429521653, -0.9727381235694723], [10.570946729422639, -0.9707749391508442], [10.567222141681857, -0.9683857308095581], [10.56378424796781, -0.9655997377823256], [10.56068364796781, -0.9627891377823256], [10.558130821950778, -0.9602569520147896], [10.555815703011751, -0.9575057505076838], [10.553756998592934, -0.9545577644916913], [10.550955698592935, -0.9501354644916913], [10.550893433624944, -0.9500368515647287], [10.549759433624944, -0.9482350515647288], [10.547547717743157, -0.9442295819133603], [10.54580790030392, -0.9399977372153704], [10.54504260030392, -0.9377839372153703], [10.543958630944877, -0.9340778863806674], [10.54323705149875, -0.9302845863050505], [10.543026151498749, -0.9287846863050505], [10.542711434881346, -0.9256623791567823], [10.542583434881346, -0.9235741791567823], [10.542526556805052, -0.9199251436369912], [10.542802495804088, -0.916286111758995], [10.543188395804089, -0.9131208117589951], [10.543665986925328, -0.9101429295476258], [10.544823786925328, -0.9043339295476257], [10.545825729660951, -0.9004736228145322], [10.543419725015724, -0.8992079077204825], [10.540171499281348, -0.8970728134833149], [10.537145849261892, -0.8946325184636901], [10.534371347679194, -0.8919100675843054], [10.532268547679193, -0.8896358675843054], [10.529968254972616, -0.8869142706836015], [10.527919309120836, -0.8839987506403968], [10.527013045817746, -0.8824285798242697], [10.526122147001539, -0.8824529183495151], [10.524126447001539, -0.8824099183495151], [10.520023849933118, -0.8821099573784309], [10.515973753778352, -0.8813902349130771], [10.512018991542357, -0.8802583625939833], [10.510516991542357, -0.8797435625939832], [10.50736314501664, -0.8785110977833913], [10.504324836769527, -0.8770163066900754], [10.501423839540887, -0.8752699010967065], [10.500093439540889, -0.8743902010967065], [10.497107683759548, -0.8722111855733704], [10.494335819974726, -0.8697658599518763], [10.491801517904348, -0.8670751055497019], [10.489526418660605, -0.8641618994691336], [10.487529949950456, -0.8610511183893805], [10.485829160177035, -0.8577693261376729], [10.484563260177035, -0.8550230261376729], [10.4837917663815, -0.8532362040380462], [10.482139466381499, -0.8491382040380463], [10.4810585709734, -0.8461122639944388], [10.480716843215506, -0.8448416582840005], [10.475465950598295, -0.8405426583843832], [10.471735546496175, -0.8370687373200213], [10.462873446496175, -0.8276926373200213], [10.459906978923227, -0.8241678953993666], [10.458254778923227, -0.8219579953993665], [10.456263578992345, -0.819033335569661], [10.45521986071573, -0.8171641808865286], [10.452846509689724, -0.8164399975307988], [10.449443832315614, -0.8152313272179873], [10.447598532315615, -0.8144804272179873], [10.443871759567969, -0.8127353776884602], [10.440343997062122, -0.8106166694321282], [10.4370525818272, -0.8081467263711622], [10.43403234944702, -0.8053516898163344], [10.432380049447021, -0.8036566898163344], [10.428636408381994, -0.7992114800213983], [10.424623808381993, -0.7936758800213983], [10.423550445912328, -0.7921189523607337], [10.421732828127269, -0.7893443322214794], [10.420371714091857, -0.7878673740122676], [10.410350919159848, -0.7789608008005837], [10.373058110910248, -0.7472099010818414], [10.370310307735213, -0.7446378802748936], [10.367816410737243, -0.7418189813615547], [10.36559849981004, -0.7387781616630023], [10.36160739981004, -0.7327275616630022], [10.359384119778099, -0.7289147846276368], [10.35759443927269, -0.7248802726979973], [10.356260147925576, -0.7206731466691193], [10.354758047925577, -0.7148371466691192], [10.353870647061145, -0.7103321395590915], [10.353505367265644, -0.7057551165062116], [10.353419567265643, -0.7018930165062116], [10.353593616262563, -0.6971732195942588], [10.35432277054628, -0.6925068387724714], [10.355181070546282, -0.6885589387724714], [10.356364869999418, -0.6842757479165705], [10.356467486028933, -0.6839714303131964], [10.354194545835965, -0.6815640286294167], [10.351512045835966, -0.6784478286294167], [10.348757431071707, -0.6748551663623098], [10.34642642067452, -0.6709742495642874], [10.344548873612334, -0.6668547906563433], [10.343313073612334, -0.6636782906563433], [10.342207058230738, -0.6604292874971582], [10.341383629833409, -0.6570974325742664], [10.340848850547328, -0.6537072551942605], [10.340492550547328, -0.6505826551942606], [10.340236184379, -0.6457429868794227], [10.340567003649152, -0.6409078372829359], [10.340964303649152, -0.6378434372829358], [10.341517550719892, -0.6346176253731903], [10.3419628303326, -0.6328860500879246], [10.339775978861152, -0.6317810588041718], [10.338732483879179, -0.6318287008424508], [10.337834645032025, -0.632072107399619], [10.330143185518924, -0.6345691799863409], [10.323544834523961, -0.6371809034090692], [10.322276525594667, -0.6376582301343298], [10.319022470730314, -0.6388203506753694], [10.318808230024402, -0.639433553447912], [10.317024109210596, -0.6437223572989267], [10.309825009210597, -0.6585379572989266], [10.30736761260627, -0.6628826362700021], [10.302112215039283, -0.6709535784003858], [10.293287949504462, -0.6896612651228515], [10.29141329220595, -0.6931715707753878], [10.28919911145309, -0.6964782291119502], [10.28233261145309, -0.7057044291119502], [10.279575635143978, -0.7090196102072586], [10.276477838421254, -0.712018776679527], [10.271242138421254, -0.7165674766795269], [10.267909948590882, -0.7191667074421084], [10.264322127529633, -0.7213998732790395], [10.264069953632589, -0.7215389157576335], [10.26305014855022, -0.726078529418902], [10.262273258795565, -0.7290117299849526], [10.261276256219906, -0.73187759968117], [10.259044656219906, -0.73758489968117], [10.258683338930274, -0.7384771572880523], [10.255464738930273, -0.7461583572880522], [10.253359375670012, -0.7504450852452735], [10.249684764277202, -0.7569188957386269], [10.24313745300253, -0.7711164875153488], [10.241638065653623, -0.7740447900668168], [10.239903111338897, -0.7768399737425004], [10.237178011338896, -0.7808521737425004], [10.234921965445954, -0.7838593568978686], [10.232393567515564, -0.786641459970471], [10.229615151034555, -0.7891739084811127], [10.226611257918245, -0.7914343331639492], [10.224186457918245, -0.7930864331639492], [10.224152084356911, -0.7931077590260013], [10.224327198435825, -0.7959729002846251], [10.224394880077167, -0.7976744882512655], [10.224555380077167, -0.8063649882512656], [10.22447403500178, -0.8097579222846432], [10.224105359178845, -0.8131317474896181], [10.22345200675593, -0.8164621752380631], [10.222765306755928, -0.8193157752380631], [10.221465742823073, -0.8236310306447882], [10.220596934478985, -0.8256562807650135], [10.220658646616775, -0.8289975481416314], [10.220465546616774, -0.8351552481416313], [10.22020263668731, -0.838647574482086], [10.219635256241862, -0.8421035178163101], [10.218767754771013, -0.8454965851745161], [10.217606782467794, -0.8488007655888397], [10.216170782467794, -0.8523785655888397], [10.214662463938904, -0.8556918075598596], [10.212859165260056, -0.858854197639844], [10.210775822925573, -0.8618395421527055], [10.208757922925573, -0.8644676421527054], [10.206093826215055, -0.8675913875199948], [10.203123570387467, -0.8704256028825478], [10.199878445596145, -0.8729404312050002], [10.19639263760091, -0.8751093800340434], [10.192702867638248, -0.8769096005831143], [10.188848005581537, -0.8783221284328864], [10.186328105581538, -0.8791013284328865], [10.181818605993826, -0.8802134958928085], [10.177210584704143, -0.8807954261156968], [10.176169684704144, -0.8808658261156967], [10.171973016921719, -0.8809289594769916], [10.167792836433879, -0.8805520014071212], [10.163675167044248, -0.8797391022159184], [10.159665344309014, -0.8784992119266781], [10.155807516392272, -0.8768459817363645], [10.15214415799457, -0.8747976137158796], [10.143313790046562, -0.8692327191641999], [10.142674590987797, -0.8689056898392483], [10.142336148670683, -0.868886799455441], [10.132406134091475, -0.8685571667898693], [10.127579539641797, -0.8685431082399102], [10.118839162581642, -0.8693713478370545], [10.113861736823395, -0.8704709465885239], [10.112369991893841, -0.8707708601970369], [10.104087391893842, -0.8722727601970368], [10.1008410030593, -0.8727249502364093], [10.0951332030593, -0.8732827502364093], [10.091208773774145, -0.8734723856126374], [10.087284671815722, -0.8732760934579249], [10.083398757672148, -0.8726957676366184], [10.081253057672148, -0.8722666676366184], [10.078073187892208, -0.8714942501392631], [10.075391155628289, -0.8706050822210214], [10.073766735285941, -0.8703091167375612], [10.07017432852465, -0.8718756919498741], [10.065905129039555, -0.8734548500337447], [10.061484159200432, -0.8745387458677464], [10.056968670026507, -0.8751133431332692], [10.052355270026506, -0.8754351431332692], [10.047455796981193, -0.8754760871321554], [10.040975596981193, -0.8751327871321554], [10.035263335008912, -0.8744152795969038], [10.029888235008912, -0.8733425795969039], [10.029377164360964, -0.8732371149820065], [10.023691379211199, -0.872025074871706], [10.016071194981626, -0.8715571278575751], [10.01266611780401, -0.8716007670434864], [10.006995702463051, -0.8721873093631454], [10.003172240980144, -0.8723985331563696], [9.99934610212134, -0.8722431798968118], [9.994024602121339, -0.8717711798968117], [9.99067012966341, -0.871329998104962], [9.987364940451547, -0.8706069136574348], [9.981828840451547, -0.8691479136574348], [9.977784329575517, -0.8678487351383777], [9.973052929575518, -0.8660465351383777], [9.969983314254906, -0.8647280216025001], [9.968704182874015, -0.8641141021253255], [9.965815554377667, -0.8629450462873134], [9.962749029363335, -0.8615509810888818], [9.959810672686803, -0.8599038461574123], [9.957707772686803, -0.8586057461574124], [9.95445223244776, -0.8563668048740833], [9.95143346317076, -0.8538176025732727], [9.948680919365586, -0.8509830121409867], [9.946492319365586, -0.8484942121409867], [9.945237142663597, -0.8469433565232356], [9.943099055046527, -0.8465487351270606], [9.939088143868286, -0.8488997326185641], [9.934273183142986, -0.85376285881739], [9.931083431491901, -0.8566551351121262], [9.921967831491902, -0.8640670351121262], [9.91833845204292, -0.8666946379039182], [9.914437967590464, -0.8688998391764234], [9.903548425717911, -0.8742750702808672], [9.893352425591184, -0.8799915839459423], [9.889750546018801, -0.8817793040275553], [9.885987377444089, -0.8831963579511736], [9.877275577444088, -0.8859855579511736], [9.873575464421897, -0.8869775896281193], [9.869797422168187, -0.8876111193860878], [9.861128522168187, -0.8886409193860878], [9.858125353998439, -0.8888834025826264], [9.855112453534968, -0.888899149125397], [9.848503453534967, -0.888684649125397], [9.843838468460387, -0.8882588062957023], [9.839255257373752, -0.8872905067568174], [9.832817957373752, -0.8855311067568175], [9.829802895721114, -0.8845774651069929], [9.829233007241946, -0.8843720995249066], [9.828578614131004, -0.8845854077331654], [9.822503578504888, -0.8863757547584611], [9.816598218340324, -0.8888367275132449], [9.814459177762139, -0.8897909798043665], [9.810952555999537, -0.8913553449012989], [9.807644608356226, -0.8926580735243229], [9.804234053795946, -0.8936619346041041], [9.796164753795948, -0.8956520346041041], [9.792050660764426, -0.8964407568802724], [9.787876642274929, -0.8967948952010961], [9.777233642274927, -0.8971382952010961], [9.771412184433613, -0.8969015881791716], [9.761630697436077, -0.8957862840645449], [9.757752098208451, -0.8962996560003204], [9.757715735478035, -0.8963358451889255], [9.754152169704785, -0.8998821796884845], [9.75115071664724, -0.90346137104108], [9.746580365860847, -0.9099441182069958], [9.74397107836014, -0.9132591260093221], [9.73637507836014, -0.9219269260093221], [9.733926033520866, -0.9244837882116909], [9.720642037949506, -0.9371770523936599], [9.717459112782633, -0.9412617382264906], [9.714966850568034, -0.9441626337316906], [9.712208937462831, -0.9468122527576174], [9.709210585215255, -0.94918637353758], [9.702086685215255, -0.95429267353758], [9.698482207865489, -0.9565949723443667], [9.694652513592807, -0.9584992513518923], [9.69064138737982, -0.959983738894512], [9.67564248737982, -0.9646394388945121], [9.672429351724137, -0.9654921609083691], [9.66915650512896, -0.9660751280936996], [9.665846553504863, -0.9663843138321829], [9.654624153504864, -0.9669636138321829], [9.6507234594805, -0.9669745201681983], [9.646840250390614, -0.966605440252572], [9.645968767363815, -0.9664357420791133], [9.64283094373972, -0.9683559433171297], [9.642585841776654, -0.9685589126407088], [9.641206159339102, -0.9701259536224682], [9.636589112010288, -0.9756990110255742], [9.633674629333479, -0.9797241500527195], [9.631345389580432, -0.9826437101241944], [9.628753996709621, -0.9853332959338006], [9.625923043113865, -0.9877694590188161], [9.615949543113866, -0.995572159018816], [9.612821733340954, -0.9977861190004285], [9.609496418954814, -0.9996906128988218], [9.602239918954814, -1.0033968128988218], [9.598023014385536, -1.0052526308337137], [9.59362068291437, -1.0066112411427601], [9.58318248291437, -1.00918464114276], [9.58218278221252, -1.0094175392250704], [9.57045778221252, -1.0119909392250703], [9.56946544139707, -1.0121955996539143], [9.555173897344082, -1.014954859016139], [9.549075716090174, -1.016865902525416], [9.54979992, -1.01740944], [9.54890156, -1.01998222], [9.55041695, -1.02166271], [9.55061781, -1.02435446], [9.54815924, -1.02627957], [9.54809022, -1.02816427], [9.54673564, -1.02597797], [9.5458678, -1.02843356], [9.54362488, -1.02808797], [9.54279697, -1.02982104], [9.54141021, -1.02932322], [9.53983665, -1.03122354], [9.5385102, -1.03032196], [9.54022777, -1.02927887], [9.54041302, -1.02794087], [9.53798473, -1.0267781], [9.53571522, -1.02169597], [9.534907109018453, -1.021682366010324], [9.531641112436473, -1.024931234558384], [9.52941941309561, -1.0269802315954752], [9.527049348643303, -1.0288556332354206], [9.521770748643302, -1.0327174332354205], [9.518092941345941, -1.03510994916891], [9.51417522304718, -1.037085267457211], [9.510064729772308, -1.0386196220595618], [9.499335929772307, -1.0419665220595618], [9.49535420120392, -1.042987398556536], [9.491288726914046, -1.043594251102684], [9.486868426914047, -1.0440233511026837], [9.483126158141456, -1.0442103122433337], [9.479382813957171, -1.0440462867806328], [9.473245913957172, -1.0434884867806329], [9.471422195052499, -1.043280434806277], [9.465800295052498, -1.042508034806277], [9.461462063735084, -1.0416655816306795], [9.457243242809627, -1.0403497061368037], [9.442413019103386, -1.0348079522960616], [9.435016583387007, -1.0357423685919378], [9.430419837598238, -1.0360556290632656], [9.42539091204781, -1.0361080254658876], [9.42239678, -1.03984821], [9.42236197, -1.04408646], [9.42466521, -1.0546875], [9.42513585, -1.06017017], [9.42333686, -1.06599224], [9.42081821, -1.07108104], [9.41626465, -1.07798552], [9.41479492, -1.07969451], [9.41254878, -1.08170176], [9.41003585, -1.08319962], [9.40273237, -1.086187], [9.38658464, -1.08947372], [9.37783384, -1.09007037], [9.37283015, -1.09554684], [9.37272644, -1.0959357], [9.38155854, -1.09897494], [9.38250387, -1.09841394], [9.38406515, -1.09196746], [9.38460577, -1.09163153], [9.39344263, -1.09117377], [9.39401245, -1.09137356], [9.39435542, -1.09375775], [9.39735425, -1.0981884], [9.40068376, -1.09815931], [9.40081787, -1.10209], [9.41283405, -1.10764623], [9.41728056, -1.11184883], [9.42442775, -1.11279178], [9.42738175, -1.11471236], [9.43153501, -1.11472738], [9.43327713, -1.11157346], [9.43962073, -1.10688305], [9.44136155, -1.10701513], [9.44254148, -1.10877633], [9.45403123, -1.10912621], [9.45937335, -1.11092091], [9.46983278, -1.11063898], [9.47135127, -1.10879684], [9.47212541, -1.11088395], [9.47344136, -1.11144066], [9.47217321, -1.10741401], [9.47542703, -1.10784435], [9.47679555, -1.10633087], [9.47910798, -1.10978627], [9.48323321, -1.10895956], [9.48295283, -1.11019421], [9.48714757, -1.1130234], [9.48739445, -1.11453235], [9.48425877, -1.11990595], [9.48524106, -1.12209117], [9.48964918, -1.12565112], [9.49081326, -1.12899351], [9.4921875, -1.12918532], [9.49379373, -1.12904847], [9.49483585, -1.13124871], [9.49870086, -1.13098705], [9.50044358, -1.1321913], [9.50054002, -1.13255966], [9.49768364, -1.13364255], [9.49653113, -1.13181233], [9.49514091, -1.13187051], [9.49320531, -1.13322401], [9.49303174, -1.13575721], [9.50135243, -1.13776708], [9.50322235, -1.13947785], [9.50623822, -1.13776934], [9.50645936, -1.13243473], [9.50572395, -1.13115692], [9.50148201, -1.13557816], [9.50075388, -1.13349545], [9.50374365, -1.12963867], [9.50940597, -1.12993825], [9.51003051, -1.12889886], [9.50871122, -1.12792206], [9.50904727, -1.12598097], [9.51604354, -1.12667406], [9.51809645, -1.12899244], [9.52743638, -1.12726402], [9.52969301, -1.12851393], [9.52995765, -1.13165796], [9.53284025, -1.13179743], [9.53359914, -1.13092566], [9.53167701, -1.12883842], [9.53223658, -1.12742531], [9.54563487, -1.12422323], [9.54918194, -1.12096536], [9.54899895, -1.11891615], [9.55134952, -1.11780345], [9.55433595, -1.11687875], [9.55912185, -1.11792827], [9.55926836, -1.11815751], [9.56019425, -1.12262821], [9.55780101, -1.12878156], [9.55955577, -1.13345051], [9.56137741, -1.13501716], [9.56038415, -1.13723254], [9.55155635, -1.13699222], [9.54937911, -1.13491034], [9.54935575, -1.13155603], [9.54700768, -1.12847316], [9.54079855, -1.12938023], [9.53883636, -1.132218], [9.52681255, -1.13799882], [9.52559817, -1.14680493], [9.52342486, -1.15301633], [9.52069795, -1.153813], [9.51732278, -1.15720403], [9.51752675, -1.15814853], [9.52163124, -1.15884948], [9.52558506, -1.16179943], [9.52573001, -1.16882157], [9.52672386, -1.17098308], [9.52469385, -1.17700195], [9.52532721, -1.17948282], [9.52452052, -1.18051934], [9.52446341, -1.17903936], [9.52057195, -1.17897642], [9.52011716, -1.18489778], [9.51687467, -1.18718648], [9.51662862, -1.18730652], [9.51264501, -1.18765605], [9.507375, -1.19049954], [9.50192273, -1.18792343], [9.50128055, -1.1807059], [9.50334775, -1.17960691], [9.50095594, -1.17696774], [9.50467062, -1.17536986], [9.50488603, -1.17373312], [9.50128496, -1.17086363], [9.49764121, -1.17209244], [9.49880993, -1.16834605], [9.49869502, -1.16798306], [9.49426878, -1.16399705], [9.49490583, -1.16111696], [9.49435222, -1.15855813], [9.49296224, -1.15550995], [9.4921875, -1.15513384], [9.48926437, -1.15488565], [9.48698056, -1.15586627], [9.48652875, -1.15624237], [9.4836297, -1.16074574], [9.48046196, -1.16052568], [9.47826946, -1.15917921], [9.47764993, -1.15604901], [9.47308016, -1.15109861], [9.47123158, -1.14550591], [9.46608293, -1.13969648], [9.45470548, -1.13931322], [9.45404065, -1.14030945], [9.44845891, -1.13768291], [9.44758534, -1.12981248], [9.44374931, -1.12999964], [9.43493783, -1.12745571], [9.42672062, -1.12330735], [9.42230284, -1.11905873], [9.41555154, -1.11807585], [9.41321444, -1.11667395], [9.41109884, -1.11739373], [9.40743124, -1.11633825], [9.40714347, -1.11619365], [9.40653455, -1.11341012], [9.40624976, -1.112939], [9.40436995, -1.11149013], [9.39567661, -1.10873902], [9.39401364, -1.10603285], [9.39460027, -1.10402203], [9.39373255, -1.10269916], [9.39311421, -1.10234356], [9.38580716, -1.09976101], [9.38541555, -1.09974885], [9.38506424, -1.10022497], [9.38688505, -1.10172868], [9.39047205, -1.10257065], [9.39094675, -1.10351765], [9.38426745, -1.10248184], [9.38385153, -1.10235083], [9.37703371, -1.09796464], [9.37268984, -1.09675217], [9.35795105, -1.09340727], [9.35170186, -1.09291291], [9.345868549357744, -1.093751110273832], [9.34461527953084, -1.0949215949292397], [9.341492374493082, -1.0975529802764952], [9.338117448972614, -1.0998522415604504], [9.334525679659347, -1.1017954136889216], [9.33075450339584, -1.1033622430702394], [9.326843226974855, -1.1045363987154808], [9.322739898285946, -1.1055430285133545], [9.320172854720449, -1.106316096349601], [9.316994277379592, -1.107132727840889], [9.313759453954159, -1.107686043583158], [9.310490159336386, -1.1079723189865083], [9.304009959336385, -1.1082726189865082], [9.298630569465898, -1.1081596352934], [9.287000569465897, -1.1071299352934], [9.285796630510049, -1.1070049553766927], [9.273087240577365, -1.105490909269467], [9.263524359914353, -1.1056770385945076], [9.261261134442258, -1.1060523683157113], [9.25282431152817, -1.1092549184791514], [9.247865004931102, -1.1114058628333], [9.243895377713432, -1.1128831275112596], [9.239791797617718, -1.1139323565492023], [9.232925297617719, -1.1153053565492024], [9.229301350661265, -1.115858672822253], [9.225641965919463, -1.1160778844840917], [9.221977880281107, -1.1159611502731546], [9.218339870120023, -1.1155094506948309], [9.211816770120022, -1.1143939506948308], [9.207938927079828, -1.113530659233638], [9.204165845988038, -1.1122869559466253], [9.200534745787108, -1.1106751091418259], [9.196114445787108, -1.108443909141826], [9.192975123339515, -1.1066776184313876], [9.190007427590396, -1.1046360723886994], [9.18723542493545, -1.1023358268399126], [9.184681594805989, -1.0997955355232307], [9.183797884112865, -1.0987420304619337], [9.18328941, -1.09882975], [9.17752814, -1.10111284], [9.15945828, -1.11550164], [9.15615725, -1.11667013], [9.15348268, -1.12056625], [9.15323925, -1.12170517], [9.15336967, -1.12299466], [9.15566194, -1.12539756], [9.15646446, -1.12803292], [9.15257382, -1.13338804], [9.15167105, -1.13657212], [9.15315115, -1.15494275], [9.15209424, -1.15809202], [9.15203524, -1.16718352], [9.14787936, -1.18205905], [9.14767241, -1.18698311], [9.14793158, -1.18864977], [9.15119624, -1.19665265], [9.1528362, -1.20773578], [9.15690517, -1.21445358], [9.15719712, -1.21474195], [9.15922725, -1.21566772], [9.16114354, -1.21563745], [9.16691101, -1.21436524], [9.17200053, -1.21487308], [9.1758486, -1.21602428], [9.17929673, -1.21730685], [9.18040442, -1.21796334], [9.18771863, -1.2238816], [9.18847585, -1.22510076], [9.18973207, -1.23046875], [9.19001114, -1.23046875], [9.19001114, -1.25655675], [9.19316888, -1.26955223], [9.19328356, -1.27028322], [9.19306564, -1.27342832], [9.19078124, -1.28104055], [9.18942356, -1.28417957], [9.17682767, -1.30648446], [9.17228234, -1.32046175], [9.17193365, -1.32109058], [9.16816115, -1.32553124], [9.16498601, -1.32769251], [9.16245568, -1.33158457], [9.15957534, -1.34783435], [9.15544236, -1.35225987], [9.1525712, -1.35841966], [9.14360738, -1.36738455], [9.140625, -1.36914063], [9.13920987, -1.36989784], [9.13046563, -1.37026191], [9.12393796, -1.37592745], [9.12310994, -1.37934196], [9.12465095, -1.3850975], [9.12440574, -1.38738787], [9.12421215, -1.38798201], [9.12312186, -1.38949633], [9.11897016, -1.39239514], [9.11813402, -1.3941853], [9.11862385, -1.39518297], [9.12649405, -1.39866054], [9.12685478, -1.39879465], [9.13021004, -1.39898086], [9.13197541, -1.39718175], [9.13202035, -1.39466846], [9.12946963, -1.39354014], [9.12870002, -1.39014018], [9.13052106, -1.38521361], [9.13022137, -1.37901592], [9.13057244, -1.37829614], [9.13205254, -1.37738335], [9.13541555, -1.37656236], [9.13746047, -1.37417674], [9.13790596, -1.37421644], [9.13750231, -1.38857937], [9.140625, -1.38783467], [9.14796305, -1.38630486], [9.14780128, -1.38300741], [9.14791846, -1.38234651], [9.14913595, -1.37963593], [9.14948595, -1.37921333], [9.15752053, -1.37181532], [9.15989065, -1.3676455], [9.16230094, -1.36688054], [9.16366053, -1.36738467], [9.16481876, -1.36899304], [9.16456926, -1.37436354], [9.16169894, -1.37998045], [9.16456068, -1.37962043], [9.16608751, -1.38272643], [9.1720376, -1.38423967], [9.17671526, -1.38766551], [9.17547917, -1.39212716], [9.16967523, -1.39775634], [9.16880584, -1.40625], [9.16866052, -1.40694678], [9.16580594, -1.41432953], [9.16603124, -1.41508031], [9.16635394, -1.41555035], [9.17261505, -1.4183495], [9.17313397, -1.43050671], [9.17766416, -1.43269086], [9.17799962, -1.43293941], [9.18088496, -1.43582976], [9.18282306, -1.43934286], [9.1834563, -1.44155824], [9.1795274, -1.45066726], [9.17956364, -1.45137918], [9.18000007, -1.45187736], [9.19640565, -1.45505846], [9.19982708, -1.44541025], [9.20154655, -1.44363856], [9.20369935, -1.44367754], [9.21157002, -1.45143866], [9.21862864, -1.44885755], [9.22217321, -1.45117521], [9.22430205, -1.45460653], [9.22584593, -1.46027708], [9.22621477, -1.46024275], [9.22978735, -1.4580549], [9.23468184, -1.4531064], [9.23935092, -1.45260394], [9.23926842, -1.44817162], [9.23692322, -1.44634831], [9.23676908, -1.44138622], [9.23782706, -1.43901324], [9.242751, -1.43680882], [9.24365997, -1.43403947], [9.24818742, -1.42832494], [9.25577354, -1.42733443], [9.25032246, -1.41562486], [9.25007105, -1.41452098], [9.250651, -1.41258085], [9.25096262, -1.41220105], [9.25410962, -1.40943468], [9.25463891, -1.40933597], [9.25750494, -1.41265297], [9.264346, -1.41295731], [9.26674414, -1.41065085], [9.27131093, -1.40980852], [9.27242196, -1.40927637], [9.27302957, -1.40850806], [9.27315843, -1.40625], [9.27185464, -1.40462303], [9.26925135, -1.40252531], [9.26597714, -1.40386152], [9.26332188, -1.40052855], [9.26315725, -1.40009606], [9.26299381, -1.39844966], [9.26321626, -1.39803636], [9.26559198, -1.39774775], [9.26646411, -1.39443707], [9.26853073, -1.39288294], [9.26888645, -1.39274502], [9.27445126, -1.39278257], [9.27493477, -1.3920387], [9.27848232, -1.39232862], [9.28539467, -1.39373505], [9.28719485, -1.39484286], [9.28860283, -1.39655912], [9.28715181, -1.39866257], [9.28710926, -1.40583146], [9.28738844, -1.40625], [9.28766727, -1.40625], [9.29284871, -1.41118956], [9.29887915, -1.42001426], [9.30085123, -1.42157555], [9.30172336, -1.4217298], [9.30296683, -1.42152154], [9.30618477, -1.41878724], [9.30692887, -1.41860116], [9.31355071, -1.41848683], [9.31573725, -1.41576314], [9.31994855, -1.41342437], [9.32942986, -1.41372156], [9.33155191, -1.41179764], [9.33268797, -1.40944827], [9.33277857, -1.40916395], [9.33203125, -1.40625], [9.33301985, -1.40334737], [9.33135927, -1.40165508], [9.33142376, -1.4000802], [9.33271897, -1.39729547], [9.33538854, -1.39564395], [9.33513045, -1.39388251], [9.33891106, -1.38853395], [9.33540976, -1.38511884], [9.33509004, -1.38099897], [9.34082282, -1.38090491], [9.34195781, -1.37765753], [9.34098506, -1.37594295], [9.34098732, -1.37542784], [9.34193707, -1.37373304], [9.34178126, -1.37322307], [9.33922505, -1.37166595], [9.33681631, -1.36835206], [9.33587837, -1.36424637], [9.32945573, -1.35052753], [9.32403135, -1.32803071], [9.32380962, -1.324687], [9.32386696, -1.32412982], [9.3251934, -1.32134175], [9.32558572, -1.32083166], [9.32805765, -1.31904995], [9.33251035, -1.31766415], [9.33529186, -1.31721306], [9.33803022, -1.31808746], [9.3410629, -1.32169378], [9.34534061, -1.32314873], [9.34477496, -1.3258177], [9.3462429, -1.32740366], [9.34416485, -1.32969105], [9.34400356, -1.33501625], [9.33908451, -1.33829665], [9.33856797, -1.3397156], [9.34520471, -1.34937716], [9.34359825, -1.35199833], [9.34634674, -1.35761511], [9.34646487, -1.36160731], [9.34672534, -1.36209321], [9.34848273, -1.36363888], [9.35361421, -1.36586857], [9.35392892, -1.36592901], [9.35833216, -1.36594045], [9.36215925, -1.3629173], [9.36337256, -1.36443162], [9.36348891, -1.36564195], [9.36251175, -1.36956275], [9.35970986, -1.37454414], [9.35715354, -1.37760746], [9.35396814, -1.37864864], [9.35009408, -1.38383281], [9.35121405, -1.39220536], [9.34911871, -1.3962965], [9.35093307, -1.40218294], [9.35044634, -1.40625], [9.35048044, -1.40671635], [9.34905136, -1.40625], [9.34877217, -1.40625], [9.34704936, -1.40859926], [9.34376955, -1.40844345], [9.34125042, -1.41215575], [9.34427845, -1.42260003], [9.34426784, -1.43117583], [9.34395421, -1.43376625], [9.34380984, -1.43429112], [9.34095967, -1.43715036], [9.34050143, -1.43939185], [9.33568168, -1.44345784], [9.33512795, -1.44380116], [9.33067596, -1.44367027], [9.32758772, -1.44722545], [9.32655454, -1.44760954], [9.3217473, -1.44843841], [9.31978655, -1.44806743], [9.31876588, -1.44779503], [9.31448746, -1.44485557], [9.31285036, -1.44201934], [9.31416643, -1.43922186], [9.31252527, -1.43872404], [9.31071556, -1.43993545], [9.30978918, -1.44424951], [9.30586827, -1.44708133], [9.30581474, -1.44961107], [9.30429053, -1.45112574], [9.30058825, -1.45140195], [9.29801953, -1.44959295], [9.29720235, -1.44723046], [9.29279983, -1.45058107], [9.29121017, -1.45106661], [9.29011965, -1.44996321], [9.28690982, -1.45182538], [9.28337216, -1.45151973], [9.28245211, -1.45363736], [9.2851119, -1.45786762], [9.28600216, -1.46296716], [9.28907025, -1.46479452], [9.29124534, -1.46543884], [9.29256213, -1.46462905], [9.29363716, -1.46553123], [9.29118145, -1.47035265], [9.29730356, -1.47534311], [9.29702544, -1.47961676], [9.29845405, -1.48004782], [9.30122387, -1.47842658], [9.30401516, -1.48106623], [9.30489576, -1.48349655], [9.30428052, -1.49096823], [9.29566276, -1.49856544], [9.29148126, -1.49809384], [9.29073095, -1.4987396], [9.29081404, -1.50266695], [9.29051112, -1.50299732], [9.29029048, -1.50323796], [9.28953397, -1.50357091], [9.28442192, -1.50418961], [9.28321626, -1.50299732], [9.28138173, -1.50118315], [9.26997352, -1.50080752], [9.26591527, -1.49954164], [9.26695645, -1.49725282], [9.26657248, -1.49509096], [9.26474845, -1.49424696], [9.26574206, -1.49349356], [9.27225196, -1.49320436], [9.27539492, -1.49562645], [9.27713704, -1.49420095], [9.2820847, -1.49414432], [9.27912176, -1.48666275], [9.27056634, -1.47961116], [9.26847315, -1.47419345], [9.26885295, -1.47276187], [9.26769185, -1.47210896], [9.26092267, -1.47218537], [9.24176896, -1.46554697], [9.23692715, -1.46911252], [9.23177087, -1.47865784], [9.23166585, -1.47900248], [9.23310566, -1.48474216], [9.23360705, -1.48571944], [9.23693383, -1.48891306], [9.24644971, -1.49055815], [9.2539376, -1.49406815], [9.25929058, -1.49251831], [9.26384032, -1.49347627], [9.26325548, -1.49900377], [9.2528975, -1.50020731], [9.24957943, -1.5015161], [9.24825596, -1.50299732], [9.24737418, -1.50398421], [9.24781024, -1.51144004], [9.25048256, -1.51575637], [9.24991143, -1.52644575], [9.25000632, -1.52680075], [9.2518301, -1.52993965], [9.26335514, -1.53387105], [9.26796031, -1.53830397], [9.27261376, -1.54083192], [9.27637565, -1.53948653], [9.27402782, -1.53186321], [9.27403855, -1.53149426], [9.27534413, -1.53135765], [9.27589238, -1.53175366], [9.27630532, -1.53265536], [9.27592444, -1.53571475], [9.27847922, -1.53859043], [9.28088021, -1.53954744], [9.2811197, -1.53993225], [9.28497231, -1.54946196], [9.28536522, -1.55481267], [9.28525972, -1.55537117], [9.27951968, -1.56318986], [9.27906525, -1.56399763], [9.27873886, -1.56682467], [9.28279042, -1.57305121], [9.28469133, -1.57904351], [9.28683031, -1.58203125], [9.28831208, -1.58347714], [9.28872263, -1.58638644], [9.28904605, -1.58681166], [9.29424965, -1.59075773], [9.29312217, -1.60019565], [9.29574013, -1.60685003], [9.29625833, -1.60743666], [9.29787624, -1.60822797], [9.30175781, -1.60825884], [9.31148922, -1.60677397], [9.31342053, -1.60843766], [9.31356585, -1.61187363], [9.31510472, -1.61403573], [9.32041514, -1.61629355], [9.32110286, -1.61625636], [9.32236576, -1.61345196], [9.32530177, -1.61142445], [9.32558107, -1.61092806], [9.32563722, -1.60806811], [9.32824647, -1.60640585], [9.33217704, -1.60978663], [9.34106135, -1.61056554], [9.34471595, -1.60756016], [9.35013115, -1.60545194], [9.35131943, -1.60173762], [9.35609186, -1.59975433], [9.35690343, -1.59559727], [9.3607589, -1.5935055], [9.36697364, -1.59462523], [9.37213314, -1.59837747], [9.37527084, -1.59773195], [9.38265216, -1.59873915], [9.38650191, -1.5961833], [9.39716661, -1.59425652], [9.40039814, -1.58940542], [9.40094435, -1.58396816], [9.40111995, -1.58373487], [9.40373886, -1.58203125], [9.40429676, -1.58203125], [9.41195524, -1.57863367], [9.41717231, -1.57105684], [9.42370236, -1.56512201], [9.42795157, -1.56284106], [9.43382025, -1.56239092], [9.43961191, -1.55822515], [9.44258201, -1.55744815], [9.44566715, -1.55484617], [9.44584394, -1.55445385], [9.44689941, -1.55131388], [9.44657564, -1.54597116], [9.44631135, -1.54516613], [9.44192028, -1.53949857], [9.43606532, -1.52627754], [9.43592095, -1.52601004], [9.43323851, -1.52332628], [9.43310225, -1.52293634], [9.43296385, -1.51433122], [9.43189025, -1.51106656], [9.43474495, -1.50557375], [9.43737614, -1.50557482], [9.43922996, -1.50797975], [9.44049501, -1.50790465], [9.44208702, -1.50299732], [9.44268906, -1.50114155], [9.45298445, -1.4963603], [9.45550835, -1.49652541], [9.4558444, -1.49657631], [9.45920324, -1.49961364], [9.45851805, -1.50299732], [9.45798206, -1.5056442], [9.45945907, -1.50851631], [9.45972502, -1.50890303], [9.46676397, -1.51153541], [9.46800625, -1.5147289], [9.47084248, -1.51339281], [9.47675526, -1.5134747], [9.48143542, -1.5142585], [9.48312187, -1.51591957], [9.48549104, -1.52804124], [9.48583055, -1.54494762], [9.48692036, -1.54896283], [9.49031723, -1.55152714], [9.49182081, -1.55668044], [9.49126887, -1.56408668], [9.48629093, -1.57154918], [9.48525846, -1.57353461], [9.48451531, -1.57630146], [9.48461807, -1.57737911], [9.48828125, -1.58203125], [9.48992574, -1.58417165], [9.4921875, -1.58956456], [9.49233305, -1.58956242], [9.49299717, -1.59054351], [9.49355078, -1.59484315], [9.49355304, -1.59709537], [9.49265182, -1.60406518], [9.49663055, -1.60852814], [9.49690092, -1.60919631], [9.49769223, -1.61204016], [9.4975841, -1.61390996], [9.49576712, -1.61601961], [9.49596584, -1.61671495], [9.49905646, -1.62080133], [9.50404573, -1.62444186], [9.51013136, -1.62506557], [9.52031064, -1.6294564], [9.53522944, -1.63032937], [9.54697716, -1.63495517], [9.56274271, -1.63718736], [9.56372118, -1.63856244], [9.56269026, -1.63917196], [9.55628645, -1.63819146], [9.55458248, -1.63852096], [9.55413795, -1.63982284], [9.55929446, -1.64009643], [9.5698446, -1.64359832], [9.57220721, -1.64589715], [9.57798636, -1.64679277], [9.58479297, -1.64947677], [9.58827865, -1.64936495], [9.58633387, -1.65066183], [9.58333004, -1.65066075], [9.56499314, -1.64375865], [9.55308068, -1.64093351], [9.53993845, -1.64082944], [9.52387762, -1.63876295], [9.51885176, -1.63876605], [9.51738405, -1.63888562], [9.51459634, -1.6409682], [9.5090245, -1.6422708], [9.50074947, -1.64226913], [9.4921875, -1.64034593], [9.48758733, -1.63984394], [9.47945321, -1.64278603], [9.47146726, -1.64153385], [9.4608469, -1.63808346], [9.45981455, -1.63794947], [9.45791805, -1.63790727], [9.45651722, -1.63947356], [9.45243478, -1.63997793], [9.44073331, -1.6375246], [9.43979704, -1.63724244], [9.42578924, -1.6308434], [9.41643107, -1.63272822], [9.41613126, -1.63286197], [9.41465056, -1.63432574], [9.41403246, -1.63695157], [9.41557765, -1.63836241], [9.42767274, -1.64235425], [9.43296194, -1.64624906], [9.43056774, -1.64845192], [9.43269765, -1.65190005], [9.43150365, -1.65444291], [9.43174386, -1.65703273], [9.42652345, -1.66045082], [9.42596304, -1.66180456], [9.42613351, -1.67038751], [9.42387784, -1.67404103], [9.42672551, -1.67706955], [9.42667937, -1.68011546], [9.42289555, -1.68391836], [9.42080486, -1.68851078], [9.42283452, -1.69206655], [9.42288685, -1.69520712], [9.42443764, -1.69691062], [9.42785013, -1.69889271], [9.4337821, -1.69886231], [9.43523777, -1.70282531], [9.43483532, -1.70740294], [9.43208861, -1.71465945], [9.42519736, -1.71765876], [9.42497361, -1.72472692], [9.42702401, -1.72812235], [9.42712343, -1.72855794], [9.42673767, -1.72949195], [9.42631412, -1.72958207], [9.42444634, -1.72807586], [9.42210364, -1.72371626], [9.42198944, -1.71878743], [9.43006182, -1.71203101], [9.43158042, -1.70330036], [9.41955984, -1.70085335], [9.41384256, -1.69421005], [9.40531325, -1.69024777], [9.40145063, -1.68473017], [9.39992666, -1.67659044], [9.40230274, -1.67408001], [9.40433145, -1.66683042], [9.40918314, -1.65856123], [9.41124356, -1.65271294], [9.41124392, -1.64857793], [9.40982711, -1.64612186], [9.40690482, -1.64344311], [9.40365005, -1.64189315], [9.40209413, -1.64146996], [9.39714301, -1.64127004], [9.39315498, -1.64217401], [9.38871574, -1.64029086], [9.38223982, -1.64454806], [9.37788916, -1.64886034], [9.37438333, -1.64996636], [9.36601484, -1.65634525], [9.34286606, -1.66540563], [9.3321135, -1.66536474], [9.32577372, -1.66988945], [9.32163405, -1.67078805], [9.31971967, -1.67310655], [9.31820762, -1.67316687], [9.31783032, -1.67344534], [9.31731236, -1.67501366], [9.31741464, -1.67535412], [9.32021654, -1.67988825], [9.32133198, -1.67988825], [9.32318664, -1.67662776], [9.32480371, -1.67924535], [9.32671595, -1.67947638], [9.32461953, -1.68014085], [9.32474327, -1.68105555], [9.32755065, -1.68287754], [9.32407558, -1.68268931], [9.32373488, -1.68397081], [9.32397676, -1.68540156], [9.32542098, -1.68790925], [9.32570505, -1.68815565], [9.33135843, -1.68867314], [9.33277917, -1.68962896], [9.33310497, -1.69068825], [9.33298147, -1.6916548], [9.33232224, -1.69077647], [9.32862568, -1.69267976], [9.32653093, -1.69091952], [9.32255113, -1.69151998], [9.32235312, -1.69075882], [9.32445657, -1.68963647], [9.32057095, -1.68309355], [9.31692815, -1.6827538], [9.31520045, -1.68036377], [9.31519616, -1.67814934], [9.31296921, -1.67825162], [9.31153858, -1.67365575], [9.30443931, -1.66789496], [9.30412078, -1.66364491], [9.30092096, -1.66554654], [9.29980826, -1.66517305], [9.29700851, -1.66953456], [9.29554164, -1.67018092], [9.29565847, -1.67643177], [9.29359448, -1.67800534], [9.29625785, -1.68176115], [9.29357576, -1.68154967], [9.2909131, -1.68389106], [9.29023588, -1.68799305], [9.29263294, -1.69220793], [9.29338646, -1.68873215], [9.29659677, -1.68945003], [9.29463303, -1.69086385], [9.29680944, -1.69408107], [9.29824054, -1.69286096], [9.29897904, -1.68804646], [9.30076826, -1.68753386], [9.30136955, -1.68796158], [9.30156934, -1.68835294], [9.30083478, -1.68941951], [9.30184352, -1.69291961], [9.29999971, -1.69374514], [9.30099583, -1.69509733], [9.29575658, -1.69759786], [9.29978931, -1.69859421], [9.30259717, -1.70091784], [9.29971421, -1.70263565], [9.30180347, -1.70706284], [9.30159807, -1.70772874], [9.3006978, -1.70813251], [9.30003154, -1.70810401], [9.29793406, -1.70698583], [9.29708755, -1.70925283], [9.29672253, -1.70952082], [9.29582906, -1.70939744], [9.29565275, -1.70914602], [9.29327846, -1.70353353], [9.29372418, -1.69881225], [9.28651547, -1.69074023], [9.28457701, -1.69163072], [9.28420258, -1.69208396], [9.28217471, -1.69515967], [9.28193736, -1.69582236], [9.28222644, -1.69870603], [9.28181362, -1.69856346], [9.28146756, -1.69798195], [9.2808305, -1.69439077], [9.28369141, -1.68968284], [9.28016508, -1.68963325], [9.27905262, -1.68839693], [9.28219056, -1.68854833], [9.28116775, -1.68057442], [9.27757394, -1.68140113], [9.28187108, -1.67715085], [9.28142631, -1.67587686], [9.27801967, -1.67703974], [9.27523685, -1.67649317], [9.26697111, -1.68137586], [9.2658087, -1.68128586], [9.26531303, -1.68069077], [9.26525414, -1.67993867], [9.26701343, -1.67790425], [9.27081633, -1.67731416], [9.27058625, -1.67566025], [9.26873982, -1.67404997], [9.27024436, -1.67268205], [9.27324855, -1.67351246], [9.27560461, -1.67192054], [9.27604651, -1.67413235], [9.27722287, -1.67458546], [9.28218234, -1.67296147], [9.28652334, -1.66680813], [9.28624165, -1.66354024], [9.27458727, -1.66340828], [9.27814198, -1.66107798], [9.27487886, -1.65640068], [9.27512336, -1.65475702], [9.27714252, -1.65438235], [9.27820683, -1.65884304], [9.28232801, -1.66151333], [9.28561866, -1.6603713], [9.2850126, -1.65731573], [9.2858324, -1.65887773], [9.28762782, -1.65863395], [9.28859127, -1.66129172], [9.29238605, -1.65552747], [9.28916705, -1.65215123], [9.28285491, -1.65342045], [9.2817322, -1.65136206], [9.27844477, -1.64966226], [9.28024423, -1.64831603], [9.27823603, -1.64660656], [9.27878475, -1.64606273], [9.28549564, -1.64983475], [9.28618681, -1.65173554], [9.28762495, -1.65048528], [9.28838944, -1.64763832], [9.2843374, -1.64284551], [9.28724778, -1.63909757], [9.28596067, -1.63607573], [9.27971721, -1.6337682], [9.27857685, -1.63557053], [9.27564025, -1.63624966], [9.27822435, -1.63120413], [9.27847326, -1.62661612], [9.27999794, -1.62261081], [9.27950442, -1.61912155], [9.28406966, -1.61076403], [9.27904725, -1.60555172], [9.27658486, -1.59961927], [9.27266657, -1.59796631], [9.26650846, -1.59786081], [9.26177001, -1.59449077], [9.26034355, -1.59241962], [9.26058281, -1.58998823], [9.26358426, -1.58746564], [9.26352954, -1.58519626], [9.25932574, -1.58655131], [9.25461745, -1.58978403], [9.25033355, -1.59024215], [9.25177455, -1.58804846], [9.25452507, -1.58824015], [9.26010096, -1.58505273], [9.26180136, -1.5825932], [9.26371574, -1.58311403], [9.26534593, -1.58203125], [9.26636446, -1.58112204], [9.27227795, -1.57960868], [9.27287436, -1.57795525], [9.27276421, -1.57743847], [9.27164257, -1.57553732], [9.27130055, -1.57508254], [9.25962615, -1.56540167], [9.25624836, -1.56563067], [9.24939382, -1.57328427], [9.24394596, -1.57596564], [9.23422754, -1.57485688], [9.23398173, -1.57474232], [9.23035455, -1.57042778], [9.23046362, -1.56849051], [9.23320115, -1.56541812], [9.23181903, -1.56090641], [9.22981477, -1.55892432], [9.20909905, -1.55047286], [9.20103896, -1.5465399], [9.19694555, -1.54395592], [9.19224334, -1.53920186], [9.18842542, -1.53475404], [9.17585945, -1.51707423], [9.17366385, -1.51535583], [9.17140734, -1.51528478], [9.1705929, -1.51466978], [9.16668475, -1.51161826], [9.16121662, -1.50585616], [9.15957952, -1.50353515], [9.15925094, -1.50299732], [9.15683746, -1.4990468], [9.15056884, -1.47949386], [9.14255416, -1.47118592], [9.140625, -1.46986604], [9.13418722, -1.46591055], [9.13156307, -1.46393394], [9.12671053, -1.45937705], [9.12541771, -1.45687461], [9.12223935, -1.44732714], [9.12161803, -1.43321776], [9.12109315, -1.43155253], [9.11810303, -1.4275887], [9.11565244, -1.4258306], [9.11119318, -1.42376113], [9.10192192, -1.420614], [9.09637833, -1.41289485], [9.09603667, -1.41233122], [9.09433806, -1.40862668], [9.09430802, -1.40625], [9.09567344, -1.39050412], [9.09557056, -1.39028811], [9.09427845, -1.38657653], [9.08483624, -1.37811065], [9.07995248, -1.37606633], [9.06931675, -1.36889112], [9.06077492, -1.36739945], [9.03623545, -1.35897446], [9.02968717, -1.3490957], [9.01607132, -1.33611882], [9.01314414, -1.32826555], [9.01278484, -1.32207656], [9.01262915, -1.32173336], [9.01193094, -1.32203734], [9.01096952, -1.31957817], [9.00872946, -1.31788611], [9.00413394, -1.30876124], [9.00205576, -1.30772603], [9.00136685, -1.30365801], [8.99895322, -1.29969203], [8.99633718, -1.29813385], [8.99547005, -1.29232764], [8.98890734, -1.27945983], [8.98877573, -1.27913666], [8.98791575, -1.27301896], [8.98566151, -1.26746333], [8.98485076, -1.2667191], [8.98312736, -1.26453745], [8.98273563, -1.26511848], [8.9827553, -1.26609385], [8.98626268, -1.27933395], [8.99686956, -1.30511522], [8.99894297, -1.30872226], [9.00008035, -1.3083204], [9.00516236, -1.31425166], [9.01148701, -1.32323325], [9.01493335, -1.33807397], [9.01945925, -1.34711516], [9.02123976, -1.34969676], [9.02846122, -1.35970867], [9.03685856, -1.36986065], [9.0635823, -1.39994586], [9.06581521, -1.40280986], [9.06780136, -1.40625], [9.07384193, -1.41497076], [9.07888305, -1.42029262], [9.09384143, -1.44129515], [9.10095835, -1.44961977], [9.10997105, -1.46326506], [9.12872803, -1.48301363], [9.13573992, -1.49143446], [9.140625, -1.49860477], [9.14387749, -1.50299732], [9.14396644, -1.50311744], [9.15132666, -1.51148546], [9.15627015, -1.51942623], [9.16722846, -1.53044856], [9.1788789, -1.54812932], [9.19238496, -1.56325436], [9.19751525, -1.57045054], [9.20284593, -1.58203125], [9.203125, -1.58203125], [9.20739734, -1.58793712], [9.20979178, -1.5919435], [9.21190357, -1.59882796], [9.21220398, -1.59946942], [9.21714365, -1.60643733], [9.21908045, -1.6120398], [9.22623336, -1.62209833], [9.22703791, -1.62371552], [9.22751176, -1.63118863], [9.22771907, -1.63157976], [9.23753965, -1.64551294], [9.24073637, -1.65841341], [9.24174547, -1.66092777], [9.24773645, -1.67062128], [9.24856317, -1.67303634], [9.24881256, -1.67671216], [9.24851274, -1.67863846], [9.24755955, -1.68297315], [9.24503732, -1.68806875], [9.24528444, -1.69150066], [9.24839687, -1.70128906], [9.24859035, -1.70632374], [9.25120366, -1.71193874], [9.25315165, -1.72013223], [9.25337756, -1.72806632], [9.25566614, -1.73332047], [9.25577664, -1.73727214], [9.26260567, -1.7497884], [9.26476061, -1.75161064], [9.26778257, -1.75188971], [9.27075148, -1.75051045], [9.26958585, -1.75335157], [9.27008772, -1.75455797], [9.27350974, -1.75451016], [9.27577353, -1.75604177], [9.27011287, -1.75679672], [9.2672137, -1.75324857], [9.26542115, -1.75235653], [9.26379752, -1.75324404], [9.26372826, -1.75367987], [9.265625, -1.7578125], [9.2657243, -1.7578125], [9.267313, -1.76407444], [9.26932442, -1.77306461], [9.27011931, -1.78129065], [9.26556265, -1.79378021], [9.26312494, -1.79371274], [9.25886512, -1.79592538], [9.26007104, -1.8009814], [9.25759685, -1.80572224], [9.25914836, -1.81155348], [9.25846434, -1.81824315], [9.26206458, -1.82743275], [9.26162314, -1.8362751], [9.26262295, -1.83888793], [9.26255465, -1.84672916], [9.26459944, -1.85061634], [9.26417983, -1.85920227], [9.26721478, -1.86452806], [9.26581025, -1.86694276], [9.26800632, -1.87113595], [9.27530837, -1.876616], [9.27786493, -1.87387824], [9.28569043, -1.87262476], [9.28689527, -1.86935008], [9.28591764, -1.86745298], [9.28638577, -1.86397398], [9.28914392, -1.86367011], [9.29225194, -1.85867751], [9.29635346, -1.8561002], [9.30076885, -1.85623467], [9.30501282, -1.85835874], [9.30616844, -1.86141324], [9.30572104, -1.86463642], [9.30725098, -1.86478007], [9.30874455, -1.86339271], [9.30844176, -1.85699725], [9.31029403, -1.85464537], [9.31249106, -1.85505295], [9.31186557, -1.85928106], [9.31445587, -1.86075366], [9.31433141, -1.85840654], [9.31769967, -1.85804975], [9.31874871, -1.85644102], [9.3177036, -1.85123455], [9.32219243, -1.85016751], [9.32159925, -1.85230684], [9.31996894, -1.85196352], [9.31978655, -1.85651791], [9.32093132, -1.85741115], [9.32271123, -1.85538065], [9.32517076, -1.85877395], [9.32258654, -1.85898411], [9.32014775, -1.86062658], [9.32028937, -1.86382043], [9.3185122, -1.86169827], [9.31460404, -1.86486435], [9.31499946, -1.86573505], [9.31809056, -1.86520481], [9.31866717, -1.86603892], [9.31985056, -1.86414206], [9.32182646, -1.86517346], [9.3201493, -1.86855543], [9.31668437, -1.86837697], [9.31452537, -1.87050343], [9.31281471, -1.87000954], [9.31208694, -1.87311745], [9.31334686, -1.87525165], [9.31447554, -1.87334764], [9.31708026, -1.87204337], [9.3232516, -1.87122405], [9.32241476, -1.86911404], [9.32673597, -1.86962867], [9.32492304, -1.86707354], [9.32592666, -1.86756432], [9.32999265, -1.86498904], [9.32834256, -1.86702561], [9.32878625, -1.87091374], [9.32714283, -1.87272346], [9.32794905, -1.87370467], [9.32518804, -1.87421966], [9.32240283, -1.87697196], [9.32595623, -1.87818074], [9.32439673, -1.88004875], [9.32117116, -1.87844706], [9.31975842, -1.87966752], [9.31731522, -1.87907422], [9.31609082, -1.87990987], [9.31548584, -1.88250065], [9.31070507, -1.88258314], [9.30960286, -1.88370311], [9.31408572, -1.88629365], [9.31541741, -1.88461936], [9.31817031, -1.88517988], [9.31769395, -1.88360953], [9.31866884, -1.88374424], [9.31952584, -1.88569105], [9.31881797, -1.89083493], [9.31986535, -1.89199483], [9.32530272, -1.88903356], [9.32571602, -1.88994443], [9.32154703, -1.89332366], [9.31891334, -1.89321327], [9.31366396, -1.89084065], [9.31437337, -1.89394844], [9.31165242, -1.89748228], [9.31405985, -1.89763081], [9.31274855, -1.89907956], [9.31100154, -1.90911853], [9.31198788, -1.91124237], [9.31374896, -1.91191995], [9.3143748, -1.91203702], [9.32536757, -1.91162038], [9.32570195, -1.91172254], [9.33274722, -1.91651726], [9.33372486, -1.91669285], [9.34100735, -1.91647255], [9.34177637, -1.91619992], [9.34247684, -1.91503704], [9.3432399, -1.91077173], [9.34350252, -1.91034341], [9.34622025, -1.90836096], [9.34655392, -1.90553153], [9.34505105, -1.90602815], [9.34715152, -1.90397382], [9.34783447, -1.90107107], [9.3500303, -1.90230656], [9.35195696, -1.90138972], [9.35215402, -1.90090644], [9.34935606, -1.89411068], [9.34588325, -1.89550006], [9.34975111, -1.8896172], [9.34768415, -1.88646007], [9.35218084, -1.8874948], [9.35383975, -1.88671446], [9.35276163, -1.88859701], [9.35465634, -1.89038455], [9.35762107, -1.88929152], [9.36363101, -1.88978314], [9.36481786, -1.88800073], [9.3650223, -1.88631213], [9.36374617, -1.88554323], [9.36621666, -1.8806107], [9.36333752, -1.87940836], [9.36235523, -1.87653732], [9.36359775, -1.87667406], [9.36744118, -1.8720535], [9.36633384, -1.87088776], [9.36341512, -1.87055886], [9.36462975, -1.86983395], [9.36432874, -1.86681283], [9.36616373, -1.86570954], [9.36674154, -1.86394036], [9.36628365, -1.86299205], [9.36404395, -1.86286592], [9.36371195, -1.86157381], [9.36661303, -1.85976243], [9.36956751, -1.85944128], [9.37291193, -1.86066353], [9.37348163, -1.86265552], [9.37411344, -1.86265993], [9.37429917, -1.86230814], [9.37208116, -1.85197914], [9.37019777, -1.84915566], [9.37026966, -1.84881175], [9.37422872, -1.84605014], [9.37683201, -1.84633422], [9.37949073, -1.85280895], [9.38518715, -1.85455227], [9.38566828, -1.85447705], [9.38902545, -1.85321283], [9.38993406, -1.85243154], [9.39024508, -1.85150421], [9.39014018, -1.85079682], [9.38765764, -1.84758401], [9.38756216, -1.84705567], [9.38819635, -1.84541488], [9.38957822, -1.84519172], [9.38992155, -1.84538567], [9.38965654, -1.84735346], [9.39002871, -1.84749365], [9.39716923, -1.84803462], [9.39742112, -1.84828997], [9.39854944, -1.85076904], [9.39759886, -1.85539985], [9.39811587, -1.8570441], [9.39939475, -1.85822928], [9.40531921, -1.85979581], [9.41716433, -1.86779582], [9.41780055, -1.87010562], [9.41648436, -1.87172341], [9.41831541, -1.8771919], [9.41533625, -1.88282394], [9.41287434, -1.88382936], [9.41042435, -1.88894558], [9.41411746, -1.89416981], [9.42246211, -1.89848101], [9.42312646, -1.90037394], [9.42229855, -1.90341473], [9.42874885, -1.91459143], [9.43215191, -1.91520774], [9.43381166, -1.91368973], [9.43329835, -1.90666687], [9.43563676, -1.90108144], [9.43388295, -1.89925027], [9.43470311, -1.89626455], [9.43361962, -1.89231634], [9.43432033, -1.88835132], [9.43309486, -1.87937081], [9.43483484, -1.87763262], [9.44206393, -1.87469125], [9.44569635, -1.87777436], [9.44692123, -1.88415813], [9.4440906, -1.88966846], [9.44961965, -1.89429748], [9.45243823, -1.90048504], [9.45780075, -1.90438426], [9.45893443, -1.90406084], [9.46368456, -1.89656258], [9.46193421, -1.89520121], [9.46223915, -1.89187312], [9.46212745, -1.89152706], [9.45852935, -1.88484251], [9.45832956, -1.88423705], [9.45839953, -1.88099885], [9.45702314, -1.87909555], [9.45726264, -1.87606621], [9.45990205, -1.87319314], [9.46631265, -1.87245631], [9.46888375, -1.87054348], [9.4694159, -1.87053752], [9.47165811, -1.87366092], [9.47669196, -1.87407827], [9.47644341, -1.87825966], [9.48391998, -1.88062263], [9.48417413, -1.88409424], [9.48978615, -1.88675368], [9.4921875, -1.88950884], [9.49441254, -1.89162481], [9.49435055, -1.89416063], [9.49631846, -1.89381695], [9.50113022, -1.89806807], [9.50133574, -1.90059984], [9.5004549, -1.90225375], [9.49316001, -1.90582287], [9.4921875, -1.90569186], [9.49008107, -1.90557015], [9.4875313, -1.90668178], [9.48616946, -1.91397381], [9.48895311, -1.91738141], [9.4921875, -1.91880584], [9.49511862, -1.92240345], [9.50222218, -1.92541516], [9.50338447, -1.92705321], [9.50363624, -1.93359375], [9.50396597, -1.93486333], [9.50641787, -1.93903256], [9.50669324, -1.94399047], [9.51728964, -1.95116186], [9.52058327, -1.95833755], [9.52204335, -1.95833075], [9.5204246, -1.95959425], [9.52203691, -1.96372712], [9.52481008, -1.96378374], [9.52590644, -1.96253943], [9.52768016, -1.96466136], [9.52706265, -1.96746802], [9.52372015, -1.96803141], [9.51829505, -1.97405624], [9.51494932, -1.97404015], [9.51241148, -1.97080803], [9.51177788, -1.97260976], [9.51010501, -1.97259974], [9.51120675, -1.98862147], [9.51311326, -1.99382055], [9.51279652, -1.99536276], [9.51030803, -1.99699914], [9.51224875, -2.00325716], [9.51203155, -2.00439918], [9.51100981, -2.00359094], [9.51030922, -2.00459886], [9.5109328, -2.00902188], [9.51112223, -2.00939965], [9.51538706, -2.01221371], [9.52036917, -2.00964606], [9.51999843, -2.01125956], [9.51744604, -2.01304984], [9.51748145, -2.01498282], [9.51895714, -2.01630497], [9.53137362, -2.01514935], [9.53842032, -2.01641047], [9.54130375, -2.01881194], [9.54198194, -2.02073503], [9.54056585, -2.02718806], [9.54256666, -2.02953541], [9.54567862, -2.02912974], [9.54761064, -2.02685475], [9.54959691, -2.01936185], [9.55483162, -2.01654565], [9.55910635, -2.01717675], [9.56034553, -2.02629352], [9.56281197, -2.03104341], [9.56041098, -2.03246975], [9.56224143, -2.03573072], [9.56016231, -2.03818417], [9.56211483, -2.03879786], [9.56268954, -2.04052854], [9.56555712, -2.03898013], [9.56804144, -2.04176664], [9.56727445, -2.04591525], [9.56246567, -2.04978633], [9.5633136, -2.05232966], [9.56145871, -2.05372381], [9.56132925, -2.05549824], [9.56621492, -2.05548441], [9.56872845, -2.05069268], [9.57155836, -2.04788828], [9.57480693, -2.04894876], [9.5734061, -2.05484486], [9.57095802, -2.05774987], [9.57037365, -2.06606877], [9.56882846, -2.06690156], [9.56500792, -2.0656358], [9.5631839, -2.06691086], [9.56407905, -2.06860602], [9.56350815, -2.07573128], [9.56529903, -2.07817018], [9.56482255, -2.07932305], [9.56273866, -2.07993245], [9.56315792, -2.08362591], [9.56025314, -2.08475256], [9.55284441, -2.08356595], [9.55186355, -2.08743358], [9.54945028, -2.08685625], [9.54694605, -2.08797455], [9.54682696, -2.09339428], [9.54648924, -2.09364057], [9.54403353, -2.09290552], [9.54337525, -2.09200621], [9.54279995, -2.08731365], [9.54279578, -2.08677804], [9.54515743, -2.08390272], [9.545174, -2.07803726], [9.53856373, -2.07571662], [9.54032171, -2.06841791], [9.53343046, -2.06469977], [9.53142405, -2.059641], [9.52975941, -2.0589956], [9.52967918, -2.05842102], [9.53071833, -2.05548775], [9.53236246, -2.05908775], [9.53478181, -2.05913711], [9.53624463, -2.05732977], [9.53593135, -2.05418694], [9.53357673, -2.05260873], [9.53458095, -2.05161917], [9.53709722, -2.05182445], [9.53867567, -2.05359995], [9.54485214, -2.05209887], [9.54480541, -2.05085576], [9.53960121, -2.04649794], [9.53882694, -2.04199553], [9.53788674, -2.04086936], [9.53422606, -2.03974652], [9.53438675, -2.04194164], [9.53163695, -2.04478502], [9.52540064, -2.04468012], [9.52475047, -2.04476607], [9.52171385, -2.04624236], [9.52135718, -2.04612803], [9.51694095, -2.04348075], [9.51979625, -2.04150701], [9.51712656, -2.03462923], [9.51464105, -2.03182733], [9.51243782, -2.03108621], [9.51081991, -2.03382397], [9.50699377, -2.03051472], [9.50571442, -2.02579057], [9.49878502, -2.02894437], [9.49804771, -2.02887118], [9.49316943, -2.02713656], [9.4921875, -2.02734375], [9.49041557, -2.02770126], [9.48893094, -2.02455854], [9.48521984, -2.02317774], [9.48498607, -2.02250981], [9.48565507, -2.01911294], [9.48741341, -2.01772261], [9.48909771, -2.01147211], [9.48563385, -2.01029694], [9.48365057, -2.00704277], [9.48302317, -2.00680542], [9.48148894, -2.00687492], [9.47808266, -2.00878334], [9.47406483, -2.00822175], [9.47209406, -2.01142073], [9.47179687, -2.01147413], [9.4714365, -2.01102626], [9.47046041, -2.00849497], [9.47020221, -2.00711036], [9.47029078, -2.0052247], [9.47058618, -2.00469756], [9.47137332, -2.00433517], [9.47578776, -2.00395751], [9.47938371, -2.00580156], [9.48360825, -2.00570953], [9.48492086, -2.00526512], [9.48620391, -2.00302625], [9.48639107, -2.00233471], [9.48520637, -1.99623323], [9.48763037, -1.99259794], [9.48650193, -1.99071026], [9.48334455, -1.9892565], [9.48651385, -1.98853028], [9.48770106, -1.98683965], [9.4858371, -1.9686414], [9.48653436, -1.96121621], [9.48609233, -1.95660913], [9.48244751, -1.95498657], [9.48295045, -1.95686483], [9.48206544, -1.95726192], [9.47994125, -1.95510662], [9.48200035, -1.95126104], [9.48171794, -1.95112991], [9.47894037, -1.95246887], [9.47417414, -1.95187604], [9.47523606, -1.95069337], [9.47719026, -1.95087373], [9.47831798, -1.94919753], [9.477301, -1.94657385], [9.47160065, -1.94633758], [9.46904075, -1.945122], [9.46567607, -1.94043791], [9.46825147, -1.93788564], [9.46426356, -1.93359375], [9.46339631, -1.9326545], [9.46050096, -1.93213284], [9.46019328, -1.93217301], [9.45895803, -1.93359375], [9.45867872, -1.93359375], [9.45857036, -1.93385744], [9.45649338, -1.93403542], [9.45560706, -1.93359375], [9.45559895, -1.93160164], [9.45393646, -1.93118966], [9.45348525, -1.93149054], [9.45393157, -1.93359375], [9.45374227, -1.93419945], [9.45100462, -1.93743825], [9.45777535, -1.93669724], [9.45807135, -1.93682385], [9.45938635, -1.93988144], [9.45809746, -1.94465375], [9.45316744, -1.94667804], [9.44848287, -1.94664466], [9.44678891, -1.95028627], [9.44141054, -1.94879782], [9.44176304, -1.94533777], [9.43425655, -1.94634914], [9.43427503, -1.94385815], [9.42970574, -1.94638157], [9.42749691, -1.94390953], [9.42542267, -1.94516194], [9.41859555, -1.94344151], [9.41775513, -1.94518328], [9.41589546, -1.94483006], [9.41119945, -1.94664907], [9.40218413, -1.9420799], [9.39895213, -1.94740605], [9.39818645, -1.95199394], [9.39133537, -1.9531064], [9.38978064, -1.95449746], [9.38969243, -1.95810998], [9.38818514, -1.95950997], [9.38404036, -1.95993257], [9.38241637, -1.96166885], [9.38149846, -1.96037936], [9.38302994, -1.95873666], [9.38635325, -1.95834255], [9.38674486, -1.95690954], [9.38365364, -1.95525241], [9.38213778, -1.95154655], [9.38038838, -1.95033324], [9.38004696, -1.94452143], [9.38126492, -1.94373512], [9.38506496, -1.94717884], [9.38858306, -1.94653904], [9.38918281, -1.94612336], [9.38970125, -1.94524527], [9.38963616, -1.94325256], [9.38732517, -1.93904185], [9.38823843, -1.93430412], [9.38803113, -1.93359375], [9.38752925, -1.93241596], [9.38889456, -1.92898941], [9.38630772, -1.92948735], [9.38497615, -1.92825127], [9.38516128, -1.92154217], [9.3840909, -1.92034256], [9.38325477, -1.91398072], [9.37947226, -1.91591024], [9.37638354, -1.91351593], [9.37609434, -1.91781425], [9.37264335, -1.92290342], [9.37566447, -1.92961633], [9.37136781, -1.93230116], [9.37127686, -1.93359375], [9.37084663, -1.93541515], [9.37063777, -1.93564558], [9.3683449, -1.93610632], [9.36796963, -1.93745685], [9.36807144, -1.93901181], [9.36843705, -1.93947184], [9.37090826, -1.94081891], [9.36885655, -1.94143546], [9.36849368, -1.94277835], [9.36641264, -1.94176662], [9.36485553, -1.94360948], [9.36244512, -1.94199085], [9.36140311, -1.94214213], [9.36109853, -1.94226468], [9.35892475, -1.94484091], [9.35806823, -1.9467113], [9.35661483, -1.95337045], [9.36107075, -1.95472312], [9.36368167, -1.95288718], [9.36446285, -1.95297635], [9.36483443, -1.9536401], [9.36475372, -1.95435536], [9.36271071, -1.95675981], [9.35903537, -1.95626593], [9.35782254, -1.95559847], [9.35593307, -1.95386744], [9.35582328, -1.95353115], [9.35644913, -1.95044565], [9.3519932, -1.9460299], [9.34873283, -1.94646084], [9.34700346, -1.94493687], [9.34684133, -1.94341814], [9.34864128, -1.94365215], [9.34886837, -1.94233716], [9.34358954, -1.94057596], [9.34120357, -1.93852997], [9.34501696, -1.93858433], [9.34806216, -1.94010365], [9.34891534, -1.93932581], [9.3485893, -1.93672514], [9.34620464, -1.93596864], [9.34672046, -1.9354614], [9.35113645, -1.93715525], [9.35610712, -1.93463087], [9.35658014, -1.93448102], [9.36193025, -1.93401754], [9.36178255, -1.93359375], [9.36282694, -1.92758405], [9.36122584, -1.92111504], [9.36102295, -1.92077065], [9.35485816, -1.91726685], [9.35424566, -1.91719866], [9.35336494, -1.91741896], [9.35271931, -1.91921496], [9.35593235, -1.92371416], [9.35238206, -1.92513204], [9.35197234, -1.92726386], [9.34963918, -1.92634571], [9.34597755, -1.9273386], [9.34554577, -1.9304713], [9.3394773, -1.92811978], [9.34051836, -1.92637968], [9.33872581, -1.92472577], [9.33389115, -1.92695725], [9.33550584, -1.93077576], [9.33856416, -1.93212616], [9.33748877, -1.93359375], [9.33751786, -1.934623], [9.3366971, -1.93447053], [9.33637178, -1.93359375], [9.33652151, -1.93236303], [9.33323252, -1.92985487], [9.33167684, -1.93049705], [9.33203316, -1.93328845], [9.33134556, -1.93359375], [9.33078694, -1.93359375], [9.33050776, -1.93359375], [9.32775104, -1.93125713], [9.33010662, -1.93156636], [9.32969987, -1.92903745], [9.33262622, -1.92818308], [9.33149052, -1.92067015], [9.32478344, -1.91520858], [9.32003248, -1.91497171], [9.31428456, -1.91649115], [9.30926454, -1.91589546], [9.30326557, -1.90613174], [9.300125, -1.89813817], [9.30078888, -1.89729226], [9.29334581, -1.89290535], [9.29026806, -1.88513887], [9.2834928, -1.88110065], [9.28160298, -1.87890387], [9.28123474, -1.87880945], [9.27550697, -1.88219094], [9.27535295, -1.88209665], [9.27283692, -1.88030553], [9.27264476, -1.87988377], [9.27247417, -1.87999702], [9.28178155, -1.89559185], [9.28236187, -1.89916015], [9.28554106, -1.90608215], [9.28659046, -1.90786696], [9.29107523, -1.91378343], [9.29682136, -1.92037356], [9.30437911, -1.92667115], [9.30709398, -1.93079185], [9.30956483, -1.93359375], [9.32104135, -1.94472325], [9.32021987, -1.94192255], [9.32089508, -1.94203877], [9.32204998, -1.94634473], [9.32418716, -1.9464401], [9.32643902, -1.95161343], [9.32852673, -1.95243525], [9.34333015, -1.96838105], [9.34906054, -1.97618544], [9.35298085, -1.97826576], [9.35391653, -1.9763087], [9.35615575, -1.9763453], [9.35375357, -1.97971117], [9.35785234, -1.98465645], [9.35902882, -1.98884606], [9.3625921, -1.99240816], [9.3632791, -1.99460793], [9.36568344, -1.99600637], [9.37756824, -2.00927556], [9.38053346, -2.01531875], [9.36617935, -1.99831045], [9.36271822, -1.99597812], [9.36145163, -1.99300146], [9.34247172, -1.9689337], [9.33433151, -1.96022534], [9.33282256, -1.95983887], [9.34165311, -1.96977341], [9.36223865, -1.99636126], [9.36692893, -2.00033617], [9.36920154, -2.00289643], [9.37477875, -2.00977337], [9.37808228, -2.01528001], [9.39086342, -2.03011405], [9.40189922, -2.04517364], [9.40867138, -2.05174863], [9.40901434, -2.05176485], [9.41332304, -2.05241728], [9.41432142, -2.05144715], [9.41481173, -2.05188561], [9.41581452, -2.05473292], [9.41475284, -2.05331242], [9.41190302, -2.05325878], [9.41155696, -2.0540539], [9.41185248, -2.05532646], [9.4336822, -2.07543957], [9.4337157, -2.07543874], [9.4350934, -2.07498085], [9.43555534, -2.07288837], [9.43182087, -2.06959176], [9.43201137, -2.06932223], [9.43435061, -2.07019925], [9.43478954, -2.0706501], [9.43649495, -2.07289636], [9.43654585, -2.07353854], [9.43602705, -2.07491934], [9.43428695, -2.07625425], [9.43420207, -2.07633531], [9.43511283, -2.07780266], [9.44360185, -2.08713853], [9.44674742, -2.08853114], [9.44951177, -2.09386396], [9.46454275, -2.109375], [9.47144711, -2.11717355], [9.48785925, -2.13309145], [9.4921875, -2.13671875], [9.50046206, -2.14324558], [9.53208876, -2.17731583], [9.55414474, -2.20242631], [9.57313764, -2.22921431], [9.57529736, -2.23255205], [9.58457494, -2.24866855], [9.58516836, -2.25341022], [9.58661842, -2.25490797], [9.58580887, -2.25718105], [9.58703041, -2.26328588], [9.58632147, -2.26936984], [9.58819366, -2.27832317], [9.58608711, -2.28026283], [9.58796656, -2.28515625], [9.58901083, -2.29006708], [9.58900976, -2.29054666], [9.58602655, -2.29519474], [9.58580923, -2.29653966], [9.58677685, -2.29963446], [9.58677673, -2.30053544], [9.58553994, -2.30517888], [9.58782446, -2.3321768], [9.58704817, -2.33974636], [9.58725977, -2.34031618], [9.59413707, -2.35194921], [9.60135937, -2.35899222], [9.610973, -2.37900865], [9.61522293, -2.38334441], [9.61886466, -2.39250505], [9.62765336, -2.40608621], [9.63043535, -2.4094516], [9.63227224, -2.41123044], [9.63669395, -2.41381645], [9.64193523, -2.41905761], [9.64513421, -2.42032623], [9.64993584, -2.42190814], [9.65033352, -2.42216063], [9.65190804, -2.42455387], [9.65563941, -2.4262768], [9.65722632, -2.42895937], [9.66356921, -2.43319643], [9.66655254, -2.4336009], [9.66963351, -2.43833363], [9.67241776, -2.43832743], [9.67394996, -2.44130325], [9.68059754, -2.44432676], [9.68391657, -2.44735205], [9.68866193, -2.45471263], [9.69558036, -2.45512295], [9.69910395, -2.4609375], [9.69938314, -2.4609375], [9.70444524, -2.46855676], [9.72544146, -2.47788358], [9.72608244, -2.47788405], [9.72837114, -2.47720754], [9.72972596, -2.47531915], [9.72705746, -2.46579671], [9.72730696, -2.4609375], [9.72752714, -2.45922041], [9.72611952, -2.45347226], [9.72710454, -2.45184052], [9.73115242, -2.44967258], [9.73174381, -2.44995475], [9.73209524, -2.45090616], [9.72891283, -2.45378184], [9.72873664, -2.45416546], [9.72789252, -2.45747435], [9.72814477, -2.4609375], [9.72791028, -2.46456695], [9.72803032, -2.46504617], [9.72937572, -2.46878731], [9.73114085, -2.47049022], [9.73118794, -2.47441792], [9.72946274, -2.47980452], [9.72293425, -2.47932148], [9.71612871, -2.47534704], [9.71557045, -2.47521341], [9.71448004, -2.47614706], [9.71502805, -2.47719908], [9.71989167, -2.48192394], [9.72247374, -2.4813801], [9.72766376, -2.49116564], [9.73443317, -2.49068713], [9.74212778, -2.49678063], [9.75175643, -2.50789785], [9.75682235, -2.51923406], [9.76281583, -2.52235973], [9.7758702, -2.52070832], [9.78317881, -2.51830244], [9.78896844, -2.51411295], [9.79260027, -2.51014721], [9.79458392, -2.50514984], [9.79918623, -2.50130975], [9.80125332, -2.50392103], [9.80671752, -2.50685978], [9.8070842, -2.50430357], [9.80533743, -2.49981666], [9.79969966, -2.49709904], [9.80249524, -2.49487615], [9.80279911, -2.49338377], [9.80166841, -2.49262834], [9.79745817, -2.49307024], [9.79852951, -2.49039304], [9.79614186, -2.48984468], [9.79606962, -2.48952484], [9.80239022, -2.48819947], [9.79854155, -2.48364425], [9.7986449, -2.48336804], [9.80001056, -2.48302603], [9.80358744, -2.48440015], [9.80458975, -2.48397982], [9.80481195, -2.48361957], [9.80274057, -2.47709954], [9.80530024, -2.47457385], [9.80712986, -2.47133243], [9.80792058, -2.46780217], [9.80845475, -2.46749401], [9.80968201, -2.46827495], [9.80859005, -2.47049785], [9.80873156, -2.47084045], [9.81112313, -2.47291505], [9.81817782, -2.47309101], [9.81851566, -2.47287583], [9.81995475, -2.47029245], [9.82154536, -2.46369755], [9.82162535, -2.46331775], [9.82085228, -2.4609375], [9.82057297, -2.4609375], [9.81950164, -2.45789552], [9.81950402, -2.45707762], [9.82117331, -2.45470691], [9.82362998, -2.45403874], [9.82438767, -2.45425546], [9.83422196, -2.45908976], [9.83628178, -2.45491815], [9.83585155, -2.45379615], [9.83523464, -2.45333242], [9.83293271, -2.45546365], [9.83098757, -2.4550004], [9.83407664, -2.45301616], [9.83433712, -2.44879806], [9.83579576, -2.44584525], [9.83698905, -2.44684505], [9.83660877, -2.44962585], [9.83764041, -2.44980562], [9.84023607, -2.44696236], [9.84147096, -2.44746244], [9.84023845, -2.44950545], [9.84098232, -2.4521805], [9.84256601, -2.45356464], [9.83802986, -2.45168006], [9.83687246, -2.45493841], [9.83743286, -2.45622444], [9.83920026, -2.45625985], [9.83960044, -2.45427954], [9.84080565, -2.45743835], [9.84375, -2.45814717], [9.84420371, -2.4588449], [9.84375, -2.45926344], [9.83897507, -2.45799434], [9.83853543, -2.45821273], [9.83825755, -2.45881736], [9.83956134, -2.4609375], [9.83900285, -2.4609375], [9.83723712, -2.45898414], [9.83654904, -2.4591372], [9.83621037, -2.4609375], [9.83629084, -2.46159804], [9.83464193, -2.46281672], [9.83647883, -2.46521091], [9.83467805, -2.46933401], [9.83126652, -2.46860564], [9.82872617, -2.47336304], [9.83037686, -2.475088], [9.83091116, -2.47500575], [9.83569217, -2.47207797], [9.83655155, -2.47166157], [9.83670902, -2.47160721], [9.83778965, -2.47191453], [9.83843243, -2.47280097], [9.83949673, -2.47502065], [9.83864295, -2.47727001], [9.84150994, -2.48146856], [9.83977628, -2.48392737], [9.83790755, -2.49120271], [9.83815193, -2.49178386], [9.83867276, -2.49170244], [9.84161723, -2.4883126], [9.84260488, -2.48952425], [9.84375, -2.48967636], [9.84975374, -2.491557], [9.85003293, -2.491557], [9.85482621, -2.48918867], [9.85511911, -2.48841476], [9.84925735, -2.48478997], [9.85657585, -2.48105204], [9.85685587, -2.4826045], [9.85540903, -2.48420501], [9.857023, -2.48827446], [9.86042714, -2.48873401], [9.85999143, -2.48487926], [9.86100936, -2.48386025], [9.86318743, -2.4850986], [9.86428261, -2.48827922], [9.86458576, -2.48831332], [9.86483073, -2.48773015], [9.86406863, -2.48288774], [9.86234665, -2.48123217], [9.86242676, -2.47842717], [9.86035633, -2.47636163], [9.85660922, -2.47601962], [9.85466516, -2.47356284], [9.85278595, -2.47381783], [9.85023224, -2.47610641], [9.84460676, -2.4696691], [9.84440255, -2.46918654], [9.84589732, -2.46597254], [9.84747398, -2.4678086], [9.84988463, -2.46698976], [9.84877634, -2.4609375], [9.84849703, -2.4609375], [9.84836245, -2.45884371], [9.84903204, -2.45366538], [9.84721136, -2.45176256], [9.84640276, -2.44769073], [9.84751403, -2.44207251], [9.84981251, -2.44153941], [9.8525902, -2.44381177], [9.85706365, -2.44413185], [9.85855985, -2.44263411], [9.85815024, -2.43862236], [9.85960162, -2.43787706], [9.86425436, -2.4471668], [9.86622977, -2.44813085], [9.87162685, -2.45440996], [9.86509025, -2.45050013], [9.86497724, -2.45659137], [9.86669791, -2.45752704], [9.86878037, -2.45659733], [9.86828256, -2.45852601], [9.86944425, -2.45981026], [9.87208116, -2.45915878], [9.87436664, -2.45670843], [9.87678075, -2.45832264], [9.87821674, -2.45811248], [9.87894416, -2.45531905], [9.8756777, -2.45251894], [9.87864065, -2.45116317], [9.88247776, -2.44227135], [9.88117182, -2.44116783], [9.87465036, -2.44388914], [9.87459731, -2.44216168], [9.87869895, -2.44017565], [9.87714505, -2.43788516], [9.87743306, -2.43593288], [9.88001215, -2.43883371], [9.88370621, -2.43641448], [9.88229895, -2.43452954], [9.88085783, -2.43421173], [9.87969613, -2.43524003], [9.87882066, -2.43439746], [9.88008034, -2.4331789], [9.88004124, -2.43122661], [9.87860155, -2.42980993], [9.87519717, -2.43066871], [9.87373936, -2.42987525], [9.87529087, -2.42770398], [9.8767488, -2.42073321], [9.87856245, -2.41889012], [9.88192713, -2.42215514], [9.88602507, -2.42281413], [9.88834691, -2.4220556], [9.89164805, -2.42546165], [9.89612913, -2.42317331], [9.89702153, -2.42472565], [9.89607394, -2.42844677], [9.89449167, -2.4295212], [9.89433205, -2.43235815], [9.89621186, -2.43555343], [9.89459133, -2.43592894], [9.89432681, -2.43703032], [9.8995105, -2.4483422], [9.89694905, -2.44870782], [9.89691806, -2.45144081], [9.89500844, -2.45106721], [9.89390695, -2.45426035], [9.89091647, -2.45621955], [9.89059007, -2.4567461], [9.89028931, -2.45997453], [9.89066207, -2.4609375], [9.8915801, -2.46224201], [9.89010358, -2.4609375], [9.88982451, -2.4609375], [9.88926601, -2.4609375], [9.88870752, -2.4609375], [9.8873533, -2.45931268], [9.88471985, -2.46007872], [9.88396037, -2.4609375], [9.88308287, -2.46432233], [9.87995636, -2.4662714], [9.87868333, -2.46777535], [9.87768602, -2.46972835], [9.87546372, -2.47784603], [9.86948085, -2.48063314], [9.87202454, -2.4871062], [9.8727864, -2.48547125], [9.87616491, -2.48452044], [9.87505722, -2.48163307], [9.87735605, -2.48123193], [9.87789154, -2.47655606], [9.87926543, -2.48002815], [9.87833464, -2.48454118], [9.87336504, -2.49027908], [9.87323451, -2.49263597], [9.87431777, -2.49317491], [9.87461722, -2.49312317], [9.87576151, -2.49108505], [9.87792778, -2.49049091], [9.87945783, -2.48866451], [9.88061666, -2.48507237], [9.88571036, -2.47929025], [9.88641024, -2.47783864], [9.8868463, -2.47440076], [9.884974, -2.47489691], [9.88298213, -2.47720075], [9.88209558, -2.47609031], [9.88307464, -2.47251284], [9.88550282, -2.47246945], [9.88656831, -2.47116888], [9.88714933, -2.46510875], [9.88795984, -2.4720304], [9.89333713, -2.47157836], [9.89762688, -2.47427154], [9.89803433, -2.47418034], [9.89922392, -2.47224081], [9.89827824, -2.46858811], [9.89971411, -2.4640491], [9.89853871, -2.46190274], [9.89876008, -2.4609375], [9.89871883, -2.4595896], [9.90165675, -2.45897162], [9.90252995, -2.45703125], [9.90350723, -2.45800781], [9.90068877, -2.46023595], [9.90071476, -2.4609375], [9.90095675, -2.46154201], [9.90650165, -2.46487701], [9.90797496, -2.4609375], [9.90881264, -2.4609375], [9.91091335, -2.45666921], [9.91181386, -2.45807743], [9.91048825, -2.4609375], [9.91299105, -2.46171868], [9.9131844, -2.46240294], [9.90946233, -2.46167076], [9.90899456, -2.46218288], [9.90887082, -2.46334326], [9.90922308, -2.46444631], [9.91251504, -2.46863735], [9.91104066, -2.46866023], [9.90957534, -2.46679783], [9.90834355, -2.46717381], [9.90790904, -2.46890032], [9.90946543, -2.47169328], [9.90434492, -2.47837615], [9.90375495, -2.48272455], [9.90059304, -2.48527658], [9.90302837, -2.48727727], [9.90352225, -2.49037206], [9.90607631, -2.49102998], [9.90304983, -2.49085116], [9.90082908, -2.48833025], [9.89719427, -2.49120307], [9.89625263, -2.48885035], [9.89228594, -2.49479365], [9.88996351, -2.49596202], [9.8928951, -2.50236344], [9.89647853, -2.49606574], [9.89806104, -2.49639332], [9.89711773, -2.50035763], [9.89954507, -2.50179708], [9.89574063, -2.50430524], [9.89468825, -2.50719774], [9.89947605, -2.506796], [9.9006536, -2.50796032], [9.89901805, -2.5101639], [9.89895594, -2.51251483], [9.89604831, -2.51387215], [9.89624596, -2.51492286], [9.89663386, -2.51517034], [9.89895487, -2.51535284], [9.90152085, -2.51314735], [9.90191805, -2.50739884], [9.90414393, -2.49956095], [9.90084457, -2.49466765], [9.90176141, -2.49301565], [9.90220046, -2.4926877], [9.90509105, -2.49252415], [9.90590084, -2.49278092], [9.90811145, -2.49521911], [9.91198337, -2.49607754], [9.91144204, -2.49247551], [9.90828502, -2.49226534], [9.91087854, -2.49076354], [9.91112041, -2.48804355], [9.9119817, -2.48772764], [9.91494918, -2.49588215], [9.91702676, -2.49692237], [9.91888022, -2.49583876], [9.92051756, -2.49725974], [9.91770375, -2.48924661], [9.91414416, -2.48533225], [9.91526675, -2.48494351], [9.92268944, -2.49606192], [9.92634547, -2.49066436], [9.92568862, -2.48727465], [9.92860508, -2.49056745], [9.92737257, -2.49474776], [9.93210125, -2.49511707], [9.92742658, -2.49544346], [9.92453074, -2.49814832], [9.92648375, -2.50008166], [9.92507672, -2.50282705], [9.92598343, -2.50572336], [9.9291743, -2.50253963], [9.92894685, -2.50494123], [9.93043435, -2.50583327], [9.93322623, -2.50595367], [9.93542743, -2.50389671], [9.93617034, -2.50445867], [9.93565464, -2.50656044], [9.92961073, -2.50780523], [9.92772567, -2.50989735], [9.92846787, -2.51126075], [9.93326843, -2.51136672], [9.93563485, -2.50918734], [9.93353868, -2.51319277], [9.92640233, -2.51411128], [9.92740881, -2.51599431], [9.93032217, -2.51644206], [9.93061674, -2.51893568], [9.93392897, -2.51911414], [9.93874693, -2.51592851], [9.94024551, -2.51119268], [9.94102287, -2.51497626], [9.94413495, -2.51715267], [9.94603085, -2.51540005], [9.94775367, -2.5177505], [9.95411766, -2.51855504], [9.95614386, -2.52008915], [9.95786774, -2.51773071], [9.95781887, -2.51594865], [9.95530736, -2.51495731], [9.95188761, -2.51073301], [9.95471263, -2.51065075], [9.95797944, -2.51278412], [9.96127355, -2.51124251], [9.96170092, -2.50856948], [9.95857894, -2.50387096], [9.95874214, -2.4977653], [9.96160793, -2.49415481], [9.96637416, -2.49406624], [9.96815693, -2.49593043], [9.96733463, -2.50390255], [9.96891177, -2.50357115], [9.97157121, -2.49967837], [9.97417176, -2.50128198], [9.97414744, -2.50397706], [9.97172225, -2.50850022], [9.97308576, -2.51417434], [9.97170615, -2.51675987], [9.97210038, -2.51865888], [9.97401595, -2.51945806], [9.97708654, -2.51812375], [9.98179042, -2.51418972], [9.98323596, -2.51118696], [9.98632908, -2.5096153], [9.98753274, -2.51044691], [9.98826945, -2.51581895], [9.97998381, -2.52240741], [9.9809674, -2.52472925], [9.98325014, -2.52588642], [9.98576772, -2.52531624], [9.98745585, -2.52728915], [9.99052048, -2.52840531], [9.99113274, -2.52775407], [9.99004924, -2.52498376], [9.99234176, -2.52165306], [9.99461687, -2.52073622], [9.99259555, -2.52327514], [9.99276996, -2.52512836], [9.99615753, -2.52637374], [9.99672925, -2.52852786], [9.99456811, -2.53192902], [9.99497175, -2.53474093], [9.99275982, -2.53575814], [9.99300861, -2.53654468], [9.99896955, -2.53433275], [9.99864554, -2.52821541], [10.00245786, -2.53276658], [10.00253046, -2.53456044], [10.00526953, -2.52914238], [10.00639427, -2.52999294], [10.00627792, -2.53380168], [10.01088941, -2.53411686], [10.01536524, -2.53582835], [10.01493788, -2.53935683], [10.01109576, -2.53891075], [10.00974596, -2.53999376], [10.00519705, -2.54049778], [10.00210381, -2.54255152], [10.00451243, -2.5463171], [10.00906158, -2.54676294], [10.00682712, -2.54841065], [10.00727081, -2.55022562], [10.01247406, -2.55079365], [10.01351786, -2.55305135], [10.0110445, -2.55373621], [10.01130986, -2.554829], [10.01361835, -2.55491495], [10.01690495, -2.55282652], [10.01682341, -2.55580366], [10.01554132, -2.55764258], [10.01851284, -2.55960393], [10.01895988, -2.56239593], [10.01600015, -2.56731451], [10.01308978, -2.56776834], [10.01029623, -2.56519067], [10.00468767, -2.55530047], [10.00214302, -2.55482018], [10.00267196, -2.55237305], [9.99913168, -2.55012333], [9.99945176, -2.54674566], [9.99475586, -2.54511476], [9.99279678, -2.54332662], [9.99158251, -2.54446745], [9.99388945, -2.54903471], [9.99213254, -2.54749823], [9.99038887, -2.54775143], [9.98990023, -2.54662287], [9.98656285, -2.54639125], [9.98548484, -2.54383588], [9.98245096, -2.54551828], [9.98202884, -2.54667294], [9.98375177, -2.54689944], [9.9862467, -2.55074787], [9.98509741, -2.55186451], [9.98412776, -2.55107725], [9.98270905, -2.55309308], [9.98210132, -2.55220413], [9.98035407, -2.55302358], [9.98308373, -2.55369866], [9.98094344, -2.55771124], [9.98089886, -2.56026864], [9.97935462, -2.56203926], [9.98167384, -2.56349242], [9.98547876, -2.55729425], [9.98785186, -2.56000507], [9.99212277, -2.5553894], [9.99280787, -2.55590594], [9.99071145, -2.55951762], [9.99388874, -2.56063044], [9.99095953, -2.561046], [9.98980153, -2.56289411], [9.99355257, -2.56487846], [9.98629785, -2.56470203], [9.98453057, -2.56759667], [9.98549795, -2.56938744], [9.98992634, -2.57003224], [9.98841834, -2.57113814], [9.98971272, -2.57308245], [9.98881614, -2.57626236], [9.98675728, -2.57799876], [9.98820364, -2.58275783], [9.98960304, -2.58229327], [9.99150181, -2.57816744], [9.99245274, -2.57870233], [9.99205232, -2.58088291], [9.99472296, -2.58021367], [9.99321055, -2.58262467], [9.99576092, -2.58199656], [9.99670923, -2.58012462], [9.99811065, -2.58366323], [9.99706745, -2.58750927], [9.99466383, -2.58875775], [9.99431956, -2.58703792], [9.99243605, -2.58683026], [9.99364567, -2.59049535], [9.99287152, -2.59249377], [9.9941138, -2.59498978], [9.99235106, -2.59564114], [9.99027085, -2.59479535], [9.98898125, -2.59891713], [9.98762775, -2.60001636], [9.98837137, -2.60213447], [9.9862622, -2.60337412], [9.98542905, -2.60618615], [9.99043667, -2.60568964], [9.99633813, -2.60989261], [9.99806547, -2.60488427], [10.00013244, -2.60427761], [10.00118697, -2.60710502], [10.00035441, -2.60872412], [10.00315154, -2.60707211], [10.00731015, -2.61109865], [10.0049051, -2.61273813], [10.0093472, -2.61292136], [10.00919068, -2.61512792], [10.00627935, -2.61559963], [10.00613153, -2.61655974], [10.00903285, -2.61792696], [10.01080978, -2.62140107], [10.01435482, -2.62036932], [10.01454711, -2.62200594], [10.01257944, -2.62341654], [10.01243901, -2.62510443], [10.01478291, -2.62891793], [10.01553571, -2.62691152], [10.01693058, -2.62745881], [10.01782107, -2.62657511], [10.01417577, -2.62550914], [10.01613832, -2.62241983], [10.01553166, -2.61984527], [10.01907051, -2.62208271], [10.01953125, -2.62207401], [10.02010858, -2.62170875], [10.02319372, -2.61411524], [10.02092755, -2.61286044], [10.02081835, -2.61259615], [10.02214456, -2.61107135], [10.02213383, -2.61070704], [10.02152812, -2.60949397], [10.01953125, -2.60799181], [10.01182234, -2.6033591], [10.01425076, -2.59852552], [10.01851416, -2.5981251], [10.01953125, -2.59840608], [10.02229667, -2.60101664], [10.0256778, -2.60058844], [10.02640784, -2.60361421], [10.02768552, -2.60488152], [10.03031135, -2.60663044], [10.03112864, -2.60670865], [10.03149724, -2.60635614], [10.03049684, -2.60428536], [10.03164291, -2.60425091], [10.03262162, -2.60639775], [10.03387082, -2.60677946], [10.03333545, -2.60802865], [10.03601885, -2.61042488], [10.03812861, -2.60814297], [10.04017842, -2.60791707], [10.03807473, -2.60449612], [10.03891325, -2.60063267], [10.03758001, -2.59844685], [10.04147816, -2.59374106], [10.04784274, -2.59045064], [10.04940987, -2.59099281], [10.05233026, -2.59297133], [10.05304897, -2.60023236], [10.05652475, -2.59249091], [10.05785727, -2.59170365], [10.05969357, -2.59315455], [10.06165886, -2.5902791], [10.06081474, -2.58735406], [10.05594516, -2.58518314], [10.05683768, -2.58360302], [10.05955863, -2.58242977], [10.05711925, -2.57624936], [10.05768442, -2.57148111], [10.06079531, -2.56817234], [10.05642164, -2.5631901], [10.05391395, -2.56300175], [10.05334735, -2.56556535], [10.0509274, -2.56320524], [10.05301666, -2.5583266], [10.0559473, -2.55781615], [10.05630326, -2.55779457], [10.05509281, -2.55993736], [10.06048322, -2.56341743], [10.06347406, -2.56066728], [10.06381702, -2.56197703], [10.06141496, -2.56576276], [10.06383097, -2.56857574], [10.06704664, -2.56510496], [10.06637466, -2.56357968], [10.06716502, -2.5592736], [10.06798744, -2.55862558], [10.06878996, -2.55932832], [10.06867731, -2.56324601], [10.06979656, -2.56614745], [10.06493592, -2.56919587], [10.0648849, -2.5710113], [10.06640244, -2.57192612], [10.06948173, -2.57247066], [10.07134187, -2.57146084], [10.07252836, -2.56450832], [10.07470048, -2.56578314], [10.07466197, -2.56729925], [10.07590163, -2.56724417], [10.07679415, -2.56558037], [10.07942796, -2.56766176], [10.07973647, -2.57268465], [10.08181214, -2.57090795], [10.08613575, -2.57324505], [10.08554888, -2.57515323], [10.08233643, -2.57739794], [10.08397245, -2.58001316], [10.08169365, -2.58131981], [10.08350563, -2.58541524], [10.08682156, -2.58435011], [10.08800137, -2.58599424], [10.08609796, -2.58830285], [10.08638465, -2.59227121], [10.08397794, -2.59176397], [10.08309972, -2.59254551], [10.08441174, -2.59505475], [10.08305454, -2.59726357], [10.08525562, -2.59927738], [10.08199775, -2.60337973], [10.08294714, -2.60438621], [10.08545792, -2.60415065], [10.08726931, -2.60927558], [10.0890069, -2.60744405], [10.09273064, -2.60637677], [10.09747004, -2.60764456], [10.0949645, -2.60415292], [10.09293711, -2.60389447], [10.09217501, -2.60252774], [10.09775543, -2.59936786], [10.09896743, -2.60051095], [10.09692073, -2.60223782], [10.09700894, -2.60335016], [10.10309458, -2.60359907], [10.10835171, -2.60775173], [10.11011493, -2.60951686], [10.11129093, -2.61338377], [10.11740148, -2.61848676], [10.11989665, -2.62468755], [10.12082505, -2.622738], [10.12391603, -2.62238336], [10.12541854, -2.61971331], [10.13133335, -2.62582195], [10.13474476, -2.62539625], [10.14102864, -2.62659752], [10.14629126, -2.62564087], [10.14756966, -2.62427473], [10.14787412, -2.61748195], [10.14235032, -2.61320686], [10.14241946, -2.60991168], [10.14002645, -2.60811675], [10.14002311, -2.60560822], [10.13737178, -2.60250294], [10.13378644, -2.60143745], [10.12693775, -2.59645057], [10.12663805, -2.59312606], [10.12929285, -2.59105814], [10.12813365, -2.58661282], [10.12586451, -2.5843122], [10.12228024, -2.58330393], [10.12211955, -2.57598817], [10.11929858, -2.57306421], [10.11793387, -2.56710267], [10.11423194, -2.56376314], [10.11708212, -2.55827725], [10.11664903, -2.55322874], [10.11824441, -2.54843545], [10.11534965, -2.55072331], [10.11094022, -2.55149925], [10.11102033, -2.55337954], [10.10948503, -2.55495942], [10.10995221, -2.5523231], [10.10658026, -2.5439682], [10.10718048, -2.54115105], [10.10520053, -2.53855062], [10.10341001, -2.54148388], [10.10398436, -2.54309511], [10.10216355, -2.54300404], [10.10072017, -2.54595387], [10.09870636, -2.54422271], [10.09890318, -2.54139614], [10.09713876, -2.54033267], [10.09485865, -2.54660404], [10.09437633, -2.55176473], [10.09285855, -2.55074024], [10.09280932, -2.54780471], [10.08867955, -2.54977715], [10.09029436, -2.54709804], [10.08902287, -2.54570198], [10.09394884, -2.54282916], [10.09214914, -2.53929555], [10.08873641, -2.54128933], [10.08599198, -2.54129767], [10.08337152, -2.54371846], [10.08042252, -2.54330766], [10.07750547, -2.54124308], [10.07698035, -2.53836632], [10.07813394, -2.53643918], [10.08476174, -2.53734422], [10.08667326, -2.53576887], [10.08848345, -2.53324246], [10.08913577, -2.52769423], [10.08682787, -2.52315843], [10.08347666, -2.52300203], [10.08181536, -2.52413666], [10.07847071, -2.51652181], [10.07613027, -2.51409686], [10.08007431, -2.51187468], [10.08015251, -2.5065186], [10.08343506, -2.50675821], [10.08429468, -2.50936735], [10.08535898, -2.50875342], [10.08412373, -2.51200294], [10.08470845, -2.51280034], [10.08335006, -2.51313293], [10.08327985, -2.51576972], [10.08163893, -2.51606023], [10.08257854, -2.51763225], [10.08889401, -2.52115095], [10.09357464, -2.52103937], [10.09247923, -2.52277422], [10.09748006, -2.52607834], [10.09866476, -2.52468824], [10.09864974, -2.51790094], [10.10348594, -2.51597035], [10.10630405, -2.51800966], [10.10805452, -2.51755035], [10.11140394, -2.52035463], [10.11081791, -2.52245605], [10.11260712, -2.52530241], [10.11402237, -2.52536166], [10.11360455, -2.52644992], [10.11144137, -2.52660942], [10.11130047, -2.5304116], [10.10902202, -2.53144908], [10.10878646, -2.53312874], [10.11386335, -2.53321683], [10.11499166, -2.53557932], [10.11666715, -2.53619575], [10.12288725, -2.53522825], [10.12703836, -2.53713918], [10.12970126, -2.53975534], [10.13076365, -2.54193687], [10.12925875, -2.54476845], [10.12708974, -2.54301155], [10.12643766, -2.54425263], [10.12242615, -2.54314685], [10.12878704, -2.54605854], [10.1262331, -2.54929936], [10.12563586, -2.55760241], [10.12809455, -2.56069934], [10.12842977, -2.56348145], [10.13081372, -2.56334662], [10.12997305, -2.55568457], [10.13281035, -2.55499446], [10.13350296, -2.55631876], [10.13486075, -2.55610657], [10.13565814, -2.55431914], [10.13262343, -2.54714346], [10.13497233, -2.54630113], [10.13335991, -2.54548681], [10.13383937, -2.5445683], [10.14293456, -2.54523075], [10.14808846, -2.54862773], [10.14861321, -2.55187106], [10.14799404, -2.55585635], [10.14428103, -2.56345737], [10.14773297, -2.56383741], [10.15070045, -2.56756365], [10.15228295, -2.56548715], [10.15039802, -2.55998707], [10.15207243, -2.55625725], [10.15488768, -2.55402136], [10.15614224, -2.55048037], [10.15772974, -2.55022621], [10.159428, -2.55292678], [10.16476822, -2.55310547], [10.16564155, -2.55865824], [10.16210926, -2.56184566], [10.16452253, -2.5667237], [10.163607, -2.57360494], [10.16457367, -2.57527995], [10.16911995, -2.57481587], [10.16819394, -2.5757606], [10.16838694, -2.57949531], [10.17451632, -2.57921398], [10.18379652, -2.57693946], [10.19113147, -2.58124602], [10.19260144, -2.57858205], [10.1953125, -2.57784593], [10.19611573, -2.5779165], [10.19714546, -2.58045816], [10.1953125, -2.58119404], [10.1930418, -2.58268535], [10.19117212, -2.5850383], [10.19161236, -2.59013367], [10.19148815, -2.59091854], [10.18946135, -2.59354424], [10.18977046, -2.59424806], [10.19127655, -2.59472573], [10.1953125, -2.59402895], [10.19913745, -2.59563017], [10.19951832, -2.59562504], [10.20384455, -2.59527206], [10.20552051, -2.59400213], [10.20724654, -2.59637737], [10.20983863, -2.59569895], [10.21041644, -2.59361208], [10.21129346, -2.59360445], [10.21265388, -2.59484041], [10.2108289, -2.5970118], [10.2109431, -2.59885812], [10.21355736, -2.59873414], [10.21629691, -2.60062182], [10.21637082, -2.59536517], [10.21863866, -2.59545565], [10.21984053, -2.59837461], [10.22081065, -2.59727442], [10.22136581, -2.59120882], [10.22486556, -2.59211326], [10.22296953, -2.59497082], [10.22551394, -2.59719968], [10.22515523, -2.60085654], [10.22334921, -2.6002115], [10.2185533, -2.60173476], [10.21755254, -2.60368693], [10.21556604, -2.60450387], [10.21891141, -2.60759735], [10.22078025, -2.60472775], [10.22448015, -2.60578382], [10.22381735, -2.60776174], [10.22088921, -2.60714138], [10.22018623, -2.60984576], [10.21747827, -2.60896993], [10.21613586, -2.61046827], [10.21410143, -2.60835958], [10.21414697, -2.6061784], [10.21248376, -2.6060189], [10.20990086, -2.60330606], [10.20760775, -2.60429037], [10.20582044, -2.60370541], [10.20294595, -2.60609996], [10.20047915, -2.60480177], [10.1953125, -2.60714281], [10.19506812, -2.60801983], [10.1953125, -2.61049104], [10.1953125, -2.61132812], [10.1953125, -2.61411834], [10.20082796, -2.61339486], [10.20093024, -2.61044192], [10.20567203, -2.61224341], [10.20883095, -2.61149645], [10.21302557, -2.61573446], [10.21502936, -2.61503172], [10.21890867, -2.61690021], [10.22000337, -2.61644816], [10.21960032, -2.61856902], [10.21479964, -2.6178205], [10.20707691, -2.61934865], [10.20799983, -2.6216135], [10.21098995, -2.62096226], [10.21340466, -2.62204325], [10.21167457, -2.62293613], [10.21070957, -2.62625122], [10.21574187, -2.62946022], [10.21903575, -2.62828195], [10.22022951, -2.63220525], [10.21592164, -2.63153052], [10.21399355, -2.63351917], [10.21052575, -2.63365662], [10.20933533, -2.6323148], [10.20547044, -2.63249552], [10.20278156, -2.62856817], [10.20149076, -2.62906361], [10.20008802, -2.63207805], [10.1953125, -2.63337052], [10.19504285, -2.63353992], [10.1953125, -2.63616073], [10.19559157, -2.63630021], [10.19559157, -2.63671875], [10.19582808, -2.63809085], [10.1953125, -2.63811386], [10.18978834, -2.63798571], [10.18944836, -2.63671875], [10.18852425, -2.63641608], [10.18725824, -2.6348567], [10.18770254, -2.63349617], [10.18662262, -2.63187945], [10.18410027, -2.63136423], [10.18237746, -2.62929571], [10.18395507, -2.62822652], [10.18411505, -2.62793314], [10.18431735, -2.62593734], [10.18401957, -2.62566674], [10.18088841, -2.62419724], [10.17898965, -2.62692726], [10.17329252, -2.62543845], [10.16950274, -2.62578201], [10.16938567, -2.61971867], [10.17117226, -2.61731315], [10.17070937, -2.61314166], [10.16847301, -2.61041164], [10.16781461, -2.61051488], [10.16630757, -2.61271524], [10.16616917, -2.61333561], [10.16679203, -2.61799955], [10.16456115, -2.61788344], [10.16322696, -2.62406898], [10.15722394, -2.62114537], [10.15838265, -2.62572336], [10.16149545, -2.62813377], [10.15965366, -2.63000095], [10.15926135, -2.62789154], [10.15708554, -2.62852895], [10.15370584, -2.63671875], [10.15342653, -2.63671875], [10.12885356, -2.63671875], [10.12857425, -2.63671875], [10.12397695, -2.63330567], [10.12367761, -2.63322353], [10.12261045, -2.63368022], [10.12222135, -2.63467813], [10.12242401, -2.63574934], [10.12326872, -2.63671875], [10.12354791, -2.63671875], [10.12681556, -2.64056575], [10.12710476, -2.6427294], [10.12582064, -2.64216924], [10.12545955, -2.64358497], [10.12790167, -2.64663148], [10.12445605, -2.64688051], [10.12411284, -2.64775717], [10.1260221, -2.65147316], [10.12487245, -2.65465057], [10.12770677, -2.65728176], [10.12518883, -2.66098797], [10.12569904, -2.66312826], [10.12374711, -2.66605926], [10.12354696, -2.66853917], [10.12268996, -2.66908026], [10.12095821, -2.66706872], [10.11810434, -2.67013931], [10.11662507, -2.66834164], [10.11784792, -2.66601336], [10.11512244, -2.66595185], [10.11461771, -2.66398466], [10.11115956, -2.66263294], [10.11076283, -2.66099334], [10.11252487, -2.65937066], [10.11630225, -2.65916431], [10.11942732, -2.65388644], [10.11988807, -2.6491338], [10.11859334, -2.64451754], [10.1191107, -2.64231455], [10.12143242, -2.63972747], [10.12103474, -2.63671875], [10.12075555, -2.63671875], [10.11807823, -2.63436222], [10.11741531, -2.63429391], [10.11113584, -2.63454676], [10.11026776, -2.63469398], [10.10667086, -2.63638282], [10.10554111, -2.63591063], [10.10455954, -2.63671875], [10.10224056, -2.63878405], [10.09939516, -2.6379168], [10.09901273, -2.63881016], [10.09900618, -2.64187777], [10.10217881, -2.64812017], [10.09966767, -2.64881921], [10.0973891, -2.64117932], [10.09655547, -2.64329004], [10.09614861, -2.64374924], [10.0938071, -2.64509034], [10.09349465, -2.64569175], [10.09396851, -2.64631617], [10.09589815, -2.64711475], [10.09382665, -2.64741075], [10.09308147, -2.64792621], [10.09314251, -2.64857554], [10.09342778, -2.64909172], [10.09704554, -2.65144277], [10.09630692, -2.65199685], [10.09413421, -2.65043747], [10.09252608, -2.65164197], [10.09725595, -2.65602374], [10.09126711, -2.6543864], [10.09476173, -2.65999126], [10.09322846, -2.6598165], [10.09117997, -2.66193187], [10.09227586, -2.66337943], [10.09046245, -2.66549802], [10.09016478, -2.67015886], [10.08842874, -2.67037058], [10.0908277, -2.67254722], [10.08764148, -2.67230046], [10.08759761, -2.67271781], [10.09185481, -2.67752504], [10.09120071, -2.67932367], [10.09308136, -2.68401134], [10.09294915, -2.6864742], [10.09491014, -2.68956983], [10.09357226, -2.69669282], [10.08303475, -2.69692397], [10.07995963, -2.69566095], [10.07610011, -2.69636691], [10.07440436, -2.69557202], [10.07183993, -2.69634962], [10.07087362, -2.69291484], [10.0657922, -2.69441354], [10.05919135, -2.69124722], [10.05708885, -2.6932199], [10.05730855, -2.69805574], [10.05489147, -2.69590592], [10.04869187, -2.69806755], [10.04985785, -2.69617951], [10.05508876, -2.69401348], [10.0564568, -2.69172204], [10.05590665, -2.69046831], [10.05271304, -2.68987131], [10.04549456, -2.69209826], [10.04689407, -2.68857205], [10.04827857, -2.68998075], [10.04947245, -2.68876696], [10.04793406, -2.68553317], [10.04404128, -2.68359685], [10.0473026, -2.68145454], [10.04685545, -2.67969215], [10.04509807, -2.68027985], [10.04684555, -2.67593801], [10.04641736, -2.67472506], [10.04483533, -2.67457175], [10.04509032, -2.67233801], [10.04804826, -2.67319858], [10.05136955, -2.67243695], [10.05202544, -2.67111433], [10.05124438, -2.67024815], [10.04722202, -2.67122173], [10.04381335, -2.66623223], [10.04193032, -2.67165375], [10.03898084, -2.67087698], [10.03960144, -2.67514861], [10.04253495, -2.67515576], [10.04114127, -2.68309104], [10.03979576, -2.68503714], [10.03178596, -2.68811834], [10.03219128, -2.68985617], [10.03374386, -2.69051182], [10.03309703, -2.69127584], [10.03074646, -2.69193995], [10.02960205, -2.69069171], [10.02421057, -2.69473064], [10.02348733, -2.69395125], [10.01888025, -2.69524682], [10.01746666, -2.69798446], [10.01740634, -2.70149624], [10.01896048, -2.70378113], [10.02599525, -2.70326221], [10.03296745, -2.70572877], [10.03411174, -2.70871615], [10.03324342, -2.71326172], [10.03073931, -2.71537232], [10.02562416, -2.71670973], [10.01938725, -2.71696985], [10.0117532, -2.71509397], [10.00115395, -2.72465026], [10.00037587, -2.72918904], [9.99634981, -2.72976995], [9.99500787, -2.72327673], [10.00122237, -2.71621084], [10.00074971, -2.71081626], [10.00177348, -2.70730281], [10.00702512, -2.70175922], [10.01568997, -2.70127976], [10.01505506, -2.69759655], [10.01225114, -2.69803846], [10.01256514, -2.69227362], [10.01477218, -2.6926707], [10.01575124, -2.69001114], [10.0183295, -2.69210601], [10.01880181, -2.68894815], [10.02101433, -2.69061017], [10.02440262, -2.68872452], [10.02391326, -2.68463695], [10.02511835, -2.68503904], [10.02547204, -2.68407285], [10.02508712, -2.68228233], [10.02292573, -2.68085873], [10.02059436, -2.68144965], [10.0202018, -2.68369913], [10.01832604, -2.68375647], [10.01658177, -2.68171191], [10.01357484, -2.68287814], [10.01421022, -2.68168294], [10.01161373, -2.68110573], [10.01364827, -2.67892075], [10.01149344, -2.67695785], [10.00883818, -2.67826056], [10.00792491, -2.67394638], [10.00494194, -2.67179644], [10.00169218, -2.66578793], [9.9973731, -2.66719353], [9.99925315, -2.66583848], [10.00037956, -2.66283071], [10.00069416, -2.65639317], [10.00591731, -2.65376258], [10.01122582, -2.66014266], [10.01513934, -2.65753257], [10.01592267, -2.65895903], [10.01349235, -2.65887284], [10.01234662, -2.66270185], [10.01690316, -2.66779494], [10.01984215, -2.66903305], [10.02133954, -2.66889834], [10.0245198, -2.66739488], [10.02754736, -2.66563272], [10.02930605, -2.66329014], [10.03252625, -2.66275692], [10.03287244, -2.66205215], [10.03286874, -2.66162586], [10.03244555, -2.66049695], [10.03209162, -2.66029465], [10.02969325, -2.66057694], [10.0290271, -2.66033888], [10.02626872, -2.65899873], [10.02535212, -2.65755355], [10.02306247, -2.65845251], [10.02103901, -2.65783834], [10.02096772, -2.65628195], [10.02411354, -2.6541177], [10.02429533, -2.65277255], [10.02715135, -2.65316296], [10.02744043, -2.65270984], [10.0271275, -2.65107465], [10.02576232, -2.65001714], [10.02340865, -2.64903927], [10.02386582, -2.65038526], [10.02263415, -2.65144873], [10.01996493, -2.65045404], [10.01676011, -2.65195763], [10.01825655, -2.6503998], [10.01694417, -2.64847314], [10.01239514, -2.64522755], [10.00812995, -2.64459991], [10.00746751, -2.64460266], [10.00416327, -2.64646435], [10.00394261, -2.65047562], [10.00133014, -2.64447057], [10.00560164, -2.6425842], [10.00236201, -2.64165556], [10.00313103, -2.64075541], [10.00222862, -2.63848913], [10.00020325, -2.64281797], [9.99739885, -2.64247155], [9.99635887, -2.64409697], [9.99535716, -2.64388478], [9.9975723, -2.64139414], [9.99809492, -2.63962412], [9.99783337, -2.63870013], [9.99684131, -2.63720202], [9.99643016, -2.63738406], [9.99444616, -2.63937664], [9.99364173, -2.64199936], [9.99315977, -2.64192796], [9.99127316, -2.63992703], [9.99092054, -2.63934505], [9.99123287, -2.63904214], [9.99297035, -2.63885605], [9.99314296, -2.63671875], [9.99316776, -2.63540626], [9.99508226, -2.63365996], [9.99314046, -2.63264597], [9.99167895, -2.63480771], [9.98971891, -2.63501644], [9.98839605, -2.63671875], [9.98742413, -2.63756955], [9.98732674, -2.63784957], [9.98782706, -2.64038396], [9.98512447, -2.64248574], [9.98467708, -2.64439881], [9.98465717, -2.64519966], [9.98485136, -2.64552796], [9.98610342, -2.64472401], [9.98687327, -2.64526474], [9.98705161, -2.64717186], [9.9891386, -2.64709115], [9.98733163, -2.65027106], [9.98863673, -2.65150738], [9.9884361, -2.65455878], [9.98878765, -2.65535212], [9.98906314, -2.65559542], [9.99048543, -2.65428877], [9.99165344, -2.65545833], [9.98886597, -2.65762234], [9.9876883, -2.65555441], [9.98582804, -2.6561861], [9.98632383, -2.66181946], [9.98606706, -2.66229236], [9.98428226, -2.6641041], [9.98449147, -2.66145587], [9.98270595, -2.66156662], [9.98144245, -2.66480696], [9.97937298, -2.66501665], [9.98024583, -2.66755915], [9.98013723, -2.66792941], [9.97932255, -2.66767085], [9.9774636, -2.66562867], [9.97541058, -2.665398], [9.97529793, -2.66447234], [9.97888207, -2.66473937], [9.97908843, -2.65792561], [9.98336434, -2.65616596], [9.98084056, -2.65281641], [9.97540784, -2.65166903], [9.97479761, -2.64999855], [9.97684562, -2.65004087], [9.97990155, -2.64468944], [9.97850132, -2.64267516], [9.97252107, -2.64346576], [9.97481501, -2.64218175], [9.97496593, -2.64190245], [9.97522438, -2.63855433], [9.97504175, -2.63760376], [9.97303784, -2.63671875], [9.97220016, -2.63671875], [9.96985471, -2.63423395], [9.96968687, -2.63671875], [9.96965301, -2.63771153], [9.96939301, -2.63820303], [9.9674437, -2.63878274], [9.96648455, -2.63847005], [9.96556091, -2.63780046], [9.96549845, -2.63671875], [9.96573532, -2.63442051], [9.96416724, -2.63262045], [9.96382284, -2.63671875], [9.96371818, -2.63733006], [9.96317244, -2.63753486], [9.96298516, -2.63671875], [9.96307123, -2.63576126], [9.95797324, -2.63411844], [9.95749044, -2.63400137], [9.95359135, -2.63515127], [9.95330775, -2.63495815], [9.95284867, -2.63226795], [9.95763826, -2.63302946], [9.95836306, -2.63201392], [9.95400775, -2.62988615], [9.95086896, -2.62531686], [9.94783795, -2.62362981], [9.94551802, -2.61856675], [9.94254231, -2.61827815], [9.94330704, -2.62190056], [9.94183767, -2.62209451], [9.94256842, -2.62139332], [9.94187236, -2.61960995], [9.93509066, -2.60895657], [9.93530786, -2.6056838], [9.93353033, -2.60099661], [9.93011844, -2.60009646], [9.92753983, -2.59544337], [9.92630684, -2.59593976], [9.92564964, -2.59836876], [9.92210233, -2.59923935], [9.92270196, -2.59723425], [9.92064905, -2.59382701], [9.920053, -2.58976793], [9.92066157, -2.58598471], [9.91827476, -2.58627176], [9.91481292, -2.59321785], [9.91301823, -2.58948815], [9.9165349, -2.58689201], [9.91621232, -2.58458555], [9.91398191, -2.58455384], [9.91188455, -2.58728445], [9.90881264, -2.58691394], [9.90803015, -2.58205032], [9.90959394, -2.57967234], [9.90736985, -2.57920015], [9.90653264, -2.57744324], [9.90593553, -2.57957506], [9.90408564, -2.57934225], [9.90385485, -2.57884288], [9.90489793, -2.57594383], [9.90486741, -2.57133555], [9.90428233, -2.56961477], [9.90384615, -2.56949615], [9.89907837, -2.57108891], [9.89817202, -2.57624781], [9.89880276, -2.57912505], [9.89637816, -2.58021855], [9.89314938, -2.57932496], [9.88976705, -2.57979155], [9.8892287, -2.58137524], [9.89060593, -2.58427334], [9.88998961, -2.58703196], [9.89249194, -2.58812678], [9.89339018, -2.58694685], [9.89859724, -2.58620536], [9.90118301, -2.59393561], [9.90446556, -2.59575033], [9.90426135, -2.59936464], [9.90234745, -2.60036206], [9.90028667, -2.59923196], [9.90069914, -2.59331441], [9.89921105, -2.59251094], [9.89465833, -2.59406066], [9.89525783, -2.59297645], [9.89343154, -2.59212673], [9.89238966, -2.59389508], [9.88790083, -2.59642816], [9.88669765, -2.59851027], [9.8825562, -2.59732795], [9.88199747, -2.59431398], [9.88785207, -2.5933454], [9.88672376, -2.59163356], [9.88573945, -2.58441496], [9.8820368, -2.58148396], [9.88315213, -2.57859552], [9.88610065, -2.57727468], [9.88722932, -2.57547557], [9.8838129, -2.57190204], [9.87893414, -2.57184696], [9.87976015, -2.55824995], [9.87627125, -2.55558026], [9.87401545, -2.55699682], [9.87308562, -2.55966985], [9.86335278, -2.55643427], [9.85994375, -2.55858231], [9.85790825, -2.55562556], [9.85649157, -2.55850506], [9.85505354, -2.55907798], [9.85146153, -2.55800593], [9.84986866, -2.55445266], [9.85919118, -2.55209231], [9.85644555, -2.54896176], [9.8585155, -2.54461777], [9.8607589, -2.54547465], [9.86322296, -2.5496639], [9.86466813, -2.55020738], [9.8636049, -2.54504395], [9.86519325, -2.54251003], [9.86508095, -2.54204476], [9.86393011, -2.53967786], [9.86346495, -2.54040015], [9.86163938, -2.53770065], [9.8603729, -2.53725052], [9.85783386, -2.53819597], [9.85223985, -2.53762436], [9.84975064, -2.53879893], [9.84970856, -2.54142714], [9.84768415, -2.54285645], [9.84629881, -2.54626775], [9.84848797, -2.54777825], [9.84841955, -2.54805756], [9.8462882, -2.54787254], [9.84613454, -2.54810834], [9.84662366, -2.55195522], [9.84654272, -2.55253482], [9.84545755, -2.55401385], [9.84375, -2.55440843], [9.83936036, -2.55605304], [9.83353257, -2.55649233], [9.8263967, -2.55372083], [9.82716525, -2.55309665], [9.83618927, -2.55505633], [9.84214067, -2.55273592], [9.84375, -2.55078125], [9.84399426, -2.55032277], [9.84375, -2.54882813], [9.84375, -2.53711224], [9.84375, -2.52594864], [9.84375, -2.5234375], [9.84375, -2.51917362], [9.84375, -2.51506686], [9.84423006, -2.51302397], [9.84375, -2.51088154], [9.84298778, -2.5099684], [9.84298861, -2.50930405], [9.84361041, -2.50697541], [9.84375, -2.50697541], [9.84375, -2.50669634], [9.84479928, -2.50211751], [9.84480155, -2.50178635], [9.84375, -2.49916291], [9.84375, -2.49888384], [9.8423357, -2.49782193], [9.84156597, -2.49792254], [9.83999181, -2.50216305], [9.83855605, -2.50171506], [9.83802271, -2.49778187], [9.83090997, -2.50045061], [9.82567203, -2.51087546], [9.82633281, -2.51363087], [9.82860243, -2.51481974], [9.82868016, -2.51854491], [9.82733691, -2.51946437], [9.82710016, -2.51710844], [9.82592881, -2.51661265], [9.82797611, -2.51548505], [9.82577384, -2.51420164], [9.82567942, -2.51295555], [9.82348251, -2.51265848], [9.82329166, -2.51129592], [9.82495081, -2.51076794], [9.82554817, -2.50919688], [9.82114351, -2.50909233], [9.82406962, -2.50660646], [9.82383025, -2.50112283], [9.82576954, -2.49711823], [9.82559645, -2.4938097], [9.82865644, -2.48838794], [9.82736194, -2.48061633], [9.82829654, -2.46900654], [9.82708764, -2.46620131], [9.82262897, -2.46518075], [9.82285774, -2.46869385], [9.82203138, -2.47160065], [9.81948495, -2.47560513], [9.81944716, -2.47807026], [9.82022667, -2.47916436], [9.82127452, -2.47901547], [9.823807, -2.47498131], [9.82428634, -2.47493505], [9.82490635, -2.47656822], [9.82488835, -2.47731411], [9.82206798, -2.48033667], [9.82063413, -2.48541713], [9.82061315, -2.48584115], [9.8208909, -2.48662245], [9.82445455, -2.4878906], [9.82305622, -2.48953044], [9.82367468, -2.49344945], [9.82017314, -2.49687111], [9.81794572, -2.49682558], [9.81642115, -2.49471974], [9.81311274, -2.49573326], [9.81088376, -2.49500394], [9.80920827, -2.49893308], [9.81188297, -2.49892855], [9.8129642, -2.50182796], [9.81054151, -2.50839412], [9.81608057, -2.50996816], [9.81745815, -2.51181054], [9.81807244, -2.51675892], [9.82124186, -2.51741886], [9.82128072, -2.51767087], [9.81917477, -2.52056491], [9.8181442, -2.52065933], [9.81702185, -2.51733458], [9.81346822, -2.51399934], [9.81212366, -2.51301324], [9.8109802, -2.51262653], [9.80780625, -2.51319635], [9.8011018, -2.50804436], [9.79660821, -2.51048195], [9.79188001, -2.51840806], [9.78700066, -2.52105331], [9.79010522, -2.52472877], [9.78960598, -2.53276587], [9.79166353, -2.53769505], [9.79583955, -2.54160321], [9.802302, -2.53950894], [9.80620825, -2.53139126], [9.80766153, -2.53126264], [9.80602264, -2.53643358], [9.80310655, -2.53978884], [9.80323875, -2.5414077], [9.8026911, -2.54193985], [9.79646742, -2.54311275], [9.79543114, -2.54293954], [9.79297853, -2.54177797], [9.79071808, -2.53950441], [9.78959227, -2.53474498], [9.78819537, -2.53347766], [9.78797817, -2.53229284], [9.78895605, -2.52524936], [9.78718317, -2.52203751], [9.78689992, -2.52187455], [9.78166783, -2.52195275], [9.77566731, -2.52542913], [9.77033901, -2.52671981], [9.76014972, -2.52572358], [9.75448883, -2.52276301], [9.74233592, -2.50318801], [9.73760343, -2.49790394], [9.73585594, -2.4961313], [9.73469102, -2.49567533], [9.73213541, -2.49485707], [9.72942793, -2.49519527], [9.72497976, -2.49298763], [9.71999574, -2.48624432], [9.71667004, -2.48423886], [9.71667171, -2.48198211], [9.71219516, -2.47591913], [9.71147001, -2.47519922], [9.70822835, -2.47273695], [9.70033956, -2.46953654], [9.69745815, -2.46666193], [9.6951946, -2.4609375], [9.69400084, -2.45769155], [9.69372666, -2.45738876], [9.69267082, -2.45690393], [9.68820965, -2.45729506], [9.68323755, -2.45272708], [9.68048894, -2.44840622], [9.67241883, -2.44387102], [9.66748536, -2.43844163], [9.66297138, -2.43482327], [9.65616584, -2.43125761], [9.65180898, -2.42588961], [9.64758635, -2.42393577], [9.64755702, -2.42397225], [9.64783323, -2.42511976], [9.65617216, -2.43296015], [9.68162334, -2.45262074], [9.68959785, -2.45972824], [9.69044745, -2.4609375], [9.69072676, -2.4609375], [9.69746447, -2.46857774], [9.71288323, -2.48217177], [9.73400891, -2.50460374], [9.74103582, -2.51354825], [9.75213218, -2.52497518], [9.76305175, -2.53968537], [9.77389514, -2.54899251], [9.7900213, -2.56636143], [9.82708621, -2.60074425], [9.84375, -2.61858261], [9.85450065, -2.62946415], [9.86217976, -2.63671875], [9.86245894, -2.63671875], [9.86832297, -2.64160144], [9.87802815, -2.65245175], [9.87940681, -2.66001677], [9.88566506, -2.67548502], [9.88501942, -2.68066871], [9.88318634, -2.68454421], [9.88348544, -2.68727791], [9.88386595, -2.68841541], [9.88789117, -2.69294667], [9.88824153, -2.69329715], [9.88994586, -2.69296277], [9.89279377, -2.69482326], [9.89794338, -2.70125985], [9.90453291, -2.70630026], [9.89409006, -2.69854474], [9.89382625, -2.69875717], [9.89630675, -2.7015655], [9.90139604, -2.70558894], [9.91003752, -2.71082127], [9.92039371, -2.72010791], [9.93087554, -2.72622406], [9.94258976, -2.73571062], [9.95113826, -2.74112165], [9.95786715, -2.74744964], [9.95812333, -2.74761307], [9.96667326, -2.75307405], [9.97993112, -2.76364374], [9.98611045, -2.76681316], [9.98812103, -2.76618016], [9.98834574, -2.76635265], [9.98849022, -2.76773965], [9.98677075, -2.76801765], [9.98707604, -2.76885664], [10.0117557, -2.786659], [10.01234591, -2.78801882], [10.01154804, -2.78917587], [10.01388645, -2.78896093], [10.01774061, -2.79103374], [10.01921833, -2.79078138], [10.03227115, -2.79967845], [10.03247845, -2.80216575], [10.04703617, -2.8125], [10.04747724, -2.8125], [10.06498694, -2.82530093], [10.07131135, -2.82943475], [10.07205081, -2.82793725], [10.07490027, -2.82871282], [10.08315992, -2.83633423], [10.08258891, -2.83699131], [10.08403981, -2.83845305], [10.09255898, -2.84534335], [10.10988986, -2.85674977], [10.13936162, -2.87873781], [10.16949487, -2.90397835], [10.1953125, -2.92131686], [10.215532184969888, -2.9346664321651117], [10.21727688567796, -2.932605853999981], [10.220094862428816, -2.929873111479984], [10.223167125458453, -2.9274297378847898], [10.226464087194426, -2.925299264237803], [10.229953996092913, -2.9235022081648805], [10.233603242423445, -2.922055876298375], [10.237376681948977, -2.920974197604806], [10.241237974384108, -2.920267589241299], [10.245149933371888, -2.9199428562326655], [10.24907488460877, -2.9200031259352954], [10.25297502866875, -2.9204478179190065], [10.256812805032492, -2.9212726495569017], [10.260551253815672, -2.92246967726941], [10.264154371712864, -2.9240273730252966], [10.267587458729052, -2.9259307353629103], [10.272198358729051, -2.92879153536291], [10.272993986494006, -2.9293625811362016], [10.27335201137885, -2.929493399320542], [10.274475033886857, -2.9300337944598596], [10.27561670924604, -2.9305335782474926], [10.276242644244254, -2.9308843633830435], [10.276889209027381, -2.9311954884616283], [10.277953855888862, -2.9318433569054108], [10.279041046391484, -2.9324526378513887], [10.27962958438574, -2.9328630862191902], [10.280242540192223, -2.933236087576562], [10.2812385582759, -2.9339851899975313], [10.28226079368311, -2.93469810039328], [10.282806266730788, -2.9351642591511693], [10.282937239545065, -2.935262763439259], [10.285959115504696, -2.93245522224571], [10.287925515504696, -2.93086712224571], [10.288743484225488, -2.930206528568898], [10.288998267436723, -2.9295150499946323], [10.290761310761276, -2.9254422660229484], [10.292964682679504, -2.9215898585634203], [10.295581259833135, -2.9180052504895366], [10.298189759833136, -2.9148191504895364], [10.301459008177478, -2.9112835507927475], [10.305129431080271, -2.9081664294175735], [10.306436860574815, -2.9071851823330648], [10.308826190048043, -2.9053919352650386], [10.311760774082854, -2.9033868866558166], [10.31486175417634, -2.901650244538823], [10.318104648084105, -2.9001957197072428], [10.321463853151894, -2.8990347956376974], [10.326143753151893, -2.8976468956376973], [10.331356416126802, -2.8964732259256154], [10.334983816126803, -2.8959078259256157], [10.339094922165787, -2.8954831287363745], [10.34322790624442, -2.895484909765796], [10.347338644726545, -2.8959131499996547], [10.349678644726545, -2.8962799499996543], [10.353557235547527, -2.897086497726115], [10.355209251634312, -2.8976049684614975], [10.357085109719524, -2.8972954069389294], [10.361029239149115, -2.8970398661866827], [10.364979333640761, -2.8971748163273716], [10.368083585835304, -2.8975901358532923], [10.36821910388496, -2.8976023684715804], [10.37196469236361, -2.8979405125674185], [10.375690955777422, -2.898454496543787], [10.379352462146276, -2.8993162329698063], [10.382916831811507, -2.9005181012848325], [10.386352544119733, -2.902049473052949], [10.389629216168236, -2.903896805953007], [10.392717871488921, -2.9060437635369114], [10.39366797148892, -2.9067727635369116], [10.396721599144643, -2.9093688796484933], [10.399500089786093, -2.912257555898953], [10.401975546567158, -2.9154097891469344], [10.404123115188941, -2.918793930062933], [10.405177815188942, -2.9206560300629327], [10.406873682946872, -2.924008055317056], [10.408247613751431, -2.9275043898120585], [10.409287489497927, -2.9311141957886333], [10.409984138455785, -2.9348056346661147], [10.41005750130948, -2.935327921556989], [10.411961639700055, -2.9360030185388433], [10.413062339700055, -2.936454618538843], [10.416680279415852, -2.938154918189654], [10.420110437397039, -2.940207848513313], [10.423318553854509, -2.9425929052180884], [10.426272586709198, -2.9452862667948394]], [[9.30714285, -1.93160343], [9.30701721, -1.93153358], [9.30788934, -1.93359375], [9.30816865, -1.93359375], [9.32453322, -1.95222998], [9.33052385, -1.95723736], [9.33069301, -1.95718026], [9.30956483, -1.93359375], [9.30714285, -1.93160343]], [[9.07707465, -0.79168582], [9.08508933, -0.77840245], [9.09402847, -0.77192724], [9.09453416, -0.76361632], [9.09190965, -0.75566471], [9.08958447, -0.75458133], [9.09005356, -0.75349975], [9.09345472, -0.75232828], [9.09399724, -0.75125456], [9.09423137, -0.74636567], [9.09423602, -0.74580991], [9.09152496, -0.73383236], [9.09206581, -0.71541786], [9.09149027, -0.71284962], [9.09121156, -0.71218717], [9.08395123, -0.70554042], [9.07984591, -0.70396912], [9.07754135, -0.70392418], [9.07538795, -0.70508206], [9.07480896, -0.70551753], [9.06603551, -0.71777153], [9.05132926, -0.73349285], [9.04855704, -0.73743367], [9.04665744, -0.74164641], [9.04634535, -0.74265122], [9.04470956, -0.75403261], [9.03975606, -0.76161182], [9.04218292, -0.76871037], [9.05588758, -0.7784785], [9.05722725, -0.78249395], [9.0532068, -0.78846657], [9.04785371, -0.79104292], [9.046165093336507, -0.792540816724342], [9.047104603106826, -0.7932158268877199], [9.047439368417173, -0.7935101442649769], [9.04779548798201, -0.7937782289290071], [9.048912778543583, -0.7948055299893184], [9.050052669932196, -0.7958076942921443], [9.050356975108402, -0.7961334071891832], [9.050685102968066, -0.7964351067736452], [9.05169632035802, -0.7975669747243366], [9.052732493578919, -0.7986760422263102], [9.053003407995787, -0.7990300138498783], [9.053300384099616, -0.7993624228228493], [9.054195789741696, -0.800587957156815], [9.055118265880335, -0.8017932469316131], [9.05535318048394, -0.8021720683414801], [9.055616144789704, -0.8025319854228321], [9.056387115438069, -0.8038393835744476], [9.057187010544988, -0.8051292880227038], [9.05738366297928, -0.8055293109616177], [9.057610082996963, -0.8059132699530965], [9.058249193782848, -0.8072899409635217], [9.058918804430862, -0.8086520376002092], [9.059075300825386, -0.809069409628561], [9.059262996006458, -0.8094737127952181], [9.059764091943604, -0.8109063985700304], [9.060296969416147, -0.8123275696599672], [9.060411802625088, -0.8127582712570064], [9.060558965362333, -0.8131790249382908], [9.060917220622942, -0.8146539279302999], [9.061308233018647, -0.8161204868189923], [9.061319832473611, -0.8161912905206562], [9.06300652, -0.81405044], [9.06592166, -0.80673754], [9.07390678, -0.79940033], [9.07707465, -0.79168582]], [[11.14449155, -3.78847563], [11.14486492, -3.78866971], [11.14598441, -3.78873026], [11.14818084, -3.78780675], [11.14618337, -3.78284025], [11.14515412, -3.78345287], [11.1446141, -3.78510773], [11.14432347, -3.7870537], [11.14449155, -3.78847563]], [[10.92217255, -3.61741793], [10.91732144, -3.61727202], [10.91505122, -3.61576271], [10.91434658, -3.62048662], [10.91300118, -3.62190938], [10.91312563, -3.62261641], [10.91557801, -3.62423623], [10.91659761, -3.62437201], [10.91913843, -3.62336671], [10.92089295, -3.62326515], [10.92244625, -3.62212694], [10.92310762, -3.62036002], [10.9231137, -3.61975896], [10.92217255, -3.61741793]], [[10.71095252, -3.47731745], [10.70848346, -3.47634137], [10.70796084, -3.47624874], [10.70764291, -3.47680795], [10.7111665, -3.47869265], [10.71095252, -3.47731745]], [[10.66962695, -3.39177883], [10.67060935, -3.38933456], [10.66913605, -3.38673651], [10.66740215, -3.39076805], [10.66799057, -3.39448524], [10.66598678, -3.39726472], [10.66662335, -3.40162945], [10.66855061, -3.40168965], [10.66840732, -3.40049374], [10.66949594, -3.40001261], [10.66884625, -3.3985399], [10.67008066, -3.39795744], [10.67118931, -3.39670944], [10.66962695, -3.39177883]], [[10.20546556, -2.62904692], [10.20504224, -2.62796116], [10.20356154, -2.62747037], [10.20341027, -2.62820876], [10.20514691, -2.62971377], [10.20546556, -2.62904692]], [[10.19805753, -2.62617516], [10.19715285, -2.62556088], [10.1953125, -2.62695313], [10.19506812, -2.62741137], [10.1953125, -2.62806904], [10.19661665, -2.62862635], [10.1956923, -2.63049161], [10.19593728, -2.63073814], [10.19750237, -2.63044906], [10.19803464, -2.62664342], [10.19805753, -2.62617516]], [[10.1953125, -2.62304676], [10.19433105, -2.62309432], [10.19422805, -2.62278986], [10.19321752, -2.62083495], [10.19001687, -2.62172461], [10.19321108, -2.62371755], [10.19152927, -2.62770176], [10.19192874, -2.62794101], [10.19318402, -2.62776923], [10.19478214, -2.62626052], [10.1953125, -2.625], [10.19555676, -2.62368464], [10.1953125, -2.62304676]], [[10.19325185, -2.61290741], [10.19292891, -2.61256731], [10.19227934, -2.61264741], [10.19014645, -2.61351383], [10.19262338, -2.61428988], [10.19325185, -2.61290741]], [[10.18426383, -2.61057043], [10.1856631, -2.61102855], [10.18574357, -2.61063051], [10.18576205, -2.60897303], [10.18373215, -2.60941243], [10.18392992, -2.61035836], [10.18426383, -2.61057043]], [[10.16134906, -2.61348665], [10.16205895, -2.61340535], [10.16272926, -2.61264682], [10.16317654, -2.60614645], [10.16084611, -2.60381806], [10.15629065, -2.60577786], [10.1531924, -2.60894525], [10.15480065, -2.61157358], [10.1563642, -2.61240315], [10.16134906, -2.61348665]], [[10.16233003, -2.58053112], [10.16271102, -2.57764661], [10.15996635, -2.57669997], [10.16012836, -2.58328676], [10.16140187, -2.58450663], [10.16167057, -2.58435631], [10.16233003, -2.58053112]], [[10.1096704, -2.54522288], [10.10921907, -2.54566765], [10.10951114, -2.54698408], [10.1102823, -2.54790485], [10.11055267, -2.54775381], [10.11002886, -2.54567552], [10.1096704, -2.54522288]], [[10.07864034, -2.65186226], [10.08041835, -2.65255785], [10.08069432, -2.65256858], [10.08199704, -2.65127611], [10.08378291, -2.65153158], [10.08253682, -2.65298772], [10.08370125, -2.65370274], [10.08464253, -2.65320754], [10.08718395, -2.65277231], [10.08583891, -2.6524744], [10.08581316, -2.65216815], [10.08691442, -2.64831364], [10.08712554, -2.64775884], [10.08688414, -2.64660835], [10.0866003, -2.64612257], [10.08531106, -2.64555311], [10.08264816, -2.64858437], [10.08041334, -2.64728737], [10.0797435, -2.6481204], [10.07723141, -2.64729607], [10.07829535, -2.64948821], [10.07778192, -2.65104771], [10.07864034, -2.65186226]], [[10.07655084, -2.66387963], [10.07587075, -2.66387606], [10.07542408, -2.66412115], [10.07533896, -2.66611993], [10.07495725, -2.66663122], [10.07303381, -2.66776347], [10.07257462, -2.67063308], [10.07225025, -2.67092884], [10.07098353, -2.66967785], [10.07043087, -2.67214501], [10.06955755, -2.67228878], [10.06701624, -2.67115355], [10.06696618, -2.66814113], [10.06611002, -2.66703093], [10.06554461, -2.6668905], [10.06525004, -2.66713452], [10.06501496, -2.66905105], [10.0626899, -2.66951871], [10.06245887, -2.67003441], [10.06428933, -2.67232645], [10.06429994, -2.67302573], [10.06359506, -2.67436945], [10.06304955, -2.67318082], [10.06258142, -2.67368126], [10.06267285, -2.67616665], [10.06136715, -2.67656124], [10.05962634, -2.67470157], [10.05926907, -2.67472315], [10.05846322, -2.67496574], [10.05814695, -2.67508185], [10.05761397, -2.67712975], [10.05772853, -2.67777765], [10.06033838, -2.67860997], [10.06003606, -2.68026304], [10.06165135, -2.67978334], [10.06123662, -2.68226862], [10.06183815, -2.68272126], [10.06935334, -2.68636215], [10.06970203, -2.68634093], [10.06984615, -2.68551707], [10.06857514, -2.68455768], [10.0710119, -2.68210316], [10.07088065, -2.68181264], [10.07005453, -2.68065774], [10.06602454, -2.68038487], [10.06595278, -2.68009734], [10.06734645, -2.67980003], [10.06772757, -2.67732716], [10.06944811, -2.67912126], [10.07092845, -2.67712498], [10.07164753, -2.67959023], [10.07550788, -2.67953825], [10.07682621, -2.68214333], [10.07849586, -2.68136811], [10.08081484, -2.68201828], [10.08146524, -2.67909491], [10.08435845, -2.67731583], [10.08349895, -2.67472792], [10.0807631, -2.67347085], [10.08191717, -2.66875255], [10.08092272, -2.66720104], [10.08097565, -2.66384566], [10.08074284, -2.66359067], [10.07945812, -2.66548514], [10.08016872, -2.66696966], [10.07991254, -2.66726041], [10.07730842, -2.66813552], [10.07679343, -2.66795504], [10.07714415, -2.66445124], [10.07655084, -2.66387963]], [[10.07845831, -2.59508443], [10.07565606, -2.59231937], [10.07504261, -2.59750974], [10.07705641, -2.59975767], [10.07542956, -2.60256505], [10.07958364, -2.60487747], [10.08008254, -2.60455334], [10.08078384, -2.60230136], [10.07916427, -2.60167873], [10.07884574, -2.60130084], [10.07800221, -2.59902012], [10.07800734, -2.59864354], [10.07888782, -2.59779012], [10.07845831, -2.59508443]], [[10.0795598, -2.58068955], [10.07917476, -2.58011925], [10.07815266, -2.57977235], [10.07772875, -2.58019257], [10.07690263, -2.58240485], [10.07432485, -2.58127737], [10.07305563, -2.58325946], [10.07233584, -2.58260524], [10.07223725, -2.58408976], [10.07368255, -2.58436334], [10.07374096, -2.58464718], [10.07311916, -2.58721316], [10.07366824, -2.58673227], [10.07541823, -2.58806026], [10.07568944, -2.58779585], [10.07707965, -2.58431232], [10.08003354, -2.58301032], [10.07861948, -2.58155572], [10.07961535, -2.58098054], [10.0795598, -2.58068955]], [[10.07741904, -2.61266506], [10.07771993, -2.61258924], [10.07823205, -2.61065722], [10.07884574, -2.60928321], [10.07818925, -2.60884964], [10.07586765, -2.61016345], [10.07741904, -2.61266506]], [[10.07330787, -2.57396126], [10.07483792, -2.57292461], [10.07654512, -2.57122004], [10.07676911, -2.57067895], [10.07626247, -2.56874573], [10.07565224, -2.56836462], [10.07445276, -2.56889307], [10.07517767, -2.57044387], [10.07330787, -2.57396126]], [[10.05555165, -2.62928963], [10.05562973, -2.62958515], [10.05470085, -2.63100874], [10.0512346, -2.63160634], [10.05085838, -2.63199306], [10.04815316, -2.63671875], [10.04823852, -2.6386317], [10.04407096, -2.63959467], [10.04378486, -2.63986444], [10.042539, -2.64411533], [10.03903556, -2.64784217], [10.03744376, -2.64788628], [10.03423667, -2.65381217], [10.03414941, -2.65461481], [10.03545105, -2.6562469], [10.03965795, -2.65700412], [10.04260755, -2.65530527], [10.04248154, -2.66053987], [10.04298115, -2.6619606], [10.04552066, -2.66477156], [10.04715407, -2.66608775], [10.04743636, -2.66621363], [10.04932475, -2.66496491], [10.05305934, -2.66660714], [10.05258465, -2.66299605], [10.05939782, -2.65897024], [10.06398487, -2.65827096], [10.06427705, -2.65458405], [10.06314743, -2.65215838], [10.05971205, -2.65213585], [10.06111527, -2.64762986], [10.06505072, -2.64609385], [10.07370341, -2.6453011], [10.07382023, -2.64272547], [10.07134116, -2.64119434], [10.06817353, -2.64189112], [10.07067466, -2.63983226], [10.07049251, -2.63671875], [10.06993401, -2.63671875], [10.06500804, -2.63146865], [10.06143045, -2.63054395], [10.06062651, -2.62902904], [10.06532335, -2.62724066], [10.06956005, -2.62404406], [10.06993306, -2.62351441], [10.07014561, -2.62254667], [10.06929755, -2.62084794], [10.06613708, -2.61950481], [10.06286633, -2.62100446], [10.05951715, -2.62036586], [10.05721331, -2.62379801], [10.05564404, -2.62121272], [10.04863334, -2.62242162], [10.0414021, -2.62008202], [10.04115117, -2.62037396], [10.04075336, -2.62834823], [10.04472196, -2.62832356], [10.04634762, -2.62730992], [10.04898644, -2.62942457], [10.05260813, -2.6298238], [10.05435204, -2.62839854], [10.05555165, -2.62928963]], [[10.07309794, -2.57771456], [10.07329357, -2.57690585], [10.07298982, -2.57653391], [10.07104027, -2.57690537], [10.07309794, -2.57771456]], [[10.06694245, -2.58913386], [10.06859863, -2.59246683], [10.06928635, -2.58951271], [10.06814277, -2.58784175], [10.06694245, -2.58913386]], [[10.06024134, -2.61320758], [10.06001055, -2.61187994], [10.05816483, -2.61034453], [10.05745172, -2.61042261], [10.05684745, -2.61149144], [10.05696011, -2.61184156], [10.05975807, -2.61460245], [10.06008875, -2.61570191], [10.06141448, -2.61559105], [10.06452072, -2.61306524], [10.06481361, -2.61288786], [10.06614625, -2.60855734], [10.06053305, -2.61311722], [10.06024134, -2.61320758]], [[10.06302595, -2.57159865], [10.06155491, -2.56938982], [10.06008816, -2.57187486], [10.06014335, -2.5722537], [10.0614984, -2.57292485], [10.06229103, -2.57261634], [10.06302595, -2.57159865]], [[10.05906022, -2.61753893], [10.05965066, -2.6160959], [10.05934811, -2.61568677], [10.0565021, -2.6149286], [10.05444002, -2.61713874], [10.05144477, -2.61772084], [10.05140376, -2.61809504], [10.05199826, -2.61915958], [10.05432785, -2.62005734], [10.05906022, -2.61753893]], [[10.05512392, -2.66373456], [10.05446482, -2.66446066], [10.0544523, -2.66639984], [10.05622435, -2.66641426], [10.05633175, -2.66465545], [10.05595601, -2.66396737], [10.05512392, -2.66373456]], [[10.0276705, -2.61716855], [10.02689338, -2.61740804], [10.02535975, -2.6167103], [10.02484214, -2.61786926], [10.02602255, -2.62125313], [10.02507007, -2.62324965], [10.02351224, -2.62384987], [10.02800906, -2.62455428], [10.03019202, -2.62706351], [10.03335536, -2.62654626], [10.03786862, -2.61944306], [10.03707123, -2.61719191], [10.03335273, -2.61509764], [10.03230572, -2.61495912], [10.03041244, -2.61476505], [10.03014314, -2.61466444], [10.0276705, -2.61716855]], [[10.03689933, -2.62585497], [10.03640187, -2.62645948], [10.03261364, -2.63110507], [10.0321089, -2.63450086], [10.03236651, -2.63441348], [10.03429437, -2.63038123], [10.03672755, -2.62887847], [10.03748465, -2.62689376], [10.03689933, -2.62585497]], [[10.03312612, -2.68114901], [10.03396726, -2.68206871], [10.03737712, -2.67816925], [10.03712344, -2.67714894], [10.03383946, -2.67884672], [10.03349435, -2.68007863], [10.03312612, -2.68114901]], [[10.03467536, -2.67338061], [10.03505087, -2.67211735], [10.03494692, -2.67168105], [10.03194296, -2.67065787], [10.03233826, -2.6672703], [10.03205073, -2.66682255], [10.03040194, -2.66634941], [10.02897036, -2.6666404], [10.02427316, -2.66830564], [10.02342665, -2.67088115], [10.02564526, -2.67129946], [10.02599716, -2.66913307], [10.02818584, -2.66995072], [10.0267688, -2.67279565], [10.03221583, -2.67550337], [10.03467536, -2.67338061]], [[10.03279912, -2.68350613], [10.03120196, -2.68205965], [10.03158796, -2.68062794], [10.03132212, -2.68026996], [10.02834415, -2.68238425], [10.02811193, -2.68296695], [10.02842271, -2.68406904], [10.02869892, -2.68425596], [10.03268516, -2.68375301], [10.03279912, -2.68350613]], [[10.02601576, -2.68623912], [10.02746022, -2.68684173], [10.02785373, -2.68664265], [10.02787065, -2.68553543], [10.02742195, -2.6849364], [10.02609468, -2.68456185], [10.02601576, -2.68623912]], [[10.01610041, -2.71002161], [10.01568341, -2.71050763], [10.01601052, -2.71187782], [10.01648366, -2.71215045], [10.01814735, -2.71254277], [10.01933575, -2.7124269], [10.02074003, -2.71142054], [10.01952875, -2.71011412], [10.01841462, -2.70969105], [10.01726305, -2.7094959], [10.01610041, -2.71002161]], [[10.00263464, -2.63270855], [10.00203931, -2.63542545], [10.00424278, -2.63577306], [10.00487113, -2.63671875], [10.00515044, -2.63671875], [10.00694931, -2.6389482], [10.00766361, -2.63671875], [10.00654662, -2.63671875], [10.00570893, -2.63671875], [10.00521255, -2.63540161], [10.00468206, -2.63368976], [10.003021, -2.6325953], [10.00263464, -2.63270855]], [[10.00053465, -2.63012564], [9.99853051, -2.63201368], [9.99846137, -2.63249362], [9.99912834, -2.63262951], [10.00032651, -2.63225651], [10.00053465, -2.63012564]], [[9.99764097, -2.62826824], [9.99595284, -2.62776256], [9.99508655, -2.62866104], [9.99623644, -2.62855315], [9.99764097, -2.62826824]], [[9.98983324, -2.60893142], [9.98961651, -2.60915494], [9.98832166, -2.61178672], [9.99075007, -2.61629832], [9.99210286, -2.61514056], [9.99252963, -2.61169708], [9.99254167, -2.61131465], [9.99108672, -2.60894465], [9.99075866, -2.60888982], [9.98983324, -2.60893142]], [[9.99066293, -2.59012663], [9.99172115, -2.58849561], [9.991593, -2.58791733], [9.99073195, -2.58828497], [9.98995805, -2.58943856], [9.98989105, -2.59008276], [9.99066293, -2.59012663]], [[9.98962533, -2.6192137], [9.98915458, -2.61854506], [9.98895538, -2.61872411], [9.98888648, -2.62020588], [9.98881435, -2.62154305], [9.98912537, -2.62186003], [9.99064422, -2.62243617], [9.99143565, -2.62166452], [9.99145722, -2.61967862], [9.99130154, -2.61944652], [9.98962533, -2.6192137]], [[9.99088824, -2.62350273], [9.98913026, -2.62353385], [9.99130034, -2.62582815], [9.99140096, -2.62544024], [9.99088824, -2.62350273]], [[9.98835838, -2.62432611], [9.98685348, -2.62394714], [9.9865787, -2.62387693], [9.98680103, -2.62765873], [9.9871608, -2.62786925], [9.98759842, -2.62771344], [9.98889375, -2.62631035], [9.98881948, -2.62578475], [9.98835838, -2.62432611]], [[9.98767662, -2.59699237], [9.98802662, -2.59690344], [9.98871434, -2.59377217], [9.98785531, -2.59429133], [9.98677313, -2.59661627], [9.98767662, -2.59699237]], [[9.98699975, -2.59914446], [9.98714507, -2.5989083], [9.98637891, -2.5978713], [9.98395956, -2.59831905], [9.98533094, -2.59602392], [9.98373365, -2.59590864], [9.98328042, -2.59454632], [9.98253393, -2.59540653], [9.98232245, -2.59915495], [9.98253643, -2.59971833], [9.98342335, -2.60029352], [9.98378706, -2.60036385], [9.98699975, -2.59914446]], [[9.98425937, -2.64981401], [9.98436844, -2.65022314], [9.98580265, -2.6508429], [9.98603857, -2.65053475], [9.98589778, -2.64815736], [9.98519111, -2.64791095], [9.98480475, -2.64838576], [9.98425937, -2.64981401]], [[9.97968495, -2.59454584], [9.97818232, -2.59709644], [9.97455621, -2.59771132], [9.97953475, -2.60038126], [9.98074532, -2.59788132], [9.98069155, -2.59702134], [9.97968495, -2.59454584]], [[9.97939944, -2.55720663], [9.98017085, -2.55623186], [9.97819901, -2.55549216], [9.97796404, -2.55687225], [9.97875035, -2.55741787], [9.97939944, -2.55720663]], [[9.96747196, -2.58375716], [9.96739936, -2.58586395], [9.97337484, -2.58361995], [9.97657704, -2.58104873], [9.97709835, -2.57941294], [9.97660685, -2.57679915], [9.97557485, -2.57431674], [9.97449541, -2.57432413], [9.97333527, -2.57448387], [9.97308612, -2.57579875], [9.97328186, -2.57743537], [9.97464645, -2.57824898], [9.97401404, -2.58028412], [9.97292626, -2.57896936], [9.96514642, -2.58092236], [9.96747196, -2.58375716]], [[9.97458124, -2.5325464], [9.97355735, -2.53233302], [9.97306776, -2.53283894], [9.97228801, -2.53493905], [9.97227526, -2.53791416], [9.9723376, -2.53836405], [9.97306132, -2.53840888], [9.97418976, -2.53789985], [9.97449541, -2.53556705], [9.97579706, -2.53461611], [9.97491086, -2.53274548], [9.97458124, -2.5325464]], [[9.95341837, -2.60899675], [9.95130742, -2.61007655], [9.95007527, -2.60806346], [9.94855404, -2.61228812], [9.95542061, -2.61258137], [9.9565953, -2.61318433], [9.95696175, -2.61368322], [9.95646524, -2.61477303], [9.95615244, -2.61492312], [9.95138454, -2.61608052], [9.95411956, -2.61981845], [9.95399594, -2.62126768], [9.95666337, -2.62214196], [9.9591974, -2.62113106], [9.96111643, -2.62301016], [9.96200752, -2.62604415], [9.96838903, -2.62868524], [9.97040236, -2.62835562], [9.97048295, -2.62792838], [9.97160351, -2.62266314], [9.97063506, -2.62330961], [9.96925485, -2.62259114], [9.96935165, -2.62560523], [9.96861243, -2.62579095], [9.96559656, -2.62341344], [9.96336293, -2.62316132], [9.96368015, -2.62037838], [9.96088552, -2.62142527], [9.95979106, -2.618716], [9.96354568, -2.61715317], [9.96382904, -2.61478758], [9.96254265, -2.61389971], [9.96096146, -2.60974765], [9.95827711, -2.60956073], [9.9577471, -2.60937047], [9.95088124, -2.60459483], [9.95035243, -2.6059165], [9.95341837, -2.60899675]], [[9.96671152, -2.57727373], [9.96193075, -2.57912564], [9.96822035, -2.57807791], [9.96952856, -2.57745266], [9.96977103, -2.57649255], [9.96776748, -2.57623327], [9.96733511, -2.57617152], [9.96671152, -2.57727373]], [[9.96436453, -2.60706615], [9.9628334, -2.60702705], [9.96065545, -2.60598874], [9.95988941, -2.60673118], [9.96039426, -2.60767376], [9.96415555, -2.61173725], [9.96475553, -2.61400032], [9.9666059, -2.61421883], [9.96641684, -2.61001396], [9.96495485, -2.60951567], [9.96436453, -2.60706615]], [[9.96438515, -2.58751273], [9.96516907, -2.58746731], [9.96543813, -2.58684635], [9.96556854, -2.58429074], [9.96537554, -2.58388615], [9.96264446, -2.58197391], [9.96224904, -2.58219242], [9.96172547, -2.58287478], [9.96208394, -2.58437002], [9.96065271, -2.58554351], [9.96083605, -2.58581865], [9.96438515, -2.58751273]], [[9.96031201, -2.58235705], [9.95903325, -2.58292258], [9.95811296, -2.58606756], [9.95972705, -2.58556294], [9.95999718, -2.58495927], [9.96043181, -2.58271801], [9.96031201, -2.58235705]], [[9.95449615, -2.60429621], [9.95804656, -2.60756362], [9.95904624, -2.60760653], [9.95943761, -2.6066817], [9.95766377, -2.60341477], [9.95635426, -2.60334218], [9.95474625, -2.60237014], [9.95449615, -2.60429621]], [[9.95874226, -2.53957856], [9.95793974, -2.53871763], [9.95753205, -2.53842413], [9.95395005, -2.54008615], [9.95386124, -2.54113126], [9.95602465, -2.54121101], [9.95733213, -2.53974974], [9.95859444, -2.54096818], [9.95903122, -2.53980446], [9.95874226, -2.53957856]], [[9.9290632, -2.53104067], [9.92740035, -2.53244925], [9.92726576, -2.53288567], [9.92763925, -2.53416467], [9.93085158, -2.53477156], [9.93194401, -2.53724897], [9.93139243, -2.53838754], [9.93186915, -2.53875673], [9.93251133, -2.53825676], [9.93245256, -2.53405118], [9.9340384, -2.53434718], [9.93605888, -2.53694606], [9.93805885, -2.53368557], [9.93492484, -2.53317416], [9.93412972, -2.53233266], [9.93482077, -2.53096366], [9.94024944, -2.53013885], [9.94144785, -2.53061247], [9.94256854, -2.53331995], [9.93988001, -2.53834605], [9.94104862, -2.54025674], [9.94134176, -2.54039836], [9.94261897, -2.53851843], [9.94314182, -2.53840375], [9.95030141, -2.53955364], [9.95071626, -2.53698075], [9.95280182, -2.53815484], [9.95491076, -2.53733826], [9.95513844, -2.53703773], [9.95577037, -2.53372574], [9.95769215, -2.53164756], [9.95524025, -2.53074884], [9.95437276, -2.53173041], [9.95474803, -2.53348064], [9.94602871, -2.53536272], [9.94766724, -2.5370357], [9.94523096, -2.53766], [9.94401264, -2.53507102], [9.94653344, -2.53352702], [9.94927657, -2.53341472], [9.94967175, -2.53316104], [9.95249045, -2.53063416], [9.95249927, -2.52973223], [9.95237505, -2.52947342], [9.94973707, -2.52911103], [9.94885886, -2.53178394], [9.94776416, -2.5320549], [9.94796717, -2.52912521], [9.94688725, -2.52822638], [9.94664681, -2.52810252], [9.94524312, -2.52769935], [9.94191527, -2.52938855], [9.94164646, -2.52928436], [9.94101727, -2.52763665], [9.93866396, -2.52665997], [9.94153106, -2.52570665], [9.94231665, -2.52465975], [9.94214916, -2.52432096], [9.93886435, -2.52350521], [9.93631601, -2.52257085], [9.93573415, -2.52341723], [9.93514228, -2.52363455], [9.93269932, -2.52356684], [9.93239307, -2.52380598], [9.93121505, -2.52707636], [9.93143714, -2.53121161], [9.9290632, -2.53104067]], [[9.95571804, -2.55688262], [9.95598686, -2.55678844], [9.95676494, -2.55376661], [9.95460558, -2.5529772], [9.95303643, -2.55432475], [9.95571804, -2.55688262]], [[9.94727886, -2.52316165], [9.94696856, -2.52281845], [9.94490266, -2.52553487], [9.94489706, -2.52581525], [9.94620097, -2.5273025], [9.94883621, -2.52802873], [9.94944322, -2.52809215], [9.95109665, -2.52676916], [9.95447421, -2.52853513], [9.95654464, -2.52798605], [9.95556056, -2.52664363], [9.94727886, -2.52316165]], [[9.95296287, -2.54918158], [9.9513036, -2.54883397], [9.94989204, -2.54952323], [9.94900894, -2.55020845], [9.94902611, -2.55049825], [9.95082605, -2.55167246], [9.95162141, -2.55149841], [9.95337558, -2.55042362], [9.9535259, -2.55006826], [9.95296287, -2.54918158]], [[9.95281756, -2.54092884], [9.95261312, -2.54046035], [9.95016861, -2.54151714], [9.95015955, -2.54189575], [9.95108402, -2.54335344], [9.95152748, -2.54349065], [9.95286167, -2.54137397], [9.95281756, -2.54092884]], [[9.94762278, -2.57022607], [9.94620121, -2.56943905], [9.94713342, -2.57211626], [9.94811821, -2.57212675], [9.94762278, -2.57022607]], [[9.94471586, -2.54230154], [9.94374335, -2.54240084], [9.94446003, -2.54342794], [9.9456526, -2.54364741], [9.94623494, -2.54326773], [9.94618893, -2.54297018], [9.94471586, -2.54230154]], [[9.93849278, -2.57090235], [9.94054055, -2.57099271], [9.94003797, -2.57006562], [9.93838155, -2.57059264], [9.93849278, -2.57090235]], [[9.94042957, -2.57960355], [9.94036686, -2.57656884], [9.94007838, -2.57613742], [9.93876696, -2.57595468], [9.93513763, -2.5748744], [9.9367218, -2.57779503], [9.93548846, -2.57883286], [9.94042957, -2.57960355]], [[9.92061782, -2.56868637], [9.92066801, -2.57151985], [9.92097211, -2.57210183], [9.92373228, -2.57292616], [9.92708421, -2.57767177], [9.92884982, -2.57716274], [9.92848527, -2.57448006], [9.92902935, -2.57384181], [9.93033755, -2.57351053], [9.93293452, -2.57692945], [9.9333688, -2.57682645], [9.9343338, -2.57526183], [9.93443728, -2.57472432], [9.93399036, -2.57259822], [9.93549776, -2.57073414], [9.93295026, -2.57223117], [9.93204391, -2.57058024], [9.93299365, -2.56867707], [9.93459713, -2.56795871], [9.93601394, -2.56690466], [9.93615806, -2.56661415], [9.93577862, -2.56575036], [9.93464076, -2.56526244], [9.93378246, -2.56692827], [9.93076778, -2.56802535], [9.92880535, -2.56669343], [9.92574632, -2.57070816], [9.92464066, -2.56653523], [9.92422616, -2.5665431], [9.92061782, -2.56868637]], [[9.90692258, -2.56010485], [9.91336894, -2.56018925], [9.91458285, -2.55811632], [9.91678202, -2.55713344], [9.91817605, -2.55965722], [9.91476381, -2.56101024], [9.91735733, -2.56097615], [9.91792715, -2.56284976], [9.91667032, -2.56465554], [9.91693616, -2.56473327], [9.92252517, -2.55849731], [9.92391884, -2.55841672], [9.92537653, -2.56057227], [9.92545235, -2.56093001], [9.92422891, -2.56346214], [9.92437267, -2.56466341], [9.92520511, -2.56515086], [9.92594004, -2.56471956], [9.92859101, -2.56214643], [9.92596114, -2.56042635], [9.92519605, -2.55858493], [9.92670655, -2.55819345], [9.92718613, -2.55833006], [9.93040204, -2.56012452], [9.93069506, -2.55986607], [9.93080163, -2.55943584], [9.93028521, -2.55763638], [9.92882013, -2.55747712], [9.92613482, -2.55366254], [9.92221475, -2.55394316], [9.92063296, -2.55660844], [9.91866851, -2.55610168], [9.91933227, -2.55352354], [9.91543365, -2.55253935], [9.91551864, -2.55603147], [9.9142518, -2.55684221], [9.91316593, -2.55621874], [9.91142786, -2.55112207], [9.91120684, -2.55091071], [9.90924811, -2.55086553], [9.90680242, -2.55011213], [9.90762508, -2.55202842], [9.90688074, -2.55404091], [9.90700245, -2.55433154], [9.90985227, -2.55493116], [9.91155934, -2.55764484], [9.91037381, -2.55867446], [9.90690792, -2.55865407], [9.90692258, -2.56010485]], [[9.92624664, -2.55154121], [9.92623866, -2.55025315], [9.92561591, -2.54986346], [9.92473435, -2.54957926], [9.92434144, -2.54996383], [9.92466021, -2.55083585], [9.92624664, -2.55154121]], [[9.91562986, -2.53557444], [9.91693652, -2.53530896], [9.91986811, -2.5315814], [9.92294455, -2.53160095], [9.92330575, -2.53134596], [9.92527592, -2.52912951], [9.92546451, -2.52781606], [9.92315221, -2.52568233], [9.92183244, -2.52506494], [9.91992187, -2.52594483], [9.9201982, -2.53009582], [9.91553926, -2.5294553], [9.91743398, -2.53086197], [9.91501582, -2.53518105], [9.91506982, -2.53556037], [9.91562986, -2.53557444]], [[9.91976821, -2.54960775], [9.92095625, -2.54950476], [9.92138314, -2.54903805], [9.92136741, -2.54861987], [9.92040277, -2.54796267], [9.91912246, -2.54874325], [9.91881585, -2.54934382], [9.91976821, -2.54960775]], [[9.90704286, -2.50534344], [9.90637016, -2.50934505], [9.90888441, -2.51164436], [9.90802002, -2.51366627], [9.90825522, -2.51463246], [9.90869033, -2.51477385], [9.90965211, -2.51435876], [9.91196752, -2.51074612], [9.91028452, -2.50887382], [9.91316688, -2.50600636], [9.91141605, -2.50466216], [9.9085623, -2.50455594], [9.90816247, -2.50445247], [9.90704286, -2.50534344]], [[9.90778172, -2.52930927], [9.90928137, -2.52660084], [9.90850615, -2.52517366], [9.90523887, -2.52726483], [9.90726626, -2.52939308], [9.90778172, -2.52930927]], [[9.90249491, -2.53099775], [9.90059221, -2.52979004], [9.89936864, -2.53057456], [9.89770234, -2.53333676], [9.89804184, -2.5344125], [9.89838886, -2.53474486], [9.89938354, -2.53542233], [9.89978063, -2.53493595], [9.90298545, -2.53288496], [9.90318155, -2.53266132], [9.90249491, -2.53099775]], [[9.89872277, -2.54689276], [9.89643645, -2.54412925], [9.89526916, -2.54474795], [9.89525771, -2.54510164], [9.89599383, -2.54930174], [9.89670455, -2.54900515], [9.89872277, -2.54689276]], [[9.88958383, -2.48702335], [9.88920176, -2.48710072], [9.88690305, -2.48605704], [9.88429225, -2.49457693], [9.88708615, -2.49464905], [9.88805068, -2.49277401], [9.89313662, -2.49006212], [9.89465415, -2.48661363], [9.89482832, -2.48482966], [9.89167035, -2.48406661], [9.88958383, -2.48702335]], [[9.89094925, -2.43016255], [9.89259195, -2.42812288], [9.89234257, -2.427266], [9.89187396, -2.42720616], [9.88935935, -2.42920291], [9.89055026, -2.43104601], [9.89164555, -2.43159115], [9.89206564, -2.43138862], [9.89223242, -2.43074226], [9.89094925, -2.43016255]], [[9.88805711, -2.42686105], [9.89066184, -2.42567396], [9.88797617, -2.42385757], [9.88686764, -2.42589915], [9.88805711, -2.42686105]], [[9.88144505, -2.44894123], [9.88281977, -2.44972253], [9.88321805, -2.44944072], [9.88492763, -2.44853151], [9.88773441, -2.44731975], [9.88972425, -2.44206023], [9.88669395, -2.43844974], [9.88369751, -2.43881381], [9.88358355, -2.44107687], [9.88475311, -2.44261181], [9.88305414, -2.44792962], [9.88144135, -2.44864237], [9.88144505, -2.44894123]], [[9.88744128, -2.58016407], [9.888677, -2.57952476], [9.88862717, -2.57915998], [9.88686657, -2.57785451], [9.88632453, -2.57961226], [9.88674235, -2.57988894], [9.88744128, -2.58016407]], [[9.88755655, -2.53200972], [9.88691115, -2.53156042], [9.88596976, -2.53304756], [9.88632226, -2.53414345], [9.88690162, -2.53417206], [9.88755655, -2.53200972]], [[9.88500106, -2.52279568], [9.88538337, -2.52310276], [9.88600504, -2.52260506], [9.88672256, -2.51791418], [9.88436663, -2.51796234], [9.88405883, -2.51767731], [9.88389635, -2.51674783], [9.88408232, -2.51613665], [9.88513804, -2.51554954], [9.88716304, -2.51297855], [9.88691938, -2.50877488], [9.88674903, -2.51235676], [9.88209605, -2.51767051], [9.88231444, -2.51861215], [9.88447595, -2.51894963], [9.88403833, -2.52033842], [9.88416743, -2.52082253], [9.88500106, -2.52279568]], [[9.88595498, -2.52826655], [9.88654614, -2.53110397], [9.88680565, -2.5307281], [9.88685524, -2.53030276], [9.88701224, -2.52667916], [9.88595498, -2.52826655]], [[9.86989546, -2.53895795], [9.86602855, -2.53368866], [9.86430585, -2.53558242], [9.86399674, -2.53782153], [9.86660016, -2.5398792], [9.86667192, -2.54169881], [9.86912167, -2.54201722], [9.87054634, -2.54611278], [9.86766136, -2.54590797], [9.8668617, -2.54843426], [9.87014484, -2.54836094], [9.87060964, -2.55164945], [9.87124693, -2.55199194], [9.87178171, -2.55205405], [9.87328374, -2.5500344], [9.87729287, -2.54181576], [9.87535036, -2.54062545], [9.87458873, -2.53658247], [9.87225223, -2.53701973], [9.87199354, -2.5390259], [9.86999547, -2.53930068], [9.86989546, -2.53895795]], [[9.87246335, -2.47697318], [9.8728801, -2.47677767], [9.87331224, -2.47621286], [9.8733958, -2.47167182], [9.8733474, -2.47096395], [9.87237465, -2.46986997], [9.87170506, -2.46981275], [9.87059987, -2.47028196], [9.87046874, -2.47052622], [9.86980188, -2.47351563], [9.86990011, -2.47416306], [9.87054002, -2.47625566], [9.87246335, -2.47697318]], [[9.87260854, -2.52623761], [9.87278664, -2.52536297], [9.87215126, -2.52329993], [9.87095892, -2.52312064], [9.86999941, -2.52388871], [9.87013042, -2.52569616], [9.87063801, -2.52633953], [9.87190342, -2.52636862], [9.87260854, -2.52623761]], [[9.85230112, -2.50470161], [9.85034454, -2.50601006], [9.85205495, -2.50795364], [9.85046875, -2.51002455], [9.85084045, -2.51354325], [9.85107923, -2.51516688], [9.85293496, -2.51665652], [9.85392344, -2.52019024], [9.85442567, -2.52055883], [9.86100805, -2.52129078], [9.86237633, -2.52065432], [9.86292326, -2.51881695], [9.86450171, -2.51883316], [9.86656427, -2.52120233], [9.86688352, -2.52096605], [9.86745465, -2.51965976], [9.86468232, -2.51649892], [9.86282015, -2.51621246], [9.86340678, -2.51512206], [9.85620523, -2.51472056], [9.85391664, -2.51370955], [9.85380244, -2.51330304], [9.85607648, -2.51136422], [9.86354196, -2.51155996], [9.862167, -2.5088253], [9.85972488, -2.50746441], [9.85998034, -2.50660396], [9.86158156, -2.50708067], [9.86133063, -2.50591135], [9.85918248, -2.50516558], [9.86433113, -2.50432181], [9.85816705, -2.4988476], [9.85851336, -2.50037205], [9.85566735, -2.50143218], [9.85415184, -2.50357544], [9.85422981, -2.50496972], [9.85647094, -2.50513792], [9.85659373, -2.50611186], [9.85371864, -2.50612247], [9.85230112, -2.50470161]], [[9.85938728, -2.4609375], [9.86230361, -2.46393585], [9.86553073, -2.4609375], [9.86490953, -2.45867264], [9.86263287, -2.45705581], [9.86321354, -2.44941223], [9.86173356, -2.44881356], [9.86020982, -2.44996202], [9.85968196, -2.44729722], [9.85938883, -2.44727981], [9.85677791, -2.44903254], [9.85605955, -2.44823563], [9.85384882, -2.44503176], [9.85259807, -2.44463921], [9.85167134, -2.44464004], [9.85030925, -2.44541037], [9.850878, -2.44867814], [9.84845912, -2.44843757], [9.84800875, -2.44879496], [9.84801435, -2.44945765], [9.85059237, -2.45225632], [9.85513985, -2.45216405], [9.85573661, -2.45261526], [9.85566747, -2.45345712], [9.85137284, -2.45345116], [9.85056424, -2.4544301], [9.85268557, -2.4609375], [9.85301244, -2.46481466], [9.85318875, -2.46526945], [9.85479951, -2.46676075], [9.85537827, -2.46676576], [9.85630608, -2.4660238], [9.85684204, -2.46380925], [9.85659504, -2.4609375], [9.85633445, -2.45971906], [9.85696793, -2.45893467], [9.85824275, -2.45917046], [9.85910821, -2.4609375], [9.85938728, -2.4609375]], [[9.85611916, -2.50003696], [9.85636234, -2.49952602], [9.85702383, -2.49733353], [9.86186445, -2.49816966], [9.86216354, -2.49764955], [9.86226904, -2.4951539], [9.86239374, -2.49403834], [9.85999501, -2.49026442], [9.85692692, -2.48974895], [9.85355842, -2.49026024], [9.85327578, -2.49041557], [9.85050654, -2.49370325], [9.85206187, -2.49594545], [9.85225165, -2.49877596], [9.85370183, -2.50026464], [9.85469675, -2.50079584], [9.85517216, -2.50068593], [9.85611916, -2.50003696]], [[9.83718777, -2.49302447], [9.83676887, -2.49260604], [9.83674288, -2.4883635], [9.83466101, -2.48780978], [9.83246815, -2.48641145], [9.82998812, -2.48983693], [9.82800031, -2.49064553], [9.82702494, -2.49260592], [9.82748175, -2.49620867], [9.82563961, -2.50276136], [9.82725406, -2.50234365], [9.83226526, -2.49696887], [9.84106755, -2.49524915], [9.84123433, -2.49503171], [9.84116638, -2.49261415], [9.83718777, -2.49302447]], [[9.83444214, -2.48593271], [9.83589613, -2.4841789], [9.83685243, -2.48104513], [9.83804941, -2.47421265], [9.83805871, -2.4738847], [9.83644831, -2.47259152], [9.83606911, -2.47243786], [9.83581173, -2.47251725], [9.83385575, -2.47486782], [9.83053935, -2.47642815], [9.83004868, -2.48268545], [9.83327735, -2.48214388], [9.83388233, -2.48153353], [9.83380616, -2.48265004], [9.83260941, -2.48507655], [9.83412278, -2.48598182], [9.83444214, -2.48593271]], [[9.80987334, -2.50723875], [9.81170845, -2.504094], [9.81190205, -2.50032306], [9.80751741, -2.49992084], [9.80748391, -2.49963534], [9.81053185, -2.49373925], [9.81029451, -2.49359214], [9.80675066, -2.49330354], [9.80529237, -2.49457777], [9.80499613, -2.49610198], [9.80509865, -2.49680853], [9.80987334, -2.50723875]], [[9.80214596, -2.49166882], [9.80394387, -2.49404144], [9.80489504, -2.49383676], [9.80620813, -2.49283695], [9.80619442, -2.49145091], [9.80356896, -2.48902464], [9.80256724, -2.48880744], [9.80130982, -2.49014545], [9.80119324, -2.49123538], [9.80214596, -2.49166882]], [[9.78796983, -2.51750624], [9.78752792, -2.51789856], [9.78736985, -2.51822901], [9.78771341, -2.51836705], [9.78800392, -2.51823187], [9.78833151, -2.51808655], [9.78874815, -2.51794052], [9.78925526, -2.51780927], [9.78971457, -2.51763046], [9.79018235, -2.51735938], [9.79071713, -2.51697123], [9.79116857, -2.51663744], [9.79151297, -2.51608253], [9.79093683, -2.51586103], [9.79001904, -2.51671398], [9.78971982, -2.51680851], [9.78937435, -2.51693451], [9.78895426, -2.51706231], [9.78849006, -2.51723945], [9.78796983, -2.51750624]], [[9.78506684, 0.99712884], [9.78495061, 0.99664843], [9.78546631, 0.99427164], [9.78607297, 0.99422908], [9.78874755, 0.99754417], [9.78863335, 0.9987936], [9.78697205, 0.99967504], [9.78632557, 0.99975753], [9.78574407, 0.99919784], [9.78506684, 0.99712884]], [[9.77078748, -2.52440965], [9.76861072, -2.52395368], [9.76700747, -2.52491975], [9.76741314, -2.52521682], [9.76911771, -2.52531564], [9.77078748, -2.52440965]], [[9.74991202, -2.51039362], [9.75023127, -2.51330805], [9.75244606, -2.51709867], [9.75375605, -2.51765847], [9.75400686, -2.51747584], [9.75404072, -2.51577294], [9.7539258, -2.51549435], [9.75092113, -2.50985026], [9.7506541, -2.50948966], [9.74991202, -2.51039362]], [[9.72714436, -2.45303607], [9.72696543, -2.45352972], [9.72719705, -2.45524216], [9.72775114, -2.45502281], [9.72839451, -2.45230532], [9.72714436, -2.45303607]], [[9.57806516, 0.53232622], [9.57783806, 0.5360682], [9.57657528, 0.53868544], [9.57551587, 0.54035127], [9.57408106, 0.54115736], [9.56539154, 0.53816283], [9.56491911, 0.53792822], [9.56223643, 0.53262925], [9.56222093, 0.52734375], [9.56225038, 0.52694607], [9.56589973, 0.51770258], [9.56715846, 0.51565313], [9.57156205, 0.51056755], [9.57237625, 0.51040006], [9.57301831, 0.51039314], [9.57642126, 0.51267374], [9.57753742, 0.51550627], [9.57770324, 0.51994717], [9.57657862, 0.52245855], [9.57756686, 0.52734375], [9.57806516, 0.53232622]], [[9.55068874, -1.63904452], [9.54898524, -1.63829005], [9.54846025, -1.63809144], [9.54751635, -1.63852322], [9.54806626, -1.63905275], [9.55068874, -1.63904452]], [[9.54488862, 0.59834993], [9.54445755, 0.59929824], [9.54367113, 0.59963512], [9.54250968, 0.59886944], [9.53807187, 0.59046531], [9.53717816, 0.5882827], [9.53814065, 0.58684516], [9.53820634, 0.58247101], [9.54133475, 0.58148491], [9.54281092, 0.58277392], [9.54483914, 0.58947027], [9.54488862, 0.59834993]], [[9.53751993, -2.06320643], [9.53951836, -2.06540585], [9.54035175, -2.06542206], [9.54186332, -2.06485891], [9.54241121, -2.06295836], [9.54185343, -2.06178355], [9.54028213, -2.06134891], [9.53760004, -2.0627979], [9.53751993, -2.06320643]], [[9.53417492, 0.56218004], [9.53438985, 0.56125093], [9.53499413, 0.56114948], [9.53681052, 0.56289792], [9.53417492, 0.56218004]], [[9.51567101, -1.17452598], [9.51606822, -1.17478502], [9.51734686, -1.17491305], [9.51776123, -1.17478538], [9.51974833, -1.17317235], [9.51650608, -1.17239702], [9.51549304, -1.17305434], [9.51536834, -1.17343438], [9.51567101, -1.17452598]], [[9.51453388, -1.18326366], [9.51670074, -1.18256581], [9.51641798, -1.18124592], [9.51385641, -1.18117535], [9.51279974, -1.1813637], [9.51410592, -1.18312645], [9.51453388, -1.18326366]], [[9.51379573, 0.21414745], [9.51268744, 0.21510375], [9.51018405, 0.21512282], [9.50794566, 0.21106923], [9.50792384, 0.21060097], [9.51094675, 0.20744932], [9.51160824, 0.20746183], [9.51197386, 0.20780945], [9.51364374, 0.21239173], [9.51379573, 0.21414745]], [[9.50411487, -1.15053236], [9.50438237, -1.14829326], [9.50561738, -1.14686894], [9.50488555, -1.14291024], [9.50536156, -1.14245546], [9.50679862, -1.14258528], [9.50741768, -1.14348376], [9.50722265, -1.14392853], [9.50558555, -1.14400983], [9.50560665, -1.14472473], [9.50596225, -1.14498031], [9.50710595, -1.14557517], [9.50740445, -1.14557254], [9.50875855, -1.14507222], [9.50903952, -1.14467466], [9.50914144, -1.14376223], [9.50816941, -1.13959372], [9.50743055, -1.13892055], [9.50594771, -1.14146936], [9.50480521, -1.13980174], [9.50190008, -1.14090097], [9.50180495, -1.14043164], [9.50210035, -1.13999617], [9.50007963, -1.13824725], [9.49880016, -1.14024162], [9.4958477, -1.14180684], [9.49591875, -1.14227056], [9.49806404, -1.14790654], [9.5016067, -1.14860964], [9.50293636, -1.15122092], [9.50346816, -1.15123224], [9.50411487, -1.15053236]], [[9.50891173, -1.14801121], [9.50911665, -1.14556074], [9.50675821, -1.14648306], [9.50727534, -1.14769304], [9.50891173, -1.14801121]], [[9.49914372, -2.01891017], [9.49851513, -2.02118587], [9.4967612, -2.02128494], [9.49671125, -2.02159846], [9.49744737, -2.02250361], [9.49685931, -2.02414501], [9.49876511, -2.02588105], [9.49906623, -2.02583301], [9.50280273, -2.02202427], [9.50260067, -2.02036285], [9.50182557, -2.02151227], [9.50059795, -2.02023292], [9.49914372, -2.01891017]], [[9.50128901, 0.10668588], [9.49870241, 0.10775685], [9.49647486, 0.10649276], [9.49531293, 0.10398233], [9.49531257, 0.10334766], [9.49863124, 0.09471691], [9.49878514, 0.09438765], [9.50052226, 0.09447455], [9.50274861, 0.10003483], [9.50270283, 0.10086906], [9.50152481, 0.10626006], [9.50128901, 0.10668588]], [[9.49365687, -1.14349532], [9.49437165, -1.14355504], [9.49492681, -1.14296627], [9.49467742, -1.14181137], [9.49429023, -1.14170682], [9.4933542, -1.14213216], [9.4931401, -1.14251995], [9.49365687, -1.14349532]], [[9.49296355, -1.14746201], [9.4921875, -1.14620531], [9.4921875, -1.14564717], [9.48880148, -1.14299452], [9.48741448, -1.14414084], [9.48804414, -1.14602637], [9.48867238, -1.14673793], [9.4921875, -1.14871645], [9.4921875, -1.14815843], [9.49296355, -1.14746201]], [[9.48337126, -1.14056575], [9.48351192, -1.14031243], [9.48280561, -1.13844442], [9.48032606, -1.13751924], [9.48011112, -1.1377629], [9.48065352, -1.13854504], [9.48337126, -1.14056575]], [[9.48140407, -1.59372902], [9.48208785, -1.59228182], [9.48233724, -1.59116101], [9.48166263, -1.58550215], [9.48147714, -1.58518791], [9.47808254, -1.58331537], [9.47712052, -1.58203125], [9.47459745, -1.57773852], [9.46782684, -1.57210731], [9.46750021, -1.57192183], [9.45016313, -1.56878686], [9.44630241, -1.56760502], [9.44076872, -1.56884146], [9.43521702, -1.56867492], [9.42262483, -1.57564223], [9.42039013, -1.57858276], [9.42075884, -1.58203125], [9.42103791, -1.58203125], [9.42600107, -1.58967352], [9.42821646, -1.60223007], [9.43182313, -1.60821712], [9.43512237, -1.61112833], [9.43950915, -1.60940266], [9.44193482, -1.60583436], [9.44517267, -1.59807551], [9.44618785, -1.58931065], [9.44759941, -1.58774686], [9.45609534, -1.58793914], [9.46016145, -1.59010005], [9.46148348, -1.59205735], [9.47617042, -1.59651065], [9.48140407, -1.59372902]], [[9.48003542, -1.11084342], [9.47976816, -1.1107409], [9.47937262, -1.11164701], [9.48059356, -1.11304545], [9.48088765, -1.11295331], [9.4815768, -1.11252964], [9.48185456, -1.11150384], [9.48003542, -1.11084342]], [[9.47642553, -1.92675936], [9.47636473, -1.92642605], [9.47416305, -1.92337155], [9.47159016, -1.92218637], [9.47161925, -1.91810882], [9.46850371, -1.91896975], [9.46750724, -1.91876543], [9.46628976, -1.91335011], [9.46610785, -1.91301894], [9.46523404, -1.91251194], [9.46496105, -1.91255474], [9.46376824, -1.91542911], [9.46478176, -1.92395186], [9.46261632, -1.92695534], [9.46472645, -1.93158305], [9.46649742, -1.93359375], [9.46997488, -1.93743455], [9.47289705, -1.93629468], [9.47431612, -1.93359375], [9.47624338, -1.93038023], [9.47642553, -1.92675936]], [[9.38428605, -1.08781862], [9.39555275, -1.08534992], [9.40195751, -1.07991493], [9.41376185, -1.07458675], [9.42043865, -1.06819296], [9.42135596, -1.06656611], [9.42320836, -1.06198132], [9.42375135, -1.05697787], [9.42375612, -1.05658233], [9.42299104, -1.0546875], [9.42083085, -1.04802561], [9.42112505, -1.04074705], [9.422318968574919, -1.0361400320616152], [9.413940337598238, -1.0362273290632655], [9.412620622790381, -1.0362193066031697], [9.401426495722312, -1.0359665411491046], [9.398180978665991, -1.0386031471021857], [9.38970726738986, -1.0467756143560052], [9.388751380919759, -1.047667826448911], [9.383084703482716, -1.0527862996779789], [9.377679386602521, -1.0590845125088728], [9.371763257159344, -1.067069582950411], [9.368301622988888, -1.0711419543686451], [9.360749422988887, -1.078909054368645], [9.360607145518962, -1.0790546373746879], [9.350852533982959, -1.088985201521282], [9.35536957, -1.08680308], [9.36938095, -1.08460295], [9.37690771, -1.08741832], [9.38428605, -1.08781862]], [[9.47102284, -2.00711846], [9.47303367, -2.00791121], [9.47338724, -2.00741065], [9.47315908, -2.00601602], [9.47198486, -2.00554156], [9.47102284, -2.00711846]], [[9.46558952, -1.13451648], [9.46518505, -1.13643301], [9.46576905, -1.13745368], [9.46773005, -1.13860965], [9.46825731, -1.13852143], [9.46957195, -1.13815296], [9.46993995, -1.13533473], [9.46871531, -1.13327456], [9.46745694, -1.13304901], [9.46558952, -1.13451648]], [[9.44444394, -1.94238031], [9.44431007, -1.94400024], [9.44561243, -1.94546974], [9.44873548, -1.94282317], [9.44649684, -1.94295323], [9.44483185, -1.94199395], [9.44444394, -1.94238031]], [[9.41692865, -1.07412541], [9.41699624, -1.07339907], [9.41615498, -1.07366073], [9.41275406, -1.07697928], [9.40107965, -1.08179021], [9.39776266, -1.08486915], [9.39759755, -1.08542371], [9.39819562, -1.08560264], [9.40437615, -1.08433783], [9.40785694, -1.08318901], [9.41037357, -1.08180332], [9.41228914, -1.08056724], [9.41400254, -1.07885206], [9.41692865, -1.07412541]], [[9.39798057, 0.20351064], [9.39804757, 0.2031368], [9.39983594, 0.19829535], [9.40497828, 0.19444776], [9.41232836, 0.20412791], [9.41169381, 0.20912445], [9.41142595, 0.20960867], [9.40826118, 0.21107864], [9.40588653, 0.21225047], [9.40472102, 0.21155298], [9.40364826, 0.21109855], [9.40087116, 0.21146595], [9.39821303, 0.20723772], [9.39807475, 0.20682216], [9.39798057, 0.20351064]], [[9.40201116, 0.18812144], [9.40284133, 0.18821847], [9.40342486, 0.18859124], [9.40371323, 0.18931854], [9.40382683, 0.19402742], [9.40372336, 0.19440305], [9.39754951, 0.20037353], [9.39683986, 0.1977458], [9.39694858, 0.19402575], [9.397632, 0.19209242], [9.39892626, 0.19001353], [9.40021574, 0.18913984], [9.40201116, 0.18812144]], [[9.39924252, -1.10455537], [9.39744985, -1.10350823], [9.39711905, -1.10527635], [9.39764571, -1.10641801], [9.39843106, -1.10567081], [9.40106034, -1.10675132], [9.40361416, -1.10502112], [9.40191436, -1.10429597], [9.39945996, -1.10486126], [9.39924252, -1.10455537]], [[9.38009286, -1.90492117], [9.37822747, -1.90472114], [9.37891066, -1.90820157], [9.37547195, -1.91091478], [9.37733912, -1.91322196], [9.37875497, -1.91372263], [9.37919235, -1.91367471], [9.38072813, -1.91192055], [9.38102055, -1.91143417], [9.38295758, -1.90592706], [9.38260317, -1.90499795], [9.38009286, -1.90492117]], [[9.38038611, 0.81011975], [9.38080215, 0.81042802], [9.38043935, 0.81042737], [9.37742746, 0.81042194], [9.37877595, 0.80920458], [9.37912655, 0.80928445], [9.38034313, 0.81009125], [9.38038611, 0.81011975]], [[9.37614322, -1.09054375], [9.37695932, -1.08970761], [9.37374866, -1.08728588], [9.37329996, -1.08710217], [9.36628747, -1.08602881], [9.36512411, -1.08592546], [9.35353923, -1.08878553], [9.34848464, -1.09216714], [9.35705638, -1.09242606], [9.37054277, -1.09562075], [9.37318385, -1.09455824], [9.37614322, -1.09054375]], [[9.37510455, -1.88973248], [9.37342346, -1.88910842], [9.37331867, -1.88600874], [9.37320054, -1.88556385], [9.37202764, -1.88624036], [9.37078452, -1.88910782], [9.37088311, -1.88939881], [9.37431037, -1.89108193], [9.37557161, -1.89026403], [9.37510455, -1.88973248]], [[9.32844424, -1.65139461], [9.32826793, -1.65894711], [9.33474445, -1.66016996], [9.34305251, -1.65627944], [9.34889996, -1.65493786], [9.35284102, -1.65342832], [9.35956037, -1.64902484], [9.36644542, -1.64672506], [9.36905444, -1.64460075], [9.36911631, -1.64424264], [9.36863411, -1.64376366], [9.36649013, -1.64232934], [9.36483383, -1.64379776], [9.36193395, -1.64485824], [9.36146832, -1.6449635], [9.35782933, -1.64473081], [9.35309136, -1.64805937], [9.33555985, -1.64765716], [9.33329928, -1.65005493], [9.32844424, -1.65139461]], [[9.36758792, -1.91190255], [9.36719251, -1.91159654], [9.36573875, -1.91132557], [9.36476636, -1.91152644], [9.36530125, -1.91255796], [9.36575937, -1.91277528], [9.36738086, -1.91306305], [9.36751854, -1.91279948], [9.36758792, -1.91190255]], [[9.35736012, -1.98674786], [9.35781968, -1.98655498], [9.35729074, -1.98524594], [9.35385716, -1.98126495], [9.35410762, -1.98296165], [9.35455465, -1.98362672], [9.35736012, -1.98674786]], [[9.3173877, -1.65829647], [9.31726062, -1.65863585], [9.31740952, -1.65953255], [9.32205927, -1.66378212], [9.32609725, -1.66188443], [9.32693744, -1.66023004], [9.32731843, -1.65299213], [9.32717884, -1.65249205], [9.32650626, -1.65125787], [9.32628286, -1.65096438], [9.32327127, -1.64952564], [9.32241094, -1.6484313], [9.31910694, -1.64984381], [9.31884992, -1.65021205], [9.31788826, -1.65225661], [9.31966937, -1.6541059], [9.31979728, -1.65668273], [9.3173877, -1.65829647]], [[9.31871653, -1.88835025], [9.31768596, -1.88819945], [9.31699896, -1.88723326], [9.31718135, -1.89038932], [9.31726885, -1.89119565], [9.31871653, -1.88835025]], [[9.30755484, -1.90556705], [9.30745316, -1.90608406], [9.30917966, -1.90908182], [9.30953014, -1.90887284], [9.31164944, -1.90318155], [9.31173468, -1.90257883], [9.31097722, -1.90123594], [9.31029725, -1.90079665], [9.30755484, -1.90556705]], [[9.30534172, -1.88069725], [9.30803394, -1.87358236], [9.3072741, -1.87067056], [9.30711937, -1.87037897], [9.30495393, -1.8683362], [9.30199754, -1.87074018], [9.29408121, -1.86961341], [9.29367375, -1.86982131], [9.28992367, -1.87394965], [9.28939092, -1.87546051], [9.28951836, -1.87590301], [9.29476523, -1.88239396], [9.29671395, -1.88422954], [9.29805255, -1.88425815], [9.29885983, -1.8839066], [9.30121827, -1.88174331], [9.30278957, -1.88084507], [9.30534172, -1.88069725]], [[9.29752386, -1.89424074], [9.30273294, -1.89495254], [9.30671561, -1.89120042], [9.30752981, -1.89041507], [9.30756354, -1.89000535], [9.30539596, -1.88708937], [9.30642974, -1.88457906], [9.30505276, -1.8815875], [9.30334961, -1.88137746], [9.30185974, -1.88206995], [9.30128264, -1.88304424], [9.3017354, -1.88491333], [9.29606032, -1.88603008], [9.29271746, -1.88431382], [9.29213905, -1.8848145], [9.29259181, -1.88967657], [9.29640067, -1.89371395], [9.29752386, -1.89424074]], [[9.30363846, -1.86612344], [9.30351198, -1.86566782], [9.30130291, -1.86281645], [9.29643846, -1.86432385], [9.29588044, -1.86420751], [9.29159713, -1.86240578], [9.28854406, -1.86521947], [9.28826785, -1.86566257], [9.28759062, -1.86825275], [9.28807592, -1.87095511], [9.28951144, -1.87172711], [9.28990531, -1.87176394], [9.29130948, -1.86957133], [9.29207051, -1.86880124], [9.29571617, -1.86783695], [9.30041397, -1.86973536], [9.30190194, -1.86952758], [9.30225885, -1.86928201], [9.30363846, -1.86612344]], [[9.29699194, -1.64934564], [9.29515123, -1.64759827], [9.29319441, -1.64611018], [9.29159713, -1.64609313], [9.29334497, -1.64957535], [9.29654574, -1.65017653], [9.29713082, -1.64984345], [9.29699194, -1.64934564]], [[9.290874, -1.67562175], [9.28867197, -1.67302716], [9.28832614, -1.67422724], [9.28859985, -1.67624795], [9.28583682, -1.67983007], [9.29145026, -1.68161535], [9.29171884, -1.68145895], [9.29235256, -1.68041837], [9.29082513, -1.67790365], [9.290874, -1.67562175]], [[9.28928816, -1.88075566], [9.29141867, -1.88307405], [9.29169345, -1.88294673], [9.29110456, -1.8805747], [9.29064906, -1.8800323], [9.28928816, -1.88075566]], [[9.27254057, -1.67488503], [9.27231574, -1.67396951], [9.27194154, -1.67373514], [9.27035308, -1.6737349], [9.27043283, -1.67486596], [9.27080893, -1.67506683], [9.27212632, -1.67517185], [9.27254057, -1.67488503]], [[9.26581335, -1.46529114], [9.26041508, -1.45959568], [9.25975788, -1.45993865], [9.25957537, -1.46055651], [9.26368368, -1.46509087], [9.26581335, -1.46529114]], [[9.25224817, -1.43683362], [9.25192952, -1.43831265], [9.25382936, -1.44163454], [9.25350535, -1.44971061], [9.25599217, -1.45125866], [9.25706375, -1.45104504], [9.25794506, -1.45027792], [9.25885701, -1.44924414], [9.25914943, -1.44711864], [9.25508165, -1.44044864], [9.25705421, -1.43535292], [9.25658751, -1.43327475], [9.2557559, -1.4348793], [9.25224817, -1.43683362]], [[9.25385976, -1.46088695], [9.25318551, -1.46057606], [9.25257766, -1.46239436], [9.25287545, -1.46329975], [9.25544548, -1.46420205], [9.25747263, -1.46331406], [9.25758541, -1.46302605], [9.25385976, -1.46088695]], [[9.24791431, -1.56843555], [9.24818146, -1.56850457], [9.25136364, -1.56718552], [9.25043583, -1.56560385], [9.24651217, -1.565346], [9.24441958, -1.56598771], [9.24441958, -1.56626666], [9.24791431, -1.56843555]], [[9.00282693, -1.25540364], [9.00636625, -1.25115705], [9.00701821, -1.24506032], [9.01056957, -1.24123085], [9.01159835, -1.23408687], [9.01422977, -1.23046875], [9.0173732, -1.2261554], [9.01754045, -1.22578287], [9.01969922, -1.21807206], [9.01959705, -1.21774483], [9.01713335, -1.21568704], [9.00489187, -1.21351886], [8.99956834, -1.20904005], [8.99926281, -1.20909452], [8.99673152, -1.21400654], [8.99697554, -1.22670245], [8.99556506, -1.22275305], [8.99584424, -1.21475697], [8.99867165, -1.20850575], [8.99974501, -1.20304847], [9.00207102, -1.20198846], [9.00273526, -1.20035851], [9.00240636, -1.19243157], [9.00495195, -1.19902205], [9.00373876, -1.20521748], [9.00463665, -1.21005046], [9.00690484, -1.21150804], [9.01610518, -1.21082425], [9.02129853, -1.21220124], [9.02329516, -1.21319795], [9.02479756, -1.21469867], [9.02682781, -1.21776807], [9.02839506, -1.22443998], [9.03125, -1.23046875], [9.03143716, -1.23124242], [9.03076196, -1.23508894], [9.03368127, -1.24360251], [9.03394663, -1.2506417], [9.03808522, -1.25586557], [9.03875411, -1.25892127], [9.03875244, -1.25925744], [9.03772545, -1.26310325], [9.0337826, -1.26875818], [9.03184402, -1.26963985], [9.02913761, -1.26790786], [9.02329695, -1.27340913], [9.01521516, -1.27613592], [9.01389885, -1.27774096], [9.01461864, -1.2805891], [9.01978087, -1.28613341], [9.02045751, -1.29163837], [9.02398455, -1.29279196], [9.02051377, -1.29269016], [9.01941848, -1.29565632], [9.01732194, -1.29714215], [9.01738381, -1.30874705], [9.02111816, -1.31937134], [9.02011871, -1.32651675], [9.02099073, -1.33047116], [9.02615464, -1.33984005], [9.02653158, -1.34021485], [9.03116894, -1.34147155], [9.03162265, -1.34180832], [9.03217495, -1.34256983], [9.03125346, -1.34346664], [9.03559351, -1.34827316], [9.05256736, -1.35915434], [9.05825174, -1.36239147], [9.06063485, -1.36323786], [9.06841254, -1.3640902], [9.07152402, -1.36408901], [9.07408571, -1.36311364], [9.07759512, -1.35642421], [9.08372974, -1.35302222], [9.0845865, -1.35175371], [9.08503723, -1.35022604], [9.08754468, -1.33301747], [9.08767641, -1.33272183], [9.09063125, -1.32866538], [9.09538424, -1.32516265], [9.09846163, -1.32099557], [9.09988141, -1.31733167], [9.10097468, -1.31194282], [9.10020626, -1.30207264], [9.10037124, -1.30150795], [9.10192382, -1.29919696], [9.10751092, -1.29436362], [9.10859132, -1.29177225], [9.10999966, -1.27815628], [9.11027896, -1.27707243], [9.11809552, -1.26102686], [9.11825347, -1.26047003], [9.1221807, -1.24226224], [9.12196016, -1.23369825], [9.12332594, -1.23046875], [9.12883365, -1.21998906], [9.12999272, -1.20935488], [9.12999284, -1.20474327], [9.1293962, -1.20227993], [9.12171531, -1.18538094], [9.1145215, -1.17789996], [9.11406314, -1.17676103], [9.11597598, -1.17393875], [9.11303484, -1.17169726], [9.11234415, -1.17064548], [9.11632037, -1.16726851], [9.11325181, -1.16366386], [9.11348891, -1.16198134], [9.11418533, -1.16028905], [9.11444211, -1.15978134], [9.12214172, -1.14603877], [9.12239575, -1.14566946], [9.12955177, -1.14126444], [9.13211501, -1.14003742], [9.13836324, -1.13464773], [9.140625, -1.12974334], [9.140625, -1.12918532], [9.14408517, -1.12449884], [9.14542067, -1.12310636], [9.14662111, -1.12242556], [9.15038776, -1.12260306], [9.15373886, -1.11565292], [9.15527546, -1.11414731], [9.16000056, -1.11211121], [9.16647828, -1.10729384], [9.17016375, -1.10236621], [9.17094946, -1.10180605], [9.179184411806261, -1.0978542038737407], [9.176310357719014, -1.0971038288755715], [9.172265533985712, -1.095564545005758], [9.168799830986115, -1.093795875257608], [9.165849876904838, -1.0939162432584475], [9.165377670064094, -1.0939327179221057], [9.158209770064094, -1.0941404179221055], [9.154348011758719, -1.0940657551396213], [9.150511458574769, -1.093618976215613], [9.14673588337755, -1.0928042470149868], [9.14644182589511, -1.0927103342726594], [9.145630990633517, -1.0930635011485923], [9.141196062197038, -1.0944103612236376], [9.133924462197038, -1.0961657612236375], [9.13271671697003, -1.0964376096917712], [9.1272667734583, -1.0975760133001649], [9.12691313481599, -1.0980451176498467], [9.124095439540682, -1.1013861571825572], [9.120930052453959, -1.1043998387209475], [9.117454764225593, -1.107050182765294], [9.114028264225594, -1.1093786827652943], [9.110758380780691, -1.1113787077391837], [9.107312075877495, -1.113056569519433], [9.103720995722636, -1.1143968608910417], [9.100018115943003, -1.1153872744294233], [9.096237438782142, -1.1160187155151613], [9.092413680869603, -1.116285385846701], [9.088581954430342, -1.116184836684116], [9.084260454430343, -1.115863736684116], [9.079301661805625, -1.1151812275872297], [9.073924861805624, -1.1140947275872297], [9.070240427698973, -1.1131660917182078], [9.06666072960043, -1.1118920505937626], [9.063218068511425, -1.110284100380064], [9.059943508895408, -1.108356750234231], [9.057510008895408, -1.1067641502342311], [9.05435215018804, -1.1044698894392788], [9.051432939264599, -1.1018787677139585], [9.048780173771437, -1.0990154585358844], [9.046708634232264, -1.0962883676786976], [9.04334307, -1.09818482], [9.04287255, -1.09818387], [9.03311706, -1.09295106], [9.02555215, -1.09026575], [9.01022744, -1.09282327], [8.99320805, -1.09372056], [8.98949766, -1.09196424], [8.9866271, -1.08478653], [8.98481548, -1.08292007], [8.98337627, -1.08203912], [8.97588575, -1.08200181], [8.97333491, -1.08097625], [8.97287512, -1.08065176], [8.97118735, -1.07824695], [8.97007823, -1.07547855], [8.96910048, -1.06818402], [8.97000635, -1.06549895], [8.974929214463158, -1.0597819933914239], [8.973687267475011, -1.0591043554305817], [8.970684262360248, -1.0570943300371183], [8.967874912910876, -1.0548214909594489], [8.965282147354655, -1.0523043877489815], [8.960596647354656, -1.0473251877489813], [8.957771764820063, -1.0443231937713255], [8.957600255877455, -1.0441345074067925], [8.951482280072218, -1.039751193371044], [8.950935245759654, -1.039352213196339], [8.948697033905267, -1.0376905694459455], [8.9485507, -1.03772044], [8.94691837, -1.03828955], [8.938943837664251, -1.0424654829575848], [8.937889818000698, -1.0436041343936642], [8.936075841059717, -1.0454108613601074], [8.93716514, -1.04782248], [8.93719125, -1.05057371], [8.93610477, -1.0546875], [8.93564761, -1.05789542], [8.93590033, -1.05845356], [8.95382297, -1.07223606], [8.95899463, -1.07337296], [8.96111631, -1.07376134], [8.9613862, -1.07402635], [8.96230245, -1.07632875], [8.96230233, -1.07910216], [8.96026945, -1.0826714], [8.95918465, -1.08385134], [8.95877671, -1.08565235], [8.95889497, -1.08663714], [8.95957231, -1.08802855], [8.96292603, -1.09092772], [8.96619272, -1.09558451], [8.96714282, -1.09751952], [8.96923673, -1.10372615], [8.96881771, -1.11038935], [8.97363186, -1.11576545], [8.97738802, -1.11735022], [8.97812414, -1.11823285], [8.97920585, -1.11996794], [8.98077965, -1.1270951], [8.98476422, -1.13353396], [8.98491776, -1.13398135], [8.98444605, -1.13474107], [8.98379135, -1.13476205], [8.98334634, -1.13454854], [8.98125565, -1.13104546], [8.97868597, -1.12173045], [8.97504795, -1.11755836], [8.97020793, -1.11485076], [8.96796036, -1.11201358], [8.9676975, -1.11150432], [8.96710527, -1.10914731], [8.96792722, -1.10600758], [8.9670006, -1.10625458], [8.96686542, -1.10555983], [8.96685803, -1.10479736], [8.96784806, -1.10194445], [8.96672988, -1.09814215], [8.95940375, -1.08823395], [8.95845556, -1.08663487], [8.95841301, -1.08414805], [8.9599905, -1.08239198], [8.96143568, -1.07996953], [8.96146417, -1.07607722], [8.96090651, -1.07438326], [8.95872545, -1.07394564], [8.9543786, -1.07316911], [8.95269418, -1.07231987], [8.94573104, -1.06780136], [8.93651021, -1.05972254], [8.93376231, -1.05868781], [8.93443084, -1.0546875], [8.93547344, -1.04944241], [8.93525004, -1.04841805], [8.934233920058507, -1.0471399808394874], [8.93361926159463, -1.0477044000955855], [8.930561290803187, -1.050244256613878], [8.928158090803187, -1.0520462566138782], [8.925044911016457, -1.0541594316251286], [8.922552811016455, -1.0556849316251287], [8.921749621473088, -1.0561239316472508], [8.92097053697297, -1.0566044124519125], [8.91929983697297, -1.0575248124519125], [8.918490861838949, -1.0579584588838453], [8.91523996183895, -1.0596533588838453], [8.912022704497561, -1.0611530987371764], [8.908685157622852, -1.0623617116973485], [8.905095257622852, -1.0634842116973484], [8.90198983223769, -1.0643197796106458], [8.898827320330629, -1.0649031825573456], [8.898691122092382, -1.0649226835549428], [8.91866744, -1.09228897], [8.95194995, -1.14157212], [8.95700097, -1.1491878], [8.96666026, -1.16496944], [8.97292805, -1.1762222], [8.98406637, -1.19852912], [8.98713565, -1.20917416], [8.98805344, -1.22196352], [8.98818255, -1.22235572], [8.99030554, -1.21832001], [8.99058914, -1.21457362], [8.99170053, -1.21664464], [8.99199915, -1.21784532], [8.99209094, -1.22514451], [8.99258053, -1.21868777], [8.99386108, -1.21847582], [8.99441957, -1.23046875], [8.99417007, -1.24114585], [8.99518383, -1.24593782], [8.99518406, -1.24680805], [8.99441957, -1.25488281], [8.99472821, -1.26010942], [8.99572074, -1.26326787], [8.99693525, -1.26598871], [8.99870014, -1.26665676], [8.99959612, -1.26659131], [9.00548506, -1.2649821], [9.00567675, -1.26465166], [9.00511742, -1.26148105], [9.00229347, -1.25934875], [9.00282693, -1.25540364]], [[8.84295452, -0.98259854], [8.843918453296247, -0.9906065026269241], [8.844820087917551, -0.9897106127140618], [8.84295452, -0.98259854]], [[9.21905935, -1.51269615], [9.22089064, -1.51587725], [9.22190666, -1.51639307], [9.22696674, -1.51711535], [9.22732484, -1.51700544], [9.23314893, -1.51389515], [9.23336375, -1.51350045], [9.23375225, -1.51094186], [9.23361695, -1.51036894], [9.23147129, -1.50299732], [9.23137832, -1.50267792], [9.23127162, -1.50236404], [9.22899675, -1.50013304], [9.22549915, -1.49532247], [9.22490227, -1.49103403], [9.22241473, -1.48775125], [9.22068953, -1.48149943], [9.21878231, -1.47975695], [9.21609497, -1.47045922], [9.21608806, -1.46985924], [9.21638, -1.46942878], [9.22610736, -1.46480691], [9.22663164, -1.46387255], [9.22687078, -1.46285355], [9.22670102, -1.46261001], [9.22452176, -1.46176791], [9.22426915, -1.46137512], [9.22282314, -1.45853853], [9.22290122, -1.45376074], [9.21989274, -1.45156801], [9.2192049, -1.45131636], [9.21633124, -1.45176327], [9.21498322, -1.453125], [9.21134758, -1.45315361], [9.20967185, -1.45163322], [9.20532703, -1.45161712], [9.20476282, -1.45141315], [9.20479286, -1.45102274], [9.20702314, -1.44857132], [9.20473015, -1.44569027], [9.20313811, -1.44527936], [9.20008445, -1.45163322], [9.20001507, -1.45758414], [9.20427084, -1.46382534], [9.2100687, -1.46908414], [9.20983732, -1.47578573], [9.20879364, -1.47819364], [9.20916712, -1.48344767], [9.21679676, -1.48981583], [9.22316062, -1.50127411], [9.2228382, -1.50299732], [9.22223985, -1.50619531], [9.21905673, -1.51158082], [9.21905935, -1.51269615]], [[9.10118115, -1.35269713], [9.09674704, -1.35294223], [9.08425331, -1.36183894], [9.07879925, -1.36302924], [9.07861865, -1.36327922], [9.07871771, -1.36378646], [9.09028411, -1.36972761], [9.0939995, -1.3734405], [9.09881175, -1.38152647], [9.10403562, -1.38694525], [9.10925412, -1.39207041], [9.11256254, -1.39393997], [9.11621141, -1.39382494], [9.11669564, -1.39360225], [9.12245882, -1.38880825], [9.12313175, -1.38739157], [9.12323892, -1.38325417], [9.12227285, -1.37771797], [9.12345457, -1.37499881], [9.12542307, -1.37313366], [9.13019145, -1.36962676], [9.13068211, -1.36947191], [9.140625, -1.36858261], [9.15161657, -1.35851383], [9.15771365, -1.34807217], [9.15938687, -1.34468794], [9.16014194, -1.34195566], [9.16114116, -1.33242655], [9.16416693, -1.32763147], [9.17017126, -1.32268405], [9.17806661, -1.30153644], [9.18743241, -1.28679276], [9.18966508, -1.28076148], [9.19217086, -1.27115417], [9.18889511, -1.25683594], [9.18966413, -1.24391842], [9.18889511, -1.23200333], [9.18917406, -1.23046875], [9.18802845, -1.22586954], [9.17864823, -1.21784902], [9.17809594, -1.21756995], [9.16888952, -1.21566224], [9.16721535, -1.21547616], [9.16137552, -1.21612275], [9.15979385, -1.21648204], [9.15885425, -1.21691215], [9.15786636, -1.21669757], [9.15608943, -1.21558654], [9.15238094, -1.21024275], [9.15157342, -1.20785534], [9.14996672, -1.19712985], [9.1465435, -1.18816102], [9.14657152, -1.18365824], [9.14681566, -1.18207633], [9.14896595, -1.17730701], [9.15064013, -1.16740477], [9.15175605, -1.15594375], [9.15014124, -1.13695145], [9.15098977, -1.13353825], [9.15426695, -1.130162], [9.15507674, -1.12772775], [9.15195501, -1.12311661], [9.15159404, -1.12289202], [9.14993906, -1.12359846], [9.14854801, -1.12352192], [9.14716232, -1.1228379], [9.14464343, -1.12477791], [9.140625, -1.13030136], [9.13892126, -1.13492656], [9.13524878, -1.13845265], [9.13239396, -1.14059544], [9.12287593, -1.14603031], [9.11497641, -1.16005564], [9.11471987, -1.16061103], [9.11404705, -1.16225958], [9.11380982, -1.16348875], [9.11693442, -1.16704595], [9.11338055, -1.17071974], [9.11337221, -1.17117667], [9.11645424, -1.17373824], [9.11476254, -1.17708516], [9.11988056, -1.18327475], [9.12189615, -1.18432856], [9.12995422, -1.20200086], [9.13055074, -1.20446432], [9.12983406, -1.21972764], [9.12388384, -1.23046875], [9.1225183, -1.23397744], [9.12273824, -1.24251747], [9.11991072, -1.25898325], [9.11976564, -1.25959885], [9.11808205, -1.26465905], [9.11610878, -1.26856482], [9.11098075, -1.27694762], [9.1096245, -1.29171312], [9.10769951, -1.29526913], [9.10093546, -1.30178821], [9.10153306, -1.31222212], [9.09920716, -1.32092416], [9.09587824, -1.32550585], [9.08875716, -1.3318907], [9.08740056, -1.33532524], [9.08507085, -1.35251152], [9.07889771, -1.35627723], [9.07510567, -1.36212122], [9.08384407, -1.36083984], [9.09236038, -1.35328841], [9.09758782, -1.35193145], [9.09856844, -1.35011172], [9.0998193, -1.35012686], [9.10118115, -1.35269713]], [[9.15977907, -1.4859786], [9.16571045, -1.49739516], [9.16502297, -1.49863505], [9.16940665, -1.50108647], [9.17100008, -1.50299732], [9.17312408, -1.50554442], [9.17700291, -1.50846911], [9.17748284, -1.50858665], [9.17978156, -1.50740302], [9.18013847, -1.50697053], [9.18164421, -1.50299732], [9.18178093, -1.50263655], [9.17910028, -1.49878716], [9.17683268, -1.49767685], [9.17641473, -1.49756074], [9.16992521, -1.49759734], [9.17336714, -1.49607456], [9.17366731, -1.49420345], [9.16900837, -1.48865294], [9.16074312, -1.48259282], [9.15977907, -1.4859786]], [[9.15755367, -1.43552816], [9.16180754, -1.43773484], [9.16753554, -1.43736684], [9.17007565, -1.43798804], [9.17048216, -1.43824077], [9.17399395, -1.44123006], [9.17720652, -1.44793725], [9.17849958, -1.44833195], [9.18162596, -1.44269848], [9.18172908, -1.44019258], [9.18076146, -1.43765295], [9.17990351, -1.43637085], [9.17650521, -1.4333204], [9.17540658, -1.43319952], [9.17452443, -1.43468177], [9.17425776, -1.43455327], [9.17246294, -1.43293595], [9.17178488, -1.43089414], [9.17166746, -1.43020022], [9.17206216, -1.42324996], [9.17071402, -1.41927242], [9.16435254, -1.41747034], [9.16208017, -1.41535914], [9.16271174, -1.41251695], [9.16288185, -1.41222286], [9.16617811, -1.40870452], [9.16656387, -1.40743673], [9.16657364, -1.40625], [9.16678894, -1.39771187], [9.16846311, -1.39483535], [9.17419386, -1.39003468], [9.17435324, -1.38981485], [9.17489111, -1.38822627], [9.1745311, -1.38765693], [9.17406905, -1.38761032], [9.16082954, -1.39574695], [9.16063285, -1.3960433], [9.15995085, -1.39787877], [9.16100025, -1.40299284], [9.16015625, -1.40625], [9.15959823, -1.40625], [9.15528107, -1.41270304], [9.15507865, -1.41311765], [9.15252995, -1.42010498], [9.15215194, -1.42383301], [9.15221846, -1.42474103], [9.15405977, -1.43045938], [9.15755367, -1.43552816]], [[9.16332424, -1.41541421], [9.16477776, -1.41559637], [9.16512001, -1.41541827], [9.16502726, -1.4135884], [9.1645987, -1.41265237], [9.16357064, -1.4131726], [9.16297746, -1.41450346], [9.16332424, -1.41541421]], [[9.15276933, -1.45002663], [9.1581521, -1.45083535], [9.15886188, -1.45063186], [9.16040838, -1.44855142], [9.16049612, -1.44716954], [9.15650618, -1.44520795], [9.15356088, -1.44295955], [9.15203846, -1.44048381], [9.15179884, -1.44030821], [9.14965987, -1.43941545], [9.14779615, -1.44174123], [9.14736414, -1.44284356], [9.14744484, -1.44336736], [9.14902365, -1.44748104], [9.15055966, -1.44918954], [9.15276933, -1.45002663]], [[9.15865636, -2.07503903], [9.15888286, -2.07460296], [9.15889597, -2.07235396], [9.15756476, -2.07468045], [9.15784836, -2.07524276], [9.15865636, -2.07503903]], [[9.09890485, -1.41018713], [9.10985935, -1.41230166], [9.11128151, -1.41210365], [9.11408913, -1.40862215], [9.11495531, -1.40625], [9.11587191, -1.39889622], [9.10395575, -1.39206374], [9.10248196, -1.39181113], [9.10129797, -1.39220023], [9.09842551, -1.39828765], [9.09701753, -1.40217471], [9.09681904, -1.40625], [9.09746814, -1.40911961], [9.09890485, -1.41018713]], [[9.10148883, -0.69961345], [9.10253358, -0.70109963], [9.10282481, -0.70109904], [9.10422063, -0.69927704], [9.10422313, -0.69751787], [9.10309267, -0.69849563], [9.10148883, -0.69961345]], [[9.10309315, -1.41346908], [9.10321236, -1.41294336], [9.10225487, -1.41241157], [9.09924877, -1.41272056], [9.10129583, -1.41538596], [9.10178256, -1.41542876], [9.10223436, -1.41484964], [9.10158932, -1.41367304], [9.10309315, -1.41346908]], [[9.09366155, -0.68401456], [9.09270585, -0.6896311], [9.09480107, -0.69335365], [9.09667516, -0.69418836], [9.0969851, -0.69426894], [9.10012245, -0.69030094], [9.10123408, -0.68507302], [9.10040784, -0.68341362], [9.09544325, -0.68286192], [9.09529245, -0.68247807], [9.09366155, -0.68401456]], [[9.09223223, -1.37520075], [9.09193873, -1.37505925], [9.09130645, -1.37708902], [9.09012616, -1.37749362], [9.09403443, -1.38052225], [9.09432471, -1.38045013], [9.09354484, -1.37710285], [9.09223223, -1.37520075]], [[9.0878607, -0.68712544], [9.08647025, -0.68323064], [9.08602226, -0.68279207], [9.07741141, -0.67888153], [9.07522035, -0.68010533], [9.07486236, -0.68172872], [9.07655907, -0.69747305], [9.07766962, -0.69854057], [9.07877946, -0.69848204], [9.08448613, -0.69651806], [9.08544123, -0.69586992], [9.08729827, -0.69373155], [9.08809304, -0.69056475], [9.0878607, -0.68712544]], [[8.982164826626269, -0.9635004303930232], [8.981898407454997, -0.9629584726027363], [8.980872354168596, -0.9609667195715537], [8.980110106279085, -0.9598637896400094], [8.978037659489424, -0.9565256518148015], [8.977275959489424, -0.9551525518148015], [8.97490753682146, -0.9500738551950717], [8.974059936821462, -0.9478640551950717], [8.973910619915992, -0.9473968077845547], [8.973275739476392, -0.9582954879710328], [8.974569165660421, -0.9589806966240377], [8.97802846566042, -0.9610390966240377], [8.982164826626269, -0.9635004303930232]], [[8.97247672, -1.07885873], [8.97275806, -1.07914042], [8.97672212, -1.08116376], [8.98309851, -1.08094382], [8.98560107, -1.08208227], [8.98769355, -1.0841006], [8.99014688, -1.09066367], [8.99375248, -1.09232545], [9.00460374, -1.09235477], [9.01963437, -1.08945537], [9.026634893829646, -1.0891022967284696], [9.025996852504488, -1.0889481509280596], [9.025701024335032, -1.0888450923684276], [9.025397707713806, -1.0887667699588586], [9.023848167458468, -1.0881996069798843], [9.022289941159562, -1.0876567629422742], [9.022005638988901, -1.087525204406576], [9.021711459858722, -1.0874175289129904], [9.02022497275655, -1.0867012154741296], [9.018727457763386, -1.0860082524931278], [9.01845741957684, -1.08584946096198], [9.018175211043545, -1.0857134693582418], [9.016766092777921, -1.084854903949484], [9.015343710978518, -1.0840184956374133], [9.01509053739144, -1.0838340003600653], [9.014823017277475, -1.0836710023196585], [9.013504838427602, -1.082678453395229], [9.012171288136239, -1.0817066548213625], [9.011937417348674, -1.0814982325881914], [9.011687162018976, -1.0813097978713486], [9.01047261736776, -1.0801928242199645], [9.010254538166304, -1.0799984752178988], [9.007103956597582, -1.0785503294319512], [9.003246425302917, -1.0765155647762585], [8.99963334803166, -1.074072925317539], [8.99258889785588, -1.0687286184092117], [8.987924660992894, -1.0660809910508462], [8.985432928545489, -1.0645433484776188], [8.984502276810582, -1.0639208928993455], [8.98017482930742, -1.0622726254834642], [8.976859419525843, -1.0608351625163297], [8.976169177226739, -1.060458548708723], [8.97019923, -1.06755435], [8.97005522, -1.07139277], [8.97019792, -1.07204032], [8.97247672, -1.07885873]], [[9.046002230383847, -1.095230322529754], [9.044372243236431, -1.0925836713763424], [9.043385693996422, -1.0907914380187003], [9.042835381451964, -1.09014452703915], [9.041541209035298, -1.0903476065389714], [9.041228460641067, -1.0903656013843546], [9.040918259934317, -1.0904093151589216], [9.039269627532082, -1.0904783082745506], [9.037622276727973, -1.0905730931673225], [9.037309270499458, -1.0905603466593614], [9.036996278794721, -1.090573444953952], [9.035348822500227, -1.09048051161535], [9.033700113596366, -1.0904133714780173], [9.033389863954651, -1.0903700063725514], [9.033077095533145, -1.0903523630434282], [9.031446681251087, -1.0900983982494474], [9.029812492215509, -1.0898699796782363], [9.02950798703425, -1.0897964136049378], [9.029198454026844, -1.0897481985670046], [9.027600783538045, -1.089335648137443], [9.02707625467159, -1.0892089260604085], [9.03804266, -1.09406733], [9.04151595, -1.09679532], [9.04422355, -1.09671426], [9.046002230383847, -1.095230322529754]], [[9.02406645, -0.68905187], [9.02847123, -0.69816661], [9.03144455, -0.70179701], [9.03152895, -0.703125], [9.03142464, -0.70612335], [9.03037417, -0.70658386], [9.02888417, -0.70665824], [9.02307105, -0.70488727], [9.01908314, -0.70523858], [9.01854765, -0.70741415], [9.02157235, -0.70895255], [9.02197528, -0.71050477], [9.02128863, -0.71424353], [9.01841986, -0.71615875], [9.02043545, -0.72043705], [9.01805615, -0.7220211], [9.01509213, -0.72142327], [9.01565051, -0.72048736], [9.01831293, -0.72108364], [9.0172466, -0.71858597], [9.01518595, -0.7168715], [9.01398551, -0.71481812], [9.01318586, -0.7144562], [9.01026201, -0.71475995], [9.00924325, -0.71664906], [9.01196694, -0.71863127], [9.01220036, -0.72131443], [9.01201904, -0.72161138], [9.00450003, -0.72728026], [9.00275481, -0.73315501], [8.99911094, -0.73906386], [8.99393034, -0.73903894], [8.99493861, -0.74390137], [8.99209666, -0.74123013], [8.99043906, -0.74221838], [8.988071624142645, -0.7509088069762244], [8.989354100350281, -0.7586031055586171], [8.991104774274042, -0.7689000653063368], [8.991814952923074, -0.7698306260797005], [8.99448874747988, -0.771884442595203], [8.994725004246982, -0.7720673250049949], [8.994757215417922, -0.772092452071178], [8.997958936163318, -0.772456983247608], [9.002937136163318, -0.773272283247608], [9.00634011116224, -0.7739826759417214], [9.009668553987543, -0.7749858533845673], [9.017698953987543, -0.7777922533845673], [9.02251835189595, -0.7798395491431553], [9.028188603940082, -0.7826999240611057], [9.036812055994508, -0.7870498989885684], [9.03711721580339, -0.7872054750202708], [9.04051961580339, -0.7889584750202708], [9.040905367164065, -0.7891818276994513], [9.041306944714762, -0.7893752857112581], [9.042603183346175, -0.7901648748943266], [9.043916684597912, -0.7909254011130005], [9.044278686069447, -0.7911854885332319], [9.044659367713388, -0.7914173764749762], [9.04498240306572, -0.7916605555430506], [9.05228066, -0.78595698], [9.05434644, -0.78314245], [9.05481052, -0.78186595], [9.05501854, -0.78056276], [9.05197096, -0.77736545], [9.04271901, -0.77326822], [9.03884101, -0.76634276], [9.03801012, -0.76364911], [9.03763795, -0.76070857], [9.03969455, -0.75853336], [9.03984451, -0.75824201], [9.04109144, -0.7543118], [9.04124606, -0.75347948], [9.04048705, -0.74612737], [9.04232287, -0.73592556], [9.04244983, -0.73564434], [9.05053854, -0.72675073], [9.05546546, -0.71664464], [9.06171536, -0.70930934], [9.06417406, -0.70382237], [9.06417406, -0.70350671], [9.06417406, -0.703125], [9.0640372, -0.70202565], [9.05930376, -0.69709206], [9.05744922, -0.69350076], [9.05069232, -0.68781221], [9.05001748, -0.68097007], [9.04980946, -0.68021846], [9.04790461, -0.67753065], [9.04557753, -0.67587662], [9.04350674, -0.66983247], [9.04085135, -0.66797376], [9.03980374, -0.66799808], [9.03939438, -0.66814685], [9.03603566, -0.66981018], [9.03493476, -0.67315865], [9.03185475, -0.67689395], [9.02747643, -0.67793965], [9.02332413, -0.67760515], [9.02204835, -0.67804944], [9.02012777, -0.68020237], [9.01916432, -0.68298864], [9.01921213, -0.68519533], [9.02406645, -0.68905187]], [[8.98657775, -0.73535216], [8.98501718, -0.73273385], [8.985001909761662, -0.732729188228278], [8.985004053322864, -0.7327392911198958], [8.985330772286606, -0.7344649325278713], [8.986294942899352, -0.7402494969442722], [8.98653734, -0.73911834], [8.98657775, -0.73535216]], [[8.96096218, -0.66468012], [8.95733857, -0.66754866], [8.95711005, -0.66805863], [8.95542955, -0.67294037], [8.95555997, -0.67482507], [8.95554101, -0.67715478], [8.95431077, -0.67891586], [8.95431316, -0.67990434], [8.95451868, -0.68095481], [8.95646131, -0.68202114], [8.9535886, -0.68105531], [8.95385265, -0.67850935], [8.95289814, -0.67748106], [8.95213175, -0.67744792], [8.94764602, -0.67951035], [8.94529796, -0.68324113], [8.94511094524582, -0.687632710421674], [8.94642321272762, -0.6876804512735758], [8.950313153691438, -0.6882069813743091], [8.954132754551516, -0.6891122569780165], [8.957845230463564, -0.69038755978576], [8.961414828255101, -0.6920206079343498], [8.964807170748058, -0.6939956742774], [8.967989587829782, -0.696293737846346], [8.970931431084093, -0.6988926670327694], [8.973604368952273, -0.7017674327278858], [8.975982659581478, -0.7048903493665444], [8.97804339873284, -0.7082313415543552], [8.979766740361818, -0.7117582337101772], [8.981136087746451, -0.7154370599345546], [8.982138253322864, -0.7192323911198958], [8.983696139166982, -0.7265749161767415], [8.98594618, -0.72770405], [8.99105227, -0.73318458], [8.99366665, -0.73832035], [8.99734736, -0.73827076], [8.99791801, -0.73789978], [9.00033641, -0.73536897], [9.00248003, -0.73088121], [9.00251806, -0.72839844], [9.00458276, -0.72527528], [9.01019585, -0.72086561], [9.00836337, -0.71861565], [9.00830257, -0.71586955], [9.00853932, -0.71551335], [9.00974917, -0.7145462], [9.01271415, -0.71350574], [9.01316631, -0.71364546], [9.01605725, -0.71664298], [9.01674962, -0.71675253], [9.01697993, -0.71655405], [9.01990437, -0.71255553], [9.01774406, -0.70759487], [9.01834071, -0.7050848], [9.0188663, -0.70462275], [9.02060306, -0.70375502], [9.02124357, -0.70375645], [9.02727723, -0.70499432], [9.02889013, -0.70498383], [9.03018343, -0.70452201], [9.03036272, -0.70414257], [9.03013384, -0.703125], [9.03010476, -0.70214915], [9.029374, -0.70088315], [9.02599847, -0.69741833], [9.02337527, -0.6913532], [9.01904941, -0.68788075], [9.01626813, -0.67941844], [9.01635766, -0.67900968], [9.02246058, -0.67553175], [9.03025222, -0.67418075], [9.03212547, -0.67302096], [9.03258097, -0.67250121], [9.03396583, -0.66572726], [9.03403115, -0.66324162], [9.03379214, -0.66210985], [9.03281248, -0.65964687], [9.01804423, -0.65250933], [9.01689243, -0.65306473], [9.01506042, -0.65474105], [9.01721764, -0.65885735], [9.01726711, -0.66141164], [9.01517868, -0.66345906], [9.01129532, -0.66333628], [9.00827134, -0.65914285], [9.00649083, -0.65825832], [9.00301278, -0.65971553], [9.00252652, -0.66007042], [9.00224125, -0.66306317], [9.00441217, -0.66617203], [9.00454545, -0.66945004], [8.99935806, -0.67568195], [8.99627924, -0.67691231], [8.99583936, -0.68200386], [8.99671638, -0.68447483], [8.99589145, -0.68457425], [8.99558675, -0.68396366], [8.99457336, -0.68055153], [8.99501085, -0.67726755], [8.99880898, -0.67510033], [9.00373256, -0.66873002], [9.00103652, -0.66473997], [9.00142622, -0.66029286], [9.00642025, -0.65741265], [9.01319444, -0.66203845], [9.01576483, -0.66215885], [9.0159924, -0.66167355], [9.01624036, -0.65994632], [9.01330113, -0.65091002], [9.01324403, -0.65008354], [9.01067698, -0.6469959], [9.01060975, -0.64304793], [9.01263642, -0.63749325], [9.01218975, -0.63626444], [9.00341237, -0.64423645], [8.99400902, -0.64790952], [8.99020004, -0.65212846], [8.98514962, -0.6539458], [8.97896814, -0.65354133], [8.96771181, -0.65687931], [8.96721077, -0.65711653], [8.96414626, -0.65959823], [8.96096218, -0.66468012]], [[9.02925885, -1.26373684], [9.0323137, -1.25506794], [9.03230965, -1.2547369], [9.02814138, -1.24370778], [9.02676165, -1.24268317], [9.02517438, -1.24579453], [9.02672935, -1.25023305], [9.02588916, -1.25398088], [9.02552247, -1.25468898], [9.02468193, -1.25624287], [9.02182603, -1.25774157], [9.02183676, -1.25814402], [9.02533925, -1.26454723], [9.02670777, -1.26613522], [9.02720726, -1.26581621], [9.02925885, -1.26373684]], [[9.03007293, -1.24004841], [9.02924287, -1.23859262], [9.02873635, -1.23852158], [9.02814782, -1.23933315], [9.02823603, -1.24070168], [9.02886522, -1.24213088], [9.02926385, -1.24203277], [9.03008246, -1.24068511], [9.03007293, -1.24004841]], [[9.01630771, -1.25310576], [9.00961864, -1.25024211], [9.00788498, -1.25335646], [9.00789034, -1.25385225], [9.00823855, -1.25878048], [9.01028764, -1.26217568], [9.01032317, -1.26512945], [9.01451921, -1.27019608], [9.01500654, -1.27051663], [9.01635063, -1.27100122], [9.0199064, -1.27117586], [9.02343285, -1.27018476], [9.02481663, -1.26856446], [9.02473474, -1.26472044], [9.02066612, -1.2618916], [9.01722836, -1.25684977], [9.01630771, -1.25310576]], [[8.89885604, -0.72209823], [8.89446783, -0.72189534], [8.89358461, -0.72211242], [8.89232802, -0.72341096], [8.89171934, -0.72602022], [8.88814378, -0.72990561], [8.88736403, -0.73260975], [8.88750327, -0.73988128], [8.88812482, -0.74195611], [8.88924527, -0.74311066], [8.89871526, -0.7472465], [8.90313685, -0.75046015], [8.907810288310833, -0.7559623824428965], [8.907469123998514, -0.7539155451846078], [8.906563840497704, -0.7484842753903392], [8.903880346677136, -0.7358366088801042], [8.903255014311284, -0.7319613238478532], [8.903012537448516, -0.7280434060819995], [8.903128586370165, -0.7248535336748032], [8.90284264, -0.72485662], [8.89885604, -0.72209823]], [[8.9093914, -0.78844285], [8.90986955, -0.79226887], [8.916696285541835, -0.8006537088364568], [8.916344194691243, -0.799731307200761], [8.914670494691244, -0.794410307200761], [8.913393286849049, -0.789112729811849], [8.91263479107546, -0.7846514761520679], [8.91034818, -0.78543544], [8.9093914, -0.78844285]], [[8.94623661, -0.84473634], [8.94869018, -0.8533715], [8.95228171, -0.85842156], [8.95492435, -0.8700484], [8.95507812, -0.87890625], [8.95594382, -0.88852263], [8.96252966, -0.89992023], [8.96431506, -0.90755117], [8.96788514, -0.91213095], [8.96952271, -0.92146933], [8.969777419977234, -0.9219264202701174], [8.969892915012217, -0.91934092078486], [8.969659296604672, -0.9174143993197914], [8.969395303044198, -0.9140659059728884], [8.969413172289304, -0.910707069718424], [8.969584872289305, -0.907081169718424], [8.970116854747932, -0.9022050589113946], [8.970792754747931, -0.8982680589113945], [8.971490669856678, -0.8950187749171377], [8.971812569856677, -0.8937743749171377], [8.972143106289895, -0.8925739652731687], [8.972630959497057, -0.8909042113762796], [8.973689717572396, -0.887104816837839], [8.973760799407593, -0.8868093241856848], [8.97467677221535, -0.8835976733821959], [8.975857468694562, -0.8804736274651077], [8.976603168694563, -0.8787250274651077], [8.977942117012807, -0.8758972478450143], [8.979497986011923, -0.8731827696564243], [8.979846850161186, -0.8726258037416372], [8.979988172532225, -0.8693277579707613], [8.980528859065005, -0.8642685398113549], [8.981227159065005, -0.8602032398113548], [8.981376062334869, -0.8593871776928483], [8.98168636233487, -0.8577810776928484], [8.982082050572009, -0.8559615010957113], [8.98303203853209, -0.8520354348312356], [8.981705182990117, -0.852001305416786], [8.97701723012243, -0.8513205113678409], [8.974313630122431, -0.8507627113678409], [8.971180167514584, -0.8499831494382141], [8.968119792862847, -0.8489533865004903], [8.965480492862847, -0.8479449865004903], [8.961887952732198, -0.846366329140678], [8.95846738354522, -0.8444432560564931], [8.95488398354522, -0.8421904560564931], [8.951570695753018, -0.8398655749950051], [8.947120300700115, -0.8363939417765456], [8.9472239, -0.83718836], [8.94623661, -0.84473634]], [[9.0234375, -1.23046875], [9.02363956, -1.22972727], [9.02296793, -1.22713184], [9.02207303, -1.22837818], [9.02204227, -1.23046875], [9.02230823, -1.23128295], [9.02261901, -1.23127282], [9.02315843, -1.23046875], [9.0234375, -1.23046875]], [[9.01807034, -1.25042868], [9.0170871, -1.25316095], [9.01708066, -1.2538172], [9.01767445, -1.25493383], [9.01829088, -1.25485218], [9.02181995, -1.25126302], [9.02253938, -1.24841285], [9.02163255, -1.24684274], [9.01859617, -1.24931645], [9.01807034, -1.25042868]], [[9.01733911, -0.67955482], [9.01747155, -0.68073976], [9.01803875, -0.68105781], [9.01822936, -0.68069768], [9.01809752, -0.67880535], [9.01733911, -0.67955482]], [[9.01599264, -1.21468425], [9.01805675, -1.21351886], [9.01781964, -1.21302152], [9.01572955, -1.21155381], [9.0129317, -1.21188283], [9.01265085, -1.2121464], [9.01259875, -1.21390915], [9.01288605, -1.21420586], [9.01528251, -1.21477497], [9.01599264, -1.21468425]], [[9.01109397, -1.27591383], [9.01112068, -1.27508867], [9.01105213, -1.27466631], [9.01009941, -1.27466071], [9.00974691, -1.26994765], [9.00841296, -1.26837635], [9.00654507, -1.26720536], [9.00244784, -1.27120304], [9.00088966, -1.27163625], [9.00104475, -1.27041674], [8.99989474, -1.27023995], [8.9962666, -1.27380943], [8.99532032, -1.27282727], [8.99623537, -1.27291465], [8.99679494, -1.27095354], [8.9922564, -1.27158535], [8.99206686, -1.27180862], [8.99832594, -1.28194737], [9.00464594, -1.29513156], [9.00513518, -1.29564393], [9.0081954, -1.29724014], [9.00890625, -1.29737186], [9.01116645, -1.29712045], [9.011608, -1.29692984], [9.01413417, -1.29484606], [9.01558757, -1.29276252], [9.01704955, -1.28707623], [9.01532495, -1.28423095], [9.01280773, -1.28113174], [9.01246035, -1.28099418], [9.00840187, -1.28240395], [9.01021755, -1.27987325], [9.01109397, -1.27591383]], [[9.01109004, -1.31563842], [9.00976324, -1.31595063], [9.00972605, -1.31715763], [9.01183021, -1.31773794], [9.01215005, -1.31772053], [9.01199412, -1.31602907], [9.01109004, -1.31563842]], [[9.00719702, -1.30352795], [9.00544083, -1.30189717], [9.00384021, -1.30250525], [9.00413775, -1.30353558], [9.00454223, -1.30369222], [9.00807464, -1.30450785], [9.00793636, -1.30400026], [9.00719702, -1.30352795]], [[9.00654173, -1.25522184], [9.00559795, -1.25365734], [9.00524795, -1.25358903], [9.00374484, -1.25495672], [9.00281847, -1.25921476], [9.00551665, -1.26081622], [9.00629306, -1.26077294], [9.00694823, -1.26021886], [9.00654173, -1.25522184]], [[9.00102735, -1.20692515], [9.0025171, -1.20950115], [9.00329733, -1.20715034], [9.00162995, -1.20467234], [9.00123692, -1.20447278], [9.00102735, -1.20692515]], [[8.94578078210716, -1.0355255502743228], [8.94552258715251, -1.035333866885667], [8.945243456242364, -1.035651426315265], [8.94578078210716, -1.0355255502743228]], [[8.970958437662205, -0.935705839609801], [8.970078637662205, -0.9290548396098011], [8.969770931852628, -0.9255462871955763], [8.969771825338043, -0.9240599728500805], [8.96877897, -0.9218055], [8.96704674, -0.91283655], [8.96317065, -0.90835154], [8.96137154, -0.89956474], [8.95510673, -0.88852263], [8.95424104, -0.87890625], [8.95396197, -0.87848771], [8.95371211, -0.87099302], [8.95253754, -0.86544752], [8.95194185, -0.86319006], [8.94453025, -0.84332073], [8.94606984, -0.83878744], [8.946115461068961, -0.8356100934661665], [8.94563738263606, -0.8352371573674695], [8.93927555252012, -0.8303504574047971], [8.935760150032817, -0.8273096467453234], [8.929580350032817, -0.8213020467453234], [8.927244265989255, -0.8188293281443565], [8.925126726088816, -0.816167063937295], [8.923243044943774, -0.8133345083276096], [8.92072783599886, -0.8091793298072184], [8.91104782, -0.80852771], [8.90456474, -0.80420375], [8.90444577, -0.80395937], [8.90489447, -0.80294895], [8.91027522, -0.80688214], [8.91321695, -0.80774784], [8.91838753, -0.80714965], [8.91787875, -0.80505395], [8.90989375, -0.79770493], [8.90547705, -0.78912485], [8.90656757, -0.78528917], [8.911901522705378, -0.7803386028131056], [8.910474986849048, -0.771948129811849], [8.910453420475829, -0.7718200240500415], [8.91030994470888, -0.7709592319482675], [8.90391266, -0.77357686], [8.89345837, -0.7690382], [8.88850296, -0.76931095], [8.88353384, -0.77320242], [8.88143754, -0.77810836], [8.88515937, -0.78215444], [8.88545072, -0.78231013], [8.89099133, -0.78507471], [8.89505172, -0.78512335], [8.89511895, -0.78542912], [8.88883185, -0.78680074], [8.88337243, -0.7845993], [8.88281357, -0.78410482], [8.88164234, -0.78221762], [8.88027465, -0.77871037], [8.88061821, -0.77651727], [8.88343883, -0.77162814], [8.88626432, -0.76932025], [8.8882755, -0.76814401], [8.8926115, -0.76816785], [8.90225208, -0.77000535], [8.9027369, -0.76990342], [8.90499675, -0.76866484], [8.90623498, -0.76745415], [8.90645695, -0.76637912], [8.9058032, -0.76347888], [8.90485394, -0.76289213], [8.89648426, -0.76207745], [8.8871088, -0.76276267], [8.88010812, -0.76056445], [8.87356114, -0.75607026], [8.87138581, -0.75527263], [8.86958778, -0.75520074], [8.86880445, -0.75559318], [8.86635745, -0.75992525], [8.86431062, -0.77380264], [8.85969543, -0.78327751], [8.85944545, -0.78472722], [8.86000466, -0.7883383], [8.86181796, -0.79282975], [8.86208594, -0.79942334], [8.86192667, -0.80046546], [8.86121321, -0.80209196], [8.85716212, -0.80629003], [8.85636425, -0.80762315], [8.85499811, -0.81128788], [8.85298705, -0.81714165], [8.85296476, -0.82182586], [8.85449421, -0.82597971], [8.85243022, -0.82998383], [8.85287201, -0.8351655], [8.85468376, -0.8382802], [8.85846341, -0.83981335], [8.86173665, -0.84004605], [8.86607993, -0.8397572], [8.873142, -0.83831525], [8.88148952, -0.83874047], [8.88347864, -0.83960128], [8.88411725, -0.84203684], [8.89016402, -0.84630597], [8.89172375, -0.84867132], [8.88857341, -0.84999466], [8.88239217, -0.85013294], [8.87911594, -0.85485554], [8.87638783, -0.85569835], [8.8797487, -0.85304725], [8.88243103, -0.8488394], [8.88784707, -0.84955275], [8.8883723, -0.8475281], [8.88324285, -0.84550285], [8.87466276, -0.83978605], [8.86199033, -0.84688246], [8.85679996, -0.84734845], [8.85259378, -0.84568465], [8.84660625, -0.83722985], [8.84451783, -0.82665086], [8.84072864, -0.82100236], [8.83982956, -0.81729865], [8.83962274, -0.81696475], [8.8353163, -0.81434655], [8.83436894, -0.81225705], [8.83255625, -0.81133676], [8.82636857, -0.80940115], [8.82371736, -0.80813146], [8.81464016, -0.80005395], [8.8024801, -0.79165137], [8.79884863, -0.78696775], [8.79750466, -0.77840245], [8.80182076, -0.76484597], [8.80160368, -0.76322305], [8.79562736, -0.75862455], [8.79276276, -0.75489235], [8.79427898, -0.74025917], [8.79364026, -0.73603761], [8.79708672, -0.73251343], [8.79542875, -0.72590435], [8.79254246, -0.72589993], [8.79115677, -0.72389042], [8.79287183, -0.72260773], [8.79549146, -0.72276616], [8.79650188, -0.72075403], [8.79645562, -0.72027695], [8.79543281, -0.71947622], [8.79366434, -0.72019505], [8.79165041, -0.71725237], [8.79111862, -0.71711457], [8.7890625, -0.71847093], [8.78742003, -0.71869886], [8.78699875, -0.71819365], [8.78660786, -0.71659744], [8.78672028, -0.71611822], [8.78793025, -0.71464026], [8.78779507, -0.7143532], [8.7845124, -0.71252084], [8.78013384, -0.703125], [8.77979076, -0.70159924], [8.77752697, -0.70017195], [8.7752459, -0.69350255], [8.77602637, -0.68558073], [8.77902186, -0.68134391], [8.77859867, -0.68000913], [8.77816677, -0.6793226], [8.76728261, -0.67602432], [8.76634288, -0.67586207], [8.7638098, -0.67692673], [8.75793815, -0.67621458], [8.75760591, -0.67639351], [8.75805783, -0.68066347], [8.75654054, -0.68244302], [8.75074124, -0.68445957], [8.7487818, -0.68719137], [8.75192523, -0.68244052], [8.75571632, -0.68164384], [8.7564187, -0.68109977], [8.75677764, -0.68021524], [8.75682032, -0.67822385], [8.75582695, -0.67679966], [8.75511193, -0.67628407], [8.7506777, -0.67555833], [8.75048697, -0.67488325], [8.75361943, -0.66779053], [8.75279021, -0.65694737], [8.75209248, -0.65625], [8.74276066, -0.65498865], [8.73422432, -0.6493324], [8.72939086, -0.65036094], [8.72421575, -0.65016425], [8.72354746, -0.65043926], [8.72323191, -0.65159774], [8.72486043, -0.65358996], [8.72474158, -0.65569735], [8.72060847, -0.65209174], [8.71480584, -0.64910281], [8.70795965, -0.65084398], [8.71290815, -0.64757204], [8.71965468, -0.65104246], [8.72034287, -0.65053761], [8.72039497, -0.64982295], [8.71948576, -0.64850795], [8.71244586, -0.64330184], [8.71100605, -0.64055252], [8.71040893, -0.63788176], [8.71052825, -0.63473773], [8.71217108, -0.63286483], [8.71366286, -0.63201141], [8.71802986, -0.631392], [8.71842992, -0.62978566], [8.71673763, -0.62965643], [8.71698487, -0.62285185], [8.71269023, -0.6201266], [8.71187747, -0.62004137], [8.71081363, -0.62039734], [8.70961487, -0.62079847], [8.70900035, -0.62147796], [8.70869881, -0.62370627], [8.70819795, -0.62740755], [8.70787311, -0.62785113], [8.70475713, -0.62987357], [8.70229113, -0.63147414], [8.69980633, -0.64315677], [8.6992985, -0.65941882], [8.70009518, -0.66647005], [8.70235586, -0.67671311], [8.70675755, -0.68956315], [8.70903695, -0.69461632], [8.71400654, -0.703125], [8.71517384, -0.70551908], [8.72439826, -0.71781182], [8.73125422, -0.72444785], [8.74338293, -0.74245882], [8.76336324, -0.77977371], [8.77741063, -0.81490326], [8.78279495, -0.83483016], [8.7890625, -0.85239947], [8.79163158, -0.85926366], [8.79411972, -0.8647871], [8.79943407, -0.87456405], [8.80217636, -0.87890625], [8.80245531, -0.87890625], [8.81560874, -0.89916384], [8.81932032, -0.90449011], [8.8216784, -0.90638876], [8.84016085, -0.93374193], [8.84846365, -0.94377685], [8.85132062, -0.94987285], [8.85375726, -0.95242214], [8.85476744, -0.95417082], [8.86046076, -0.97140706], [8.86047685, -0.9741466], [8.86115801, -0.97512555], [8.86190033, -0.97618806], [8.861820443855603, -0.9795589025389646], [8.863570646715706, -0.9790340865698649], [8.867423062712767, -0.9782805843239769], [8.871330784409203, -0.9779083131967476], [8.8752561783089, -0.9779208583626366], [8.879161440722767, -0.9783180990048383], [8.883008961838922, -0.9790962094788146], [8.886761687925748, -0.9802476961553426], [8.887192140544865, -0.9804276093179726], [8.888318484701262, -0.9790776725903924], [8.88920333952283, -0.9780529292591783], [8.89207853952283, -0.9748349292591784], [8.894915272845669, -0.9719654330720363], [8.898176972845668, -0.9689831330720363], [8.902032237411333, -0.9658736252505348], [8.906237837411334, -0.9628916252505347], [8.909507053020638, -0.9608041200455678], [8.912963087467636, -0.9590430764396252], [8.916573442259262, -0.9576250542397055], [8.922731842259262, -0.9555448542397055], [8.924523916886683, -0.9549860156282708], [8.929695216886683, -0.9535056156282709], [8.933078742709691, -0.9526944133186321], [8.93651996379057, -0.9521803183326161], [8.939996063790568, -0.951814718332616], [8.944945415676615, -0.9516026239349754], [8.948357315676617, -0.9516679239349755], [8.951449294615829, -0.9518470281082722], [8.954518147480881, -0.9522648248986825], [8.95792974748088, -0.9528646248986825], [8.961140656332692, -0.9535662394394376], [8.96428312544942, -0.9545290927350359], [8.967394625449419, -0.9556241927350358], [8.971065182749747, -0.9571244179743388], [8.972445614797692, -0.9578557190689179], [8.973397176902608, -0.9457901248862114], [8.972673893063464, -0.9435268011195836], [8.971879993063462, -0.9404480011195837], [8.970958437662205, -0.935705839609801]], [[8.860633762404749, -0.9799147409333815], [8.86066437, -0.97833121], [8.859603696024362, -0.9802465073634724], [8.859810637290018, -0.9801615632958777], [8.860633762404749, -0.9799147409333815]], [[8.79799104, -0.73060822], [8.79795206, -0.73381245], [8.79828894, -0.73359394], [8.79919434, -0.73136997], [8.7984277, -0.73008025], [8.79799104, -0.73060822]], [[8.79557276, -0.73670936], [8.79540431, -0.7396301], [8.79622924, -0.73950315], [8.79696977, -0.73847771], [8.79678083, -0.73617494], [8.79557276, -0.73670936]], [[11.676127751939728, -0.1102382763054696], [11.674040391987923, -0.10766789578256389], [11.67340821191145, -0.10701392427522795], [11.670108771858045, -0.10574637297991757], [11.668785147112722, -0.10515983337571565], [11.669593756036678, -0.10599283054439118], [11.670133065649734, -0.1066709567909744], [11.67054029297699, -0.10696544012230565], [11.670589608470952, -0.10699070825570647], [11.672832335354983, -0.10840608080816097], [11.67376535439581, -0.1088530149687583], [11.676127751939728, -0.1102382763054696]]], [[[11.436772113023649, 2.341338562755521], [11.440594932515987, 2.341208114338368], [11.441402668510843, 2.341495033967141], [11.442430268510844, 2.3418341339671414], [11.4460913952509, 2.342852199399228], [11.449832608874694, 2.3435182525892304], [11.451558508874692, 2.34374155258923], [11.455394851524403, 2.3440511944737135], [11.459243194405207, 2.3439906957597105], [11.463067908108311, 2.3435606165671166], [11.464827675585829, 2.3431887819310826], [11.465607131842162, 2.3432245070246243], [11.467050231842162, 2.343272707024624], [11.467851204135881, 2.343291431439937], [11.468658179003643, 2.343302211485025], [11.469505967937318, 2.3433644714385182], [11.473529556521449, 2.3434569379408243], [11.475686056521448, 2.3433979379408245], [11.480248954249493, 2.343010879746447], [11.481838654249493, 2.342783779746447], [11.485796708173599, 2.3420130267978707], [11.489657049085206, 2.340847686066575], [11.490311187774145, 2.3405757132496894], [11.490722481558667, 2.340740616064752], [11.494736645226682, 2.341881605899554], [11.49884783921234, 2.3425981613887004], [11.50002263921234, 2.3427402613887005], [11.503552936459949, 2.343009439416681], [11.507093206943663, 2.342965389792756], [11.510615713849115, 2.342608457630737], [11.511455411169436, 2.3424473791213023], [11.512327759535252, 2.3423510828914926], [11.512340091014918, 2.342354694241603], [11.513884991014919, 2.342719194241603], [11.517542063641493, 2.343404240684883], [11.521246967497872, 2.343746521622815], [11.524967647133408, 2.343743075583215], [11.528671910602762, 2.3433939323817974], [11.53232770799602, 2.342702112864201], [11.535903408739905, 2.3416736027691303], [11.536008130997407, 2.3416326074848026], [11.537614458789774, 2.342587536371569], [11.541289098174456, 2.344295122009951], [11.545117640444436, 2.345622181694681], [11.549060798000276, 2.3465550974516987], [11.552523809346434, 2.3470112785065633], [11.553090204017343, 2.3472428357074744], [11.556670063885148, 2.3483288132898057], [11.560335721470839, 2.3490756053940216], [11.564055114312266, 2.3494766800424296], [11.565997014312266, 2.34959458004243], [11.57020483392647, 2.3496283088743235], [11.57195249846995, 2.349457842662489], [11.572477115960078, 2.3495105787269335], [11.576477103044436, 2.3495111585000092], [11.577357922790497, 2.3494671904886584], [11.578275805255906, 2.3495690630053163], [11.580129791715446, 2.349788222859899], [11.583244970794382, 2.3500335618951373], [11.585412170794381, 2.3501192618951374], [11.588187100649606, 2.3501326636118938], [11.590697700649606, 2.3500576636118935], [11.594476154514455, 2.3497651802453494], [11.59820996998548, 2.349116425933742], [11.601865630794515, 2.3481172241634365], [11.605410322221884, 2.3467765441817736], [11.605631080227534, 2.3466681656861277], [11.605891363374829, 2.3466494441369874], [11.609736374163207, 2.345991942103225], [11.613377035279768, 2.344996411729628], [11.61379457502725, 2.345151639670255], [11.617729938057014, 2.3461742905889778], [11.621748788723856, 2.34679213878653], [11.6258096, 2.3469988], [11.6267109, 2.3469988], [11.630530529466588, 2.346816012744465], [11.634315249953808, 2.3462693215368993], [11.638030471528117, 2.3453637227865753], [11.639194038260444, 2.344959015971726], [11.640389247796971, 2.3447232532154767], [11.641903337119347, 2.3448775962827493], [11.643387337119348, 2.3449273962827495], [11.64377536081242, 2.3449385329225914], [11.64557446081242, 2.3449814329225913], [11.646070046426113, 2.344971990130542], [11.647109328126882, 2.345070629270199], [11.651034717375014, 2.345056704485609], [11.654939839933432, 2.3446580913238813], [11.658787087337142, 2.3438786286476665], [11.66253940849053, 2.3427258231086343], [11.666160666489656, 2.3412107768543136], [11.66961598664041, 2.339348080608342], [11.67287209232087, 2.337155673153821], [11.675897625453368, 2.33465466857303], [11.678663448499908, 2.3318691529072697], [11.681142925072603, 2.3288259521951193], [11.683312176456635, 2.32555437412302], [11.685150311575345, 2.322085925776232], [11.686639628182713, 2.318454010208382], [11.687765783345663, 2.3146936047517954], [11.688517931574362, 2.3108409241666656], [11.688888829270198, 2.306933071873117], [11.688874904485608, 2.303007682624986], [11.68847629132388, 2.2991025600665678], [11.687696828647667, 2.295255312662857], [11.686544023108635, 2.2915029915094713], [11.685028976854314, 2.2878817335103445], [11.683166280608342, 2.28442641335959], [11.680973873153821, 2.2811703076791288], [11.67847286857303, 2.278144774546633], [11.67568735290727, 2.275378951500092], [11.672644152195119, 2.272899474927398], [11.66937257412302, 2.270730223543365], [11.665904125776231, 2.2688920884246553], [11.662272210208382, 2.2674027718172884], [11.658511804751795, 2.2662766166543364], [11.657642804751795, 2.2660622166543365], [11.65366725630041, 2.2652924824907137], [11.649634255639741, 2.2649286393335872], [11.649509015619861, 2.264930055213928], [11.645776688730223, 2.2639628685025808], [11.64484204138066, 2.263822822819367], [11.643792349345786, 2.263578581220764], [11.64001810614551, 2.2630721890486183], [11.636212811885054, 2.262926998283849], [11.634630033467754, 2.2630174750730974], [11.632930808815917, 2.261935364405398], [11.62983916426427, 2.2603262244980225], [11.62855176426427, 2.2597259244980226], [11.624819961525256, 2.258209612117936], [11.620954578239173, 2.25707631296565], [11.616994813149008, 2.256337519795935], [11.612980822120967, 2.256000724689508], [11.608953310924964, 2.256069343076054], [11.607365410924965, 2.256176543076054], [11.602538971393345, 2.2567990783429392], [11.597823848368987, 2.258003106405763], [11.596677248368987, 2.258371506405763], [11.593123239641951, 2.2597024971795343], [11.58971136447261, 2.261364310135481], [11.586472335099403, 2.2633419863453854], [11.58343530787697, 2.2656177236153527], [11.582497380619113, 2.266470675502606], [11.579438534447341, 2.2686312742128076], [11.578820186663021, 2.2691693305179292], [11.578570245052942, 2.2689087096006815], [11.575344766572082, 2.2661877041347056], [11.571850577613093, 2.2638216471414676], [11.568126567586619, 2.2618368722174313], [11.566152467586619, 2.2609149722174315], [11.562517058761648, 2.2594299959339494], [11.558753557693867, 2.258308652275654], [11.55489823830471, 2.2575617491395077], [11.550988259492266, 2.2571964854355664], [11.547061306980993, 2.2572163817013986], [11.544293306980991, 2.2573664817013985], [11.543691512726236, 2.257425211410643], [11.54254795661288, 2.2571534381490874], [11.538711521506073, 2.2566265709632427], [11.534842117880045, 2.2564731469131605], [11.530976011293099, 2.2566946039488123], [11.527149436402405, 2.2572888664885795], [11.523398257358672, 2.2582503648724153], [11.523127449993869, 2.258333940060114], [11.523005828512364, 2.2583633398409706], [11.518772324810133, 2.259638094457475], [11.517369976237099, 2.260236068790784], [11.514649293535971, 2.260187672051711], [11.510234525391217, 2.2605999663924017], [11.510017220213886, 2.260632491717035], [11.509780270532243, 2.2604978639718976], [11.506231867354789, 2.2587088029352884], [11.502523455988152, 2.257280660912142], [11.49869163823118, 2.256227533578987], [11.49477423389643, 2.2555598152397445], [11.490809907530872, 2.2552840962345697], [11.489452707530873, 2.25525729623457], [11.485914336367793, 2.2553440511460283], [11.482397486548466, 2.255743255668393], [11.481383586548466, 2.2559040556683927], [11.480271896005844, 2.256155527932281], [11.47827169721611, 2.2563460568496296], [11.47384159594701, 2.257282089697712], [11.47265770405573, 2.257676370933838], [11.46950363892653, 2.2559373723517613], [11.466085292858924, 2.254449054352666], [11.46254322395475, 2.2532854701561242], [11.46223882395475, 2.253200970156124], [11.458846490825502, 2.2524165455480696], [11.455398793174279, 2.251930102405175], [11.451921854305361, 2.2517453265211267], [11.448442019084576, 2.2518636179481133], [11.448103419084575, 2.2518899179481133], [11.447861077833501, 2.251921841350508], [11.445732652657611, 2.2518008158722096], [11.442106882178518, 2.251923875401556], [11.438507173797102, 2.252374935024647], [11.434963138163786, 2.253150284394031], [11.433967338163786, 2.253415984394031], [11.430068615925942, 2.2546733448289342], [11.428506308257454, 2.2553606180311014], [11.426163567028624, 2.255017874327243], [11.42418750324745, 2.254919319640194], [11.423149791024695, 2.2547447485613503], [11.420966391024695, 2.2544713485613506], [11.417254350603237, 2.254181182243465], [11.41353141134609, 2.2542374305339217], [11.409829831220247, 2.254639606060949], [11.406181683123291, 2.255384224114221], [11.40336194230688, 2.2562393871115716], [11.40315977511199, 2.2562815839532138], [11.402998620089573, 2.2563305242527494], [11.401953884689972, 2.256443850133674], [11.39798857320325, 2.257286712434452], [11.394128938467874, 2.2585266042661383], [11.391197623713254, 2.2598084021780265], [11.388161834698847, 2.2604799348286653], [11.387168744393348, 2.260799592493678], [11.383090920156173, 2.2605881056286883], [11.382016519340526, 2.2605875356547807], [11.3784706205592, 2.2597181085889106], [11.3772682205592, 2.2594946085889105], [11.37388472139921, 2.259014176275972], [11.37047256210715, 2.258824305955552], [11.37025193214874, 2.258821469180413], [11.368702220389864, 2.2586143686597984], [11.366561437479293, 2.258406914075512], [11.364116491922857, 2.2579979033320856], [11.361086675452155, 2.2577517604679054], [11.359727308670514, 2.257129249365208], [11.356110409307966, 2.2558753975194095], [11.354560109307965, 2.2554197975194095], [11.35187939453883, 2.2547317865654435], [11.351189194538831, 2.254579886565444], [11.349204151978173, 2.2541953424750436], [11.347871951978172, 2.2539720424750436], [11.343872910360915, 2.253507165225241], [11.339847394170313, 2.2534466333068], [11.337694658469209, 2.253631480089095], [11.333490847031872, 2.25363089781321], [11.33161834703187, 2.2537327978132096], [11.327944218152147, 2.2541034508599416], [11.324319928358362, 2.2548113563596583], [11.324095373580402, 2.254877205476816], [11.323024123674573, 2.2548561071041306], [11.319342560442836, 2.255123942628383], [11.315701363517423, 2.255730019065548], [11.312131541430794, 2.2566691750521337], [11.308663494885336, 2.2579334127101096], [11.308392616084168, 2.2580615608241827], [11.30655983241094, 2.257123916939127], [11.302590601609628, 2.2556001795024674], [11.2984820614521, 2.2545063482979626], [11.294280629631706, 2.253854781272592], [11.293404629631706, 2.253766281272592], [11.2904429466335, 2.253577719556507], [11.287475434715368, 2.253609258713025], [11.286296834715369, 2.2536655587130254], [11.282125376569757, 2.2540847838618823], [11.278409917777475, 2.254857390242911], [11.277337758698492, 2.2545938759015924], [11.273713930553646, 2.2540485803533756], [11.270055405418134, 2.2538372240401965], [11.266392890842939, 2.2539615809651092], [11.265051790842938, 2.2540687809651097], [11.261348700561886, 2.2545395217089617], [11.257705618219372, 2.2553534169867566], [11.2541542715891, 2.256503378546635], [11.25072558951418, 2.2579793913198425], [11.247753689514182, 2.259426691319842], [11.244313108517808, 2.2613164735973466], [11.241074325914026, 2.2635343919669912], [11.238068532949807, 2.2660590866624393], [11.235324677054532, 2.2688662434936346], [11.232869183060414, 2.2719288280057452], [11.230725698716927, 2.2752173458357405], [11.228914866950047, 2.278700126759231], [11.22745412705959, 2.282343629692041], [11.226357546769222, 2.2861127657091873], [11.225635686746593, 2.2899712359704045], [11.225295498898328, 2.2938818812978234], [11.225340259419372, 2.2978070400391646], [11.225769537241439, 2.3017089107700386], [11.226579198184433, 2.305549916342328], [11.227761444770872, 2.309293065772664], [11.229304891319844, 2.312902310485819], [11.231194673597347, 2.3163428914821917], [11.233412591966992, 2.319581674085974], [11.23593728666244, 2.3225874670501927], [11.238744443493635, 2.3253313229454693], [11.241807028005747, 2.3277868169395872], [11.245095545835742, 2.329930301283074], [11.248578326759231, 2.3317411330499542], [11.252221829692042, 2.3332018729404114], [11.255990965709188, 2.3342984532307787], [11.258796483143588, 2.334823322088533], [11.26169371861014, 2.336055206976428], [11.26529700334151, 2.3371994502093534], [11.268992221212812, 2.3379983984648995], [11.272746362488448, 2.338444914661685], [11.274352462488448, 2.338559314661685], [11.276010995134664, 2.3386428905793113], [11.276926595134663, 2.3386699905793114], [11.277474185359068, 2.3386861813234883], [11.278844962893466, 2.3387723687419575], [11.279136199215825, 2.338789614128257], [11.279141599215826, 2.338789914128257], [11.282806907849269, 2.338825336631502], [11.284662956854245, 2.338672788991268], [11.286467565818494, 2.3393192852803777], [11.28739219801215, 2.3396048467763135], [11.287751185994845, 2.3398613526619836], [11.288856285994845, 2.3405796526619835], [11.29199710824483, 2.3424233960745338], [11.295292610360406, 2.3439738218172157], [11.298715472311473, 2.3452180767112236], [11.30223731824263, 2.3461458457635875], [11.305828951711739, 2.3467494376794638], [11.30662285171174, 2.3468459376794635], [11.310731712982662, 2.347131761048563], [11.314848183725728, 2.3469935417898493], [11.318928617938296, 2.3464327454106733], [11.319427031115945, 2.346337878788856], [11.320176760200761, 2.3462066203673575], [11.324163215324033, 2.345296513481223], [11.328035926452673, 2.3439841768216136], [11.331754423467368, 2.3422833244042227], [11.333020423467369, 2.3416240244042226], [11.33644325917072, 2.3396197699461903], [11.339650765791752, 2.3372863729673847], [11.340207394317392, 2.336790103604774], [11.34029749494662, 2.336810975258404], [11.341966186213241, 2.337314242023008], [11.345948906816272, 2.3380862033990066], [11.349989336254671, 2.338450782226074], [11.354045913692019, 2.338404228358037], [11.35790258463915, 2.337966793402482], [11.358464422455995, 2.3380216294228253], [11.358784838108313, 2.3381713111604303], [11.362257060671848, 2.3394181814414576], [11.365829394286854, 2.3403398362420904], [11.369471449524255, 2.340928435151489], [11.370125949524255, 2.3410034351514892], [11.370550946361538, 2.3410498364439625], [11.37145674636154, 2.3411438364439623], [11.372257858276605, 2.341218836342656], [11.373149058276605, 2.341293236342656], [11.37781312180309, 2.341409571818636], [11.37888412180309, 2.341373771818636], [11.380952266921604, 2.3412509567301365], [11.381424257678367, 2.3412106385092084], [11.38444815158772, 2.3422320555434597], [11.388290940387177, 2.3431201019093995], [11.392202505193078, 2.343625386853301], [11.396144816667105, 2.343742997852163], [11.400079546543145, 2.3434717914586223], [11.403968440265523, 2.3428144044178696], [11.405331040265523, 2.3425143044178696], [11.409097673039282, 2.3414897073130185], [11.41274650157423, 2.340102850434251], [11.416242776886527, 2.3383669412718073], [11.417742194731016, 2.337430070714061], [11.419633727131613, 2.3381526810349897], [11.42330905053792, 2.3391680874954464], [11.424985157200195, 2.3394630401598193], [11.427247899123254, 2.340111719693648], [11.431006947364416, 2.3408096340890676], [11.432258747364417, 2.3409806340890675], [11.436772113023649, 2.341338562755521]]], [[[12.0497564221398, 2.088901325726848], [12.045845817500643, 2.0899315214531984], [12.042059218909706, 2.0913513112226747], [12.038435330449946, 2.0931461828920708], [12.038095830449947, 2.093336282892071], [12.034394798782495, 2.0956838287298365], [12.030972815363723, 2.0984221925379414], [12.027870962402499, 2.1015184992202367], [12.026764824945033, 2.1028957190122464], [12.024590420862955, 2.105193803213296], [12.022679808409476, 2.1066724770333565], [12.020197920016317, 2.1089519410168727], [12.019489820016316, 2.109659541016873], [12.0171303832348, 2.112232691992188], [12.015004299707222, 2.1150017742772595], [12.014628699707222, 2.1155378742772597], [12.013124027881801, 2.1179301050245165], [12.012747545580183, 2.118431669811057], [12.010713226358787, 2.1217804743730198], [12.009016312836486, 2.1253122488826106], [12.008978156280174, 2.125416809739993], [12.008372154958968, 2.126633120004354], [12.006974446200513, 2.1303012646137596], [12.005943008836692, 2.1340887455197817], [12.005287776173159, 2.1379590872108487], [12.005015058458651, 2.141875016180731], [12.005127482113842, 2.1457988198927844], [12.005623964437474, 2.1496927099722924], [12.006499724033366, 2.1535191861291723], [12.007746326857873, 2.157241397306269], [12.009351767444329, 2.16082349657518], [12.011300584522266, 2.1642309863617695], [12.013574009917889, 2.167431050676671], [12.01615014930186, 2.1703928711511975], [12.019004193043648, 2.173087923835084], [12.022108655141842, 2.1754902538977197], [12.025433637929366, 2.1775767255873535], [12.028947120004354, 2.1793272450410326], [12.03261526461376, 2.1807249537994875], [12.03409586461376, 2.1812073537994876], [12.035551331072602, 2.1816007094517835], [12.037900191720786, 2.183513186529977], [12.041067997105818, 2.1856256132226837], [12.04442230170304, 2.18742727305699], [12.047932712708834, 2.1889018414887333], [12.051567422865027, 2.1900359576952853], [12.055293498659237, 2.190819345635771], [12.059077178730027, 2.1912449071605926], [12.060778134107045, 2.191273448159048], [12.062828933579397, 2.191398236050637], [12.06685374318635, 2.1912372795541892], [12.070841957883356, 2.1906723522167986], [12.07475313468234, 2.189709182754522], [12.078547611807618, 2.188357538307306], [12.078577204555897, 2.188345285022556], [12.082010866276129, 2.187941279099108], [12.084941644752991, 2.1873200268841164], [12.085888116566753, 2.1873060359797782], [12.089819416577537, 2.186856939013591], [12.093687110644172, 2.1860216244221027], [12.094405910644172, 2.1858287244221026], [12.098129999536525, 2.1846312604448825], [12.101719311304585, 2.1830757543900767], [12.102033771836933, 2.182901186797218], [12.102313854521803, 2.182845959907556], [12.106349384727839, 2.1815960821777454], [12.110230583825349, 2.1799275523012427], [12.110887166939026, 2.179558837548226], [12.110914548969685, 2.1795537230345463], [12.111451048969686, 2.1794251230345463], [12.115291984701612, 2.178298494685719], [12.119001089921536, 2.176793630173314], [12.122541222394545, 2.174925598908394], [12.125876931944882, 2.1727131069809613], [12.126692909746879, 2.172045445270154], [12.127882435272697, 2.171695889075119], [12.131545744559576, 2.1702128903232603], [12.131670025470587, 2.170147634182631], [12.13290572499285, 2.1700451422445113], [12.136692233209237, 2.169360064416765], [12.14039539264981, 2.1683143176689703], [12.14398093294373, 2.1669175797180666], [12.147415672210096, 2.165182776479968], [12.150667824135006, 2.16312596244848], [12.151091624135006, 2.16282846244848], [12.151268858663475, 2.162690763895207], [12.151549120641699, 2.1625236829553804], [12.154731732638561, 2.160170980868736], [12.157666262132954, 2.157515277030274], [12.158103462132955, 2.1570783770302735], [12.160997179344086, 2.1538550673770165], [12.161317724463233, 2.1534091151949295], [12.161941994700381, 2.1530855608132016], [12.165314896948978, 2.150880769281305], [12.166759060777537, 2.1497135537631262], [12.169276302480467, 2.1486564546042075], [12.172471549952318, 2.1469601384948325], [12.172871149952318, 2.146724238494832], [12.17598169830432, 2.144687282115617], [12.17848383261433, 2.142693659031454], [12.179562567058602, 2.141991854029419], [12.180246300652822, 2.141690258048024], [12.183467507017301, 2.139898535754181], [12.184113302852127, 2.1394569186782793], [12.184915114067786, 2.139242027240316], [12.188133814067788, 2.138148427240316], [12.191770622041451, 2.136703331301265], [12.194870636472652, 2.136563661010328], [12.19867091769809, 2.136024161445438], [12.202401991408488, 2.1351228922622862], [12.202542488007861, 2.1350817278282324], [12.204281934562223, 2.135073361249742], [12.20807381178505, 2.134692444926344], [12.211812229062353, 2.1339524000768897], [12.215463252242829, 2.132859944194913], [12.218993740463965, 2.1314249936595773], [12.222371646976407, 2.1296605737232714], [12.22556631003692, 2.1275827002795236], [12.227975062048213, 2.125847291929338], [12.230829957912702, 2.1241150896165237], [12.233496320742853, 2.1223030408123833], [12.234059979323785, 2.122273920617266], [12.237945762566493, 2.121687028050749], [12.240666661790591, 2.1209975155148983], [12.242358820916861, 2.1206878784339653], [12.2423732108018, 2.1206837337473785], [12.243271525594626, 2.1205974290524043], [12.247152230972812, 2.119832135023042], [12.250938378260253, 2.1186873040741827], [12.254592944735947, 2.1171741308989], [12.25808019433768, 2.11530741201303], [12.26136602710598, 2.113105401067911], [12.261932716155895, 2.1126383216604845], [12.263748528998502, 2.112017978798136], [12.267305490297868, 2.110399862189174], [12.270687587952718, 2.108442391755565], [12.273862543487164, 2.1061642494422563], [12.274256866314287, 2.1058183110190027], [12.27698315472885, 2.1052800061386825], [12.28187545472885, 2.1041006061386827], [12.285591785482659, 2.1030118744201762], [12.289185420096626, 2.101568877092432], [12.292622676217318, 2.0997851390546725], [12.29587133719281, 2.097677378894478], [12.298900954032339, 2.09526535218811], [12.30168313079805, 2.092571666335804], [12.30419179075394, 2.0896215686675377], [12.306403420777396, 2.0864427098053153], [12.308297291742587, 2.0830648844999162], [12.309855652810024, 2.0795197523711964], [12.309962490776934, 2.0791944214594444], [12.312444580032858, 2.077394620084051], [12.315172263103063, 2.0750120976578983], [12.315545610597997, 2.0746210651067627], [12.316485457811357, 2.073920240947364], [12.317000632139338, 2.0736474986130844], [12.320305149396527, 2.0714535203141433], [12.323376124864982, 2.068943045309007], [12.326183360539144, 2.0661407600007284], [12.328699251861634, 2.063074220267953], [12.330899059168809, 2.0597735804980633], [12.33276115096475, 2.056271297068247], [12.334267216631547, 2.052601809190277], [12.335402446484181, 2.048801200257361], [12.336155677399484, 2.0449068430231683], [12.336325565756004, 2.0430624768035592], [12.339521142996096, 2.033481775163846], [12.340439830494613, 2.0302921902758064], [12.34109090695688, 2.0270374187142024], [12.341174235525816, 2.0263123719403096], [12.341852414900513, 2.025372692813076], [12.34378421284231, 2.0220718603819976], [12.345391934679068, 2.018601619969345], [12.346660882479062, 2.0149936968123354], [12.347579455412037, 2.0112810748557117], [12.348139255804996, 2.007497695209676], [12.348335165914458, 2.00367814585733], [12.348187756208898, 2.0003606040160355], [12.349895106607791, 1.9950129732288393], [12.351009866394152, 1.990709028770222], [12.353520366394152, 1.978185228770222], [12.354102116274644, 1.9743031620879614], [12.354300555795689, 1.9703827671581797], [12.35411377387622, 1.9664617995271567], [12.35354356932823, 1.962578020256598], [12.352595433533219, 1.9587688322639691], [12.351278497557198, 1.9550709201119527], [12.349605444213527, 1.951519896716057], [12.347592385920487, 1.9481499603727717], [12.345258709529892, 1.9449935654112767], [12.3426268896211, 1.9420811096405128], [12.339722272058532, 1.9394406416016623], [12.33657282989714, 1.9370975904453662], [12.333208893986601, 1.9350745210351017], [12.329662860868645, 1.9333909166352117], [12.325968880780657, 1.9320629912764191], [12.322162528770221, 1.9311035336058466], [12.31828046208796, 1.9305217837253552], [12.314360067158178, 1.9303233442043106], [12.310439099527157, 1.9305101261237787], [12.306555320256598, 1.9310803306717694], [12.302746132263968, 1.9320284664667802], [12.299048220111953, 1.9333454024428012], [12.295497196716056, 1.9350184557864731], [12.292127260372771, 1.9370315140795122], [12.288970865411276, 1.9393651904701072], [12.286058409640512, 1.941997010378899], [12.283417941601662, 1.9449016279414673], [12.281074890445366, 1.9480510701028586], [12.2790518210351, 1.9514150060133988], [12.27736821663521, 1.9549610391313548], [12.276040291276418, 1.958655019219342], [12.275080833605847, 1.962461371229778], [12.273007933400208, 1.972802174892541], [12.269522293392209, 1.9837196267711608], [12.268495460743344, 1.9875970045761526], [12.268018031160766, 1.9905826553407566], [12.266675323690642, 1.9929117107187493], [12.265034039722506, 1.9965580293627916], [12.26376501280152, 2.000349997636889], [12.262880924831402, 2.0042497208551495], [12.262390610863898, 2.0082182274925664], [12.262187943030368, 2.0109924670683705], [12.259229985714414, 2.01234959176374], [12.255921743945766, 2.0142693779855256], [12.252811993051369, 2.016496369703513], [12.250751993051368, 2.0181260697035133], [12.248132272947602, 2.0203896242764627], [12.246244072947603, 2.022169524276463], [12.243596693969888, 2.0249149314415087], [12.241467515841881, 2.0275922963851127], [12.240221085005883, 2.0279456292577893], [12.236625778366957, 2.0293516165690035], [12.233182751091572, 2.031097638713242], [12.229924072891784, 2.033167432552595], [12.226880096379745, 2.0355417192120715], [12.226165651944909, 2.036219367180935], [12.225658977499945, 2.0365628928770496], [12.22266264717714, 2.0390522047673225], [12.221564118244718, 2.0401623528139003], [12.220299532860187, 2.0407345363793983], [12.219717830437531, 2.0407530988255487], [12.215570217465869, 2.0413232684018197], [12.211504918075713, 2.042323832031383], [12.210212380911186, 2.0427147317919574], [12.207100769996307, 2.0431690103990996], [12.203026941722216, 2.0442098197542546], [12.199084876159091, 2.0456725159006206], [12.19531813155685, 2.047540936630017], [12.191768328938812, 2.049794436639677], [12.190395524825812, 2.050883831006103], [12.188821795872121, 2.0505956113526347], [12.185032272348495, 2.050268862533378], [12.181228846044448, 2.050303527741884], [12.177445907667387, 2.050699293534182], [12.173717662672198, 2.051452581382788], [12.170077821974392, 2.052556580033868], [12.16649432197439, 2.0538324800338676], [12.162872008046406, 2.0553258930493468], [12.159413179208183, 2.0571665298129567], [12.156151021713193, 2.059336730058451], [12.154219921713192, 2.060762630058451], [12.150898244706633, 2.0635034860703834], [12.148054842270103, 2.066417132305532], [12.146725548451082, 2.067000867453582], [12.145802748451082, 2.0674549674535823], [12.142459462266741, 2.069303487038914], [12.13930776960612, 2.07146251935473], [12.138660228700111, 2.07200369612527], [12.135146546530379, 2.0734434084999136], [12.133932267288065, 2.074111591898877], [12.133878096044795, 2.0741275469178424], [12.130507280412854, 2.0754625732567153], [12.130238980412853, 2.075583173256715], [12.127031336456616, 2.0772019178458607], [12.12398188777847, 2.0791019643069317], [12.122863479279093, 2.079947025111481], [12.121690488609776, 2.0807068590441773], [12.121619709060768, 2.080764184606257], [12.121118323331581, 2.0810513167646087], [12.118092199051873, 2.0831780051865945], [12.115275449872964, 2.0855751192563776], [12.113258159280129, 2.08764219499721], [12.113119096130841, 2.087734135487954], [12.112891304161225, 2.0879171435335953], [12.109848056073991, 2.0886373224759196], [12.106119032585246, 2.0899187294490766], [12.105046132585246, 2.090347629449077], [12.101438050639613, 2.092002084756457], [12.098011707630484, 2.094005993754966], [12.094800843352132, 2.0963396236049046], [12.092993611493364, 2.097949656271624], [12.089446585698683, 2.0991254072706487], [12.088172972014307, 2.09968677791517], [12.086832177968429, 2.098486668462696], [12.083746712890802, 2.096216687651278], [12.080458264524928, 2.09425225007924], [12.076996989807753, 2.092611370753481], [12.074879636467905, 2.091845935513771], [12.073549104923929, 2.0912025232030516], [12.069749258840496, 2.08981857897708], [12.065829093785272, 2.0888253832168275], [12.061828679068443, 2.088233087706322], [12.057788904258663, 2.08804774649487], [12.053751061237183, 2.088271254016605], [12.0497564221398, 2.088901325726848]]], [[[11.809293182087178, 2.228501004816035], [11.810623678230073, 2.2244300980644085], [11.811511299503007, 2.2202402734567985], [11.811945870159253, 2.215979563408998], [11.811922408253166, 2.2116968129719936], [11.811803708253166, 2.2096886129719935], [11.811380094121736, 2.2057861232901845], [11.810576008929356, 2.201943946608619], [11.80939919645599, 2.198199085189087], [11.807860990049067, 2.1945876040942083], [11.805976203477151, 2.1911442838611634], [11.803762988265262, 2.187902285546106], [11.801242658885757, 2.184892831365067], [11.798439487488311, 2.1821449040069454], [11.795380470145853, 2.179684967514369], [11.792095066867619, 2.1775367124204994], [11.78861491788316, 2.175720827596247], [11.784973538929645, 2.1742548010051324], [11.78120599847697, 2.17315275128464], [11.777348579999247, 2.1724252917760194], [11.773438432545092, 2.1720794283120086], [11.769513212971994, 2.172118491746834], [11.765610723290186, 2.172542105878265], [11.76176854660862, 2.1733461910706433], [11.759342096118644, 2.174108696510155], [11.758625217018137, 2.174126076552635], [11.7546921754886, 2.174613727953494], [11.750826695242065, 2.1754881889448834], [11.747066722295815, 2.1767408752604824], [11.743449166940245, 2.1783594897331735], [11.740009541403925, 2.1803281430118684], [11.738479041403926, 2.1813078430118686], [11.735254819700991, 2.1836042808021183], [11.734549427352022, 2.1842203401415468], [11.732958846584882, 2.183588289855614], [11.729158546584882, 2.1822755898556143], [11.725473523849633, 2.181197658739978], [11.721702129610945, 2.1804779966347305], [11.71787911096861, 2.180123234024358], [11.714039690655097, 2.1801366394538726], [11.710219242516882, 2.180518089414628], [11.706452965603527, 2.181264069482245], [11.702775559867222, 2.182367706696165], [11.699220906460674, 2.183818832882501], [11.695821755578862, 2.185604078336782], [11.692609424720686, 2.1877069950034524], [11.689613510150508, 2.1901082080172345], [11.686861614218012, 2.1927855942101573], [11.684379091048628, 2.1957144859396065], [11.682188812947631, 2.198867898359453], [11.68031095967002, 2.20221677804035], [11.679349971567957, 2.2043977517056637], [11.679126231638717, 2.204793642308788], [11.677539127132281, 2.2083839032929813], [11.676311572082552, 2.2121124396343426], [11.675455388515706, 2.215943343489679], [11.67497882194753, 2.219839721160679], [11.674886461974594, 2.223764048400394], [11.675179198073929, 2.2276785317922503], [11.675854211036867, 2.2315454727213093], [11.67690500011958, 2.2353276304325402], [11.67832144564878, 2.2389885806796452], [11.680089906479713, 2.2424930665104665], [11.682193351367838, 2.2458073378107057], [11.684611522989023, 2.2488994763359775], [11.687321133028648, 2.2517397031019475], [11.690296086460808, 2.2543006651722344], [11.693507732857677, 2.256557699082137], [11.696925142308789, 2.258489068361282], [11.70051540329298, 2.260076172867718], [11.703275224692307, 2.260984795550972], [11.706281947773038, 2.262916058154383], [11.708432547773038, 2.264153958154383], [11.711892948465906, 2.265927706497095], [11.715509225568951, 2.267357075607041], [11.71924720400658, 2.268428557449302], [11.723071558583287, 2.269132026148036], [11.727443923238564, 2.2697182738481696], [11.730703619827366, 2.2706372705752673], [11.73447016182666, 2.271319027229453], [11.738284623249669, 2.271637641134253], [11.74211207404618, 2.2715901946563615], [11.74591746521878, 2.27117712227595], [11.749665949775977, 2.2704022066080176], [11.75092425879038, 2.270013536394212], [11.75097945372696, 2.2700075994592384], [11.754836975900966, 2.2692026987695852], [11.755798775900965, 2.2689519987695848], [11.759579363307186, 2.2677636910343], [11.760763363307186, 2.2673259910343], [11.7645849117612, 2.26568262596749], [11.764683747717262, 2.2656273198358723], [11.76720937534409, 2.2653459847952107], [11.767673375344089, 2.2652709847952104], [11.770969479393242, 2.2645948543883354], [11.774197097281206, 2.2636440983737667], [11.777333390677862, 2.2624254442144442], [11.777700890677862, 2.2622645442144442], [11.78228072869287, 2.259896661771429], [11.78251672869287, 2.2597546617714293], [11.785770496984448, 2.2575730047449003], [11.788795252259552, 2.255083528695128], [11.791561982132805, 2.2523101117980273], [11.794044149107435, 2.249279355689938], [11.795123801452304, 2.2476607059274887], [11.797076563001982, 2.2461909516595964], [11.800044923574118, 2.243445993228898], [11.802721028334092, 2.240415411669835], [11.80507753759142, 2.2371301680879063], [11.807090376715442, 2.2336238252733365], [11.808738982087178, 2.229932204816035], [11.809293182087178, 2.228501004816035]]]]}}]}