{"type":"FeatureCollection","features":[{"type":"Feature","id":"eez.260","geometry":{"type":"MultiPolygon","coordinates":[[[[9.30956483,-1.93359375],[9.32104135,-1.94472325],[9.32021987,-1.94192255],[9.32089508,-1.94203877],[9.32204998,-1.94634473],[9.32418716,-1.9464401],[9.32643902,-1.95161343],[9.32852673,-1.95243525],[9.34333015,-1.96838105],[9.34906054,-1.97618544],[9.35298085,-1.97826576],[9.35391653,-1.9763087],[9.35615575,-1.9763453],[9.35375357,-1.97971117],[9.35785234,-1.98465645],[9.35902882,-1.98884606],[9.3625921,-1.99240816],[9.3632791,-1.99460793],[9.36568344,-1.99600637],[9.37756824,-2.00927556],[9.38053346,-2.01531875],[9.36617935,-1.99831045],[9.36271822,-1.99597812],[9.36145163,-1.99300146],[9.34247172,-1.9689337],[9.33433151,-1.96022534],[9.33282256,-1.95983887],[9.34165311,-1.96977341],[9.36223865,-1.99636126],[9.36692893,-2.00033617],[9.36920154,-2.00289643],[9.37477875,-2.00977337],[9.37808228,-2.01528001],[9.39086342,-2.03011405],[9.40189922,-2.04517364],[9.40867138,-2.05174863],[9.40901434,-2.05176485],[9.41332304,-2.05241728],[9.41432142,-2.05144715],[9.41481173,-2.05188561],[9.41581452,-2.05473292],[9.41475284,-2.05331242],[9.41190302,-2.05325878],[9.41155696,-2.0540539],[9.41185248,-2.05532646],[9.4336822,-2.07543957],[9.4337157,-2.07543874],[9.4350934,-2.07498085],[9.43555534,-2.07288837],[9.43182087,-2.06959176],[9.43201137,-2.06932223],[9.43435061,-2.07019925],[9.43478954,-2.0706501],[9.43649495,-2.07289636],[9.43654585,-2.07353854],[9.43602705,-2.07491934],[9.43428695,-2.07625425],[9.43420207,-2.07633531],[9.43511283,-2.07780266],[9.44360185,-2.08713853],[9.44674742,-2.08853114],[9.44951177,-2.09386396],[9.46454275,-2.109375],[9.47144711,-2.11717355],[9.48785925,-2.13309145],[9.4921875,-2.13671875],[9.50046206,-2.14324558],[9.53208876,-2.17731583],[9.55414474,-2.20242631],[9.57313764,-2.22921431],[9.57529736,-2.23255205],[9.58457494,-2.24866855],[9.58516836,-2.25341022],[9.58661842,-2.25490797],[9.58580887,-2.25718105],[9.58703041,-2.26328588],[9.58632147,-2.26936984],[9.58819366,-2.27832317],[9.58608711,-2.28026283],[9.58796656,-2.28515625],[9.58901083,-2.29006708],[9.58900976,-2.29054666],[9.58602655,-2.29519474],[9.58580923,-2.29653966],[9.58677685,-2.29963446],[9.58677673,-2.30053544],[9.58553994,-2.30517888],[9.58782446,-2.3321768],[9.58704817,-2.33974636],[9.58725977,-2.34031618],[9.59413707,-2.35194921],[9.60135937,-2.35899222],[9.610973,-2.37900865],[9.61522293,-2.38334441],[9.61886466,-2.39250505],[9.62765336,-2.40608621],[9.63043535,-2.4094516],[9.63227224,-2.41123044],[9.63669395,-2.41381645],[9.64193523,-2.41905761],[9.64513421,-2.42032623],[9.64993584,-2.42190814],[9.65033352,-2.42216063],[9.65190804,-2.42455387],[9.65563941,-2.4262768],[9.65722632,-2.42895937],[9.66356921,-2.43319643],[9.66655254,-2.4336009],[9.66963351,-2.43833363],[9.67241776,-2.43832743],[9.67394996,-2.44130325],[9.68059754,-2.44432676],[9.68391657,-2.44735205],[9.68866193,-2.45471263],[9.69558036,-2.45512295],[9.69910395,-2.4609375],[9.69938314,-2.4609375],[9.70444524,-2.46855676],[9.72544146,-2.47788358],[9.72608244,-2.47788405],[9.72837114,-2.47720754],[9.72972596,-2.47531915],[9.72705746,-2.46579671],[9.72730696,-2.4609375],[9.72752714,-2.45922041],[9.72611952,-2.45347226],[9.72710454,-2.45184052],[9.73115242,-2.44967258],[9.73174381,-2.44995475],[9.73209524,-2.45090616],[9.72891283,-2.45378184],[9.72873664,-2.45416546],[9.72789252,-2.45747435],[9.72814477,-2.4609375],[9.72791028,-2.46456695],[9.72803032,-2.46504617],[9.72937572,-2.46878731],[9.73114085,-2.47049022],[9.73118794,-2.47441792],[9.72946274,-2.47980452],[9.72293425,-2.47932148],[9.71612871,-2.47534704],[9.71557045,-2.47521341],[9.71448004,-2.47614706],[9.71502805,-2.47719908],[9.71989167,-2.48192394],[9.72247374,-2.4813801],[9.72766376,-2.49116564],[9.73443317,-2.49068713],[9.74212778,-2.49678063],[9.75175643,-2.50789785],[9.75682235,-2.51923406],[9.76281583,-2.52235973],[9.7758702,-2.52070832],[9.78317881,-2.51830244],[9.78896844,-2.51411295],[9.79260027,-2.51014721],[9.79458392,-2.50514984],[9.79918623,-2.50130975],[9.80125332,-2.50392103],[9.80671752,-2.50685978],[9.8070842,-2.50430357],[9.80533743,-2.49981666],[9.79969966,-2.49709904],[9.80249524,-2.49487615],[9.80279911,-2.49338377],[9.80166841,-2.49262834],[9.79745817,-2.49307024],[9.79852951,-2.49039304],[9.79614186,-2.48984468],[9.79606962,-2.48952484],[9.80239022,-2.48819947],[9.79854155,-2.48364425],[9.7986449,-2.48336804],[9.80001056,-2.48302603],[9.80358744,-2.48440015],[9.80458975,-2.48397982],[9.80481195,-2.48361957],[9.80274057,-2.47709954],[9.80530024,-2.47457385],[9.80712986,-2.47133243],[9.80792058,-2.46780217],[9.80845475,-2.46749401],[9.80968201,-2.46827495],[9.80859005,-2.47049785],[9.80873156,-2.47084045],[9.81112313,-2.47291505],[9.81817782,-2.47309101],[9.81851566,-2.47287583],[9.81995475,-2.47029245],[9.82154536,-2.46369755],[9.82162535,-2.46331775],[9.82085228,-2.4609375],[9.82057297,-2.4609375],[9.81950164,-2.45789552],[9.81950402,-2.45707762],[9.82117331,-2.45470691],[9.82362998,-2.45403874],[9.82438767,-2.45425546],[9.83422196,-2.45908976],[9.83628178,-2.45491815],[9.83585155,-2.45379615],[9.83523464,-2.45333242],[9.83293271,-2.45546365],[9.83098757,-2.4550004],[9.83407664,-2.45301616],[9.83433712,-2.44879806],[9.83579576,-2.44584525],[9.83698905,-2.44684505],[9.83660877,-2.44962585],[9.83764041,-2.44980562],[9.84023607,-2.44696236],[9.84147096,-2.44746244],[9.84023845,-2.44950545],[9.84098232,-2.4521805],[9.84256601,-2.45356464],[9.83802986,-2.45168006],[9.83687246,-2.45493841],[9.83743286,-2.45622444],[9.83920026,-2.45625985],[9.83960044,-2.45427954],[9.84080565,-2.45743835],[9.84375,-2.45814717],[9.84420371,-2.4588449],[9.84375,-2.45926344],[9.83897507,-2.45799434],[9.83853543,-2.45821273],[9.83825755,-2.45881736],[9.83956134,-2.4609375],[9.83900285,-2.4609375],[9.83723712,-2.45898414],[9.83654904,-2.4591372],[9.83621037,-2.4609375],[9.83629084,-2.46159804],[9.83464193,-2.46281672],[9.83647883,-2.46521091],[9.83467805,-2.46933401],[9.83126652,-2.46860564],[9.82872617,-2.47336304],[9.83037686,-2.475088],[9.83091116,-2.47500575],[9.83569217,-2.47207797],[9.83655155,-2.47166157],[9.83670902,-2.47160721],[9.83778965,-2.47191453],[9.83843243,-2.47280097],[9.83949673,-2.47502065],[9.83864295,-2.47727001],[9.84150994,-2.48146856],[9.83977628,-2.48392737],[9.83790755,-2.49120271],[9.83815193,-2.49178386],[9.83867276,-2.49170244],[9.84161723,-2.4883126],[9.84260488,-2.48952425],[9.84375,-2.48967636],[9.84975374,-2.491557],[9.85003293,-2.491557],[9.85482621,-2.48918867],[9.85511911,-2.48841476],[9.84925735,-2.48478997],[9.85657585,-2.48105204],[9.85685587,-2.4826045],[9.85540903,-2.48420501],[9.857023,-2.48827446],[9.86042714,-2.48873401],[9.85999143,-2.48487926],[9.86100936,-2.48386025],[9.86318743,-2.4850986],[9.86428261,-2.48827922],[9.86458576,-2.48831332],[9.86483073,-2.48773015],[9.86406863,-2.48288774],[9.86234665,-2.48123217],[9.86242676,-2.47842717],[9.86035633,-2.47636163],[9.85660922,-2.47601962],[9.85466516,-2.47356284],[9.85278595,-2.47381783],[9.85023224,-2.47610641],[9.84460676,-2.4696691],[9.84440255,-2.46918654],[9.84589732,-2.46597254],[9.84747398,-2.4678086],[9.84988463,-2.46698976],[9.84877634,-2.4609375],[9.84849703,-2.4609375],[9.84836245,-2.45884371],[9.84903204,-2.45366538],[9.84721136,-2.45176256],[9.84640276,-2.44769073],[9.84751403,-2.44207251],[9.84981251,-2.44153941],[9.8525902,-2.44381177],[9.85706365,-2.44413185],[9.85855985,-2.44263411],[9.85815024,-2.43862236],[9.85960162,-2.43787706],[9.86425436,-2.4471668],[9.86622977,-2.44813085],[9.87162685,-2.45440996],[9.86509025,-2.45050013],[9.86497724,-2.45659137],[9.86669791,-2.45752704],[9.86878037,-2.45659733],[9.86828256,-2.45852601],[9.86944425,-2.45981026],[9.87208116,-2.45915878],[9.87436664,-2.45670843],[9.87678075,-2.45832264],[9.87821674,-2.45811248],[9.87894416,-2.45531905],[9.8756777,-2.45251894],[9.87864065,-2.45116317],[9.88247776,-2.44227135],[9.88117182,-2.44116783],[9.87465036,-2.44388914],[9.87459731,-2.44216168],[9.87869895,-2.44017565],[9.87714505,-2.43788516],[9.87743306,-2.43593288],[9.88001215,-2.43883371],[9.88370621,-2.43641448],[9.88229895,-2.43452954],[9.88085783,-2.43421173],[9.87969613,-2.43524003],[9.87882066,-2.43439746],[9.88008034,-2.4331789],[9.88004124,-2.43122661],[9.87860155,-2.42980993],[9.87519717,-2.43066871],[9.87373936,-2.42987525],[9.87529087,-2.42770398],[9.8767488,-2.42073321],[9.87856245,-2.41889012],[9.88192713,-2.42215514],[9.88602507,-2.42281413],[9.88834691,-2.4220556],[9.89164805,-2.42546165],[9.89612913,-2.42317331],[9.89702153,-2.42472565],[9.89607394,-2.42844677],[9.89449167,-2.4295212],[9.89433205,-2.43235815],[9.89621186,-2.43555343],[9.89459133,-2.43592894],[9.89432681,-2.43703032],[9.8995105,-2.4483422],[9.89694905,-2.44870782],[9.89691806,-2.45144081],[9.89500844,-2.45106721],[9.89390695,-2.45426035],[9.89091647,-2.45621955],[9.89059007,-2.4567461],[9.89028931,-2.45997453],[9.89066207,-2.4609375],[9.8915801,-2.46224201],[9.89010358,-2.4609375],[9.88982451,-2.4609375],[9.88926601,-2.4609375],[9.88870752,-2.4609375],[9.8873533,-2.45931268],[9.88471985,-2.46007872],[9.88396037,-2.4609375],[9.88308287,-2.46432233],[9.87995636,-2.4662714],[9.87868333,-2.46777535],[9.87768602,-2.46972835],[9.87546372,-2.47784603],[9.86948085,-2.48063314],[9.87202454,-2.4871062],[9.8727864,-2.48547125],[9.87616491,-2.48452044],[9.87505722,-2.48163307],[9.87735605,-2.48123193],[9.87789154,-2.47655606],[9.87926543,-2.48002815],[9.87833464,-2.48454118],[9.87336504,-2.49027908],[9.87323451,-2.49263597],[9.87431777,-2.49317491],[9.87461722,-2.49312317],[9.87576151,-2.49108505],[9.87792778,-2.49049091],[9.87945783,-2.48866451],[9.88061666,-2.48507237],[9.88571036,-2.47929025],[9.88641024,-2.47783864],[9.8868463,-2.47440076],[9.884974,-2.47489691],[9.88298213,-2.47720075],[9.88209558,-2.47609031],[9.88307464,-2.47251284],[9.88550282,-2.47246945],[9.88656831,-2.47116888],[9.88714933,-2.46510875],[9.88795984,-2.4720304],[9.89333713,-2.47157836],[9.89762688,-2.47427154],[9.89803433,-2.47418034],[9.89922392,-2.47224081],[9.89827824,-2.46858811],[9.89971411,-2.4640491],[9.89853871,-2.46190274],[9.89876008,-2.4609375],[9.89871883,-2.4595896],[9.90165675,-2.45897162],[9.90252995,-2.45703125],[9.90350723,-2.45800781],[9.90068877,-2.46023595],[9.90071476,-2.4609375],[9.90095675,-2.46154201],[9.90650165,-2.46487701],[9.90797496,-2.4609375],[9.90881264,-2.4609375],[9.91091335,-2.45666921],[9.91181386,-2.45807743],[9.91048825,-2.4609375],[9.91299105,-2.46171868],[9.9131844,-2.46240294],[9.90946233,-2.46167076],[9.90899456,-2.46218288],[9.90887082,-2.46334326],[9.90922308,-2.46444631],[9.91251504,-2.46863735],[9.91104066,-2.46866023],[9.90957534,-2.46679783],[9.90834355,-2.46717381],[9.90790904,-2.46890032],[9.90946543,-2.47169328],[9.90434492,-2.47837615],[9.90375495,-2.48272455],[9.90059304,-2.48527658],[9.90302837,-2.48727727],[9.90352225,-2.49037206],[9.90607631,-2.49102998],[9.90304983,-2.49085116],[9.90082908,-2.48833025],[9.89719427,-2.49120307],[9.89625263,-2.48885035],[9.89228594,-2.49479365],[9.88996351,-2.49596202],[9.8928951,-2.50236344],[9.89647853,-2.49606574],[9.89806104,-2.49639332],[9.89711773,-2.50035763],[9.89954507,-2.50179708],[9.89574063,-2.50430524],[9.89468825,-2.50719774],[9.89947605,-2.506796],[9.9006536,-2.50796032],[9.89901805,-2.5101639],[9.89895594,-2.51251483],[9.89604831,-2.51387215],[9.89624596,-2.51492286],[9.89663386,-2.51517034],[9.89895487,-2.51535284],[9.90152085,-2.51314735],[9.90191805,-2.50739884],[9.90414393,-2.49956095],[9.90084457,-2.49466765],[9.90176141,-2.49301565],[9.90220046,-2.4926877],[9.90509105,-2.49252415],[9.90590084,-2.49278092],[9.90811145,-2.49521911],[9.91198337,-2.49607754],[9.91144204,-2.49247551],[9.90828502,-2.49226534],[9.91087854,-2.49076354],[9.91112041,-2.48804355],[9.9119817,-2.48772764],[9.91494918,-2.49588215],[9.91702676,-2.49692237],[9.91888022,-2.49583876],[9.92051756,-2.49725974],[9.91770375,-2.48924661],[9.91414416,-2.48533225],[9.91526675,-2.48494351],[9.92268944,-2.49606192],[9.92634547,-2.49066436],[9.92568862,-2.48727465],[9.92860508,-2.49056745],[9.92737257,-2.49474776],[9.93210125,-2.49511707],[9.92742658,-2.49544346],[9.92453074,-2.49814832],[9.92648375,-2.50008166],[9.92507672,-2.50282705],[9.92598343,-2.50572336],[9.9291743,-2.50253963],[9.92894685,-2.50494123],[9.93043435,-2.50583327],[9.93322623,-2.50595367],[9.93542743,-2.50389671],[9.93617034,-2.50445867],[9.93565464,-2.50656044],[9.92961073,-2.50780523],[9.92772567,-2.50989735],[9.92846787,-2.51126075],[9.93326843,-2.51136672],[9.93563485,-2.50918734],[9.93353868,-2.51319277],[9.92640233,-2.51411128],[9.92740881,-2.51599431],[9.93032217,-2.51644206],[9.93061674,-2.51893568],[9.93392897,-2.51911414],[9.93874693,-2.51592851],[9.94024551,-2.51119268],[9.94102287,-2.51497626],[9.94413495,-2.51715267],[9.94603085,-2.51540005],[9.94775367,-2.5177505],[9.95411766,-2.51855504],[9.95614386,-2.52008915],[9.95786774,-2.51773071],[9.95781887,-2.51594865],[9.95530736,-2.51495731],[9.95188761,-2.51073301],[9.95471263,-2.51065075],[9.95797944,-2.51278412],[9.96127355,-2.51124251],[9.96170092,-2.50856948],[9.95857894,-2.50387096],[9.95874214,-2.4977653],[9.96160793,-2.49415481],[9.96637416,-2.49406624],[9.96815693,-2.49593043],[9.96733463,-2.50390255],[9.96891177,-2.50357115],[9.97157121,-2.49967837],[9.97417176,-2.50128198],[9.97414744,-2.50397706],[9.97172225,-2.50850022],[9.97308576,-2.51417434],[9.97170615,-2.51675987],[9.97210038,-2.51865888],[9.97401595,-2.51945806],[9.97708654,-2.51812375],[9.98179042,-2.51418972],[9.98323596,-2.51118696],[9.98632908,-2.5096153],[9.98753274,-2.51044691],[9.98826945,-2.51581895],[9.97998381,-2.52240741],[9.9809674,-2.52472925],[9.98325014,-2.52588642],[9.98576772,-2.52531624],[9.98745585,-2.52728915],[9.99052048,-2.52840531],[9.99113274,-2.52775407],[9.99004924,-2.52498376],[9.99234176,-2.52165306],[9.99461687,-2.52073622],[9.99259555,-2.52327514],[9.99276996,-2.52512836],[9.99615753,-2.52637374],[9.99672925,-2.52852786],[9.99456811,-2.53192902],[9.99497175,-2.53474093],[9.99275982,-2.53575814],[9.99300861,-2.53654468],[9.99896955,-2.53433275],[9.99864554,-2.52821541],[10.00245786,-2.53276658],[10.00253046,-2.53456044],[10.00526953,-2.52914238],[10.00639427,-2.52999294],[10.00627792,-2.53380168],[10.01088941,-2.53411686],[10.01536524,-2.53582835],[10.01493788,-2.53935683],[10.01109576,-2.53891075],[10.00974596,-2.53999376],[10.00519705,-2.54049778],[10.00210381,-2.54255152],[10.00451243,-2.5463171],[10.00906158,-2.54676294],[10.00682712,-2.54841065],[10.00727081,-2.55022562],[10.01247406,-2.55079365],[10.01351786,-2.55305135],[10.0110445,-2.55373621],[10.01130986,-2.554829],[10.01361835,-2.55491495],[10.01690495,-2.55282652],[10.01682341,-2.55580366],[10.01554132,-2.55764258],[10.01851284,-2.55960393],[10.01895988,-2.56239593],[10.01600015,-2.56731451],[10.01308978,-2.56776834],[10.01029623,-2.56519067],[10.00468767,-2.55530047],[10.00214302,-2.55482018],[10.00267196,-2.55237305],[9.99913168,-2.55012333],[9.99945176,-2.54674566],[9.99475586,-2.54511476],[9.99279678,-2.54332662],[9.99158251,-2.54446745],[9.99388945,-2.54903471],[9.99213254,-2.54749823],[9.99038887,-2.54775143],[9.98990023,-2.54662287],[9.98656285,-2.54639125],[9.98548484,-2.54383588],[9.98245096,-2.54551828],[9.98202884,-2.54667294],[9.98375177,-2.54689944],[9.9862467,-2.55074787],[9.98509741,-2.55186451],[9.98412776,-2.55107725],[9.98270905,-2.55309308],[9.98210132,-2.55220413],[9.98035407,-2.55302358],[9.98308373,-2.55369866],[9.98094344,-2.55771124],[9.98089886,-2.56026864],[9.97935462,-2.56203926],[9.98167384,-2.56349242],[9.98547876,-2.55729425],[9.98785186,-2.56000507],[9.99212277,-2.5553894],[9.99280787,-2.55590594],[9.99071145,-2.55951762],[9.99388874,-2.56063044],[9.99095953,-2.561046],[9.98980153,-2.56289411],[9.99355257,-2.56487846],[9.98629785,-2.56470203],[9.98453057,-2.56759667],[9.98549795,-2.56938744],[9.98992634,-2.57003224],[9.98841834,-2.57113814],[9.98971272,-2.57308245],[9.98881614,-2.57626236],[9.98675728,-2.57799876],[9.98820364,-2.58275783],[9.98960304,-2.58229327],[9.99150181,-2.57816744],[9.99245274,-2.57870233],[9.99205232,-2.58088291],[9.99472296,-2.58021367],[9.99321055,-2.58262467],[9.99576092,-2.58199656],[9.99670923,-2.58012462],[9.99811065,-2.58366323],[9.99706745,-2.58750927],[9.99466383,-2.58875775],[9.99431956,-2.58703792],[9.99243605,-2.58683026],[9.99364567,-2.59049535],[9.99287152,-2.59249377],[9.9941138,-2.59498978],[9.99235106,-2.59564114],[9.99027085,-2.59479535],[9.98898125,-2.59891713],[9.98762775,-2.60001636],[9.98837137,-2.60213447],[9.9862622,-2.60337412],[9.98542905,-2.60618615],[9.99043667,-2.60568964],[9.99633813,-2.60989261],[9.99806547,-2.60488427],[10.00013244,-2.60427761],[10.00118697,-2.60710502],[10.00035441,-2.60872412],[10.00315154,-2.60707211],[10.00731015,-2.61109865],[10.0049051,-2.61273813],[10.0093472,-2.61292136],[10.00919068,-2.61512792],[10.00627935,-2.61559963],[10.00613153,-2.61655974],[10.00903285,-2.61792696],[10.01080978,-2.62140107],[10.01435482,-2.62036932],[10.01454711,-2.62200594],[10.01257944,-2.62341654],[10.01243901,-2.62510443],[10.01478291,-2.62891793],[10.01553571,-2.62691152],[10.01693058,-2.62745881],[10.01782107,-2.62657511],[10.01417577,-2.62550914],[10.01613832,-2.62241983],[10.01553166,-2.61984527],[10.01907051,-2.62208271],[10.01953125,-2.62207401],[10.02010858,-2.62170875],[10.02319372,-2.61411524],[10.02092755,-2.61286044],[10.02081835,-2.61259615],[10.02214456,-2.61107135],[10.02213383,-2.61070704],[10.02152812,-2.60949397],[10.01953125,-2.60799181],[10.01182234,-2.6033591],[10.01425076,-2.59852552],[10.01851416,-2.5981251],[10.01953125,-2.59840608],[10.02229667,-2.60101664],[10.0256778,-2.60058844],[10.02640784,-2.60361421],[10.02768552,-2.60488152],[10.03031135,-2.60663044],[10.03112864,-2.60670865],[10.03149724,-2.60635614],[10.03049684,-2.60428536],[10.03164291,-2.60425091],[10.03262162,-2.60639775],[10.03387082,-2.60677946],[10.03333545,-2.60802865],[10.03601885,-2.61042488],[10.03812861,-2.60814297],[10.04017842,-2.60791707],[10.03807473,-2.60449612],[10.03891325,-2.60063267],[10.03758001,-2.59844685],[10.04147816,-2.59374106],[10.04784274,-2.59045064],[10.04940987,-2.59099281],[10.05233026,-2.59297133],[10.05304897,-2.60023236],[10.05652475,-2.59249091],[10.05785727,-2.59170365],[10.05969357,-2.59315455],[10.06165886,-2.5902791],[10.06081474,-2.58735406],[10.05594516,-2.58518314],[10.05683768,-2.58360302],[10.05955863,-2.58242977],[10.05711925,-2.57624936],[10.05768442,-2.57148111],[10.06079531,-2.56817234],[10.05642164,-2.5631901],[10.05391395,-2.56300175],[10.05334735,-2.56556535],[10.0509274,-2.56320524],[10.05301666,-2.5583266],[10.0559473,-2.55781615],[10.05630326,-2.55779457],[10.05509281,-2.55993736],[10.06048322,-2.56341743],[10.06347406,-2.56066728],[10.06381702,-2.56197703],[10.06141496,-2.56576276],[10.06383097,-2.56857574],[10.06704664,-2.56510496],[10.06637466,-2.56357968],[10.06716502,-2.5592736],[10.06798744,-2.55862558],[10.06878996,-2.55932832],[10.06867731,-2.56324601],[10.06979656,-2.56614745],[10.06493592,-2.56919587],[10.0648849,-2.5710113],[10.06640244,-2.57192612],[10.06948173,-2.57247066],[10.07134187,-2.57146084],[10.07252836,-2.56450832],[10.07470048,-2.56578314],[10.07466197,-2.56729925],[10.07590163,-2.56724417],[10.07679415,-2.56558037],[10.07942796,-2.56766176],[10.07973647,-2.57268465],[10.08181214,-2.57090795],[10.08613575,-2.57324505],[10.08554888,-2.57515323],[10.08233643,-2.57739794],[10.08397245,-2.58001316],[10.08169365,-2.58131981],[10.08350563,-2.58541524],[10.08682156,-2.58435011],[10.08800137,-2.58599424],[10.08609796,-2.58830285],[10.08638465,-2.59227121],[10.08397794,-2.59176397],[10.08309972,-2.59254551],[10.08441174,-2.59505475],[10.08305454,-2.59726357],[10.08525562,-2.59927738],[10.08199775,-2.60337973],[10.08294714,-2.60438621],[10.08545792,-2.60415065],[10.08726931,-2.60927558],[10.0890069,-2.60744405],[10.09273064,-2.60637677],[10.09747004,-2.60764456],[10.0949645,-2.60415292],[10.09293711,-2.60389447],[10.09217501,-2.60252774],[10.09775543,-2.59936786],[10.09896743,-2.60051095],[10.09692073,-2.60223782],[10.09700894,-2.60335016],[10.10309458,-2.60359907],[10.10835171,-2.60775173],[10.11011493,-2.60951686],[10.11129093,-2.61338377],[10.11740148,-2.61848676],[10.11989665,-2.62468755],[10.12082505,-2.622738],[10.12391603,-2.62238336],[10.12541854,-2.61971331],[10.13133335,-2.62582195],[10.13474476,-2.62539625],[10.14102864,-2.62659752],[10.14629126,-2.62564087],[10.14756966,-2.62427473],[10.14787412,-2.61748195],[10.14235032,-2.61320686],[10.14241946,-2.60991168],[10.14002645,-2.60811675],[10.14002311,-2.60560822],[10.13737178,-2.60250294],[10.13378644,-2.60143745],[10.12693775,-2.59645057],[10.12663805,-2.59312606],[10.12929285,-2.59105814],[10.12813365,-2.58661282],[10.12586451,-2.5843122],[10.12228024,-2.58330393],[10.12211955,-2.57598817],[10.11929858,-2.57306421],[10.11793387,-2.56710267],[10.11423194,-2.56376314],[10.11708212,-2.55827725],[10.11664903,-2.55322874],[10.11824441,-2.54843545],[10.11534965,-2.55072331],[10.11094022,-2.55149925],[10.11102033,-2.55337954],[10.10948503,-2.55495942],[10.10995221,-2.5523231],[10.10658026,-2.5439682],[10.10718048,-2.54115105],[10.10520053,-2.53855062],[10.10341001,-2.54148388],[10.10398436,-2.54309511],[10.10216355,-2.54300404],[10.10072017,-2.54595387],[10.09870636,-2.54422271],[10.09890318,-2.54139614],[10.09713876,-2.54033267],[10.09485865,-2.54660404],[10.09437633,-2.55176473],[10.09285855,-2.55074024],[10.09280932,-2.54780471],[10.08867955,-2.54977715],[10.09029436,-2.54709804],[10.08902287,-2.54570198],[10.09394884,-2.54282916],[10.09214914,-2.53929555],[10.08873641,-2.54128933],[10.08599198,-2.54129767],[10.08337152,-2.54371846],[10.08042252,-2.54330766],[10.07750547,-2.54124308],[10.07698035,-2.53836632],[10.07813394,-2.53643918],[10.08476174,-2.53734422],[10.08667326,-2.53576887],[10.08848345,-2.53324246],[10.08913577,-2.52769423],[10.08682787,-2.52315843],[10.08347666,-2.52300203],[10.08181536,-2.52413666],[10.07847071,-2.51652181],[10.07613027,-2.51409686],[10.08007431,-2.51187468],[10.08015251,-2.5065186],[10.08343506,-2.50675821],[10.08429468,-2.50936735],[10.08535898,-2.50875342],[10.08412373,-2.51200294],[10.08470845,-2.51280034],[10.08335006,-2.51313293],[10.08327985,-2.51576972],[10.08163893,-2.51606023],[10.08257854,-2.51763225],[10.08889401,-2.52115095],[10.09357464,-2.52103937],[10.09247923,-2.52277422],[10.09748006,-2.52607834],[10.09866476,-2.52468824],[10.09864974,-2.51790094],[10.10348594,-2.51597035],[10.10630405,-2.51800966],[10.10805452,-2.51755035],[10.11140394,-2.52035463],[10.11081791,-2.52245605],[10.11260712,-2.52530241],[10.11402237,-2.52536166],[10.11360455,-2.52644992],[10.11144137,-2.52660942],[10.11130047,-2.5304116],[10.10902202,-2.53144908],[10.10878646,-2.53312874],[10.11386335,-2.53321683],[10.11499166,-2.53557932],[10.11666715,-2.53619575],[10.12288725,-2.53522825],[10.12703836,-2.53713918],[10.12970126,-2.53975534],[10.13076365,-2.54193687],[10.12925875,-2.54476845],[10.12708974,-2.54301155],[10.12643766,-2.54425263],[10.12242615,-2.54314685],[10.12878704,-2.54605854],[10.1262331,-2.54929936],[10.12563586,-2.55760241],[10.12809455,-2.56069934],[10.12842977,-2.56348145],[10.13081372,-2.56334662],[10.12997305,-2.55568457],[10.13281035,-2.55499446],[10.13350296,-2.55631876],[10.13486075,-2.55610657],[10.13565814,-2.55431914],[10.13262343,-2.54714346],[10.13497233,-2.54630113],[10.13335991,-2.54548681],[10.13383937,-2.5445683],[10.14293456,-2.54523075],[10.14808846,-2.54862773],[10.14861321,-2.55187106],[10.14799404,-2.55585635],[10.14428103,-2.56345737],[10.14773297,-2.56383741],[10.15070045,-2.56756365],[10.15228295,-2.56548715],[10.15039802,-2.55998707],[10.15207243,-2.55625725],[10.15488768,-2.55402136],[10.15614224,-2.55048037],[10.15772974,-2.55022621],[10.159428,-2.55292678],[10.16476822,-2.55310547],[10.16564155,-2.55865824],[10.16210926,-2.56184566],[10.16452253,-2.5667237],[10.163607,-2.57360494],[10.16457367,-2.57527995],[10.16911995,-2.57481587],[10.16819394,-2.5757606],[10.16838694,-2.57949531],[10.17451632,-2.57921398],[10.18379652,-2.57693946],[10.19113147,-2.58124602],[10.19260144,-2.57858205],[10.1953125,-2.57784593],[10.19611573,-2.5779165],[10.19714546,-2.58045816],[10.1953125,-2.58119404],[10.1930418,-2.58268535],[10.19117212,-2.5850383],[10.19161236,-2.59013367],[10.19148815,-2.59091854],[10.18946135,-2.59354424],[10.18977046,-2.59424806],[10.19127655,-2.59472573],[10.1953125,-2.59402895],[10.19913745,-2.59563017],[10.19951832,-2.59562504],[10.20384455,-2.59527206],[10.20552051,-2.59400213],[10.20724654,-2.59637737],[10.20983863,-2.59569895],[10.21041644,-2.59361208],[10.21129346,-2.59360445],[10.21265388,-2.59484041],[10.2108289,-2.5970118],[10.2109431,-2.59885812],[10.21355736,-2.59873414],[10.21629691,-2.60062182],[10.21637082,-2.59536517],[10.21863866,-2.59545565],[10.21984053,-2.59837461],[10.22081065,-2.59727442],[10.22136581,-2.59120882],[10.22486556,-2.59211326],[10.22296953,-2.59497082],[10.22551394,-2.59719968],[10.22515523,-2.60085654],[10.22334921,-2.6002115],[10.2185533,-2.60173476],[10.21755254,-2.60368693],[10.21556604,-2.60450387],[10.21891141,-2.60759735],[10.22078025,-2.60472775],[10.22448015,-2.60578382],[10.22381735,-2.60776174],[10.22088921,-2.60714138],[10.22018623,-2.60984576],[10.21747827,-2.60896993],[10.21613586,-2.61046827],[10.21410143,-2.60835958],[10.21414697,-2.6061784],[10.21248376,-2.6060189],[10.20990086,-2.60330606],[10.20760775,-2.60429037],[10.20582044,-2.60370541],[10.20294595,-2.60609996],[10.20047915,-2.60480177],[10.1953125,-2.60714281],[10.19506812,-2.60801983],[10.1953125,-2.61049104],[10.1953125,-2.61132812],[10.1953125,-2.61411834],[10.20082796,-2.61339486],[10.20093024,-2.61044192],[10.20567203,-2.61224341],[10.20883095,-2.61149645],[10.21302557,-2.61573446],[10.21502936,-2.61503172],[10.21890867,-2.61690021],[10.22000337,-2.61644816],[10.21960032,-2.61856902],[10.21479964,-2.6178205],[10.20707691,-2.61934865],[10.20799983,-2.6216135],[10.21098995,-2.62096226],[10.21340466,-2.62204325],[10.21167457,-2.62293613],[10.21070957,-2.62625122],[10.21574187,-2.62946022],[10.21903575,-2.62828195],[10.22022951,-2.63220525],[10.21592164,-2.63153052],[10.21399355,-2.63351917],[10.21052575,-2.63365662],[10.20933533,-2.6323148],[10.20547044,-2.63249552],[10.20278156,-2.62856817],[10.20149076,-2.62906361],[10.20008802,-2.63207805],[10.1953125,-2.63337052],[10.19504285,-2.63353992],[10.1953125,-2.63616073],[10.19559157,-2.63630021],[10.19559157,-2.63671875],[10.19582808,-2.63809085],[10.1953125,-2.63811386],[10.18978834,-2.63798571],[10.18944836,-2.63671875],[10.18852425,-2.63641608],[10.18725824,-2.6348567],[10.18770254,-2.63349617],[10.18662262,-2.63187945],[10.18410027,-2.63136423],[10.18237746,-2.62929571],[10.18395507,-2.62822652],[10.18411505,-2.62793314],[10.18431735,-2.62593734],[10.18401957,-2.62566674],[10.18088841,-2.62419724],[10.17898965,-2.62692726],[10.17329252,-2.62543845],[10.16950274,-2.62578201],[10.16938567,-2.61971867],[10.17117226,-2.61731315],[10.17070937,-2.61314166],[10.16847301,-2.61041164],[10.16781461,-2.61051488],[10.16630757,-2.61271524],[10.16616917,-2.61333561],[10.16679203,-2.61799955],[10.16456115,-2.61788344],[10.16322696,-2.62406898],[10.15722394,-2.62114537],[10.15838265,-2.62572336],[10.16149545,-2.62813377],[10.15965366,-2.63000095],[10.15926135,-2.62789154],[10.15708554,-2.62852895],[10.15370584,-2.63671875],[10.15342653,-2.63671875],[10.12885356,-2.63671875],[10.12857425,-2.63671875],[10.12397695,-2.63330567],[10.12367761,-2.63322353],[10.12261045,-2.63368022],[10.12222135,-2.63467813],[10.12242401,-2.63574934],[10.12326872,-2.63671875],[10.12354791,-2.63671875],[10.12681556,-2.64056575],[10.12710476,-2.6427294],[10.12582064,-2.64216924],[10.12545955,-2.64358497],[10.12790167,-2.64663148],[10.12445605,-2.64688051],[10.12411284,-2.64775717],[10.1260221,-2.65147316],[10.12487245,-2.65465057],[10.12770677,-2.65728176],[10.12518883,-2.66098797],[10.12569904,-2.66312826],[10.12374711,-2.66605926],[10.12354696,-2.66853917],[10.12268996,-2.66908026],[10.12095821,-2.66706872],[10.11810434,-2.67013931],[10.11662507,-2.66834164],[10.11784792,-2.66601336],[10.11512244,-2.66595185],[10.11461771,-2.66398466],[10.11115956,-2.66263294],[10.11076283,-2.66099334],[10.11252487,-2.65937066],[10.11630225,-2.65916431],[10.11942732,-2.65388644],[10.11988807,-2.6491338],[10.11859334,-2.64451754],[10.1191107,-2.64231455],[10.12143242,-2.63972747],[10.12103474,-2.63671875],[10.12075555,-2.63671875],[10.11807823,-2.63436222],[10.11741531,-2.63429391],[10.11113584,-2.63454676],[10.11026776,-2.63469398],[10.10667086,-2.63638282],[10.10554111,-2.63591063],[10.10455954,-2.63671875],[10.10224056,-2.63878405],[10.09939516,-2.6379168],[10.09901273,-2.63881016],[10.09900618,-2.64187777],[10.10217881,-2.64812017],[10.09966767,-2.64881921],[10.0973891,-2.64117932],[10.09655547,-2.64329004],[10.09614861,-2.64374924],[10.0938071,-2.64509034],[10.09349465,-2.64569175],[10.09396851,-2.64631617],[10.09589815,-2.64711475],[10.09382665,-2.64741075],[10.09308147,-2.64792621],[10.09314251,-2.64857554],[10.09342778,-2.64909172],[10.09704554,-2.65144277],[10.09630692,-2.65199685],[10.09413421,-2.65043747],[10.09252608,-2.65164197],[10.09725595,-2.65602374],[10.09126711,-2.6543864],[10.09476173,-2.65999126],[10.09322846,-2.6598165],[10.09117997,-2.66193187],[10.09227586,-2.66337943],[10.09046245,-2.66549802],[10.09016478,-2.67015886],[10.08842874,-2.67037058],[10.0908277,-2.67254722],[10.08764148,-2.67230046],[10.08759761,-2.67271781],[10.09185481,-2.67752504],[10.09120071,-2.67932367],[10.09308136,-2.68401134],[10.09294915,-2.6864742],[10.09491014,-2.68956983],[10.09357226,-2.69669282],[10.08303475,-2.69692397],[10.07995963,-2.69566095],[10.07610011,-2.69636691],[10.07440436,-2.69557202],[10.07183993,-2.69634962],[10.07087362,-2.69291484],[10.0657922,-2.69441354],[10.05919135,-2.69124722],[10.05708885,-2.6932199],[10.05730855,-2.69805574],[10.05489147,-2.69590592],[10.04869187,-2.69806755],[10.04985785,-2.69617951],[10.05508876,-2.69401348],[10.0564568,-2.69172204],[10.05590665,-2.69046831],[10.05271304,-2.68987131],[10.04549456,-2.69209826],[10.04689407,-2.68857205],[10.04827857,-2.68998075],[10.04947245,-2.68876696],[10.04793406,-2.68553317],[10.04404128,-2.68359685],[10.0473026,-2.68145454],[10.04685545,-2.67969215],[10.04509807,-2.68027985],[10.04684555,-2.67593801],[10.04641736,-2.67472506],[10.04483533,-2.67457175],[10.04509032,-2.67233801],[10.04804826,-2.67319858],[10.05136955,-2.67243695],[10.05202544,-2.67111433],[10.05124438,-2.67024815],[10.04722202,-2.67122173],[10.04381335,-2.66623223],[10.04193032,-2.67165375],[10.03898084,-2.67087698],[10.03960144,-2.67514861],[10.04253495,-2.67515576],[10.04114127,-2.68309104],[10.03979576,-2.68503714],[10.03178596,-2.68811834],[10.03219128,-2.68985617],[10.03374386,-2.69051182],[10.03309703,-2.69127584],[10.03074646,-2.69193995],[10.02960205,-2.69069171],[10.02421057,-2.69473064],[10.02348733,-2.69395125],[10.01888025,-2.69524682],[10.01746666,-2.69798446],[10.01740634,-2.70149624],[10.01896048,-2.70378113],[10.02599525,-2.70326221],[10.03296745,-2.70572877],[10.03411174,-2.70871615],[10.03324342,-2.71326172],[10.03073931,-2.71537232],[10.02562416,-2.71670973],[10.01938725,-2.71696985],[10.0117532,-2.71509397],[10.00115395,-2.72465026],[10.00037587,-2.72918904],[9.99634981,-2.72976995],[9.99500787,-2.72327673],[10.00122237,-2.71621084],[10.00074971,-2.71081626],[10.00177348,-2.70730281],[10.00702512,-2.70175922],[10.01568997,-2.70127976],[10.01505506,-2.69759655],[10.01225114,-2.69803846],[10.01256514,-2.69227362],[10.01477218,-2.6926707],[10.01575124,-2.69001114],[10.0183295,-2.69210601],[10.01880181,-2.68894815],[10.02101433,-2.69061017],[10.02440262,-2.68872452],[10.02391326,-2.68463695],[10.02511835,-2.68503904],[10.02547204,-2.68407285],[10.02508712,-2.68228233],[10.02292573,-2.68085873],[10.02059436,-2.68144965],[10.0202018,-2.68369913],[10.01832604,-2.68375647],[10.01658177,-2.68171191],[10.01357484,-2.68287814],[10.01421022,-2.68168294],[10.01161373,-2.68110573],[10.01364827,-2.67892075],[10.01149344,-2.67695785],[10.00883818,-2.67826056],[10.00792491,-2.67394638],[10.00494194,-2.67179644],[10.00169218,-2.66578793],[9.9973731,-2.66719353],[9.99925315,-2.66583848],[10.00037956,-2.66283071],[10.00069416,-2.65639317],[10.00591731,-2.65376258],[10.01122582,-2.66014266],[10.01513934,-2.65753257],[10.01592267,-2.65895903],[10.01349235,-2.65887284],[10.01234662,-2.66270185],[10.01690316,-2.66779494],[10.01984215,-2.66903305],[10.02133954,-2.66889834],[10.0245198,-2.66739488],[10.02754736,-2.66563272],[10.02930605,-2.66329014],[10.03252625,-2.66275692],[10.03287244,-2.66205215],[10.03286874,-2.66162586],[10.03244555,-2.66049695],[10.03209162,-2.66029465],[10.02969325,-2.66057694],[10.0290271,-2.66033888],[10.02626872,-2.65899873],[10.02535212,-2.65755355],[10.02306247,-2.65845251],[10.02103901,-2.65783834],[10.02096772,-2.65628195],[10.02411354,-2.6541177],[10.02429533,-2.65277255],[10.02715135,-2.65316296],[10.02744043,-2.65270984],[10.0271275,-2.65107465],[10.02576232,-2.65001714],[10.02340865,-2.64903927],[10.02386582,-2.65038526],[10.02263415,-2.65144873],[10.01996493,-2.65045404],[10.01676011,-2.65195763],[10.01825655,-2.6503998],[10.01694417,-2.64847314],[10.01239514,-2.64522755],[10.00812995,-2.64459991],[10.00746751,-2.64460266],[10.00416327,-2.64646435],[10.00394261,-2.65047562],[10.00133014,-2.64447057],[10.00560164,-2.6425842],[10.00236201,-2.64165556],[10.00313103,-2.64075541],[10.00222862,-2.63848913],[10.00020325,-2.64281797],[9.99739885,-2.64247155],[9.99635887,-2.64409697],[9.99535716,-2.64388478],[9.9975723,-2.64139414],[9.99809492,-2.63962412],[9.99783337,-2.63870013],[9.99684131,-2.63720202],[9.99643016,-2.63738406],[9.99444616,-2.63937664],[9.99364173,-2.64199936],[9.99315977,-2.64192796],[9.99127316,-2.63992703],[9.99092054,-2.63934505],[9.99123287,-2.63904214],[9.99297035,-2.63885605],[9.99314296,-2.63671875],[9.99316776,-2.63540626],[9.99508226,-2.63365996],[9.99314046,-2.63264597],[9.99167895,-2.63480771],[9.98971891,-2.63501644],[9.98839605,-2.63671875],[9.98742413,-2.63756955],[9.98732674,-2.63784957],[9.98782706,-2.64038396],[9.98512447,-2.64248574],[9.98467708,-2.64439881],[9.98465717,-2.64519966],[9.98485136,-2.64552796],[9.98610342,-2.64472401],[9.98687327,-2.64526474],[9.98705161,-2.64717186],[9.9891386,-2.64709115],[9.98733163,-2.65027106],[9.98863673,-2.65150738],[9.9884361,-2.65455878],[9.98878765,-2.65535212],[9.98906314,-2.65559542],[9.99048543,-2.65428877],[9.99165344,-2.65545833],[9.98886597,-2.65762234],[9.9876883,-2.65555441],[9.98582804,-2.6561861],[9.98632383,-2.66181946],[9.98606706,-2.66229236],[9.98428226,-2.6641041],[9.98449147,-2.66145587],[9.98270595,-2.66156662],[9.98144245,-2.66480696],[9.97937298,-2.66501665],[9.98024583,-2.66755915],[9.98013723,-2.66792941],[9.97932255,-2.66767085],[9.9774636,-2.66562867],[9.97541058,-2.665398],[9.97529793,-2.66447234],[9.97888207,-2.66473937],[9.97908843,-2.65792561],[9.98336434,-2.65616596],[9.98084056,-2.65281641],[9.97540784,-2.65166903],[9.97479761,-2.64999855],[9.97684562,-2.65004087],[9.97990155,-2.64468944],[9.97850132,-2.64267516],[9.97252107,-2.64346576],[9.97481501,-2.64218175],[9.97496593,-2.64190245],[9.97522438,-2.63855433],[9.97504175,-2.63760376],[9.97303784,-2.63671875],[9.97220016,-2.63671875],[9.96985471,-2.63423395],[9.96968687,-2.63671875],[9.96965301,-2.63771153],[9.96939301,-2.63820303],[9.9674437,-2.63878274],[9.96648455,-2.63847005],[9.96556091,-2.63780046],[9.96549845,-2.63671875],[9.96573532,-2.63442051],[9.96416724,-2.63262045],[9.96382284,-2.63671875],[9.96371818,-2.63733006],[9.96317244,-2.63753486],[9.96298516,-2.63671875],[9.96307123,-2.63576126],[9.95797324,-2.63411844],[9.95749044,-2.63400137],[9.95359135,-2.63515127],[9.95330775,-2.63495815],[9.95284867,-2.63226795],[9.95763826,-2.63302946],[9.95836306,-2.63201392],[9.95400775,-2.62988615],[9.95086896,-2.62531686],[9.94783795,-2.62362981],[9.94551802,-2.61856675],[9.94254231,-2.61827815],[9.94330704,-2.62190056],[9.94183767,-2.62209451],[9.94256842,-2.62139332],[9.94187236,-2.61960995],[9.93509066,-2.60895657],[9.93530786,-2.6056838],[9.93353033,-2.60099661],[9.93011844,-2.60009646],[9.92753983,-2.59544337],[9.92630684,-2.59593976],[9.92564964,-2.59836876],[9.92210233,-2.59923935],[9.92270196,-2.59723425],[9.92064905,-2.59382701],[9.920053,-2.58976793],[9.92066157,-2.58598471],[9.91827476,-2.58627176],[9.91481292,-2.59321785],[9.91301823,-2.58948815],[9.9165349,-2.58689201],[9.91621232,-2.58458555],[9.91398191,-2.58455384],[9.91188455,-2.58728445],[9.90881264,-2.58691394],[9.90803015,-2.58205032],[9.90959394,-2.57967234],[9.90736985,-2.57920015],[9.90653264,-2.57744324],[9.90593553,-2.57957506],[9.90408564,-2.57934225],[9.90385485,-2.57884288],[9.90489793,-2.57594383],[9.90486741,-2.57133555],[9.90428233,-2.56961477],[9.90384615,-2.56949615],[9.89907837,-2.57108891],[9.89817202,-2.57624781],[9.89880276,-2.57912505],[9.89637816,-2.58021855],[9.89314938,-2.57932496],[9.88976705,-2.57979155],[9.8892287,-2.58137524],[9.89060593,-2.58427334],[9.88998961,-2.58703196],[9.89249194,-2.58812678],[9.89339018,-2.58694685],[9.89859724,-2.58620536],[9.90118301,-2.59393561],[9.90446556,-2.59575033],[9.90426135,-2.59936464],[9.90234745,-2.60036206],[9.90028667,-2.59923196],[9.90069914,-2.59331441],[9.89921105,-2.59251094],[9.89465833,-2.59406066],[9.89525783,-2.59297645],[9.89343154,-2.59212673],[9.89238966,-2.59389508],[9.88790083,-2.59642816],[9.88669765,-2.59851027],[9.8825562,-2.59732795],[9.88199747,-2.59431398],[9.88785207,-2.5933454],[9.88672376,-2.59163356],[9.88573945,-2.58441496],[9.8820368,-2.58148396],[9.88315213,-2.57859552],[9.88610065,-2.57727468],[9.88722932,-2.57547557],[9.8838129,-2.57190204],[9.87893414,-2.57184696],[9.87976015,-2.55824995],[9.87627125,-2.55558026],[9.87401545,-2.55699682],[9.87308562,-2.55966985],[9.86335278,-2.55643427],[9.85994375,-2.55858231],[9.85790825,-2.55562556],[9.85649157,-2.55850506],[9.85505354,-2.55907798],[9.85146153,-2.55800593],[9.84986866,-2.55445266],[9.85919118,-2.55209231],[9.85644555,-2.54896176],[9.8585155,-2.54461777],[9.8607589,-2.54547465],[9.86322296,-2.5496639],[9.86466813,-2.55020738],[9.8636049,-2.54504395],[9.86519325,-2.54251003],[9.86508095,-2.54204476],[9.86393011,-2.53967786],[9.86346495,-2.54040015],[9.86163938,-2.53770065],[9.8603729,-2.53725052],[9.85783386,-2.53819597],[9.85223985,-2.53762436],[9.84975064,-2.53879893],[9.84970856,-2.54142714],[9.84768415,-2.54285645],[9.84629881,-2.54626775],[9.84848797,-2.54777825],[9.84841955,-2.54805756],[9.8462882,-2.54787254],[9.84613454,-2.54810834],[9.84662366,-2.55195522],[9.84654272,-2.55253482],[9.84545755,-2.55401385],[9.84375,-2.55440843],[9.83936036,-2.55605304],[9.83353257,-2.55649233],[9.8263967,-2.55372083],[9.82716525,-2.55309665],[9.83618927,-2.55505633],[9.84214067,-2.55273592],[9.84375,-2.55078125],[9.84399426,-2.55032277],[9.84375,-2.54882813],[9.84375,-2.53711224],[9.84375,-2.52594864],[9.84375,-2.5234375],[9.84375,-2.51917362],[9.84375,-2.51506686],[9.84423006,-2.51302397],[9.84375,-2.51088154],[9.84298778,-2.5099684],[9.84298861,-2.50930405],[9.84361041,-2.50697541],[9.84375,-2.50697541],[9.84375,-2.50669634],[9.84479928,-2.50211751],[9.84480155,-2.50178635],[9.84375,-2.49916291],[9.84375,-2.49888384],[9.8423357,-2.49782193],[9.84156597,-2.49792254],[9.83999181,-2.50216305],[9.83855605,-2.50171506],[9.83802271,-2.49778187],[9.83090997,-2.50045061],[9.82567203,-2.51087546],[9.82633281,-2.51363087],[9.82860243,-2.51481974],[9.82868016,-2.51854491],[9.82733691,-2.51946437],[9.82710016,-2.51710844],[9.82592881,-2.51661265],[9.82797611,-2.51548505],[9.82577384,-2.51420164],[9.82567942,-2.51295555],[9.82348251,-2.51265848],[9.82329166,-2.51129592],[9.82495081,-2.51076794],[9.82554817,-2.50919688],[9.82114351,-2.50909233],[9.82406962,-2.50660646],[9.82383025,-2.50112283],[9.82576954,-2.49711823],[9.82559645,-2.4938097],[9.82865644,-2.48838794],[9.82736194,-2.48061633],[9.82829654,-2.46900654],[9.82708764,-2.46620131],[9.82262897,-2.46518075],[9.82285774,-2.46869385],[9.82203138,-2.47160065],[9.81948495,-2.47560513],[9.81944716,-2.47807026],[9.82022667,-2.47916436],[9.82127452,-2.47901547],[9.823807,-2.47498131],[9.82428634,-2.47493505],[9.82490635,-2.47656822],[9.82488835,-2.47731411],[9.82206798,-2.48033667],[9.82063413,-2.48541713],[9.82061315,-2.48584115],[9.8208909,-2.48662245],[9.82445455,-2.4878906],[9.82305622,-2.48953044],[9.82367468,-2.49344945],[9.82017314,-2.49687111],[9.81794572,-2.49682558],[9.81642115,-2.49471974],[9.81311274,-2.49573326],[9.81088376,-2.49500394],[9.80920827,-2.49893308],[9.81188297,-2.49892855],[9.8129642,-2.50182796],[9.81054151,-2.50839412],[9.81608057,-2.50996816],[9.81745815,-2.51181054],[9.81807244,-2.51675892],[9.82124186,-2.51741886],[9.82128072,-2.51767087],[9.81917477,-2.52056491],[9.8181442,-2.52065933],[9.81702185,-2.51733458],[9.81346822,-2.51399934],[9.81212366,-2.51301324],[9.8109802,-2.51262653],[9.80780625,-2.51319635],[9.8011018,-2.50804436],[9.79660821,-2.51048195],[9.79188001,-2.51840806],[9.78700066,-2.52105331],[9.79010522,-2.52472877],[9.78960598,-2.53276587],[9.79166353,-2.53769505],[9.79583955,-2.54160321],[9.802302,-2.53950894],[9.80620825,-2.53139126],[9.80766153,-2.53126264],[9.80602264,-2.53643358],[9.80310655,-2.53978884],[9.80323875,-2.5414077],[9.8026911,-2.54193985],[9.79646742,-2.54311275],[9.79543114,-2.54293954],[9.79297853,-2.54177797],[9.79071808,-2.53950441],[9.78959227,-2.53474498],[9.78819537,-2.53347766],[9.78797817,-2.53229284],[9.78895605,-2.52524936],[9.78718317,-2.52203751],[9.78689992,-2.52187455],[9.78166783,-2.52195275],[9.77566731,-2.52542913],[9.77033901,-2.52671981],[9.76014972,-2.52572358],[9.75448883,-2.52276301],[9.74233592,-2.50318801],[9.73760343,-2.49790394],[9.73585594,-2.4961313],[9.73469102,-2.49567533],[9.73213541,-2.49485707],[9.72942793,-2.49519527],[9.72497976,-2.49298763],[9.71999574,-2.48624432],[9.71667004,-2.48423886],[9.71667171,-2.48198211],[9.71219516,-2.47591913],[9.71147001,-2.47519922],[9.70822835,-2.47273695],[9.70033956,-2.46953654],[9.69745815,-2.46666193],[9.6951946,-2.4609375],[9.69400084,-2.45769155],[9.69372666,-2.45738876],[9.69267082,-2.45690393],[9.68820965,-2.45729506],[9.68323755,-2.45272708],[9.68048894,-2.44840622],[9.67241883,-2.44387102],[9.66748536,-2.43844163],[9.66297138,-2.43482327],[9.65616584,-2.43125761],[9.65180898,-2.42588961],[9.64758635,-2.42393577],[9.64755702,-2.42397225],[9.64783323,-2.42511976],[9.65617216,-2.43296015],[9.68162334,-2.45262074],[9.68959785,-2.45972824],[9.69044745,-2.4609375],[9.69072676,-2.4609375],[9.69746447,-2.46857774],[9.71288323,-2.48217177],[9.73400891,-2.50460374],[9.74103582,-2.51354825],[9.75213218,-2.52497518],[9.76305175,-2.53968537],[9.77389514,-2.54899251],[9.7900213,-2.56636143],[9.82708621,-2.60074425],[9.84375,-2.61858261],[9.85450065,-2.62946415],[9.86217976,-2.63671875],[9.86245894,-2.63671875],[9.86832297,-2.64160144],[9.87802815,-2.65245175],[9.87940681,-2.66001677],[9.88566506,-2.67548502],[9.88501942,-2.68066871],[9.88318634,-2.68454421],[9.88348544,-2.68727791],[9.88386595,-2.68841541],[9.88789117,-2.69294667],[9.88824153,-2.69329715],[9.88994586,-2.69296277],[9.89279377,-2.69482326],[9.89794338,-2.70125985],[9.90453291,-2.70630026],[9.89409006,-2.69854474],[9.89382625,-2.69875717],[9.89630675,-2.7015655],[9.90139604,-2.70558894],[9.91003752,-2.71082127],[9.92039371,-2.72010791],[9.93087554,-2.72622406],[9.94258976,-2.73571062],[9.95113826,-2.74112165],[9.95786715,-2.74744964],[9.95812333,-2.74761307],[9.96667326,-2.75307405],[9.97993112,-2.76364374],[9.98611045,-2.76681316],[9.98812103,-2.76618016],[9.98834574,-2.76635265],[9.98849022,-2.76773965],[9.98677075,-2.76801765],[9.98707604,-2.76885664],[10.0117557,-2.786659],[10.01234591,-2.78801882],[10.01154804,-2.78917587],[10.01388645,-2.78896093],[10.01774061,-2.79103374],[10.01921833,-2.79078138],[10.03227115,-2.79967845],[10.03247845,-2.80216575],[10.04703617,-2.8125],[10.04747724,-2.8125],[10.06498694,-2.82530093],[10.07131135,-2.82943475],[10.07205081,-2.82793725],[10.07490027,-2.82871282],[10.08315992,-2.83633423],[10.08258891,-2.83699131],[10.08403981,-2.83845305],[10.09255898,-2.84534335],[10.10988986,-2.85674977],[10.13936162,-2.87873781],[10.16949487,-2.90397835],[10.1953125,-2.92131686],[10.22287345,-2.93951333],[10.23236322,-2.94799936],[10.23687077,-2.94972014],[10.23949385,-2.95294237],[10.24657834,-2.95704544],[10.25592744,-2.96462464],[10.26615596,-2.96961677],[10.26978016,-2.97369134],[10.27381372,-2.97620285],[10.27703333,-2.98042357],[10.28004777,-2.9825176],[10.28194547,-2.98307753],[10.28253043,-2.98317695],[10.28845811,-2.98221242],[10.29579723,-2.98436713],[10.29829395,-2.984375],[10.31228244,-2.98227656],[10.31314945,-2.98181224],[10.31439722,-2.98050845],[10.31416178,-2.97947597],[10.31397605,-2.97914791],[10.30942607,-2.97706902],[10.30658615,-2.97363663],[10.30645084,-2.97334337],[10.30705595,-2.96752346],[10.31188285,-2.96175456],[10.32035315,-2.9572705],[10.32337725,-2.95240724],[10.32640922,-2.94180334],[10.32930875,-2.93893075],[10.33345306,-2.93659115],[10.34095633,-2.93505752],[10.34524345,-2.93641305],[10.34935963,-2.94188094],[10.35362351,-2.94275713],[10.35886991,-2.93752945],[10.36248124,-2.93645644],[10.36992085,-2.93843567],[10.37165272,-2.94042957],[10.37162495,-2.94349635],[10.36911643,-2.94678116],[10.36273384,-2.9503268],[10.35996675,-2.95329428],[10.35859144,-2.95661175],[10.35934806,-2.95990586],[10.36620295,-2.96369743],[10.36869812,-2.96378422],[10.36965931,-2.96195054],[10.36913562,-2.96047854],[10.36309266,-2.95748055],[10.36222804,-2.95552981],[10.36392832,-2.95176196],[10.36905384,-2.9517976],[10.37160575,-2.95299876],[10.37416768,-2.95689166],[10.37974155,-2.96202564],[10.38140523,-2.96498394],[10.38100314,-2.97126961],[10.38313484,-2.97435737],[10.38575053,-2.97509396],[10.39746511,-2.97262657],[10.39880764,-2.97413182],[10.39633107,-2.97961175],[10.3841238,-2.98179293],[10.38298488,-2.98227131],[10.37981725,-2.98476291],[10.37780082,-2.98828125],[10.37675643,-2.99154365],[10.37746024,-2.99517286],[10.37777865,-2.99560261],[10.38023615,-2.997738],[10.38247168,-2.99829602],[10.38517666,-2.99831974],[10.38947058,-2.99623775],[10.39074945,-2.99539185],[10.39603674,-2.98944914],[10.39903975,-2.98828125],[10.40071654,-2.98828125],[10.40071654,-2.98814166],[10.40155494,-2.98828125],[10.40407026,-2.98828125],[10.41262472,-2.99132085],[10.41594887,-2.99131918],[10.41958213,-2.98914587],[10.42288971,-2.98912621],[10.42639601,-2.99174702],[10.42681622,-2.99563801],[10.42596126,-2.99746215],[10.42033124,-3.00045764],[10.41973448,-3.00603557],[10.42206502,-3.00957155],[10.42751551,-3.01142383],[10.43013442,-3.01143265],[10.43124533,-3.01100576],[10.43352497,-3.01000977],[10.43501556,-3.00829875],[10.43571114,-3.00719845],[10.43635273,-3.00516415],[10.43564832,-2.99983513],[10.43917453,-2.99696243],[10.44163346,-2.9969362],[10.44474816,-2.99892986],[10.45281577,-3.00823486],[10.45852923,-3.00789034],[10.46104205,-3.00382185],[10.46331596,-2.98828125],[10.46490717,-2.98522592],[10.46527994,-2.98485827],[10.47672331,-2.97885394],[10.48705447,-2.96717966],[10.48805964,-2.96554923],[10.48840785,-2.96476436],[10.48745775,-2.96156025],[10.47917747,-2.96033347],[10.47715056,-2.95742035],[10.47910547,-2.95368302],[10.48155427,-2.95369005],[10.48846602,-2.95667934],[10.49170387,-2.95588517],[10.49598336,-2.94877863],[10.49548364,-2.94238245],[10.49826491,-2.93699276],[10.49824858,-2.93457031],[10.49331284,-2.92984915],[10.48992646,-2.92346692],[10.48961484,-2.91872573],[10.49175394,-2.91172028],[10.49188554,-2.91138625],[10.50177371,-2.896106],[10.50999796,-2.89038336],[10.51037586,-2.88794267],[10.50830925,-2.88323104],[10.50838733,-2.87949586],[10.51113343,-2.87731957],[10.50973153,-2.87319386],[10.51912212,-2.86481547],[10.52456784,-2.85788608],[10.52478242,-2.85458148],[10.52623332,-2.85304844],[10.52507937,-2.85029554],[10.5254848,-2.84857011],[10.5316174,-2.84663987],[10.53357065,-2.84428811],[10.5346086,-2.84404886],[10.53664815,-2.84210491],[10.54645574,-2.83816957],[10.546875,-2.83816957],[10.546875,-2.83984375],[10.54537976,-2.83960986],[10.53715181,-2.84265995],[10.53527963,-2.84455764],[10.53499985,-2.84466004],[10.53159654,-2.84781015],[10.53108764,-2.84807765],[10.52727807,-2.84870136],[10.52776635,-2.85374105],[10.52571201,-2.85758865],[10.51460564,-2.87155795],[10.51074266,-2.87341797],[10.51210475,-2.87774777],[10.50914764,-2.88044083],[10.50917625,-2.8829298],[10.51148665,-2.89105928],[10.50808203,-2.89241648],[10.50533974,-2.89726365],[10.50251305,-2.89818811],[10.50006032,-2.90058422],[10.49211514,-2.91884291],[10.49272704,-2.92537427],[10.49985147,-2.93476617],[10.49728453,-2.94225824],[10.49679232,-2.95283365],[10.49662936,-2.95326543],[10.49365962,-2.9567008],[10.49113452,-2.95805991],[10.48050606,-2.95549655],[10.47843754,-2.9563719],[10.47791374,-2.95763707],[10.47896123,-2.95906687],[10.48596036,-2.95973623],[10.48891521,-2.96103084],[10.48920405,-2.96131384],[10.4897927,-2.96289277],[10.48979151,-2.96343827],[10.48899782,-2.96607626],[10.48852158,-2.96721888],[10.48312855,-2.97530651],[10.47889996,-2.97952855],[10.47399652,-2.98284304],[10.46872127,-2.98440444],[10.46670413,-2.98622584],[10.46583104,-2.98828125],[10.46450531,-2.99179304],[10.46418393,-2.99325085],[10.46365952,-3.00371003],[10.46354222,-3.00437081],[10.46172845,-3.00835276],[10.45613956,-3.00969684],[10.45142293,-3.00899446],[10.44328701,-3.00030613],[10.43960345,-2.99894917],[10.43876123,-2.99907243],[10.43653405,-2.99993575],[10.43753803,-3.00557995],[10.43743122,-3.00612545],[10.43613398,-3.0088557],[10.43415785,-3.01105261],[10.42928421,-3.01368892],[10.42630935,-3.01364243],[10.42487967,-3.01304567],[10.42237163,-3.01178634],[10.41844726,-3.00791085],[10.41807544,-3.00707531],[10.41755843,-3.00338948],[10.41755795,-3.00245941],[10.41849566,-2.99973691],[10.41888821,-2.99933851],[10.42436695,-2.99702752],[10.42498183,-2.9966197],[10.42534995,-2.99549437],[10.42545736,-2.99360204],[10.42519164,-2.99280763],[10.42321444,-2.9905163],[10.41960311,-2.99054193],[10.41562176,-2.99274015],[10.41232824,-2.99271595],[10.40196884,-2.98936772],[10.40148425,-2.98946893],[10.39609492,-2.99138856],[10.39048076,-2.99773157],[10.39002824,-2.99813044],[10.38714313,-2.99943495],[10.37962842,-2.99965346],[10.37678075,-2.99825192],[10.3747406,-2.99633956],[10.3748157,-2.99065685],[10.37584448,-2.98828125],[10.37592685,-2.98753095],[10.3781867,-2.98392224],[10.38098323,-2.9813441],[10.38274252,-2.98061895],[10.39491296,-2.97812462],[10.39674783,-2.97440314],[10.39581752,-2.97376156],[10.38825572,-2.97625387],[10.38439965,-2.97625434],[10.38147211,-2.97472465],[10.37994015,-2.97246444],[10.38028646,-2.96612144],[10.37924361,-2.96384895],[10.36820126,-2.95289314],[10.3656075,-2.95248902],[10.36359692,-2.95552576],[10.36436164,-2.95717394],[10.37055457,-2.95981145],[10.37049377,-2.9637264],[10.36700141,-2.96490896],[10.35870767,-2.96091056],[10.3576864,-2.95524848],[10.35883522,-2.95295453],[10.36310804,-2.94843197],[10.3692528,-2.94470537],[10.36868143,-2.93919468],[10.36348724,-2.9378525],[10.35925496,-2.93874061],[10.35509205,-2.94360852],[10.35254455,-2.94440293],[10.34773266,-2.94274116],[10.34348464,-2.93671155],[10.33716011,-2.93697143],[10.33001292,-2.94070876],[10.32644713,-2.94624722],[10.32326734,-2.95718133],[10.31363034,-2.96215963],[10.31055927,-2.96522558],[10.30842817,-2.96943808],[10.30790234,-2.97358561],[10.31465626,-2.97869873],[10.31538892,-2.98063195],[10.31464398,-2.98329568],[10.29932904,-2.98713481],[10.29686677,-2.9871062],[10.29304922,-2.98470986],[10.29094696,-2.98428535],[10.28989625,-2.98416901],[10.28014517,-2.98487854],[10.27880466,-2.98439455],[10.27885497,-2.98496795],[10.28222501,-2.98828125],[10.28250444,-2.98828125],[10.33041024,-3.02416587],[10.37231076,-3.05360007],[10.37732553,-3.05749917],[10.39945912,-3.07645094],[10.41940856,-3.09553897],[10.44461882,-3.12569201],[10.4655205,-3.14541996],[10.48231936,-3.1640625],[10.48515092,-3.16725445],[10.50877464,-3.19388485],[10.51635265,-3.19988561],[10.51727557,-3.20217133],[10.52794194,-3.21344686],[10.53151262,-3.2210505],[10.53548753,-3.22586632],[10.53821957,-3.23336804],[10.54217362,-3.24028277],[10.54297495,-3.24233866],[10.54330802,-3.25394881],[10.5434103,-3.25455678],[10.54457736,-3.25614464],[10.546875,-3.25753343],[10.5791409,-3.27821624],[10.58840728,-3.28330255],[10.58974493,-3.28293967],[10.58996511,-3.28457165],[10.59273517,-3.28535354],[10.63472092,-3.31531763],[10.65217674,-3.33072925],[10.65806818,-3.33912456],[10.65810061,-3.33984375],[10.65844285,-3.34145641],[10.65877485,-3.34197593],[10.66059673,-3.34315395],[10.6607784,-3.34361756],[10.66266274,-3.34901905],[10.66280854,-3.34985507],[10.66195154,-3.35310233],[10.66353321,-3.35708606],[10.66321981,-3.36536872],[10.66516745,-3.37137341],[10.66539621,-3.37621403],[10.66655231,-3.37981343],[10.66836357,-3.38336015],[10.67271292,-3.38600171],[10.67205155,-3.39407897],[10.67372036,-3.39535904],[10.67527866,-3.39366925],[10.67568815,-3.39442885],[10.67443955,-3.40184617],[10.66998732,-3.41135323],[10.66543615,-3.41742206],[10.66594827,-3.43396795],[10.66886985,-3.43574286],[10.67386067,-3.43170261],[10.67754746,-3.43397033],[10.67993164,-3.42986846],[10.68309414,-3.42844522],[10.68384337,-3.43235898],[10.68698597,-3.437397],[10.68928254,-3.43696916],[10.69300485,-3.43985152],[10.69425023,-3.44879782],[10.70191526,-3.44855964],[10.70913756,-3.44677615],[10.71262777,-3.44758415],[10.71284986,-3.44780397],[10.71480262,-3.45214868],[10.71431684,-3.45767498],[10.71238422,-3.46177304],[10.70876765,-3.46428883],[10.7090044,-3.46172524],[10.70673728,-3.46218264],[10.70302093,-3.46738708],[10.70277584,-3.47090745],[10.7048223,-3.47504914],[10.71098566,-3.47571182],[10.7276448,-3.48371661],[10.729056,-3.48896182],[10.74483144,-3.49922848],[10.74910641,-3.50094962],[10.7574079,-3.50913787],[10.76206017,-3.515625],[10.76261926,-3.515625],[10.76383352,-3.51717854],[10.76414895,-3.51736736],[10.7772094,-3.52236986],[10.77760005,-3.52255404],[10.78031445,-3.52520967],[10.78954482,-3.52933514],[10.79216945,-3.53291893],[10.79780543,-3.53663325],[10.80068994,-3.53998518],[10.81950927,-3.55005586],[10.82714558,-3.55764616],[10.82951701,-3.56182301],[10.84002626,-3.56414342],[10.84903896,-3.57059336],[10.85304701,-3.57976913],[10.86332238,-3.58039677],[10.87347448,-3.58239615],[10.88002777,-3.59552562],[10.88337934,-3.59885836],[10.88360155,-3.59902155],[10.8984375,-3.60518956],[10.89881873,-3.60511947],[10.91138017,-3.61532772],[10.91493785,-3.61500764],[10.91845131,-3.61658275],[10.92198694,-3.61568058],[10.92427194,-3.6168431],[10.92964828,-3.61559606],[10.93724,-3.62152016],[10.9378221,-3.62637973],[10.93933535,-3.62637901],[10.94102085,-3.62351716],[10.94413126,-3.62338185],[10.94390905,-3.62782276],[10.94699204,-3.63391876],[10.95303714,-3.63703251],[10.95925736,-3.64407671],[10.96248043,-3.65231287],[10.96486938,-3.65433657],[10.96497667,-3.65778208],[10.96632206,-3.65997255],[10.97232413,-3.66084754],[10.97753727,-3.66639245],[10.97734594,-3.66865754],[10.97953308,-3.67086637],[10.98009336,-3.67112195],[10.98213494,-3.67135775],[10.98469174,-3.66925025],[10.98602056,-3.66445875],[10.98941696,-3.66425335],[10.99098778,-3.66475785],[10.99166024,-3.66555285],[10.99256015,-3.66802073],[10.99246585,-3.66867018],[10.99209571,-3.66913342],[10.98910487,-3.66956687],[10.99087071,-3.68129027],[10.98864722,-3.68424165],[10.99079323,-3.68808317],[10.99513113,-3.69140625],[10.99576735,-3.69140625],[11.00373006,-3.69498014],[11.00860524,-3.69336915],[11.00975156,-3.69140625],[11.00966311,-3.69140625],[11.00788391,-3.68922985],[11.00531256,-3.68914962],[11.00481701,-3.68885303],[11.00410521,-3.68735087],[11.00429738,-3.68460751],[11.00971115,-3.68068993],[11.01237702,-3.68057835],[11.00621092,-3.68416953],[11.00529885,-3.68679166],[11.00999033,-3.68671358],[11.01004732,-3.68826342],[11.01564157,-3.69050896],[11.01833916,-3.68926096],[11.01702344,-3.69140625],[11.01706541,-3.69515777],[11.01888537,-3.69778526],[11.02133358,-3.69915748],[11.02432406,-3.69954836],[11.02751875,-3.70179331],[11.03053725,-3.70160031],[11.03338265,-3.7027601],[11.03837514,-3.70010483],[11.04215562,-3.70282757],[11.04777396,-3.69895947],[11.05186105,-3.70399058],[11.05636597,-3.70585656],[11.05951095,-3.70643675],[11.06284022,-3.70392966],[11.06600285,-3.70882046],[11.06893253,-3.70704424],[11.07073724,-3.70757377],[11.07163274,-3.70913446],[11.07559907,-3.70977354],[11.07586944,-3.7097584],[11.07839346,-3.70839715],[11.08047843,-3.70551562],[11.08042204,-3.70069695],[11.08243763,-3.69795847],[11.08246934,-3.69140625],[11.08232296,-3.69140625],[11.08229315,-3.69019473],[11.08173418,-3.68843246],[11.07870984,-3.68600488],[11.08059466,-3.68558848],[11.08254075,-3.68800056],[11.08764124,-3.6909821],[11.08875072,-3.69140625],[11.09030044,-3.69140625],[11.09179342,-3.69261992],[11.09193361,-3.69313502],[11.0914911,-3.69693291],[11.09547567,-3.70913565],[11.09542966,-3.70940936],[11.09086335,-3.71068811],[11.08783972,-3.71380866],[11.08968258,-3.71412694],[11.09399581,-3.71238935],[11.09940314,-3.71417844],[11.1007421,-3.71610558],[11.09884727,-3.71655417],[11.09780526,-3.71954691],[11.10456383,-3.72240615],[11.10740244,-3.72483015],[11.10752594,-3.72845101],[11.11002195,-3.73063135],[11.10789895,-3.73262358],[11.10884702,-3.73427796],[11.1124475,-3.73387265],[11.11421585,-3.73551381],[11.11956036,-3.73575437],[11.12113321,-3.73866296],[11.12431204,-3.74133551],[11.12704551,-3.73981273],[11.13023686,-3.74353862],[11.13476205,-3.74571264],[11.14200115,-3.75476742],[11.14835703,-3.75786388],[11.15397584,-3.76341021],[11.16033292,-3.76470077],[11.16064727,-3.76482415],[11.1641047,-3.76735997],[11.16550827,-3.76860654],[11.17053497,-3.77453327],[11.17105222,-3.77778184],[11.16886675,-3.7794317],[11.16894615,-3.78229105],[11.17300081,-3.78620708],[11.17365265,-3.78859913],[11.17598641,-3.78944898],[11.17632878,-3.78972816],[11.17985451,-3.79348946],[11.18053877,-3.79482043],[11.18021238,-3.79512966],[11.17861974,-3.79568148],[11.17523575,-3.79433441],[11.17231655,-3.79136574],[11.16849303,-3.792014],[11.16611016,-3.78851223],[11.16393185,-3.78914785],[11.16309094,-3.79249096],[11.16428244,-3.79476845],[11.16639626,-3.79507482],[11.16601014,-3.79648423],[11.15554655,-3.79991424],[11.14892375,-3.79991472],[11.13882887,-3.79583991],[11.13407564,-3.79497051],[11.12537837,-3.79070735],[11.11901534,-3.78615582],[11.11287868,-3.77855325],[11.10596275,-3.77274001],[11.10598183,-3.76978564],[11.1093297,-3.76836515],[11.10969305,-3.76432514],[11.11289632,-3.76870406],[11.11502671,-3.76802075],[11.11456144,-3.76560688],[11.11188805,-3.76350248],[11.1073426,-3.75478876],[11.10414553,-3.75473797],[11.10298455,-3.75261486],[11.09887922,-3.74962056],[11.09410405,-3.74860501],[11.09400594,-3.74625134],[11.09147358,-3.74116194],[11.08946705,-3.74060214],[11.08075833,-3.73145843],[11.06557322,-3.73121011],[11.06495476,-3.72687626],[11.06194818,-3.72330463],[11.05973041,-3.72448015],[11.05802441,-3.72413588],[11.05478072,-3.72052956],[11.05285025,-3.72115254],[11.05157197,-3.72306395],[11.04906833,-3.72189784],[11.04742801,-3.72742915],[11.04496443,-3.72740674],[11.04397357,-3.72905254],[11.04118776,-3.73012078],[11.03729784,-3.7288841],[11.03481245,-3.72679114],[11.03108072,-3.72083688],[11.02714145,-3.72212601],[11.02555275,-3.72063208],[11.02422798,-3.72142446],[11.02439392,-3.71638441],[11.02201867,-3.71526635],[11.01968277,-3.7148056],[11.01783383,-3.71747541],[11.01489901,-3.71850646],[11.01088774,-3.71375883],[11.00620675,-3.71444666],[11.0062257,-3.71558094],[11.00530016,-3.71382105],[11.00326622,-3.71443605],[11.00325656,-3.71869731],[10.99372685,-3.71706224],[10.99033952,-3.70916927],[10.97637105,-3.70497024],[10.97271526,-3.70178032],[10.96228337,-3.69629705],[10.95884907,-3.69182467],[10.95912886,-3.69140625],[10.95908046,-3.69140625],[10.95954871,-3.68367445],[10.95881414,-3.68112457],[10.95848215,-3.68080556],[10.95114005,-3.67908227],[10.94623065,-3.67542398],[10.93890405,-3.67464328],[10.93315876,-3.67061007],[10.92909586,-3.66530335],[10.92703652,-3.65777254],[10.92403007,-3.65538907],[10.91629934,-3.64304864],[10.90303814,-3.63472736],[10.90135455,-3.63190937],[10.8995198,-3.6263808],[10.8984375,-3.625],[10.89831305,-3.62502611],[10.89667571,-3.62375665],[10.89650631,-3.62326491],[10.89694285,-3.6198287],[10.89596641,-3.61675072],[10.89069951,-3.60974443],[10.89030647,-3.60928774],[10.88740277,-3.60733485],[10.87948847,-3.60570562],[10.87534857,-3.60283732],[10.87307847,-3.59724236],[10.87349462,-3.59471261],[10.87191796,-3.59192693],[10.87175691,-3.58870757],[10.87109745,-3.58814716],[10.86695945,-3.58652484],[10.8580507,-3.58673537],[10.84867096,-3.58421505],[10.84583497,-3.58046257],[10.8455317,-3.57270014],[10.8444066,-3.56932461],[10.83123481,-3.56533444],[10.83068395,-3.56498814],[10.81758058,-3.55197406],[10.80080235,-3.54347825],[10.78396595,-3.52819204],[10.76917255,-3.52264607],[10.76107454,-3.51776254],[10.75926554,-3.515625],[10.75870681,-3.515625],[10.75551546,-3.51071215],[10.75086045,-3.50635707],[10.73702431,-3.49612844],[10.73249626,-3.49544215],[10.72384131,-3.48350084],[10.71861935,-3.48069584],[10.71107101,-3.47998154],[10.7088325,-3.47914731],[10.70416415,-3.47629964],[10.70182657,-3.47398341],[10.70162845,-3.47365725],[10.70008111,-3.46958566],[10.70032072,-3.4675374],[10.70052016,-3.46708107],[10.70337343,-3.46302998],[10.70764995,-3.46008277],[10.70954442,-3.4571948],[10.71326494,-3.45724642],[10.71325386,-3.45215845],[10.71024287,-3.45225847],[10.70597374,-3.44999492],[10.70579422,-3.45667625],[10.7002089,-3.45851541],[10.68732047,-3.45740473],[10.68563724,-3.4557867],[10.68392265,-3.45639443],[10.6825366,-3.45556211],[10.67902815,-3.44885576],[10.67588568,-3.44564188],[10.66496766,-3.44229305],[10.66221762,-3.44054556],[10.66172326,-3.43973804],[10.66125131,-3.43598175],[10.66197312,-3.43218195],[10.66002893,-3.43167782],[10.65812194,-3.42975605],[10.65649593,-3.42728496],[10.65649581,-3.42654002],[10.65813005,-3.41952431],[10.66178525,-3.41114032],[10.66092324,-3.4022516],[10.66334057,-3.39758801],[10.6650393,-3.38827491],[10.66502786,-3.38770974],[10.65952754,-3.37065113],[10.66110396,-3.34763956],[10.66014278,-3.34419251],[10.65856755,-3.34442127],[10.65850842,-3.34448481],[10.65912545,-3.35336685],[10.65768147,-3.35318828],[10.65730345,-3.35420001],[10.65884984,-3.35538161],[10.65813005,-3.37120914],[10.66229296,-3.38480222],[10.66247606,-3.39356601],[10.65648794,-3.40650594],[10.65525746,-3.41606355],[10.64598787,-3.43045115],[10.64124572,-3.43330991],[10.64044726,-3.43526888],[10.64976585,-3.44430876],[10.66156101,-3.45300496],[10.70283294,-3.48012721],[10.73425186,-3.5028162],[10.75004351,-3.515625],[10.75060225,-3.515625],[10.77541685,-3.53552532],[10.84270394,-3.59190035],[10.86300612,-3.60992551],[10.87723827,-3.62302685],[10.8984375,-3.64425206],[10.92024291,-3.66484356],[10.94305515,-3.68924737],[10.94454861,-3.69140625],[10.94458532,-3.69140625],[10.98044038,-3.73565483],[10.99266541,-3.74880242],[10.99488127,-3.75151706],[11.00093532,-3.76121688],[11.01417255,-3.77696645],[11.01945758,-3.78534567],[11.01981688,-3.78616107],[11.01924491,-3.78656364],[11.01846945,-3.78648675],[11.01760697,-3.78527117],[11.01553595,-3.79205275],[11.00952053,-3.80378366],[11.00905871,-3.80498242],[11.00726402,-3.81762445],[11.01089883,-3.82856464],[11.02004933,-3.84245026],[11.02017546,-3.84280133],[11.02198434,-3.85868192],[11.02216697,-3.85901392],[11.03240585,-3.8671875],[11.03268576,-3.8671875],[11.04736912,-3.87890625],[11.04944861,-3.88098085],[11.04965472,-3.8823024],[11.04760432,-3.88025248],[11.04912364,-3.88280117],[11.06976998,-3.90035415],[11.0766741,-3.90500522],[11.07729292,-3.90536022],[11.08245623,-3.90702116],[11.08287084,-3.90690005],[11.08676386,-3.90401006],[11.08759296,-3.90122545],[11.08865213,-3.90415466],[11.09169042,-3.90728557],[11.09169126,-3.90783048],[11.0911864,-3.90804303],[11.0898658,-3.90597785],[11.08681774,-3.90538382],[11.08358896,-3.90819466],[11.08350313,-3.90831494],[11.08339131,-3.91090405],[11.10313237,-3.92547464],[11.11397505,-3.93147278],[11.11630321,-3.93465114],[11.13155746,-3.94584394],[11.13563967,-3.94865537],[11.14675915,-3.95472312],[11.14686966,-3.95469296],[11.14824116,-3.95401943],[11.1490674,-3.95428836],[11.15073037,-3.95518321],[11.15073028,-3.95518333],[11.15072566,-3.95518722],[11.15068291,-3.95522318],[11.15048406,-3.95539046],[11.15038131,-3.95547689],[11.15023978,-3.95559595],[11.14979923,-3.95596654],[11.14844917,-3.95710222],[11.14762411,-3.95810196],[11.14694628,-3.95892328],[11.14491565,-3.96138383],[11.14102924,-3.96609303],[11.14051704,-3.96671367],[11.13829918,-3.96940107],[11.12478274,-3.9857791],[11.12282037,-3.98815692],[11.11833083,-3.99359694],[11.11725497,-3.99530681],[11.09223702,-4.03506765],[11.08808609,-4.04166471],[11.08699656,-4.04339628],[11.05592661,-4.09277553],[11.04488219,-4.11032836],[11.03876745,-4.12004648],[10.97770259,-4.21709642],[10.95047106,-4.26037531],[10.91953731,-4.3095381],[10.74730667,-4.58326306],[10.72151273,-4.60923159],[10.37991517,-4.95314146],[9.83768177,-5.4990453],[8.91135333,-6.43164417],[8.89621034,-6.44726385],[8.89162423,-6.44335391],[8.88501802,-6.43772172],[8.88434215,-6.43714469],[8.88299012,-6.43598883],[8.88231467,-6.4354106],[8.8796109,-6.43309288],[8.87893571,-6.43251331],[8.87758574,-6.43135296],[8.87691151,-6.43077265],[8.87151362,-6.4261204],[8.87084001,-6.42553904],[8.86949283,-6.42437481],[8.86881981,-6.4237924],[8.86612783,-6.42145971],[8.86545577,-6.42087656],[8.86411208,-6.41970905],[8.86344135,-6.41912549],[8.85269304,-6.40976117],[8.85103767,-6.40831413],[8.84773026,-6.40541332],[8.8460794,-6.40396059],[8.83948238,-6.39813597],[8.83783642,-6.39667789],[8.83454842,-6.39375551],[8.83290608,-6.39229094],[8.8246837,-6.38493407],[8.81317449,-6.37483031],[8.81141231,-6.37327778],[8.80789182,-6.37016511],[8.8061348,-6.36860611],[8.79911397,-6.36235438],[8.79736236,-6.3607891],[8.79386371,-6.35765155],[8.7921179,-6.35608036],[8.78127109,-6.34628377],[8.77991819,-6.34505848],[8.77721429,-6.34260287],[8.77586439,-6.34137355],[8.77046864,-6.33644624],[8.76912212,-6.33521323],[8.76643173,-6.33274287],[8.76508895,-6.33150652],[8.75435044,-6.32159177],[8.75301109,-6.32035174],[8.75033434,-6.31786668],[8.74899802,-6.31662266],[8.74365673,-6.31163657],[8.74232384,-6.31038889],[8.73966075,-6.30788922],[8.73833164,-6.30663825],[8.7277027,-6.29660653],[8.72637705,-6.29535192],[8.72372775,-6.2928377],[8.72240519,-6.29157912],[8.71711899,-6.28653486],[8.71579988,-6.28527267],[8.71316441,-6.28274399],[8.71184912,-6.28147855],[8.70133101,-6.27133107],[8.70001922,-6.27006202],[8.6973977,-6.26751895],[8.69608904,-6.26624597],[8.69085855,-6.26114413],[8.68955339,-6.25986758],[8.68694585,-6.2573102],[8.68564454,-6.25603043],[8.67523849,-6.24576842],[8.67394072,-6.24448508],[8.67134729,-6.24191347],[8.67005268,-6.24062624],[8.66487853,-6.23546745],[8.66358746,-6.23417669],[8.66100816,-6.23159092],[8.65972098,-6.23029698],[8.64942824,-6.21992167],[8.64814464,-6.2186242],[8.64557959,-6.21602435],[8.6442992,-6.21472303],[8.639182,-6.20950791],[8.63790518,-6.20820308],[8.63535442,-6.20558924],[8.63408152,-6.20428129],[8.6239033,-6.19379392],[8.62263402,-6.19248248],[8.62009767,-6.18985471],[8.61883163,-6.18853944],[8.61377199,-6.18326862],[8.61250957,-6.1819499],[8.60998765,-6.17930829],[8.60872919,-6.17798648],[8.59866668,-6.16738833],[8.59741187,-6.16606307],[8.59490451,-6.16340769],[8.59365299,-6.16207864],[8.5886515,-6.15675275],[8.58740362,-6.15542029],[8.58491085,-6.15275123],[8.58366697,-6.15141572],[8.57372137,-6.14070805],[8.57248118,-6.13936914],[8.57000311,-6.13668647],[8.56876624,-6.13534381],[8.56382349,-6.12996349],[8.56259031,-6.12861744],[8.56012698,-6.12592126],[8.55889782,-6.12457221],[8.5490703,-6.11375632],[8.54784487,-6.11240391],[8.54539638,-6.10969427],[8.54417432,-6.10833815],[8.5392909,-6.10290405],[8.53807256,-6.10154459],[8.53563895,-6.0988216],[8.53442467,-6.09745918],[8.52471639,-6.08653636],[8.52350587,-6.08517062],[8.52108725,-6.08243434],[8.51988013,-6.08106492],[8.5150566,-6.07557769],[8.51385325,-6.07420497],[8.51144965,-6.07145551],[8.51025039,-6.07007988],[8.50066249,-6.05905145],[8.49946702,-6.05767254],[8.49707855,-6.05490995],[8.49588653,-6.0535274],[8.49112347,-6.0479877],[8.48993524,-6.04660189],[8.48756194,-6.04382628],[8.48637783,-6.04243761],[8.47691144,-6.03130489],[8.47635574,-6.03065051],[8.47524391,-6.02933953],[8.47468857,-6.02868385],[8.472467,-6.02605751],[8.47191234,-6.02540092],[8.47080355,-6.02408668],[8.47024988,-6.02342956],[8.46581905,-6.01816393],[8.46534163,-6.01759592],[8.46438683,-6.01645865],[8.46390988,-6.0158899],[8.4620022,-6.01361253],[8.461715,-6.01326943],[8.4610686,-6.01249663],[8.45989854,-6.01109386],[8.45818262,-6.00903094],[8.45732589,-6.00799885],[8.45455981,-6.00465979],[8.45386933,-6.00382489],[8.45248934,-6.00215352],[8.45180036,-6.00131768],[8.44688742,-5.99534764],[8.4462745,-5.99460173],[8.44504907,-5.99310822],[8.44443706,-5.99236123],[8.44198988,-5.98936986],[8.4413791,-5.98862217],[8.4401583,-5.98712548],[8.43954907,-5.98637747],[8.43032902,-5.9750402],[8.42917954,-5.97362278],[8.42688321,-5.97078327],[8.42573729,-5.96936233],[8.42115896,-5.96366923],[8.42001694,-5.96224516],[8.41773618,-5.95939313],[8.41659837,-5.95796633],[8.40750312,-5.94652882],[8.40636925,-5.94509891],[8.40410417,-5.94223443],[8.40297389,-5.94080103],[8.39845822,-5.93505817],[8.39733187,-5.93362168],[8.3950825,-5.93074486],[8.3939604,-5.92930569],[8.38499102,-5.91776931],[8.38387287,-5.91632707],[8.38163932,-5.91343798],[8.38052482,-5.91199229],[8.37607233,-5.90620035],[8.37496179,-5.90475162],[8.37274408,-5.90185035],[8.3716378,-5.90039899],[8.36279534,-5.88876513],[8.36169307,-5.88731074],[8.359996,-5.88506519],[8.35951445,-5.88460974],[8.35528438,-5.88060012],[8.35422853,-5.87959711],[8.35211845,-5.87758823],[8.35106507,-5.87658319],[8.34263903,-5.86852604],[8.34211376,-5.86802321],[8.34106262,-5.86701587],[8.34053747,-5.86651206],[8.33843625,-5.864494],[8.3379115,-5.86398948],[8.33686228,-5.86297958],[8.33633823,-5.86247461],[8.33214349,-5.85842824],[8.33162002,-5.85792272],[8.33057304,-5.85691056],[8.33004997,-5.85640434],[8.32795766,-5.85437718],[8.32743532,-5.85387056],[8.32639091,-5.85285645],[8.32586961,-5.85234973],[8.31655223,-5.84328284],[8.31576754,-5.84251798],[8.31419814,-5.84098572],[8.31341428,-5.84021915],[8.31027927,-5.83714824],[8.30949657,-5.83638029],[8.30793202,-5.83484267],[8.3071508,-5.83407364],[8.30089981,-5.82791002],[8.30011992,-5.82713975],[8.29856056,-5.82559711],[8.29778172,-5.82482535],[8.29466723,-5.8217341],[8.29388988,-5.82096127],[8.29233602,-5.81941393],[8.29156057,-5.81864046],[8.27913921,-5.80623019],[8.27759054,-5.80467779],[8.27449663,-5.8015662],[8.27295265,-5.80000828],[8.2667837,-5.79376312],[8.26524486,-5.79220013],[8.26217149,-5.78906826],[8.26063821,-5.78750065],[8.24838145,-5.77492795],[8.24685338,-5.77335529],[8.24380073,-5.77020324],[8.24227741,-5.76862514],[8.23619128,-5.76229932],[8.23467316,-5.76071621],[8.23164132,-5.75754415],[8.23012883,-5.7559565],[8.21803876,-5.74322354],[8.21653154,-5.74163091],[8.21352068,-5.73843895],[8.21201828,-5.73684093],[8.206016,-5.73043554],[8.20451887,-5.72883259],[8.20152907,-5.7256209],[8.20003762,-5.72401347],[8.18811631,-5.71112248],[8.18663019,-5.70951014],[8.18366164,-5.70627883],[8.18218042,-5.70466118],[8.17626301,-5.69817734],[8.17478712,-5.69655482],[8.17183988,-5.69330405],[8.17036973,-5.69167713],[8.1586192,-5.67863034],[8.15715444,-5.67699858],[8.15422869,-5.67372847],[8.1527689,-5.67209146],[8.14693738,-5.66553029],[8.14548298,-5.66388849],[8.1425788,-5.66059921],[8.14113019,-5.65895308],[8.12955245,-5.64575275],[8.1281093,-5.64410185],[8.12522685,-5.64079352],[8.12378874,-5.63913744],[8.11804409,-5.63250008],[8.11661143,-5.63083927],[8.1137508,-5.62751205],[8.11232399,-5.62584699],[8.100921,-5.61249542],[8.10024118,-5.61169814],[8.09888124,-5.6101007],[8.09820208,-5.60930166],[8.09548567,-5.60610069],[8.09480757,-5.60530034],[8.09345225,-5.60369815],[8.09277559,-5.60289696],[8.08736144,-5.59647615],[8.08675432,-5.59575511],[8.08554036,-5.59431129],[8.08493406,-5.59358915],[8.08250949,-5.59069722],[8.08205502,-5.59015455],[8.08108467,-5.58899463],[8.07985859,-5.58752436],[8.07819322,-5.58552148],[8.0773617,-5.58451945],[8.07463929,-5.58123227],[8.0739597,-5.58041035],[8.07260145,-5.57876499],[8.07192332,-5.57794217],[8.06704039,-5.57200773],[8.06643122,-5.57126628],[8.06521327,-5.56978169],[8.06460499,-5.56903916],[8.0621727,-5.56606568],[8.06156564,-5.56532246],[8.06035226,-5.56383474],[8.05974673,-5.56309121],[8.05052972,-5.55175687],[8.04938062,-5.55033982],[8.04708503,-5.54750103],[8.04593949,-5.54608046],[8.04136262,-5.54038883],[8.04022097,-5.53896512],[8.03794094,-5.53611382],[8.03680348,-5.53468739],[8.02771108,-5.52325278],[8.02657756,-5.52182323],[8.02431318,-5.51895948],[8.02318325,-5.51752645],[8.01866895,-5.51178504],[8.01754295,-5.51034892],[8.01529425,-5.50747282],[8.01417248,-5.50603401],[8.00520575,-5.49450053],[8.00408794,-5.49305865],[8.00185503,-5.49017028],[8.00074085,-5.48872495],[7.99628965,-5.48293445],[7.99517942,-5.48148609],[7.99296233,-5.47858553],[7.99185637,-5.47713453],[7.98301637,-5.46550355],[7.9819144,-5.46404952],[7.97971323,-5.46113686],[7.97861493,-5.45967943],[7.97422734,-5.45384053],[7.97313303,-5.45238009],[7.9709478,-5.44945544],[7.96985778,-5.44799241],[7.96114554,-5.43626532],[7.96005954,-5.43479931],[7.95784992,-5.43180782],[7.95748582,-5.43149916],[7.9544677,-5.42912583],[7.95290305,-5.4279727],[7.95145095,-5.42690741],[7.94854883,-5.42477233],[7.9471,-5.42370341],[7.9355102,-5.41512834],[7.93406429,-5.4140555],[7.93117379,-5.41190473],[7.92973038,-5.41082769],[7.92395947,-5.40650937],[7.92251898,-5.40542843],[7.91964015,-5.40326206],[7.91820297,-5.40217752],[7.90670668,-5.39347749],[7.90527246,-5.39238905],[7.90240541,-5.39020712],[7.90097374,-5.38911452],[7.89524992,-5.38473399],[7.89382121,-5.38363751],[7.89096599,-5.3814401],[7.88954064,-5.38034007],[7.87813918,-5.37151611],[7.87671682,-5.37041221],[7.87387355,-5.36819937],[7.8724538,-5.36709133],[7.8668108,-5.36267499],[7.85178182,-5.3511477],[7.84766677,-5.34796582],[7.83945935,-5.34156828],[7.83536845,-5.33835377],[7.83027471,-5.33431904],[7.82923089,-5.33349053],[7.82714421,-5.33183087],[7.82610198,-5.33100022],[7.82193458,-5.32767201],[7.82089413,-5.32683937],[7.81881432,-5.32517155],[7.81777581,-5.32433706],[7.8094671,-5.31764681],[7.80843047,-5.31681039],[7.80635776,-5.31513457],[7.80532252,-5.31429585],[7.80118268,-5.31093501],[7.8001494,-5.31009445],[7.79808396,-5.3084108],[7.7970532,-5.30756887],[7.78054338,-5.29405554],[7.77953926,-5.29323201],[7.77753037,-5.29158113],[7.776527,-5.29075494],[7.77251344,-5.28744352],[7.7715114,-5.28661514],[7.76950839,-5.28495596],[7.76850823,-5.28412585],[7.76050485,-5.27746989],[7.75956428,-5.2766862],[7.7576835,-5.27511619],[7.75674409,-5.27433054],[7.75298721,-5.27118271],[7.75218234,-5.27050723],[7.75057315,-5.26915458],[7.75007005,-5.26873127],[7.7489686,-5.26780153],[7.7473687,-5.26644808],[7.74656945,-5.26577088],[7.7439053,-5.26350994],[7.74323998,-5.26294456],[7.74190972,-5.26181263],[7.74124529,-5.2612465],[7.73639055,-5.25710456],[7.73578467,-5.25658701],[7.73457287,-5.25555062],[7.73396745,-5.25503221],[7.73154567,-5.25295597],[7.73094101,-5.25243695],[7.729732,-5.25139793],[7.72912843,-5.2508786],[7.71985047,-5.24288573],[7.71869297,-5.24188623],[7.71637899,-5.23988347],[7.71522347,-5.23888104],[7.71060347,-5.23486383],[7.70945025,-5.23385874],[7.70714549,-5.23184538],[7.70599488,-5.23083792],[7.69679073,-5.22276009],[7.69564246,-5.22174999],[7.69334698,-5.21972604],[7.69220071,-5.21871303],[7.6876178,-5.21465351],[7.68647386,-5.21363786],[7.68418768,-5.21160339],[7.68304638,-5.2105854],[7.6739168,-5.20242329],[7.67277785,-5.20140267],[7.67050105,-5.19935771],[7.66936413,-5.1983342],[7.6648187,-5.19423271],[7.66368413,-5.19320659],[7.66141674,-5.19115119],[7.66028483,-5.19012275],[7.65123058,-5.18187704],[7.65010106,-5.180846],[7.64784313,-5.17878019],[7.64671566,-5.17774627],[7.64220808,-5.17360317],[7.64108298,-5.17256666],[7.63883455,-5.1704905],[7.63771213,-5.16945169],[7.62873397,-5.1611231],[7.62761396,-5.16008171],[7.62537509,-5.15799523],[7.62425716,-5.15695098],[7.61978781,-5.15276662],[7.61867227,-5.15171981],[7.616443,-5.14962306],[7.61533017,-5.14857398],[7.60642884,-5.14016319],[7.60531844,-5.13911155],[7.60309882,-5.13700458],[7.60199052,-5.1359501],[7.59755976,-5.13172482],[7.59645389,-5.1306678],[7.59424395,-5.12855065],[7.5931408,-5.12749138],[7.58431705,-5.11899911],[7.58177395,-5.1165385],[7.5766996,-5.11160265],[7.57416965,-5.10912865],[7.56407238,-5.09920213],[7.56156803,-5.09672708],[7.55657103,-5.09176242],[7.55407853,-5.08927294],[7.54923986,-5.08441454],[7.54776297,-5.08295567],[7.54412641,-5.07934966],[7.54231189,-5.07754347],[7.53776493,-5.07299999],[7.53719745,-5.07243226],[7.53606256,-5.07129549],[7.53549561,-5.07072692],[7.53322795,-5.06845004],[7.5326617,-5.06788081],[7.53152959,-5.06674135],[7.53096422,-5.06617163],[7.52588647,-5.0610486],[7.52476266,-5.05991204],[7.52251707,-5.05763554],[7.52139594,-5.05649625],[7.516915,-5.05193179],[7.51579674,-5.05078995],[7.51356234,-5.04850297],[7.51244712,-5.04735876],[7.50352851,-5.03818631],[7.50241601,-5.03703939],[7.50019256,-5.03474165],[7.49908251,-5.03359175],[7.49464542,-5.02898436],[7.49353795,-5.02783161],[7.49132515,-5.02552284],[7.49022037,-5.02436737],[7.48674748,-5.02072642],[7.48617811,-5.02012875],[7.48503963,-5.01893221],[7.48447091,-5.01833375],[7.48219644,-5.01593736],[7.4816285,-5.01533824],[7.48049306,-5.01413896],[7.47992601,-5.01353929],[7.47538849,-5.00873475],[7.47482223,-5.00813442],[7.47368983,-5.0069324],[7.47312415,-5.00633121],[7.47086171,-5.00392371],[7.47029679,-5.00332182],[7.46916737,-5.00211701],[7.46860329,-5.00151453],[7.46223517,-4.99470437],[7.44891527,-4.98052187],[7.44724705,-4.97873905],[7.44391567,-4.97516576],[7.44225369,-4.97337654],[7.43561558,-4.96620393],[7.43396022,-4.96440869],[7.43065518,-4.96081119],[7.42900683,-4.9590104],[7.41583463,-4.9445667],[7.41419278,-4.9427597],[7.41091389,-4.93913773],[7.40927821,-4.93732424],[7.40274523,-4.93005437],[7.40111588,-4.92823455],[7.39786296,-4.92458794],[7.3962401,-4.92276197],[7.39422757,-4.92048919],[7.38767004,-4.91638214],[7.38612726,-4.91541293],[7.38304268,-4.91346922],[7.38150214,-4.91249552],[7.37534197,-4.90859017],[7.37380409,-4.90761225],[7.37073018,-4.90565167],[7.3691954,-4.90466981],[7.35691651,-4.8967907],[7.35538444,-4.89580462],[7.35232132,-4.8938272],[7.35079153,-4.89283666],[7.34467449,-4.88886398],[7.34314741,-4.88786925],[7.34009515,-4.88587507],[7.33857121,-4.88487643],[7.32637932,-4.87686311],[7.32485813,-4.87586029],[7.32181685,-4.87384939],[7.32029799,-4.87284213],[7.3142248,-4.86880259],[7.3127087,-4.86779117],[7.30967846,-4.86576363],[7.30816554,-4.86474834],[7.29606209,-4.85660178],[7.29455198,-4.85558233],[7.29153288,-4.85353819],[7.29002514,-4.85251434],[7.28399653,-4.84840842],[7.2824916,-4.84738044],[7.27948372,-4.84531978],[7.27798201,-4.84428796],[7.26596845,-4.83600913],[7.26446958,-4.83497318],[7.26147304,-4.83289605],[7.25997659,-4.83185572],[7.25399328,-4.82768394],[7.25249969,-4.8266395],[7.24951455,-4.82454598],[7.24802421,-4.82349775],[7.23610198,-4.81508765],[7.23461453,-4.81403533],[7.2316409,-4.81192546],[7.23015593,-4.81086877],[7.22421863,-4.80663161],[7.22273655,-4.80557086],[7.21977449,-4.80344472],[7.21829572,-4.80238021],[7.20646622,-4.79383986],[7.20499038,-4.79277128],[7.20204002,-4.79062892],[7.2005667,-4.78955602],[7.19467611,-4.78525399],[7.19320573,-4.78417705],[7.19026711,-4.78201855],[7.18880007,-4.78093788],[7.17706472,-4.7722683],[7.17560066,-4.7711836],[7.17267391,-4.76900901],[7.17121241,-4.76792001],[7.16536924,-4.76355364],[7.16391073,-4.76246063],[7.1609959,-4.76027004],[7.15954077,-4.75917334],[7.14790096,-4.75037558],[7.14644886,-4.74927488],[7.14354607,-4.74706833],[7.14209657,-4.74596336],[7.13630152,-4.74153317],[7.13485505,-4.74042423],[7.13196435,-4.7382018],[7.13052131,-4.73708921],[7.11897842,-4.72816431],[7.11753844,-4.72704776],[7.11465996,-4.7248095],[7.11322264,-4.72368871],[7.10747638,-4.71919522],[7.10604213,-4.71807049],[7.10317591,-4.71581648],[7.10174512,-4.71468814],[7.09030053,-4.70563718],[7.08887285,-4.70450491],[7.08601902,-4.70223521],[7.08459404,-4.70109872],[7.07889726,-4.69654248],[7.0774754,-4.69540209],[7.074634,-4.69311679],[7.07321563,-4.69197281],[7.0618707,-4.68279689],[7.06045549,-4.68164903],[7.05762664,-4.67934817],[7.05621417,-4.67819612],[7.05056756,-4.67357768],[7.04915825,-4.67242176],[7.04634201,-4.67010543],[7.04493624,-4.66894597],[7.03369231,-4.65964618],[7.03301087,-4.6590818],[7.03164722,-4.65795086],[7.03096596,-4.65738509],[7.02824013,-4.65511832],[7.02755942,-4.65455148],[7.02619839,-4.65341659],[7.02551861,-4.652849],[7.02007753,-4.64829968],[7.01944592,-4.64777093],[7.01818263,-4.64671202],[7.01755148,-4.64618232],[7.01502677,-4.64406075],[7.0145083,-4.64362462],[7.01334171,-4.64264224],[7.01207783,-4.64157477],[7.01032824,-4.64009333],[7.00945429,-4.63935203],[7.00640741,-4.63676311],[7.00564657,-4.63611565],[7.00412546,-4.63481923],[7.00336577,-4.63417078],[6.99766526,-4.62929756],[6.9969539,-4.62868856],[6.99553124,-4.62746889],[6.99482054,-4.62685872],[6.99197788,-4.62441473],[6.99126821,-4.62380372],[6.98984935,-4.62258037],[6.9891411,-4.62196884],[6.97810317,-4.61242468],[6.97672635,-4.61123088],[6.97397448,-4.60883821],[6.97260054,-4.60764032],[6.9671084,-4.60283863],[6.96573775,-4.60163698],[6.96299898,-4.59922926],[6.96163198,-4.59802419],[6.95069901,-4.58835955],[6.94933533,-4.58715073],[6.94660977,-4.58472802],[6.94524901,-4.58351514],[6.93980967,-4.57865351],[6.93845223,-4.5774369],[6.93573993,-4.57499929],[6.93438618,-4.5737793],[6.92355948,-4.56399535],[6.922446,-4.56298633],[7.16365068,-3.15867],[7.17622824,-3.08610016],[7.28574236,-2.45349946],[7.35493705,-2.05407362],[7.35135584,-1.97570131],[7.34901304,-1.93188866],[7.33608466,-1.83985227],[7.3331071,-1.81909606],[7.29545614,-1.54630159],[7.29327209,-1.53054522],[7.29118549,-1.5191669],[7.28936467,-1.5115024],[7.28731014,-1.50299732],[7.28447996,-1.49128132],[7.275,-1.48444444],[7.2704551,-1.48152096],[7.27111111,-1.47972222],[7.47361111,-0.88083333],[7.62833333,-0.42916667],[7.68916667,-0.29388889],[7.84111111,-0.00138889],[8.1875,0.56666667],[8.20127931,0.61702377],[8.22829468,0.71575268],[8.23333333,0.73416667],[9.0351934,0.73992551],[9.04346591,0.74012595],[9.07728607,0.74183459],[9.08803372,0.7436318],[9.10958444,0.74721938],[9.15322636,0.75643889],[9.19258778,0.76690021],[9.2276686,0.77860334],[9.25846874,0.7915483],[9.28249513,0.80440144],[9.28544803,0.80560166],[9.29602804,0.81141067],[9.32518368,0.83242909],[9.34499792,0.84439482],[9.35186697,0.84851322],[9.35353326,0.84950368],[9.35478249,0.85001473],[9.36121207,0.85254507],[9.37948893,0.86764014],[9.38080402,0.86960424],[9.3939923,0.88907843],[9.40346036,0.91595495],[9.40490113,0.92648187],[9.41167729,0.94418249],[9.41492184,0.96002509],[9.439082,0.95168678],[9.45518149,0.9495388],[9.47835611,0.94637217],[9.48457149,0.94791105],[9.49274875,0.94962833],[9.50462558,0.95204454],[9.50620501,0.9523535],[9.50717493,0.95234962],[9.51515562,0.9584119],[9.51808594,0.96056843],[9.51812056,0.96059321],[9.52805123,0.96690513],[9.53114399,0.9799824],[9.53138161,0.980938],[9.53478625,0.9838745],[9.54169042,0.98927664],[9.54653487,1.00284818],[9.54801184,1.00682995],[9.54821712,1.0112399],[9.54846612,1.01595547],[9.54880788,1.02012039],[9.54901383,1.02236451],[9.55442985,1.02147044],[9.55461142,1.02143506],[9.55644822,1.02141079],[9.56700708,1.0206183],[9.56900876,1.02045495],[9.56962393,1.02041118],[9.57452217,1.01986738],[9.57483472,1.01980966],[9.57489518,1.01980246],[9.57504251,1.01978578],[9.57512775,1.01977565],[9.57526717,1.01975989],[9.57536032,1.01974883],[9.57549184,1.01973401],[9.57559289,1.01972202],[9.5757165,1.01970812],[9.57582546,1.01969522],[9.57605753,1.01966916],[9.57628857,1.01964464],[9.5765186,1.01962167],[9.57674759,1.01960023],[9.57697557,1.01958034],[9.57720252,1.01956199],[9.57742845,1.01954517],[9.57765335,1.0195299],[9.57787723,1.01951617],[9.57810009,1.01950397],[9.57832192,1.01949332],[9.57854273,1.01948421],[9.57876252,1.01947664],[9.57898128,1.01947061],[9.57919902,1.01946612],[9.57941574,1.01946317],[9.57963143,1.01946176],[9.5798461,1.01946189],[9.58005974,1.01946356],[9.58027236,1.01946677],[9.58048396,1.01947153],[9.58069453,1.01947782],[9.58090408,1.01948565],[9.58111261,1.01949503],[9.58132011,1.01950594],[9.58152659,1.0195184],[9.58173205,1.01953239],[9.58193648,1.01954793],[9.58213989,1.019565],[9.58234227,1.01958362],[9.58254363,1.01960378],[9.58274397,1.01962547],[9.58434009,1.01981156],[9.58446866,1.01982578],[9.58459705,1.01983921],[9.58501077,1.01987997],[9.58518951,1.01989912],[9.58536761,1.01991975],[9.58554509,1.01994187],[9.58572194,1.01996546],[9.58577814,1.01997345],[9.5858986,1.0199895],[9.5859248,1.01999322],[9.5859593,1.01999812],[9.58607527,1.02001353],[9.58614045,1.02002278],[9.58632152,1.0200468],[9.59039325,1.02054947],[9.59057235,1.02056988],[9.59075191,1.02058865],[9.59093194,1.02060579],[9.59269551,1.02075723],[9.59286715,1.02077335],[9.59504416,1.02099532],[9.59522513,1.02101249],[9.59540699,1.02102848],[9.59558973,1.02104327],[9.59577336,1.02105688],[9.59693238,1.02113487],[9.59800223,1.02232982],[9.59841972,1.02275499],[9.59853946,1.02287523],[9.59875154,1.02308521],[9.59904631,1.02336056],[9.59911399,1.02342329],[9.5994242,1.02370865],[9.59973702,1.02397979],[9.59974842,1.02398957],[9.60018203,1.024244],[9.60030963,1.02431783],[9.60036204,1.02434773],[9.60275624,1.0254067],[9.60290978,1.02547334],[9.60326201,1.02562326],[9.60341909,1.02569146],[9.6035758,1.02576081],[9.60373211,1.02583133],[9.60388804,1.02590301],[9.60404358,1.02597586],[9.60419874,1.02604987],[9.60435351,1.02612504],[9.6045079,1.02620137],[9.6046619,1.02627887],[9.60481551,1.02635753],[9.60496874,1.02643736],[9.60512158,1.02651835],[9.60527403,1.0266005],[9.60764359,1.0278987],[9.60910668,1.02843246],[9.60926723,1.02849212],[9.60943545,1.02855579],[9.61191062,1.02893948],[9.61206981,1.02896328],[9.61222942,1.02898626],[9.61233081,1.02900031],[9.61441206,1.0285899],[9.61455545,1.02856088],[9.61469881,1.02853112],[9.61484213,1.02850061],[9.61728259,1.02796846],[9.61746516,1.02792977],[9.6175324,1.02791593],[9.61766783,1.02794147],[9.61784375,1.02797572],[9.6180194,1.028011],[9.6181948,1.0280473],[9.61836995,1.02808463],[9.61854484,1.02812299],[9.61871947,1.02816238],[9.61889384,1.02820279],[9.61906796,1.02824423],[9.61924182,1.0282867],[9.61941543,1.0283302],[9.61958878,1.02837472],[9.62108006,1.02876714],[9.6212141,1.02880177],[9.62134836,1.02883581],[9.62713731,1.03027557],[9.62858943,1.03115042],[9.628747,1.03124646],[9.6289043,1.03134344],[9.62906133,1.03144135],[9.62921808,1.03154021],[9.62937457,1.03164001],[9.62953078,1.03174075],[9.62968673,1.03184244],[9.6298424,1.03194506],[9.62999781,1.03204863],[9.63015294,1.03215313],[9.6303078,1.03225858],[9.63046239,1.03236497],[9.63061671,1.0324723],[9.63074678,1.03256372],[9.63077419,1.03256865],[9.63095004,1.03260114],[9.63112565,1.03263448],[9.63130101,1.03266867],[9.63147613,1.03270371],[9.631651,1.0327396],[9.63182563,1.03277633],[9.63200002,1.03281392],[9.63217416,1.03285235],[9.63234806,1.03289163],[9.63252171,1.03293176],[9.63269512,1.03297274],[9.63286828,1.03301456],[9.6330412,1.03305724],[9.63321388,1.03310076],[9.63338631,1.03314514],[9.6335585,1.03319036],[9.63373044,1.03323643],[9.63390214,1.03328335],[9.6340736,1.03333111],[9.63410185,1.03333913],[9.63424498,1.03337914],[9.63424547,1.03337927],[9.63441636,1.03342718],[9.63458749,1.03347607],[9.63475838,1.03352581],[9.63492903,1.0335764],[9.63509942,1.03362783],[9.63526958,1.03368012],[9.63543949,1.03373326],[9.63560916,1.03378724],[9.63577858,1.03384207],[9.63594776,1.03389775],[9.6361167,1.03395428],[9.63628539,1.03401166],[9.6364,1.03405128],[9.63650022,1.03410719],[9.6366559,1.03419507],[9.63681106,1.03428366],[9.6369657,1.03437298],[9.63711982,1.03446302],[9.63727341,1.03455377],[9.63742648,1.03464525],[9.63757902,1.03473744],[9.63773104,1.03483035],[9.63788254,1.03492399],[9.63803352,1.03501834],[9.63818397,1.03511341],[9.63833389,1.0352092],[9.6384833,1.03530571],[9.63863218,1.03540294],[9.63869258,1.03544282],[9.63878584,1.03549359],[9.63894262,1.03557996],[9.63909887,1.03566707],[9.63925459,1.0357549],[9.63940978,1.03584346],[9.63944072,1.03586133],[9.63950609,1.03589868],[9.63956482,1.03593223],[9.63958006,1.03594105],[9.6397194,1.03602076],[9.63985904,1.03609979],[9.63999896,1.03617816],[9.64097397,1.03671845],[9.64110975,1.03679291],[9.64124583,1.03686676],[9.64138222,1.03693999],[9.64151892,1.03701261],[9.64165592,1.03708462],[9.64173165,1.03712399],[9.64228531,1.03730588],[9.64419964,1.03977236],[9.64633736,1.04237863],[9.64645858,1.04252835],[9.64657849,1.04267842],[9.6466971,1.04282886],[9.64681442,1.04297965],[9.64693044,1.04313079],[9.64704515,1.04328229],[9.64715857,1.04343415],[9.64727069,1.04358637],[9.64738151,1.04373894],[9.64749104,1.04389187],[9.64759926,1.04404515],[9.64770619,1.04419879],[9.64781181,1.04435279],[9.64791614,1.04450715],[9.64801917,1.04466186],[9.6481209,1.04481692],[9.64822133,1.04497235],[9.64822648,1.04498045],[9.64833923,1.04512297],[9.64845677,1.0452737],[9.64857291,1.04542481],[9.64868764,1.04557631],[9.64880097,1.04572819],[9.64891291,1.04588046],[9.64902344,1.04603311],[9.64907487,1.04610523],[9.6491222,1.04619111],[9.64921629,1.04636481],[9.64930877,1.04653858],[9.64939963,1.0467124],[9.64948887,1.04688629],[9.64957651,1.04706022],[9.64966252,1.04723422],[9.64974692,1.04740828],[9.64982971,1.04758239],[9.64991088,1.04775656],[9.64999043,1.04793079],[9.65006837,1.04810508],[9.65011147,1.04820355],[9.65014539,1.0482794],[9.65018767,1.04837601],[9.65022241,1.04845373],[9.65026386,1.04854848],[9.65029943,1.04862805],[9.65034006,1.04872094],[9.65037645,1.04880237],[9.65041626,1.0488934],[9.65045347,1.04897669],[9.65049245,1.04906587],[9.65053049,1.04915101],[9.65056865,1.04923833],[9.65060751,1.04932533],[9.65064485,1.0494108],[9.65068453,1.04949965],[9.65072105,1.04958326],[9.65076155,1.04967397],[9.65083767,1.04984833],[9.65091208,1.05002274],[9.65098477,1.05019722],[9.65105576,1.05037176],[9.65112503,1.05054636],[9.65119259,1.05072102],[9.65125844,1.05089574],[9.65132258,1.05107052],[9.65138501,1.05124537],[9.65144572,1.05142028],[9.65150473,1.05159524],[9.65156202,1.05177027],[9.6516176,1.05194537],[9.65167147,1.05212052],[9.65172363,1.05229573],[9.65177408,1.05247101],[9.65177501,1.05247436],[9.65181931,1.05262889],[9.65182445,1.05264629],[9.6518636,1.05278342],[9.65187482,1.05282157],[9.6519079,1.05293793],[9.65192517,1.05299685],[9.65196028,1.05312087],[9.65197524,1.05317214],[9.65200344,1.05327227],[9.65202527,1.05334743],[9.65204663,1.05342365],[9.65207527,1.05352272],[9.65208986,1.05357501],[9.65212524,1.05369801],[9.65213311,1.05372636],[9.65217517,1.05387331],[9.65222358,1.05404865],[9.65227021,1.05422407],[9.65231507,1.05439954],[9.65235816,1.05457508],[9.65239947,1.05475069],[9.65242658,1.05487113],[9.652449,1.05498034],[9.65248183,1.05514813],[9.65248436,1.05516172],[9.65251277,1.05530781],[9.65251442,1.05531593],[9.65254108,1.05545393],[9.65254709,1.05548372],[9.65256827,1.05559407],[9.6526109,1.05565138],[9.652733,1.05581877],[9.65285268,1.05598618],[9.65296994,1.05615359],[9.65508252,1.05923335],[9.65517664,1.05936729],[9.6552721,1.05949991],[9.6553689,1.05963122],[9.65546704,1.05976122],[9.65552457,1.05983564],[9.65554461,1.05986222],[9.65556592,1.05989048],[9.65562942,1.05997274],[9.65566205,1.06001609],[9.6556812,1.06003319],[9.65575501,1.06009768],[9.655889,1.06021769],[9.65602099,1.06033887],[9.65615096,1.06046124],[9.65627893,1.06058478],[9.65640489,1.0607095],[9.65652885,1.06083539],[9.65665079,1.06096247],[9.65677073,1.06109072],[9.65688866,1.06122015],[9.65700458,1.06135075],[9.65717493,1.06154782],[9.65728153,1.06166813],[9.65738939,1.0617869],[9.65821328,1.06267191],[9.65833483,1.06271415],[9.65904541,1.06295053],[9.65919692,1.06299884],[9.65931459,1.06303474],[9.6593484,1.06304558],[9.65948149,1.06308642],[9.65948535,1.0630876],[9.65949988,1.06309229],[9.65965136,1.06313904],[9.65965613,1.06314044],[9.65982681,1.06319342],[9.65999591,1.06324864],[9.66016342,1.0633061],[9.66032935,1.0633658],[9.66049369,1.06342774],[9.66065646,1.06349192],[9.66081763,1.06355835],[9.66092291,1.06360364],[9.66097774,1.06362628],[9.66107449,1.06366801],[9.66111125,1.06368322],[9.66113784,1.06369423],[9.66122607,1.06373237],[9.66129794,1.06376218],[9.66137766,1.06379672],[9.66227038,1.06416783],[9.66242573,1.06422954],[9.66258196,1.06428875],[9.66273907,1.06434544],[9.66312342,1.06447726],[9.6632831,1.06453498],[9.66328646,1.06453614],[9.66342916,1.064588],[9.6634495,1.06459505],[9.66353427,1.06462602],[9.66357524,1.06464098],[9.66361253,1.06465399],[9.66372133,1.06469394],[9.66377555,1.06471296],[9.66386743,1.06474687],[9.66401407,1.06479858],[9.66698195,1.06579683],[9.6670158,1.06580874],[9.66717145,1.06583221],[9.66735983,1.06586323],[9.6673627,1.06586374],[9.66753844,1.06589285],[9.66754824,1.06589435],[9.66771417,1.06592197],[9.66773665,1.06592543],[9.66777224,1.06593139],[9.66792466,1.06595497],[9.66795029,1.06595928],[9.66811267,1.06598452],[9.66812835,1.06598716],[9.66830068,1.06601407],[9.66848929,1.06604597],[9.668492,1.06604646],[9.66867426,1.06607736],[9.66867792,1.06607794],[9.6688565,1.06610829],[9.66886654,1.06610988],[9.66905522,1.06614203],[9.66911906,1.0661537],[9.66924417,1.06617529],[9.66927656,1.06618127],[9.66943315,1.06620861],[9.6694341,1.06620879],[9.66962214,1.066242],[9.66981174,1.06627778],[9.67000195,1.06631597],[9.67019278,1.06635655],[9.67038422,1.06639954],[9.67057627,1.06644494],[9.67076893,1.06649273],[9.67096221,1.06654293],[9.6711561,1.06659553],[9.67126863,1.06662735],[9.6713504,1.06664974],[9.67142147,1.06667],[9.67154473,1.06670406],[9.67157438,1.06671258],[9.67173908,1.06675848],[9.67193396,1.06681496],[9.67212944,1.06687377],[9.6723255,1.06693491],[9.67252217,1.0669984],[9.67271943,1.06706421],[9.67377184,1.06742672],[9.67390761,1.06747235],[9.6749629,1.06765868],[9.67515565,1.06769118],[9.67534968,1.06772237],[9.67554501,1.06775226],[9.67690056,1.06794929],[9.67698287,1.06795279],[9.67824092,1.06795269],[9.67877419,1.06733342],[9.67889322,1.06719723],[9.67901315,1.06706204],[9.67913396,1.06692786],[9.67925568,1.06679467],[9.67937828,1.06666248],[9.67950178,1.0665313],[9.67962617,1.06640111],[9.67975146,1.06627192],[9.67987764,1.06614374],[9.68000472,1.06601655],[9.68013269,1.06589037],[9.68026156,1.06576518],[9.68039131,1.065641],[9.68052196,1.06551781],[9.68065351,1.06539563],[9.68078595,1.06527444],[9.68091929,1.06515426],[9.68105351,1.06503507],[9.68107734,1.06501423],[9.68108115,1.06501249],[9.68125039,1.06493645],[9.68141984,1.06486183],[9.68158949,1.06478863],[9.68175933,1.06471686],[9.68192938,1.0646465],[9.68209963,1.06457757],[9.68227007,1.06451007],[9.68244072,1.06444398],[9.68261156,1.06437932],[9.68278261,1.06431608],[9.68295385,1.06425426],[9.6831253,1.06419387],[9.68329695,1.0641349],[9.68346879,1.06407735],[9.68364084,1.06402122],[9.68381308,1.06396651],[9.68398553,1.06391323],[9.68415817,1.06386137],[9.68433102,1.06381093],[9.68450406,1.06376192],[9.68467731,1.06371432],[9.68485075,1.06366815],[9.6850244,1.06362341],[9.68519824,1.06358008],[9.68537229,1.06353818],[9.68554653,1.0634977],[9.6856489,1.06347477],[9.68572092,1.06345823],[9.6857688,1.06344764],[9.68577216,1.06344688],[9.68581345,1.06343955],[9.6858906,1.06342649],[9.68598776,1.06340949],[9.6861621,1.0633804],[9.68633649,1.06335272],[9.68651094,1.06332645],[9.68668544,1.06330159],[9.68685999,1.06327814],[9.68703459,1.0632561],[9.68720924,1.06323547],[9.68738395,1.06321625],[9.68755871,1.06319844],[9.68773352,1.06318205],[9.68790838,1.06316706],[9.68808329,1.06315348],[9.68825826,1.06314131],[9.68843327,1.06313055],[9.68855447,1.06312408],[9.68871934,1.06314199],[9.68889985,1.0631631],[9.68907996,1.06318568],[9.68925964,1.06320973],[9.68943891,1.06323524],[9.68961777,1.06326222],[9.68979621,1.06329066],[9.68997423,1.06332056],[9.69015184,1.06335193],[9.69032904,1.06338476],[9.69050581,1.06341906],[9.69068218,1.06345483],[9.69085812,1.06349205],[9.69103366,1.06353075],[9.69120877,1.0635709],[9.69138347,1.06361252],[9.69155776,1.06365561],[9.69173163,1.06370016],[9.69190508,1.06374617],[9.69207812,1.06379365],[9.69225075,1.06384259],[9.69242296,1.063893],[9.69259475,1.06394487],[9.69276613,1.06399821],[9.69293709,1.06405301],[9.69310764,1.06410928],[9.69327777,1.06416701],[9.69344748,1.06422621],[9.69361678,1.06428687],[9.69369871,1.064317],[9.69378585,1.06434837],[9.69383781,1.06436758],[9.69395489,1.06440992],[9.69412363,1.06447256],[9.6942121,1.06450625],[9.69429214,1.06453602],[9.69436768,1.06456485],[9.69446064,1.0645995],[9.69466442,1.0646774],[9.69480143,1.06472871],[9.69493888,1.06477913],[9.69511762,1.06484333],[9.6952658,1.06489534],[9.69541449,1.06494633],[9.69556369,1.0649963],[9.69630679,1.06523922],[9.69645368,1.06528613],[9.69659544,1.06533032],[9.69660212,1.06533216],[9.69675556,1.06537306],[9.69691405,1.06541412],[9.69694571,1.0654221],[9.69706057,1.06545201],[9.69706532,1.06545321],[9.69711933,1.06546689],[9.69720711,1.06548986],[9.69729294,1.06551171],[9.69746651,1.06555736],[9.69764,1.06560444],[9.69781341,1.06565296],[9.69798675,1.06570292],[9.69816,1.06575431],[9.69833318,1.06580715],[9.69839114,1.06582532],[9.69850631,1.06586076],[9.69850951,1.06586177],[9.69862773,1.06589847],[9.69867945,1.06591423],[9.69885255,1.06596842],[9.69902557,1.06602404],[9.69919852,1.06608108],[9.69937138,1.06613955],[9.69954417,1.06619944],[9.69971688,1.06626076],[9.69988951,1.0663235],[9.70006206,1.06638767],[9.70023454,1.06645327],[9.70040693,1.06652029],[9.70057925,1.06658874],[9.70075149,1.06665861],[9.70092365,1.06672991],[9.70109573,1.06680263],[9.70126774,1.06687678],[9.70143966,1.06695236],[9.70161151,1.06702936],[9.70178328,1.06710779],[9.7018187,1.06712426],[9.70195503,1.0671865],[9.70199244,1.06720389],[9.70201494,1.06721416],[9.70212703,1.06726073],[9.70229911,1.06733363],[9.70247111,1.0674079],[9.70264303,1.06748355],[9.70281487,1.06756057],[9.70298665,1.06763897],[9.70315834,1.06771874],[9.70405033,1.06814049],[9.70422704,1.06822547],[9.70440376,1.06831188],[9.70458047,1.0683997],[9.70475719,1.06848896],[9.70493391,1.06857964],[9.70511062,1.06867174],[9.70528734,1.06876526],[9.70546405,1.06886022],[9.70547378,1.06886552],[9.70564077,1.06885605],[9.70581748,1.06884713],[9.7059942,1.06883931],[9.70617092,1.0688326],[9.70634763,1.068827],[9.70652435,1.0688225],[9.70670106,1.06881911],[9.70687778,1.06881682],[9.70692883,1.06881647],[9.7070545,1.06881491],[9.70709046,1.06881469],[9.70723121,1.06881302],[9.70740793,1.06881202],[9.70758464,1.06881213],[9.70776136,1.06881335],[9.70793808,1.06881567],[9.70811479,1.0688191],[9.70829151,1.06882363],[9.70846822,1.06882927],[9.70864494,1.06883601],[9.70882165,1.06884386],[9.70899837,1.06885281],[9.70917509,1.06886287],[9.70934929,1.06887388],[9.70952099,1.06888577],[9.70969269,1.06889871],[9.70986439,1.06891268],[9.71003609,1.06892771],[9.71020778,1.06894377],[9.71037948,1.06896088],[9.71055118,1.06897904],[9.71072288,1.06899823],[9.71089458,1.06901847],[9.71106627,1.06903976],[9.71123797,1.06906208],[9.71124911,1.0690636],[9.71125659,1.06906369],[9.71132122,1.06906444],[9.71140967,1.06906493],[9.71149304,1.0690659],[9.71166486,1.06906687],[9.71183671,1.06906681],[9.71200857,1.06906572],[9.71218044,1.06906361],[9.71235234,1.06906047],[9.71442515,1.06901023],[9.71628002,1.06934303],[9.71645774,1.06937604],[9.71655547,1.06939481],[9.7166361,1.06940111],[9.71681525,1.0694162],[9.71699431,1.06943238],[9.71702853,1.06943568],[9.71717965,1.0693696],[9.71736638,1.06928931],[9.717553,1.06921043],[9.71773951,1.06913295],[9.7179259,1.06905689],[9.71811219,1.06898224],[9.71826049,1.0689239],[9.71829869,1.06890482],[9.71848637,1.06881255],[9.71867393,1.06872184],[9.71886137,1.06863268],[9.71904868,1.06854508],[9.71923587,1.06845902],[9.71942294,1.06837452],[9.71960988,1.06829157],[9.7197967,1.06821017],[9.7199834,1.06813033],[9.72016997,1.06805203],[9.72035642,1.06797529],[9.72054274,1.0679001],[9.72072895,1.06782647],[9.72091502,1.06775438],[9.72110098,1.06768385],[9.72128681,1.06761487],[9.72147252,1.06754744],[9.72165811,1.06748157],[9.72184357,1.06741724],[9.72202891,1.06735447],[9.72221412,1.06729325],[9.72239922,1.06723358],[9.72258418,1.06717547],[9.72276903,1.06711891],[9.72295375,1.0670639],[9.72313835,1.06701044],[9.72332282,1.06695854],[9.72350718,1.06690818],[9.7236914,1.06685938],[9.72387551,1.06681213],[9.72405949,1.06676643],[9.72424335,1.06672229],[9.72442708,1.0666797],[9.72461069,1.06663866],[9.72479418,1.06659917],[9.72497755,1.06656123],[9.72516079,1.06652485],[9.72534391,1.06649002],[9.7255269,1.06645674],[9.72570977,1.06642501],[9.72589252,1.06639484],[9.72607514,1.06636622],[9.72625764,1.06633915],[9.72644002,1.06631363],[9.72662228,1.06628966],[9.72680441,1.06626725],[9.72698641,1.06624639],[9.7271683,1.06622708],[9.72735006,1.06620932],[9.7275317,1.06619312],[9.72771321,1.06617846],[9.7278946,1.06616536],[9.72807587,1.06615382],[9.72825701,1.06614382],[9.72843803,1.06613538],[9.72861893,1.06612849],[9.7287997,1.06612315],[9.72898035,1.06611936],[9.72900924,1.066119],[9.72913721,1.06611664],[9.72916097,1.06611606],[9.72926518,1.06611439],[9.72934158,1.06611271],[9.72952212,1.06611028],[9.72970254,1.06610941],[9.72988284,1.0661101],[9.73006301,1.06611235],[9.73024305,1.06611615],[9.73042298,1.06612152],[9.73060277,1.06612844],[9.73078245,1.06613692],[9.730962,1.06614695],[9.73114143,1.06615855],[9.73132073,1.0661717],[9.73149991,1.06618641],[9.73167897,1.06620267],[9.7318579,1.0662205],[9.73203671,1.06623988],[9.7322154,1.06626082],[9.73239396,1.06628332],[9.73257239,1.06630737],[9.73275071,1.06633299],[9.73278559,1.06633831],[9.7328085,1.06634553],[9.73297903,1.06640086],[9.73314896,1.06645762],[9.73323927,1.06648865],[9.73331855,1.06651518],[9.7333986,1.06654273],[9.73348814,1.06657274],[9.73355792,1.06659681],[9.73365772,1.06663031],[9.73382694,1.06668876],[9.73386779,1.06670327],[9.73399591,1.06674779],[9.73400059,1.06674946],[9.73413334,1.06679587],[9.73416494,1.06680667],[9.73426609,1.06684224],[9.73433396,1.06686559],[9.73450266,1.06692527],[9.73467075,1.06698638],[9.73483824,1.06704894],[9.73500512,1.06711292],[9.7351714,1.06717835],[9.73523044,1.06720218],[9.73533741,1.06724441],[9.73537389,1.06725919],[9.73550341,1.0673105],[9.73551736,1.06731617],[9.7356694,1.06737662],[9.73583482,1.06744406],[9.73599964,1.06751295],[9.73616386,1.06758328],[9.73632747,1.06765504],[9.73649047,1.06772824],[9.73665287,1.06780288],[9.73681466,1.06787895],[9.73697585,1.06795647],[9.73705746,1.06799659],[9.73713664,1.06803491],[9.73717216,1.06805249],[9.73728686,1.06810835],[9.73729741,1.06811341],[9.73745808,1.06819216],[9.73761814,1.06827235],[9.7377776,1.06835397],[9.73793646,1.06843703],[9.73809471,1.06852152],[9.73825235,1.06860744],[9.73840939,1.0686948],[9.73856583,1.0687836],[9.73872166,1.06887383],[9.73887689,1.06896549],[9.73903151,1.06905859],[9.73918553,1.06915313],[9.73933895,1.0692491],[9.73949176,1.0693465],[9.73964397,1.06944534],[9.73979557,1.06954562],[9.73994657,1.06964732],[9.74000732,1.06968899],[9.74005855,1.06972365],[9.74009723,1.06974982],[9.74012124,1.06976636],[9.74023514,1.06984376],[9.74221189,1.07116897],[9.74234672,1.0712581],[9.7424825,1.0713466],[9.7428142,1.07155977],[9.742967,1.07165648],[9.74298236,1.07166605],[9.74523088,1.07284935],[9.74536486,1.07291902],[9.74701865,1.07376858],[9.75003126,1.06777496],[9.75011515,1.06760438],[9.75019717,1.06743383],[9.75027732,1.06726333],[9.75035559,1.06709286],[9.750432,1.06692242],[9.75049131,1.06678684],[9.75050694,1.06675202],[9.7505695,1.06660915],[9.75058187,1.06658162],[9.75064769,1.06643146],[9.7506568,1.06641122],[9.75068834,1.06633932],[9.75071992,1.06624701],[9.75078706,1.06605678],[9.75085572,1.06586827],[9.75092589,1.06568147],[9.75099756,1.06549638],[9.75107074,1.06531301],[9.75114543,1.06513135],[9.75122163,1.0649514],[9.75129933,1.06477316],[9.75137854,1.06459663],[9.75145926,1.06442182],[9.75146078,1.06441864],[9.75153395,1.06424016],[9.75161008,1.06406013],[9.7516878,1.06388191],[9.75176711,1.06370549],[9.751848,1.06353087],[9.75189619,1.0634299],[9.75192994,1.06335745],[9.75196278,1.06328903],[9.75201194,1.06318408],[9.75202929,1.06314815],[9.752094,1.06301079],[9.7520957,1.06300728],[9.75217611,1.06283756],[9.75225984,1.06266616],[9.7523452,1.06249662],[9.75243221,1.06232894],[9.75252086,1.06216313],[9.75261114,1.06199918],[9.75270307,1.06183709],[9.75279663,1.06167686],[9.75282138,1.0616357],[9.75282156,1.06163531],[9.75288144,1.06150669],[9.75290063,1.06146683],[9.75296305,1.06133288],[9.75297969,1.06129835],[9.75304465,1.06115908],[9.75305875,1.06112987],[9.75312626,1.06098527],[9.7531378,1.06096139],[9.75320787,1.06081147],[9.75321686,1.06079291],[9.75328949,1.06063767],[9.75329591,1.06062443],[9.75336806,1.06047039],[9.7533711,1.06046388],[9.75337495,1.06045595],[9.75345272,1.06029008],[9.75345399,1.06028747],[9.75346012,1.06027442],[9.75355599,1.06011966],[9.75365679,1.05995181],[9.75375449,1.05978387],[9.75411081,1.05915084],[9.75420599,1.05898766],[9.75430309,1.05882697],[9.75440212,1.05866877],[9.75450306,1.05851307],[9.75460593,1.05835986],[9.75471072,1.05820914],[9.75481743,1.05806091],[9.75492607,1.05791518],[9.75503662,1.05777194],[9.7551491,1.05763119],[9.75526351,1.05749294],[9.75537983,1.05735717],[9.75549808,1.0572239],[9.75561825,1.05709313],[9.75569276,1.05701484],[9.75573957,1.05696384],[9.75581529,1.05688421],[9.75586029,1.05683377],[9.75590575,1.05678458],[9.75597983,1.05670219],[9.75599848,1.05668217],[9.75609948,1.05657073],[9.75622086,1.05644153],[9.75628258,1.05637817],[9.75634323,1.05631361],[9.75640453,1.0562507],[9.75646561,1.05618569],[9.75652648,1.05612323],[9.75656224,1.05608516],[9.75658762,1.05605731],[9.75666333,1.05597722],[9.75670871,1.05592772],[9.75676435,1.05586923],[9.75681777,1.05581131],[9.7568283,1.05579619],[9.75693538,1.05564844],[9.75704463,1.05550351],[9.75715606,1.05536139],[9.75767122,1.05472965],[9.75777553,1.05460637],[9.75788196,1.05448515],[9.7579905,1.05436598],[9.75805646,1.05429615],[9.7581002,1.05424794],[9.75817736,1.05416597],[9.75820993,1.05412993],[9.75823928,1.05409863],[9.75829823,1.05403576],[9.75831968,1.05401194],[9.75841908,1.05390554],[9.75842946,1.05389398],[9.7585397,1.05377552],[9.75860172,1.0536568],[9.75869038,1.05349524],[9.75878193,1.05333633],[9.75887636,1.05318008],[9.75897367,1.05302649],[9.75907387,1.05287554],[9.75917694,1.05272726],[9.7592829,1.05258163],[9.75939174,1.05243865],[9.75950346,1.05229833],[9.75961807,1.05216067],[9.75973555,1.05202566],[9.75985592,1.0518933],[9.75997917,1.0517636],[9.76010531,1.05163656],[9.76023432,1.05151217],[9.76033225,1.05142178],[9.7603601,1.05138779],[9.76036147,1.05138606],[9.76047595,1.05124828],[9.7605933,1.05111315],[9.76071353,1.05098066],[9.76083663,1.05085083],[9.7609626,1.05072363],[9.76109144,1.05059909],[9.76122316,1.05047719],[9.76134118,1.05037263],[9.76135742,1.05035764],[9.76146763,1.05026024],[9.76149169,1.05023809],[9.76162662,1.05011915],[9.7617644,1.05000283],[9.76189837,1.04989452],[9.76190395,1.04988816],[9.76202473,1.04975618],[9.76213205,1.04964377],[9.76214803,1.04962652],[9.76222089,1.04955112],[9.76227155,1.04949707],[9.76239668,1.04936911],[9.76252459,1.0492437],[9.76265528,1.04912085],[9.76278874,1.04900057],[9.76292499,1.04888284],[9.76306402,1.04876768],[9.76320582,1.04865507],[9.76325609,1.04861681],[9.76333498,1.04853081],[9.76336338,1.04850109],[9.76344241,1.04841617],[9.76345704,1.04840002],[9.76357987,1.04826993],[9.76370539,1.04814232],[9.76383361,1.0480172],[9.76396452,1.04789456],[9.76409813,1.04777441],[9.76423443,1.04765674],[9.76437344,1.04754155],[9.76451513,1.04742885],[9.76456313,1.04739221],[9.76464205,1.04730252],[9.76476287,1.04717059],[9.76488631,1.04704106],[9.76501238,1.04691396],[9.76514106,1.04678927],[9.76527237,1.04666699],[9.76540629,1.04654712],[9.76554283,1.04642967],[9.765682,1.04631463],[9.76582378,1.04620201],[9.76596818,1.0460918],[9.76611521,1.045984],[9.76626485,1.04587862],[9.76641711,1.04577565],[9.76643318,1.04576521],[9.7665697,1.04567297],[9.76658278,1.04566448],[9.76672228,1.0455703],[9.76673237,1.04556375],[9.76687486,1.04546762],[9.76688196,1.04546302],[9.76702745,1.04536495],[9.76718245,1.0452645],[9.76719115,1.04525908],[9.76726427,1.04519393],[9.7673171,1.04514531],[9.76745155,1.04502593],[9.76758837,1.04490873],[9.76772757,1.04479373],[9.76786914,1.04468091],[9.76801309,1.04457028],[9.76803822,1.04455165],[9.76807897,1.0445163],[9.76814995,1.04445312],[9.7681774,1.04442952],[9.7682852,1.04433447],[9.76842242,1.04421765],[9.76856195,1.04410295],[9.76870379,1.04399037],[9.76884794,1.04387993],[9.7689944,1.04377161],[9.76908219,1.04370895],[9.76911819,1.04367491],[9.76913535,1.04365822],[9.76922684,1.04357221],[9.76926547,1.04353485],[9.76933544,1.04346944],[9.76939565,1.04341154],[9.76952706,1.04328935],[9.76966067,1.0431692],[9.7697965,1.04305109],[9.76993453,1.04293501],[9.77007477,1.04282096],[9.77021722,1.04270895],[9.77024716,1.04268619],[9.77035701,1.04260049],[9.7703605,1.0425977],[9.77046708,1.0425152],[9.77050354,1.04248624],[9.77057706,1.04242976],[9.7705966,1.04241436],[9.77064612,1.04237434],[9.77070565,1.04232778],[9.77078795,1.04226177],[9.77081462,1.04224106],[9.77092359,1.04215432],[9.77092983,1.04214923],[9.77107196,1.04203693],[9.77113326,1.04199006],[9.77121528,1.04192572],[9.77124475,1.04190335],[9.77135621,1.04181656],[9.77135868,1.04181458],[9.7714933,1.0417105],[9.77150211,1.04170348],[9.77162486,1.04160883],[9.77164556,1.04159239],[9.77178947,1.04148172],[9.77193547,1.04137298],[9.77208356,1.04126617],[9.77212068,1.04124024],[9.77223237,1.04116002],[9.77225027,1.04114757],[9.772381,1.04105405],[9.77238121,1.0410539],[9.7724884,1.0409779],[9.77253,1.04094773],[9.77259571,1.04090155],[9.77267895,1.04084171],[9.77270437,1.040824],[9.77277099,1.04077622],[9.77277742,1.04077109],[9.77282457,1.04073262],[9.77288778,1.04068258],[9.77294413,1.0406369],[9.77296541,1.04061912],[9.77308441,1.04052266],[9.77310556,1.04050499],[9.7732247,1.04040842],[9.77324571,1.04039087],[9.77338616,1.04027701],[9.77342732,1.04024462],[9.77352747,1.04016395],[9.77353766,1.04015598],[9.77364813,1.04006758],[9.77366865,1.04005077],[9.77375864,1.03997922],[9.77380982,1.03993758],[9.77395195,1.03982528],[9.77409602,1.03971475],[9.77424201,1.03960601],[9.77438993,1.03949904],[9.77445942,1.03945026],[9.77453881,1.03939295],[9.77459874,1.03935096],[9.7746877,1.03928688],[9.77473806,1.03925165],[9.7748366,1.03918081],[9.7748568,1.0391667],[9.77495326,1.03909788],[9.77498354,1.03907293],[9.77512474,1.03895977],[9.77522752,1.03887969],[9.77526428,1.03884508],[9.77539668,1.03872381],[9.77553087,1.03860419],[9.7756419,1.03850789],[9.77566664,1.03848602],[9.77573725,1.03842527],[9.77580256,1.038368],[9.77593963,1.03825103],[9.77607849,1.03813572],[9.77621915,1.03802205],[9.77636159,1.03791004],[9.77650584,1.03779968],[9.77665187,1.03769098],[9.7767997,1.03758392],[9.77694932,1.03747852],[9.77710074,1.03737477],[9.77720665,1.03730419],[9.77724895,1.03726806],[9.77738766,1.03715261],[9.77750144,1.03706036],[9.77752785,1.03703852],[9.77760715,1.03697464],[9.77766814,1.03692452],[9.77771278,1.03688879],[9.77780854,1.03681062],[9.7778796,1.0367541],[9.77787974,1.03675396],[9.77794174,1.03669008],[9.7780009,1.03663064],[9.77806719,1.03656241],[9.77812206,1.03650733],[9.77819264,1.03643474],[9.77824322,1.03638401],[9.77831809,1.03630707],[9.77836437,1.03626069],[9.77844355,1.0361794],[9.77978475,1.03483658],[9.77991864,1.03470574],[9.78005458,1.03457605],[9.78019219,1.03444788],[9.78019256,1.0344475],[9.7802109,1.03442899],[9.78032223,1.0343143],[9.78032277,1.03431375],[9.78045193,1.03418112],[9.7805836,1.03404904],[9.78071724,1.03391806],[9.78085285,1.03378819],[9.7809379,1.0337086],[9.78098981,1.03365907],[9.78105327,1.03359988],[9.78112681,1.03352997],[9.78116862,1.03349111],[9.78126386,1.03340091],[9.78128395,1.0333823],[9.78140096,1.03327186],[9.78153975,1.03314377],[9.78168046,1.03301675],[9.7818231,1.03289081],[9.78196767,1.03276595],[9.78211416,1.03264216],[9.78226258,1.03251945],[9.78241293,1.03239782],[9.7825652,1.03227727],[9.78271939,1.03215779],[9.78287551,1.0320394],[9.78303356,1.03192208],[9.78319354,1.03180583],[9.78335544,1.03169067],[9.78351926,1.03157658],[9.78368502,1.03146357],[9.78385269,1.03135164],[9.7840223,1.03124079],[9.78419383,1.03113101],[9.78436728,1.03102231],[9.78437259,1.03101906],[9.78450523,1.03093635],[9.78454094,1.03091373],[9.78463787,1.03085358],[9.78471466,1.03080517],[9.78477049,1.03077069],[9.78488848,1.03069668],[9.78502419,1.03061327],[9.78503996,1.03057569],[9.78506592,1.0305154],[9.78511049,1.0304094],[9.78516912,1.03027342],[9.78518175,1.03024351],[9.78522927,1.03013374],[9.78525304,1.03007765],[9.78528938,1.02999404],[9.78532436,1.02991181],[9.78539652,1.02974643],[9.78547013,1.02958186],[9.7855005,1.02951558],[9.78551613,1.02948081],[9.78552021,1.0294709],[9.78554177,1.02941619],[9.78554224,1.02941504],[9.7855947,1.02928266],[9.78559948,1.02927034],[9.78560797,1.02924748],[9.78560846,1.02924617],[9.78566071,1.02910608],[9.78567125,1.02907714],[9.78571292,1.02896598],[9.78573458,1.02890682],[9.78579859,1.02873688],[9.78586409,1.02856778],[9.78593107,1.0283995],[9.78599954,1.02823206],[9.78606949,1.02806545],[9.78614093,1.02789967],[9.78621385,1.02773471],[9.78628826,1.0275706],[9.78636416,1.02740731],[9.78644153,1.02724485],[9.7865204,1.02708322],[9.78656224,1.02699949],[9.78660026,1.02692215],[9.78661727,1.02688836],[9.7866723,1.02677723],[9.78668015,1.02676111],[9.7867604,1.02660025],[9.78684213,1.02644023],[9.7868842,1.02635976],[9.78688914,1.02634724],[9.786899,1.02631282],[9.78691015,1.02627254],[9.7869459,1.02614805],[9.78696062,1.02609503],[9.7869928,1.02598328],[9.78701111,1.02591752],[9.78703969,1.02581851],[9.78706159,1.02574001],[9.78708657,1.02565374],[9.78711209,1.02556252],[9.78713344,1.02548897],[9.7871626,1.02538502],[9.78721409,1.02520808],[9.78726719,1.02503204],[9.78732191,1.0248569],[9.78737823,1.02468266],[9.78743616,1.02450933],[9.7874957,1.02433689],[9.78750443,1.02431239],[9.78753689,1.0241962],[9.78754671,1.02415967],[9.78757013,1.02407585],[9.78759476,1.02398081],[9.78759669,1.02397367],[9.78763899,1.02381111],[9.78764147,1.02380119],[9.78768134,1.02364856],[9.78768813,1.02362154],[9.78772367,1.023486],[9.7877348,1.0234419],[9.78774607,1.0233991],[9.78777156,1.02329415],[9.78777926,1.02326102],[9.78781403,1.02311805],[9.78782294,1.02307971],[9.78785649,1.02294195],[9.78786663,1.0228984],[9.78791078,1.02271735],[9.78794385,1.02258761],[9.78795363,1.02253558],[9.78799046,1.02235043],[9.78802912,1.02216631],[9.7880696,1.02198321],[9.78811192,1.02180113],[9.78813298,1.02171476],[9.78815517,1.02161958],[9.78817299,1.02154679],[9.78819844,1.02143804],[9.78821299,1.02137881],[9.78824172,1.0212565],[9.7882863,1.02107569],[9.78833274,1.02089592],[9.78838104,1.02071719],[9.7884312,1.02053951],[9.78848322,1.02036286],[9.7885371,1.02018726],[9.78855557,1.02012943],[9.78859188,1.02001215],[9.78859818,1.01999259],[9.78864091,1.01985577],[9.78864658,1.01983701],[9.78865368,1.01981448],[9.78869061,1.01969291],[9.78870023,1.01966127],[9.78870142,1.01965751],[9.78891373,1.01896177],[9.78894267,1.01883295],[9.78894928,1.01880186],[9.78909613,1.01687568],[9.78910724,1.01670262],[9.78911627,1.01652958],[9.78912321,1.01635657],[9.78912807,1.01618358],[9.78913084,1.01601061],[9.78913109,1.015949],[9.78913293,1.01583765],[9.78913323,1.01576939],[9.78913501,1.0156647],[9.78913519,1.01562718],[9.78913538,1.01558979],[9.7891354,1.01558815],[9.78911125,1.01540926],[9.78908918,1.0152288],[9.78907427,1.01509258],[9.789069,1.0150484],[9.78905898,1.01495427],[9.78904895,1.01486802],[9.78904357,1.014816],[9.78902902,1.01468763],[9.78901092,1.01450731],[9.78899516,1.01432708],[9.78898174,1.01414692],[9.78897065,1.01396685],[9.7889619,1.01378686],[9.7889555,1.01360695],[9.78895143,1.01342713],[9.7889497,1.01324739],[9.78895032,1.01306773],[9.78895327,1.01288815],[9.78895816,1.01272212],[9.78895839,1.01270865],[9.78896312,1.01255184],[9.78896352,1.01252915],[9.78896807,1.01238155],[9.78896865,1.01234965],[9.7889743,1.01217016],[9.7889823,1.01199077],[9.78899263,1.01181145],[9.7890053,1.01163221],[9.78901039,1.01157146],[9.789019,1.01145302],[9.78902184,1.01141991],[9.78903247,1.01127766],[9.78903254,1.01127381],[9.78903365,1.01123676],[9.78903617,1.01109426],[9.78903633,1.01108892],[9.78903285,1.01100069],[9.78902849,1.01091431],[9.78902601,1.01084798],[9.78902049,1.01073434],[9.78901911,1.01069528],[9.78901255,1.01055438],[9.78900653,1.01037449],[9.78900287,1.01019468],[9.78900158,1.01001495],[9.78900264,1.00983531],[9.78900546,1.00968741],[9.78900565,1.00965573],[9.78900846,1.00950811],[9.78900865,1.00947616],[9.78901147,1.0093288],[9.78901166,1.00929658],[9.78901447,1.00914949],[9.78901467,1.00911701],[9.78901748,1.00897019],[9.78901767,1.00893743],[9.78902048,1.00879088],[9.78902068,1.00875786],[9.78902349,1.00861158],[9.78902369,1.00857828],[9.78902649,1.00843227],[9.78902669,1.00839871],[9.7890295,1.00825296],[9.7890297,1.00821913],[9.7890325,1.00807366],[9.78903271,1.00803955],[9.7890355,1.00789435],[9.78903571,1.00785998],[9.78903851,1.00771504],[9.78903872,1.0076804],[9.78904151,1.00753574],[9.78904173,1.00750083],[9.78904452,1.00735643],[9.78904473,1.00732125],[9.78904752,1.00717712],[9.78904774,1.00714168],[9.78905053,1.00699782],[9.78905075,1.0069621],[9.78905353,1.00681851],[9.78905375,1.00678253],[9.78905654,1.0066392],[9.78905676,1.00660295],[9.78905954,1.0064599],[9.78905977,1.00642338],[9.78906255,1.00628059],[9.78906277,1.0062438],[9.7890648,1.00613965],[9.78906548,1.00610484],[9.7890681,1.00610128],[9.78919633,1.00592175],[9.78932093,1.00574224],[9.78944189,1.00556272],[9.78985627,1.00492874],[9.7898664,1.00491371],[9.7899065,1.00484655],[9.78995867,1.00475697],[9.78998389,1.00471508],[9.79006063,1.00458435],[9.79006108,1.00458362],[9.79016268,1.00441192],[9.79026637,1.00424256],[9.79032992,1.00414226],[9.79036882,1.00407087],[9.79046867,1.00389428],[9.79057029,1.00372104],[9.7906737,1.00355115],[9.79077439,1.00339172],[9.79077882,1.0033845],[9.79083572,1.0032951],[9.79085821,1.00325977],[9.79088401,1.00321798],[9.79094187,1.00312781],[9.79153811,1.00216966],[9.79161602,1.00203981],[9.79169142,1.00190936],[9.79172093,1.00185628],[9.79179768,1.00171219],[9.79187142,1.00156743],[9.79230393,1.00067826],[9.79405928,1.00006835],[9.79423813,1.00000032],[9.79427215,0.99998621],[9.79441621,0.99993145],[9.79445061,0.99991717],[9.79459429,0.99986258],[9.79462906,0.99984812],[9.79477237,0.99979371],[9.79480751,0.99977907],[9.79495045,0.99972484],[9.79498596,0.99971003],[9.79505622,0.99968339],[9.79512854,0.99965598],[9.79516441,0.99964098],[9.79530662,0.99958711],[9.79534286,0.99957193],[9.79548471,0.99951824],[9.79552132,0.99950288],[9.79566279,0.99944937],[9.79569977,0.99943383],[9.79584088,0.99938051],[9.79587822,0.99936478],[9.79605668,0.99929741],[9.79623515,0.99923783],[9.79641364,0.99918605],[9.79659215,0.99914206],[9.79677068,0.99910587],[9.79694923,0.99907747],[9.79712779,0.99905686],[9.79730638,0.99904405],[9.79748498,0.99903903],[9.7976636,0.99904181],[9.79777389,0.99904834],[9.79784223,0.9990498],[9.797929,0.99905543],[9.79802086,0.99905792],[9.79808412,0.99906238],[9.79819949,0.99906618],[9.79823926,0.9990692],[9.79837813,0.99907457],[9.7983944,0.9990759],[9.79854953,0.99908277],[9.79855676,0.99908282],[9.79870461,0.9990902],[9.79873539,0.9990906],[9.79891403,0.99910051],[9.799028,0.99911169],[9.79909268,0.99911559],[9.79918701,0.99912527],[9.79927133,0.99913076],[9.79934603,0.99913876],[9.79944997,0.99914602],[9.79950507,0.99915216],[9.79962862,0.99916137],[9.79966412,0.99916548],[9.79980727,0.9991768],[9.79989742,0.99918764],[9.79998593,0.99919489],[9.8000643,0.99920452],[9.80016459,0.99921302],[9.80023119,0.99922137],[9.80034324,0.99923117],[9.80039809,0.99923818],[9.8005219,0.99924936],[9.80060019,0.99925956],[9.80070056,0.99926876],[9.80077297,0.99927827],[9.80087921,0.99928817],[9.80094574,0.99929698],[9.80105787,0.99930759],[9.80111852,0.99931569],[9.8011913,0.99932267],[9.80123653,0.99932548],[9.8013486,0.99933674],[9.80141518,0.99934119],[9.80150592,0.99935072],[9.80159383,0.999357],[9.80166325,0.9993646],[9.80177248,0.99937291],[9.8018206,0.99937839],[9.80195113,0.99938891],[9.80211053,0.99940774],[9.80212979,0.99940937],[9.80226969,0.99942646],[9.80230845,0.99942992],[9.80242887,0.9994451],[9.80248711,0.99945055],[9.80258807,0.99946367],[9.80266578,0.99947125],[9.80277094,0.99948533],[9.80284444,0.9994928],[9.80292978,0.99950456],[9.8030231,0.99951444],[9.80308865,0.99952372],[9.80318099,0.99953387],[9.80320177,0.99953544],[9.80324867,0.99954064],[9.8032568,0.99954104],[9.8033804,0.99954379],[9.80355904,0.99955399],[9.80373769,0.99957043],[9.80391635,0.99959309],[9.80393679,0.9995964],[9.80407403,0.99961492],[9.80409502,0.99961719],[9.8042737,0.99964273],[9.80445239,0.9996744],[9.80459237,0.99970402],[9.80463108,0.99971115],[9.80473628,0.99973411],[9.80480978,0.99974814],[9.80498849,0.99978828],[9.80515569,0.99983144],[9.80516721,0.99983409],[9.80530362,0.99986991],[9.80534593,0.99987854],[9.80543367,0.99989926],[9.80552463,0.99991571],[9.80552787,0.9999164],[9.80557121,0.99992216],[9.80564682,0.99992997],[9.8056611,0.99993069],[9.80570328,0.99993185],[9.80577131,0.99993578],[9.80588189,0.99993153],[9.80590618,0.99993134],[9.80605447,0.9999264],[9.80606049,0.99992605],[9.80620279,0.99992204],[9.80623909,0.99992011],[9.8064177,0.999916],[9.80651579,0.99991672],[9.80659631,0.99991521],[9.80666934,0.99991605],[9.80677492,0.99991452],[9.80682288,0.99991528],[9.80695353,0.99991395],[9.80697642,0.99991441],[9.80712996,0.99991349],[9.80713214,0.99991342],[9.80728351,0.99991316],[9.80731076,0.99991241],[9.80748937,0.99991286],[9.807668,0.99991874],[9.80784664,0.99993004],[9.80802529,0.99994676],[9.80802737,0.99994701],[9.80816949,0.99996119],[9.80820394,0.9999638],[9.80831164,0.99997521],[9.8083826,0.99998103],[9.80845384,0.999989],[9.80856125,0.99999848],[9.80873991,1.00001955],[9.80891859,1.00004594],[9.80909728,1.00007766],[9.80927598,1.00011469],[9.80945469,1.00015705],[9.80963341,1.00020472],[9.80981215,1.00025772],[9.8099909,1.00031603],[9.81016966,1.00037967],[9.81019803,1.00039061],[9.81021496,1.0004053],[9.8102802,1.00046499],[9.81029857,1.00048114],[9.81035465,1.00051589],[9.810505,1.00061454],[9.81065218,1.00071674],[9.8106735,1.00073239],[9.8107565,1.00077859],[9.81081025,1.00080673],[9.81090962,1.0008622],[9.81097058,1.0008942],[9.81106274,1.00094581],[9.81111291,1.00097222],[9.8111312,1.00098134],[9.81124247,1.00104068],[9.81129358,1.00106651],[9.81137208,1.00110895],[9.81145581,1.00115184],[9.81150173,1.00117701],[9.81161791,1.00123733],[9.81170116,1.00128362],[9.81177859,1.0013244],[9.81182832,1.00135245],[9.81193912,1.00141164],[9.81195555,1.00142104],[9.81208269,1.00148996],[9.81209979,1.00149872],[9.81213143,1.00151613],[9.81226212,1.00158394],[9.81226397,1.00158497],[9.81239631,1.00165458],[9.81242486,1.00166871],[9.81252869,1.00172408],[9.81258751,1.00175358],[9.81272256,1.00182664],[9.81274878,1.00183998],[9.81285052,1.00189589],[9.81290989,1.00192657],[9.81297853,1.00196489],[9.81307084,1.00201335],[9.81310662,1.00203365],[9.81313292,1.00204768],[9.81323384,1.00209782],[9.81327725,1.00212122],[9.81339751,1.00218154],[9.81342161,1.00219466],[9.81356112,1.00226533],[9.81356599,1.00226801],[9.81370014,1.00233665],[9.81372532,1.00234846],[9.81386264,1.0024188],[9.81388964,1.00243145],[9.81402515,1.00250095],[9.81405396,1.00251445],[9.81418766,1.0025831],[9.81421828,1.00259744],[9.81426131,1.00261957],[9.8143848,1.00267797],[9.81440949,1.00269082],[9.81455125,1.00275858],[9.81455769,1.00276197],[9.81470582,1.00283355],[9.81471796,1.0028389],[9.81485391,1.00290535],[9.81488478,1.00291909],[9.81505018,1.00300088],[9.81512541,1.00304205],[9.81521285,1.00308572],[9.81527126,1.00311805],[9.81533451,1.00314996],[9.81537546,1.00317062],[9.81541714,1.00319396],[9.81553802,1.0032556],[9.81556303,1.00326978],[9.81576761,1.00337524],[9.81593296,1.00345107],[9.8161005,1.00351864],[9.81625977,1.00357429],[9.81638182,1.00361185],[9.81639508,1.0036166],[9.81651598,1.0036549],[9.81653025,1.00365942],[9.81654655,1.00366391],[9.81666531,1.00370262],[9.81667525,1.00370544],[9.81671191,1.00371421],[9.81682792,1.00374771],[9.81687887,1.0037601],[9.81698059,1.00378993],[9.81704582,1.00380605],[9.81713328,1.00383208],[9.81721274,1.00385205],[9.81725637,1.00386523],[9.81738016,1.00389671],[9.81741353,1.00390691],[9.81754477,1.00394068],[9.81754764,1.00394118],[9.81763064,1.00395981],[9.81771848,1.00397637],[9.81775181,1.00398436],[9.81788908,1.00401225],[9.81793493,1.00402396],[9.81805879,1.00405058],[9.81806595,1.0040525],[9.81814527,1.0040705],[9.81823084,1.00408248],[9.81825557,1.00408724],[9.81836732,1.00410348],[9.81840602,1.00410573],[9.81845222,1.00411085],[9.81858442,1.0041201],[9.81858943,1.00412072],[9.81876264,1.004135],[9.81893747,1.00415921],[9.81903566,1.00417853],[9.8191101,1.00418951],[9.81917957,1.0042039],[9.81928263,1.00422007],[9.81932347,1.00422897],[9.81945506,1.00425091],[9.81959942,1.00428402],[9.81961293,1.00428636],[9.81962505,1.00428846],[9.81974979,1.004318],[9.81990079,1.00434513],[9.82005256,1.00436379],[9.82016303,1.00437118],[9.82018229,1.00437374],[9.82020486,1.00437673],[9.82023302,1.00437889],[9.82034194,1.00438069],[9.82039765,1.00438526],[9.82052104,1.00438793],[9.82056229,1.00439155],[9.82070013,1.00439526],[9.82072692,1.00439776],[9.82087921,1.00440266],[9.82089155,1.00440389],[9.82105619,1.00441007],[9.8210583,1.00441002],[9.82122082,1.00441701],[9.82123744,1.0044167],[9.82129576,1.00441953],[9.82141708,1.00441743],[9.82147097,1.00442016],[9.82159671,1.00441817],[9.82164617,1.00442078],[9.82177635,1.00441891],[9.82182137,1.00442139],[9.82195598,1.00441967],[9.82199658,1.004422],[9.82213561,1.00442043],[9.82217178,1.00442259],[9.82231524,1.00442121],[9.82242826,1.00442823],[9.82249435,1.00442833],[9.82257882,1.00443456],[9.82267343,1.00443577],[9.82272938,1.00444056],[9.82285248,1.00444354],[9.82287994,1.00444622],[9.8230305,1.00445162],[9.82303152,1.00445159],[9.82315464,1.00445745],[9.82321113,1.00445257],[9.8233077,1.00445141],[9.82339151,1.00444427],[9.82348355,1.0044434],[9.82357189,1.00443597],[9.82365941,1.00443538],[9.82375227,1.00442768],[9.82393202,1.00442696],[9.8241106,1.00444051],[9.82426328,1.00446446],[9.82428814,1.00446662],[9.82441846,1.00448837],[9.82446567,1.00449295],[9.82457369,1.00451205],[9.82464317,1.00451951],[9.82469101,1.00452843],[9.82482082,1.00454429],[9.82483552,1.00454725],[9.82497985,1.00456701],[9.82499853,1.0045684],[9.82512406,1.00458742],[9.82517627,1.00459207],[9.82526836,1.00460734],[9.82535398,1.00461621],[9.82535995,1.00461729],[9.82552829,1.00463543],[9.82553208,1.00463557],[9.82569656,1.00465398],[9.82571021,1.00465454],[9.82586485,1.00467249],[9.82588833,1.00467356],[9.82603314,1.00469096],[9.82606646,1.00469261],[9.82620143,1.00470938],[9.82624458,1.00471171],[9.82641978,1.00473418],[9.82642241,1.00473434],[9.82658793,1.00475623],[9.82660023,1.00475701],[9.82675609,1.00477824],[9.82677805,1.00477972],[9.82692425,1.00480021],[9.82695587,1.00480247],[9.82709243,1.00482214],[9.82713369,1.00482526],[9.82730201,1.00485015],[9.82731127,1.00485092],[9.82746168,1.00487424],[9.82748884,1.00487671],[9.82762137,1.00489821],[9.82766639,1.00490264],[9.8277811,1.00492205],[9.82784394,1.0049287],[9.82802106,1.00495988],[9.82805641,1.00496861],[9.82819791,1.00499438],[9.82821863,1.00499961],[9.82837476,1.00502896],[9.82838088,1.00503053],[9.82851954,1.0050574],[9.82855175,1.00506172],[9.82867683,1.00508687],[9.82872876,1.00509425],[9.82883416,1.0051162],[9.82890576,1.00512692],[9.82894966,1.00513637],[9.82908288,1.0051582],[9.82908901,1.0051596],[9.82922798,1.0051843],[9.82926008,1.0051884],[9.82936698,1.00520886],[9.82943519,1.00521852],[9.82943728,1.0052187],[9.82960108,1.00524257],[9.82961491,1.00524379],[9.82976697,1.00526657],[9.82979253,1.00526893],[9.82993287,1.00529051],[9.82997015,1.00529412],[9.83014753,1.0053221],[9.83016492,1.00532592],[9.8303077,1.00535015],[9.83045223,1.00536766],[9.8305985,1.00537845],[9.83081052,1.00538427],[9.83097455,1.00538084],[9.83110492,1.00537199],[9.83112167,1.00537173],[9.83114037,1.00537144],[9.83129521,1.00536202],[9.83148886,1.00536003],[9.83150705,1.00536073],[9.83164082,1.0053614],[9.83168343,1.00536024],[9.83177463,1.00536199],[9.83187812,1.00536073],[9.832029,1.00536565],[9.83207459,1.00536544],[9.83219747,1.00537017],[9.83227113,1.00537034],[9.83246927,1.00537903],[9.83252313,1.00538355],[9.83266879,1.005391],[9.83268832,1.00539276],[9.83273916,1.0053957],[9.83286662,1.00539894],[9.83290795,1.00540153],[9.83294518,1.00540269],[9.83306296,1.00540336],[9.83308127,1.00540412],[9.83308361,1.00540416],[9.83315912,1.00540108],[9.83325357,1.00539415],[9.83325917,1.00539393],[9.83335149,1.00538452],[9.83343908,1.00537282],[9.83351809,1.00536502],[9.83352565,1.00536404],[9.83362101,1.00534298],[9.83367397,1.00533315],[9.83379993,1.005306],[9.83382669,1.00530116],[9.83386473,1.00529315],[9.83388289,1.00528829],[9.83397543,1.00526086],[9.83402082,1.00524902],[9.83414931,1.00521189],[9.83415872,1.0052095],[9.83432329,1.00516315],[9.83449946,1.00511964],[9.83467794,1.00508159],[9.83470085,1.00507746],[9.83485675,1.00504432],[9.83487683,1.00504071],[9.83503555,1.00500705],[9.83521635,1.00497453],[9.8353994,1.00494734],[9.83558468,1.00492548],[9.83577222,1.00490896],[9.83591097,1.00490079],[9.83595939,1.00489157],[9.83599926,1.00488516],[9.83613995,1.00485849],[9.83617596,1.00485271],[9.83632052,1.00482541],[9.83635265,1.00482026],[9.83650108,1.00479233],[9.83652934,1.00478781],[9.83668165,1.00475925],[9.83670604,1.00475536],[9.83686222,1.00472617],[9.83688273,1.00472291],[9.83704279,1.0046931],[9.83705943,1.00469045],[9.83708339,1.004686],[9.83712586,1.00468915],[9.83723463,1.00470012],[9.83730507,1.00470538],[9.83740961,1.00471599],[9.83748427,1.00472161],[9.83758459,1.00473186],[9.83766348,1.00473784],[9.83775957,1.00474772],[9.83784268,1.00475408],[9.83793455,1.00476358],[9.83795546,1.0047652],[9.83802188,1.00477031],[9.83810953,1.00477945],[9.83820108,1.00478655],[9.83828451,1.0047953],[9.83838029,1.0048028],[9.8384595,1.00481116],[9.83855949,1.00481904],[9.83863448,1.00482701],[9.83873869,1.00483529],[9.83880946,1.00484286],[9.83891789,1.00485154],[9.83898444,1.0048587],[9.83909709,1.0048678],[9.83915942,1.00487455],[9.83927629,1.00488405],[9.83933441,1.00489039],[9.83945549,1.00490031],[9.83950939,1.00490623],[9.83963469,1.00491657],[9.83968437,1.00492206],[9.83981389,1.00493284],[9.83994734,1.00494768],[9.83996404,1.00494728],[9.83999356,1.00494589],[9.84011754,1.0049435],[9.84017585,1.004941],[9.84027102,1.0049396],[9.84035813,1.00493624],[9.84042569,1.00493555],[9.84054039,1.00493157],[9.84058282,1.00493131],[9.84072264,1.004927],[9.84073993,1.00492697],[9.84089706,1.00492275],[9.8409049,1.00492234],[9.84105428,1.00491893],[9.84108721,1.00491735],[9.84126929,1.00491394],[9.8413258,1.00491457],[9.84145105,1.0049127],[9.8414841,1.0049132],[9.8416328,1.00491155],[9.84164238,1.00491173],[9.84180072,1.0049106],[9.84181459,1.00491013],[9.84195909,1.00490966],[9.8419964,1.00490854],[9.84210729,1.00490863],[9.84217854,1.00490472],[9.8422652,1.00490268],[9.84236115,1.00489765],[9.84243275,1.00489616],[9.84254376,1.00489061],[9.84260028,1.0048896],[9.84272636,1.00488362],[9.8427678,1.00488299],[9.84290896,1.00487667],[9.84309086,1.00487448],[9.84327188,1.0048783],[9.84327967,1.00487873],[9.84342677,1.00488275],[9.84359336,1.00488275],[9.84368528,1.00487003],[9.84381405,1.004848],[9.84449385,1.00456819],[9.84460413,1.00451961],[9.84469412,1.00447729],[9.84471277,1.00446769],[9.84478183,1.00443529],[9.84485263,1.00440207],[9.8448751,1.00439052],[9.84488955,1.00438376],[9.8450358,1.00430914],[9.84503703,1.00430857],[9.84518476,1.00423375],[9.84519635,1.00422737],[9.84520284,1.00422411],[9.84534006,1.00414947],[9.84535499,1.0041407],[9.84547736,1.00407495],[9.84551359,1.00405391],[9.84561458,1.00400034],[9.84567224,1.00396725],[9.84583204,1.00388357],[9.84591019,1.00384647],[9.84599314,1.00380322],[9.84606395,1.00376977],[9.84615423,1.00372287],[9.8462177,1.00369305],[9.84631534,1.00364254],[9.84647808,1.00356645],[9.84649016,1.00356138],[9.84664115,1.00349118],[9.84664419,1.00348992],[9.84679833,1.00341866],[9.84680413,1.00341571],[9.8469152,1.00336466],[9.84696648,1.00333859],[9.84707316,1.00328972],[9.84712883,1.00326148],[9.84723111,1.00321477],[9.84729118,1.00318437],[9.84737562,1.00314593],[9.84745208,1.0031035],[9.84751305,1.0030729],[9.8476114,1.00301858],[9.84766376,1.00299248],[9.84777074,1.00293369],[9.84781446,1.00291203],[9.84793008,1.00284882],[9.84796515,1.00283156],[9.84808943,1.00276398],[9.84815979,1.00272958],[9.84824967,1.0026814],[9.84829716,1.00265856],[9.84840996,1.00259898],[9.84843444,1.0025874],[9.84857031,1.00251671],[9.84857163,1.0025161],[9.84873072,1.00243461],[9.84884566,1.00238213],[9.8488872,1.00234234],[9.84890865,1.0023236],[9.84901189,1.0022271],[9.84902837,1.00221059],[9.84917044,1.00208117],[9.84931612,1.00196105],[9.8494654,1.00185021],[9.8496124,1.00175258],[9.84961819,1.00174845],[9.84970391,1.00169419],[9.84977159,1.00164824],[9.85019797,1.00139172],[9.85021556,1.00138243],[9.85022289,1.00137673],[9.85030471,1.00131303],[9.85033979,1.00128243],[9.8504437,1.00120165],[9.85047974,1.00117021],[9.85058268,1.00109027],[9.85061969,1.00105798],[9.85072166,1.00097889],[9.85073821,1.00096444],[9.85075963,1.00094575],[9.85086065,1.00086751],[9.85089958,1.00083352],[9.85099963,1.00075613],[9.85103952,1.00072129],[9.85112021,1.00065896],[9.85117306,1.00059901],[9.85130206,1.00046961],[9.85143734,1.00035005],[9.85150981,1.00029386],[9.8515772,1.00023769],[9.85158544,1.00023168],[9.85171837,1.00012738],[9.85184702,1.00003952],[9.85186317,1.00002277],[9.85199714,0.99990117],[9.85211094,0.99981123],[9.85213672,0.99978837],[9.8522262,0.99971946],[9.85227651,0.99967589],[9.8524196,0.9995686],[9.8524907,0.99952281],[9.85256672,0.99946763],[9.8526052,0.99944369],[9.85271417,0.99936717],[9.85271934,0.99936407],[9.85283452,0.99928588],[9.85286095,0.99926567],[9.85293595,0.99921648],[9.85300705,0.9991631],[9.85306402,0.99912648],[9.85315326,0.9990607],[9.85319196,0.99903632],[9.85329958,0.99895847],[9.85331978,0.998946],[9.853446,0.99885641],[9.85344748,0.99885552],[9.85358811,0.99875761],[9.85359237,0.99875426],[9.85370316,0.99867982],[9.85373903,0.99865256],[9.85381782,0.9986015],[9.85388604,0.99855141],[9.85391142,0.99853557],[9.8540162,0.99842383],[9.8541499,0.99830181],[9.85422288,0.99824519],[9.85428765,0.99818613],[9.85442937,0.99807668],[9.85457904,0.99797972],[9.85465043,0.99794147],[9.85473379,0.99789072],[9.85475274,0.99788122],[9.85486462,0.99781728],[9.85488828,0.9978013],[9.85500577,0.99773522],[9.8550422,0.997711],[9.8551279,0.99766356],[9.85519574,0.99762011],[9.85524947,0.99759152],[9.85534962,0.99752974],[9.85537075,0.99751894],[9.85549604,0.99744451],[9.85550344,0.99743928],[9.85564914,0.99735272],[9.85565645,0.99734755],[9.85580223,0.99726093],[9.85580946,0.99725582],[9.85596284,0.99716467],[9.85605914,0.99711727],[9.85612087,0.99708082],[9.85621276,0.9970358],[9.8562789,0.99699698],[9.85636637,0.99695431],[9.85643695,0.99691314],[9.85655611,0.99685527],[9.8565968,0.99683215],[9.85669395,0.99678618],[9.85675679,0.99675138],[9.8568317,0.99671684],[9.85691693,0.99667083],[9.85705135,0.99661041],[9.85708023,0.99659526],[9.8571909,0.99654689],[9.8572437,0.99651993],[9.85733036,0.99648308],[9.85740732,0.99644484],[9.85748634,0.99641213],[9.85757139,0.99637047],[9.85763838,0.99634307],[9.85773549,0.99629615],[9.8577904,0.99627396],[9.85789963,0.99622188],[9.85801514,0.99617572],[9.85806655,0.99615198],[9.85815292,0.99611854],[9.85823367,0.99608238],[9.85829061,0.99606101],[9.85840097,0.99601308],[9.85842824,0.99600316],[9.85856361,0.9959461],[9.8585683,0.99594382],[9.8587126,0.99588408],[9.85873492,0.99587345],[9.85886155,0.99582193],[9.85890161,0.99580318],[9.85901047,0.99575964],[9.85906837,0.99573303],[9.85919618,0.99568275],[9.85923616,0.99566449],[9.85935933,0.99561621],[9.85940395,0.99559596],[9.85952247,0.99554967],[9.85957175,0.99552743],[9.85968561,0.99548312],[9.85970051,0.99547644],[9.85973852,0.99545729],[9.8598419,0.99541175],[9.85990202,0.99538202],[9.85998324,0.9953469],[9.86006562,0.9953069],[9.86012453,0.99528188],[9.8602293,0.99523192],[9.86039636,0.99516223],[9.86050498,0.99512302],[9.86055326,0.99511549],[9.86061868,0.99510252],[9.86070302,0.99509001],[9.8607958,0.99507234],[9.86085276,0.99506432],[9.86097297,0.99504236],[9.86100247,0.99503842],[9.86115018,0.99501258],[9.86115216,0.99501233],[9.86121403,0.99500198],[9.86132661,0.99497917],[9.8613394,0.99497721],[9.86150318,0.99494638],[9.86168145,0.99492154],[9.8618615,0.99490507],[9.8620373,0.99489725],[9.86204331,0.99489677],[9.86207966,0.99489558],[9.86210861,0.99489236],[9.86215886,0.99488266],[9.86222081,0.99486838],[9.86229639,0.99485457],[9.86239672,0.9948325],[9.86243383,0.9948261],[9.8625727,0.994797],[9.86259142,0.99479397],[9.86274425,0.9947629],[9.86274875,0.9947618],[9.86289721,0.99473255],[9.86292468,0.994726],[9.86305015,0.99470206],[9.86310063,0.99469034],[9.86320306,0.99467142],[9.86320437,0.99467113],[9.86327604,0.99465214],[9.86334551,0.99463709],[9.86345065,0.99461022],[9.86348656,0.99460277],[9.86362533,0.99456859],[9.86362754,0.99456815],[9.86376882,0.99453466],[9.86379981,0.99452609],[9.86397487,0.99448622],[9.86415164,0.99445442],[9.86433015,0.99443069],[9.86438158,0.99442622],[9.86450923,0.99440964],[9.86454914,0.99440628],[9.86468831,0.99438863],[9.86471669,0.99438631],[9.8648674,0.99436765],[9.86488424,0.99436632],[9.8650465,0.99434669],[9.86505179,0.99434629],[9.86521935,0.99432651],[9.86522555,0.99432552],[9.86538691,0.99430692],[9.86540456,0.99430416],[9.86555448,0.9942873],[9.86558358,0.99428284],[9.86572204,0.99426765],[9.86576261,0.99426155],[9.8658896,0.99424796],[9.86594164,0.9942403],[9.86605716,0.99422824],[9.86612068,0.99421907],[9.86622471,0.99420849],[9.86629973,0.99419788],[9.86639227,0.9941887],[9.86647878,0.99417672],[9.86655983,0.99416888],[9.86662568,0.99415995],[9.86665734,0.99415327],[9.86666495,0.99415199],[9.86681429,0.99412145],[9.86683315,0.99411691],[9.86696366,0.99409106],[9.86700893,0.99408045],[9.867113,0.99406051],[9.86718474,0.99404416],[9.8672623,0.99402979],[9.86736059,0.99400802],[9.86753741,0.9939764],[9.86756717,0.99397232],[9.86771461,0.9939466],[9.86772586,0.9939451],[9.86788458,0.9939181],[9.86789178,0.99391661],[9.86804334,0.99389148],[9.86806887,0.99388629],[9.8682021,0.99386478],[9.86824599,0.99385606],[9.86836085,0.993838],[9.86842312,0.9938259],[9.86851958,0.99381114],[9.86860026,0.99379582],[9.86867861,0.99378416],[9.86877743,0.99376585],[9.86883631,0.99375735],[9.86895462,0.99373596],[9.86899399,0.99373044],[9.86913182,0.99370615],[9.86915167,0.99370346],[9.86930904,0.99367643],[9.86930934,0.99367639],[9.86946709,0.99365],[9.86948614,0.99364613],[9.86962484,0.99362353],[9.86966325,0.99361589],[9.86981006,0.99359262],[9.86984058,0.99358668],[9.86996935,0.9935668],[9.87001793,0.99355755],[9.87009757,0.99354557],[9.87012862,0.9935409],[9.87019529,0.99352848],[9.87028789,0.99351493],[9.87037267,0.99349949],[9.87044714,0.99348888],[9.87060615,0.99346059],[9.87076452,0.99342674],[9.87076643,0.99342627],[9.87093222,0.99337838],[9.87109009,0.99332652],[9.87109692,0.99332456],[9.87126039,0.99327108],[9.87126161,0.99327073],[9.87134364,0.993244],[9.87141814,0.99318949],[9.87156677,0.99308891],[9.87171831,0.99299439],[9.87182841,0.99293132],[9.87187196,0.99290428],[9.87202658,0.99281616],[9.87218411,0.99273413],[9.87234457,0.99265819],[9.87250795,0.99258834],[9.87267426,0.99252458],[9.87284348,0.9924669],[9.87301563,0.99241531],[9.87314893,0.99238066],[9.8731704,0.99237205],[9.87318804,0.99236427],[9.87326294,0.99233445],[9.87335204,0.9922957],[9.87340449,0.99227512],[9.8735161,0.99222725],[9.87354599,0.99221568],[9.8736802,0.9921589],[9.87373653,0.99213742],[9.87384503,0.99209205],[9.87388222,0.99207805],[9.87400989,0.99202529],[9.87402789,0.99201859],[9.8741324,0.9919759],[9.87417347,0.99195585],[9.87425557,0.9919193],[9.87433438,0.99188085],[9.87441445,0.99184526],[9.8744953,0.99180586],[9.87457333,0.99177121],[9.87458819,0.99176398],[9.87465525,0.99172888],[9.87471899,0.99169835],[9.874814,0.99164936],[9.8748497,0.99163254],[9.87497282,0.99157003],[9.87498032,0.99156655],[9.87504459,0.99153443],[9.8751218,0.99148975],[9.87512904,0.99148525],[9.8752591,0.99141068],[9.87528306,0.9913959],[9.87539635,0.99133155],[9.87543712,0.99130663],[9.87552099,0.99125943],[9.8755899,0.9912147],[9.87563723,0.99118637],[9.87574119,0.99111966],[9.875766,0.991105],[9.87589255,0.99102476],[9.87589469,0.99102351],[9.87596623,0.99097869],[9.87603262,0.99093104],[9.87604128,0.9909244],[9.87615592,0.99084317],[9.87618766,0.99081913],[9.87627911,0.99075518],[9.87633411,0.99071402],[9.87635836,0.99069729],[9.8764504,0.99062414],[9.87647698,0.99060143],[9.87658044,0.9905198],[9.87661898,0.99048705],[9.87676209,0.99037497],[9.87690524,0.99027194],[9.87690839,0.99026953],[9.8770132,0.99019584],[9.87705491,0.99016456],[9.87719861,0.99006593],[9.87720263,0.99006209],[9.87723744,0.99003154],[9.87725574,0.99001439],[9.87733467,0.98992696],[9.87746708,0.98979259],[9.87760334,0.98966624],[9.87774345,0.98954791],[9.87788741,0.9894376],[9.87799794,0.98936112],[9.87803466,0.98933417],[9.87808166,0.98930312],[9.87818265,0.98923225],[9.87833387,0.98913705],[9.878489,0.98905003],[9.87864806,0.98897116],[9.87873592,0.98893305],[9.87880973,0.98889775],[9.87885274,0.98887981],[9.87889445,0.98886058],[9.87895496,0.98879009],[9.87900537,0.98873719],[9.87908313,0.9886469],[9.87921442,0.9885102],[9.8793061,0.98842497],[9.87934948,0.98838134],[9.87939769,0.98833823],[9.87948505,0.98825357],[9.87948817,0.98825089],[9.87962119,0.98812696],[9.87976249,0.98801113],[9.87990904,0.98790622],[9.88001226,0.98784232],[9.88005932,0.98780907],[9.8801475,0.98775536],[9.8801882,0.98772697],[9.8802091,0.98771089],[9.88028919,0.98765767],[9.88032307,0.98763273],[9.88035446,0.98760351],[9.88041401,0.98755551],[9.88044766,0.98752428],[9.8804701,0.98750049],[9.88049119,0.98747812],[9.88057045,0.9874057],[9.88061956,0.98735409],[9.88072204,0.98723067],[9.88084805,0.98705507],[9.88085408,0.98704787],[9.88094141,0.98692592],[9.88094864,0.98691731],[9.88103477,0.98679677],[9.88111278,0.98670404],[9.88113408,0.98667362],[9.88122186,0.98656755],[9.88123349,0.98655059],[9.88141417,0.98632853],[9.88146339,0.98627844],[9.8815332,0.98619592],[9.88155774,0.98617182],[9.88165175,0.98606485],[9.88165266,0.98606364],[9.8817728,0.9859319],[9.88182985,0.98587967],[9.88189904,0.98580495],[9.88194634,0.98576213],[9.88202534,0.98567805],[9.88206278,0.98564453],[9.88210056,0.98560488],[9.88214673,0.98554728],[9.88221869,0.9854717],[9.88226496,0.98541404],[9.88233588,0.98533951],[9.88237956,0.98527796],[9.88241122,0.98524045],[9.88248683,0.98513921],[9.88248817,0.98513716],[9.882598,0.98499732],[9.88266575,0.98492458],[9.88271548,0.98486349],[9.88275909,0.98481822],[9.88283345,0.98473005],[9.88295977,0.98460316],[9.88300489,0.98456464],[9.88309165,0.98448063],[9.88310669,0.98446822],[9.88320902,0.98437258],[9.88322308,0.98435776],[9.88328784,0.98429926],[9.88335169,0.98423267],[9.88340867,0.98418159],[9.88348034,0.98410761],[9.88352947,0.98406389],[9.88360903,0.98398258],[9.88365024,0.98394616],[9.88373774,0.98385757],[9.88375003,0.98384679],[9.88386513,0.98373152],[9.88386733,0.98372961],[9.88398505,0.98361296],[9.88399204,0.98360509],[9.88410285,0.9834964],[9.88411886,0.9834786],[9.8842206,0.98337978],[9.88424573,0.98335215],[9.88429032,0.98330925],[9.88436897,0.98322284],[9.88441381,0.98317964],[9.88449221,0.98309353],[9.88453729,0.98305003],[9.88461544,0.98296422],[9.88466078,0.98292042],[9.88473867,0.9828349],[9.88478427,0.9827908],[9.88486191,0.98270559],[9.88490776,0.98266119],[9.88498514,0.98257628],[9.88511397,0.98245136],[9.88522662,0.98235469],[9.88524309,0.98232667],[9.88527102,0.98228504],[9.88527534,0.98227783],[9.88533243,0.98217075],[9.88534839,0.98214475],[9.88541999,0.98201342],[9.88551514,0.98186205],[9.88561911,0.98171762],[9.88573192,0.98158012],[9.88578441,0.98152379],[9.88584861,0.98144567],[9.88589993,0.98139063],[9.88593337,0.98135],[9.88596529,0.98131122],[9.88601544,0.98125747],[9.88608198,0.98117676],[9.88613096,0.98112431],[9.88624336,0.98098817],[9.88634798,0.98084458],[9.88642756,0.98072045],[9.88644614,0.9806948],[9.88652303,0.98057452],[9.8865443,0.98054502],[9.88661852,0.98042859],[9.88662569,0.98041859],[9.88664245,0.98039523],[9.88670328,0.98029956],[9.88671038,0.98028114],[9.88678061,0.98012466],[9.88678596,0.98011426],[9.88684952,0.97997478],[9.88685196,0.97996865],[9.88689468,0.97987631],[9.88692076,0.97981156],[9.88695958,0.97972829],[9.88698959,0.97965449],[9.88699751,0.97963763],[9.88704645,0.97952198],[9.8870561,0.97949646],[9.88709542,0.97940712],[9.88711948,0.97933711],[9.88714552,0.97927272],[9.88717954,0.97917638],[9.88719559,0.97913766],[9.88723983,0.97901574],[9.88725756,0.97897401],[9.88730152,0.97885568],[9.88730974,0.97883675],[9.88736194,0.97869951],[9.88736321,0.97869563],[9.88739824,0.97860566],[9.8874222,0.97853445],[9.88744908,0.97846693],[9.88748136,0.97837334],[9.88749975,0.97832815],[9.88754068,0.9782123],[9.8875721,0.97813681],[9.88762088,0.97800265],[9.88766351,0.97786629],[9.88768457,0.97778633],[9.8877157,0.97764055],[9.88772318,0.97759522],[9.8877334,0.97754953],[9.88774573,0.97749442],[9.88775913,0.97741808],[9.88777452,0.97735224],[9.88779456,0.9772409],[9.88780711,0.97718808],[9.88783004,0.97706372],[9.88783966,0.9770239],[9.88784612,0.97698962],[9.88786053,0.97688606],[9.88787114,0.97683155],[9.88788907,0.97670821],[9.88789605,0.97667346],[9.88791774,0.97653036],[9.88792084,0.97651534],[9.88793989,0.97639454],[9.88794454,0.97635234],[9.88796328,0.97623821],[9.88797075,0.97617426],[9.88798654,0.97608185],[9.88799711,0.9759962],[9.88800965,0.97592547],[9.88802362,0.97581814],[9.88803263,0.97576906],[9.88804331,0.97569093],[9.88804802,0.97563989],[9.88806234,0.97554122],[9.88807039,0.97546143],[9.88808114,0.97539148],[9.888093,0.975283],[9.88809969,0.9752417],[9.88811585,0.97510459],[9.88811801,0.97509189],[9.88813692,0.97494217],[9.88813824,0.97492614],[9.888161,0.97475718],[9.88816183,0.9747478],[9.88818252,0.97460137],[9.88818558,0.97456948],[9.88820389,0.97444554],[9.88820612,0.9744238],[9.88820229,0.97439047],[9.88819077,0.97420871],[9.88818873,0.97402788],[9.88819536,0.97386752],[9.88819521,0.97384787],[9.88820187,0.97370249],[9.88820176,0.97366788],[9.88821079,0.97348812],[9.88822941,0.9733093],[9.88823057,0.97330194],[9.88824659,0.97316463],[9.88824915,0.97313059],[9.88826249,0.9730273],[9.88826909,0.9729519],[9.88827558,0.97290609],[9.888283,0.97277347],[9.88828301,0.97277262],[9.88829263,0.97262563],[9.88829332,0.97259299],[9.88830195,0.97247778],[9.88830392,0.97241339],[9.88831098,0.97232992],[9.88831255,0.9722907],[9.88831236,0.97223357],[9.88831679,0.97214662],[9.88831748,0.97205344],[9.88832064,0.97200255],[9.888323,0.97187334],[9.88832408,0.97185849],[9.88832891,0.97169328],[9.88834411,0.97151412],[9.88835252,0.97145448],[9.88836418,0.97133545],[9.88836691,0.97131774],[9.88838083,0.97119254],[9.88838135,0.97115648],[9.88839046,0.97102623],[9.88839123,0.97097681],[9.88840022,0.9708509],[9.88840112,0.97079714],[9.88840997,0.97067556],[9.88841101,0.97061747],[9.88841972,0.97050023],[9.88842091,0.97043779],[9.88842611,0.9703691],[9.88842945,0.97032489],[9.88843081,0.97025812],[9.88843919,0.97014956],[9.88844072,0.97007845],[9.88844892,0.96997423],[9.88845063,0.96989879],[9.88845864,0.96979889],[9.88846055,0.96971912],[9.88846835,0.96962356],[9.88846951,0.96957761],[9.88848777,0.96944835],[9.88848871,0.96943704],[9.88851205,0.96927321],[9.8885133,0.96925834],[9.88853634,0.96909807],[9.88853789,0.96907964],[9.88856062,0.96892293],[9.88856248,0.96890093],[9.8885849,0.96874779],[9.88858707,0.96872223],[9.88860918,0.96857265],[9.88861167,0.96854353],[9.88863345,0.96839751],[9.88863627,0.96836483],[9.88865773,0.96822237],[9.88866086,0.96818613],[9.888682,0.96804723],[9.88868546,0.96800742],[9.88870627,0.96787209],[9.88871007,0.96782872],[9.88873054,0.96769695],[9.88873467,0.96765003],[9.88875481,0.96752181],[9.88875928,0.96747133],[9.88877907,0.96734667],[9.88878389,0.96729263],[9.88880333,0.96717153],[9.8888085,0.96711393],[9.88881391,0.96708061],[9.88882759,0.96699639],[9.88883311,0.96693523],[9.88885185,0.96682125],[9.88885773,0.96675654],[9.8888761,0.96664611],[9.88888235,0.96657784],[9.88890035,0.96647097],[9.88890697,0.96639915],[9.8889246,0.96629583],[9.88893159,0.96622045],[9.88894884,0.96612068],[9.88895622,0.96604176],[9.88897308,0.96594554],[9.88898086,0.96586307],[9.88899732,0.9657704],[9.88900549,0.96568438],[9.88902155,0.96559526],[9.88903013,0.96550569],[9.88904578,0.96542012],[9.88905478,0.965327],[9.88907,0.96524498],[9.88907943,0.96514831],[9.88909422,0.96506984],[9.88910408,0.96496962],[9.88911843,0.9648947],[9.88912874,0.96479094],[9.88914264,0.96471956],[9.88915341,0.96461226],[9.88916684,0.96454442],[9.88917808,0.96443358],[9.88921351,0.96425777],[9.88926607,0.96408654],[9.88926989,0.9640774],[9.88932026,0.96391575],[9.88932112,0.96391371],[9.88937283,0.96375019],[9.889374,0.96374483],[9.88940524,0.96364743],[9.88942156,0.96357227],[9.88945285,0.96347463],[9.88946912,0.9633997],[9.88950047,0.96330184],[9.88951667,0.96322714],[9.88957107,0.96305721],[9.88957125,0.96305645],[9.88961963,0.96291235],[9.88962621,0.96288586],[9.88966782,0.96276735],[9.88968153,0.96271537],[9.88973733,0.96256309],[9.88974216,0.9625463],[9.88978618,0.96243353],[9.88980366,0.96237746],[9.88983424,0.96230359],[9.88986464,0.96221286],[9.88986569,0.96220876],[9.88991283,0.96207554],[9.88992294,0.96203879],[9.88993744,0.96199986],[9.88995412,0.96192353],[9.88996274,0.96186415],[9.88998228,0.96178169],[9.88999745,0.96168815],[9.89003041,0.96155935],[9.890038,0.96151371],[9.89006938,0.96139332],[9.89007858,0.96133928],[9.89010831,0.96122727],[9.89011919,0.96116486],[9.8901659,0.96099207],[9.89020291,0.96089229],[9.89022323,0.96082212],[9.89024948,0.96075485],[9.89028114,0.96065231],[9.89029552,0.96061719],[9.8903396,0.96048266],[9.89034104,0.96047931],[9.89039367,0.96032742],[9.89039738,0.96031283],[9.89044965,0.96016333],[9.89045493,0.96014293],[9.89050562,0.95999923],[9.8905125,0.95997304],[9.89054723,0.95987542],[9.89057763,0.95982092],[9.89059418,0.95978633],[9.89064159,0.95970551],[9.89067933,0.95963075],[9.89070465,0.95958969],[9.89076533,0.9594757],[9.8907778,0.95945646],[9.89085165,0.95932087],[9.89085323,0.95931849],[9.89093815,0.95916616],[9.89097077,0.95911812],[9.8910294,0.95901449],[9.891055,0.95897732],[9.89112071,0.95886287],[9.89113054,0.95884881],[9.89120121,0.95873121],[9.89121156,0.95871094],[9.89127253,0.95861397],[9.89130208,0.95855881],[9.89135415,0.95847962],[9.8913931,0.95840699],[9.89144449,0.95832898],[9.89148411,0.95825517],[9.89153483,0.95817835],[9.8915718,0.95810955],[9.8915746,0.95810302],[9.89165245,0.95795943],[9.89165809,0.95794637],[9.89173308,0.95780931],[9.8917416,0.95778973],[9.89181887,0.95764981],[9.89182616,0.95763377],[9.89188996,0.95752281],[9.89191116,0.95747809],[9.89196057,0.95739558],[9.89199663,0.95732271],[9.89205507,0.95722899],[9.89208585,0.95716974],[9.89212651,0.95710741],[9.89217568,0.95701716],[9.89219729,0.95698547],[9.89226614,0.95686498],[9.89231184,0.95680089],[9.89236198,0.95671626],[9.89239221,0.95667525],[9.89245819,0.95656778],[9.8924722,0.95654938],[9.89255477,0.95641954],[9.89255839,0.95641493],[9.89264772,0.95627657],[9.89265069,0.95627087],[9.89274769,0.9561229],[9.89285963,0.95598451],[9.89286071,0.95598342],[9.89293711,0.95589524],[9.89297354,0.9558474],[9.89309554,0.95571547],[9.89311086,0.9557017],[9.89316755,0.95564269],[9.89321191,0.95557993],[9.89322532,0.95556419],[9.89331552,0.95543982],[9.89331712,0.95543722],[9.89333919,0.95540754],[9.89341236,0.95528812],[9.89343513,0.95525746],[9.89350761,0.95513902],[9.89353108,0.95510739],[9.89360286,0.95498993],[9.89362703,0.95495731],[9.89369811,0.95484083],[9.8937579,0.95476004],[9.89379831,0.95469491],[9.89385012,0.9546259],[9.8938986,0.95454904],[9.89394226,0.9544917],[9.89399897,0.95440323],[9.89403432,0.95435744],[9.89409942,0.95425747],[9.89412631,0.95422313],[9.89419995,0.95411176],[9.89421821,0.95408876],[9.89430057,0.95396611],[9.8944121,0.95382747],[9.89453653,0.9536971],[9.89467385,0.95357501],[9.89470718,0.95354976],[9.89471414,0.95353855],[9.89477158,0.9534275],[9.89479963,0.95338232],[9.89485667,0.95327188],[9.89488511,0.95322609],[9.89494177,0.95311626],[9.89503518,0.95296598],[9.89514053,0.95282337],[9.89518698,0.95276994],[9.89525224,0.95268484],[9.89527321,0.95266151],[9.89536451,0.95254667],[9.89548682,0.95241494],[9.89551443,0.95238932],[9.89561292,0.95228565],[9.89562099,0.9522783],[9.89572806,0.95216803],[9.89573842,0.95215598],[9.89581829,0.95207539],[9.89586226,0.95202524],[9.89592782,0.95196006],[9.89598625,0.95189459],[9.89600245,0.95187871],[9.89602716,0.95186465],[9.89604534,0.95185587],[9.89618269,0.95177925],[9.89618506,0.95177773],[9.89634317,0.95169133],[9.89639225,0.95166879],[9.8965029,0.95160886],[9.89654285,0.95159073],[9.89666263,0.95152643],[9.89669341,0.95151263],[9.89682239,0.95144404],[9.89687749,0.95141966],[9.89698394,0.95136604],[9.89698828,0.95136424],[9.8971003,0.95131095],[9.89714499,0.95128683],[9.89730848,0.9512136],[9.89731098,0.95121269],[9.89745105,0.95115178],[9.89747221,0.95114093],[9.89756171,0.95110318],[9.89763524,0.95106655],[9.8976992,0.95104045],[9.89779839,0.95099247],[9.89786506,0.9509662],[9.89796239,0.95092048],[9.89800367,0.95090477],[9.89810568,0.95085828],[9.89812594,0.95084737],[9.89824795,0.95079319],[9.8982885,0.95077185],[9.89842369,0.95071341],[9.89845208,0.95069884],[9.89856429,0.9506518],[9.89861578,0.95062609],[9.89867421,0.95060236],[9.89877873,0.95055153],[9.89881455,0.95053743],[9.89894178,0.95047721],[9.89898495,0.95046077],[9.89910578,0.95040521],[9.89912509,0.95039811],[9.89920896,0.95036067],[9.899268,0.95032886],[9.89936173,0.95028755],[9.89942971,0.95025127],[9.89946901,0.95023417],[9.89958772,0.9501739],[9.89959079,0.9501721],[9.89970771,0.95011578],[9.89975125,0.95009145],[9.8997845,0.9500763],[9.89991046,0.95000773],[9.89992147,0.95000287],[9.90005885,0.94993007],[9.90006943,0.94992343],[9.90022922,0.94984111],[9.90025844,0.9498291],[9.90038235,0.94976832],[9.90039088,0.9497634],[9.90050721,0.94970921],[9.90055207,0.94968451],[9.90069217,0.94962268],[9.90071525,0.94961052],[9.90082083,0.94956633],[9.90087872,0.94953722],[9.90094917,0.94950931],[9.90104247,0.9494646],[9.90113854,0.9494287],[9.90120778,0.94939581],[9.90129715,0.94936279],[9.9013731,0.94932705],[9.90145576,0.94929685],[9.90153843,0.94925832],[9.90157078,0.94924663],[9.90170287,0.9491874],[9.90170763,0.94918576],[9.90184522,0.94912647],[9.90186678,0.94911518],[9.90198283,0.94906721],[9.90203071,0.94904301],[9.90219719,0.94897708],[9.90220431,0.94897498],[9.90234488,0.94892167],[9.90236426,0.94891259],[9.90248554,0.94886859],[9.90253127,0.94884797],[9.90253547,0.94884651],[9.90259965,0.94881243],[9.90268723,0.94875629],[9.90284689,0.94867366],[9.90301292,0.94860664],[9.90309231,0.94858296],[9.90318303,0.94854959],[9.90320617,0.94854344],[9.90332041,0.94850534],[9.90335299,0.94849219],[9.90342397,0.94847086],[9.90352232,0.94843324],[9.90355985,0.94842267],[9.90369189,0.94837487],[9.90369556,0.9483739],[9.90386168,0.94831705],[9.9038645,0.94831636],[9.90401187,0.94826791],[9.90403166,0.94825969],[9.904104,0.94823684],[9.90412654,0.94822556],[9.90418318,0.9481846],[9.9041915,0.9481775],[9.90434137,0.94807092],[9.90445457,0.94800537],[9.90449638,0.94797693],[9.90457304,0.94793492],[9.90465177,0.94788385],[9.90469084,0.94786368],[9.90480756,0.94779175],[9.90496907,0.94771366],[9.90502908,0.94769195],[9.90513374,0.9476433],[9.90516877,0.94763125],[9.90529857,0.94757333],[9.90530828,0.94757016],[9.90546356,0.94750375],[9.9054945,0.94749418],[9.90563011,0.947438],[9.90564248,0.94743432],[9.90579063,0.94737489],[9.90579651,0.94737188],[9.90594438,0.94731449],[9.90596265,0.94730512],[9.90611085,0.94724756],[9.90612879,0.94723836],[9.90627732,0.94718063],[9.90629493,0.9471716],[9.90636676,0.94714366],[9.90645859,0.94709879],[9.90649855,0.94708418],[9.90662253,0.94702663],[9.90663003,0.94702406],[9.90676243,0.94696581],[9.90678587,0.94695302],[9.90695026,0.94688467],[9.90695116,0.94688419],[9.9071103,0.94681868],[9.90711646,0.94681537],[9.90727032,0.94675266],[9.90728177,0.94674657],[9.90743093,0.94668638],[9.90744716,0.94667797],[9.90758014,0.94662596],[9.90761262,0.94660955],[9.90772928,0.94656536],[9.90777815,0.94654131],[9.90790342,0.94649539],[9.90794486,0.94647594],[9.90804162,0.94644246],[9.90811179,0.94641111],[9.90817962,0.946389],[9.90827893,0.9463468],[9.90831743,0.94633501],[9.90844628,0.94628301],[9.90847374,0.94627513],[9.90861418,0.94622054],[9.90862065,0.94621877],[9.90876797,0.94616363],[9.90878165,0.94615704],[9.90891544,0.94610887],[9.908949,0.94609324],[9.90906281,0.94605385],[9.90911645,0.9460297],[9.90928674,0.94597309],[9.90929482,0.94597128],[9.90945754,0.94591804],[9.90945765,0.945918],[9.90962045,0.94586557],[9.90962827,0.94586222],[9.90978335,0.94581304],[9.90979892,0.94580648],[9.90994623,0.94576047],[9.90996958,0.94575078],[9.91006691,0.94572084],[9.91013906,0.9456922],[9.91020935,0.9456717],[9.9103087,0.94563402],[9.91035168,0.94562215],[9.91047851,0.94557623],[9.91049389,0.94557221],[9.91054495,0.94555457],[9.91064582,0.94551235],[9.91066013,0.94550785],[9.91077606,0.94546311],[9.91078238,0.9454602],[9.91081135,0.94544408],[9.91091707,0.94539737],[9.91097334,0.94536718],[9.91106063,0.94533029],[9.91113591,0.94529169],[9.91118962,0.94527022],[9.91129876,0.94521686],[9.91130969,0.94521274],[9.91144665,0.94514824],[9.91146082,0.94514012],[9.91162405,0.94506622],[9.91165196,0.94505668],[9.91178888,0.94499627],[9.91179978,0.94499266],[9.91195378,0.94492648],[9.91195502,0.94492608],[9.91207169,0.94487989],[9.91211896,0.94485737],[9.91218782,0.94483238],[9.91228469,0.94478961],[9.91235701,0.9447657],[9.91245211,0.94472597],[9.91248957,0.9447144],[9.9126198,0.94466302],[9.91262189,0.94466242],[9.91267419,0.94464297],[9.91278431,0.94459226],[9.91280339,0.9445856],[9.91293297,0.94452907],[9.91294854,0.94452082],[9.91311407,0.94445257],[9.91328615,0.94440035],[9.9134523,0.94436667],[9.91346436,0.94436314],[9.91361694,0.94433331],[9.91364263,0.94432606],[9.91378159,0.94429982],[9.91382094,0.94428908],[9.91390903,0.944273],[9.91394623,0.94426621],[9.91399929,0.94425221],[9.91411087,0.94423249],[9.91417768,0.94421542],[9.91418509,0.94421415],[9.91427589,0.94422002],[9.91436001,0.94421918],[9.9144207,0.94422339],[9.91444121,0.94422482],[9.91453519,0.94422427],[9.91457775,0.94422743],[9.91471385,0.94418336],[9.91489258,0.94414168],[9.91507005,0.94411659],[9.91524626,0.94410811],[9.91540883,0.94411564],[9.9154213,0.94411506],[9.91558035,0.94412274],[9.91559634,0.94412202],[9.91575186,0.94412984],[9.91577137,0.94412898],[9.91592338,0.94413693],[9.91594641,0.94413595],[9.9160949,0.94414402],[9.91612145,0.94414292],[9.91626642,0.9441511],[9.91629648,0.9441499],[9.91643794,0.94415817],[9.91647152,0.94415688],[9.91660945,0.94416525],[9.91664656,0.94416387],[9.91678097,0.94417231],[9.91682159,0.94417086],[9.91695249,0.94417937],[9.91699662,0.94417786],[9.91712401,0.94418642],[9.91717166,0.94418487],[9.91729552,0.94419347],[9.91734669,0.94419188],[9.91746704,0.94420051],[9.91752173,0.94419889],[9.91759985,0.94420468],[9.91769776,0.94419269],[9.91771919,0.94419235],[9.91787469,0.94417472],[9.91788035,0.9441747],[9.91804178,0.94415797],[9.91805169,0.94415588],[9.91820335,0.94414175],[9.91822872,0.94413657],[9.91834396,0.94412714],[9.91840589,0.94411538],[9.91849601,0.9441098],[9.91858303,0.94409463],[9.91864792,0.94409201],[9.91876013,0.94407436],[9.91879966,0.9440737],[9.91893719,0.94405466],[9.91895122,0.9440548],[9.9191031,0.94403692],[9.91911224,0.94403459],[9.91911435,0.94403367],[9.91929342,0.94398751],[9.91929399,0.94398747],[9.91947252,0.94394093],[9.91947599,0.94394073],[9.91961743,0.94390331],[9.91965295,0.94387677],[9.91970332,0.94385528],[9.91976177,0.94381555],[9.91991923,0.94380155],[9.92008257,0.94379675],[9.91994202,0.94353771],[9.91400695,0.94308746],[9.89511168,0.95080745],[9.88956761,0.95944262],[9.88693345,0.96929932],[9.88613117,0.97753036],[9.88500726,0.98021984],[9.88061476,0.98581386],[9.88005614,0.98636687],[9.86997414,0.99120712],[9.85979235,0.99338496],[9.84926522,1.00009406],[9.84375,1.00223207],[9.83663917,1.00119126],[9.83036017,1.00383294],[9.82018673,1.00299406],[9.81694186,1.00181615],[9.81150126,0.99696064],[9.79417586,0.99700117],[9.79408562,0.99397731],[9.79109681,0.99397278],[9.78518236,0.99059677],[9.78406966,0.98779833],[9.78421617,0.9815042],[9.78136885,0.98076224],[9.78285027,0.99048233],[9.7819581,1.01578593],[9.77327812,1.03129876],[9.75533772,1.05077124],[9.75443864,1.05169463],[9.75055802,1.0546875],[9.75027895,1.0546875],[9.74433136,1.05992508],[9.73527646,1.05611205],[9.71735477,1.0546875],[9.71658897,1.04954791],[9.71389711,1.04653323],[9.71327674,1.04364884],[9.72396398,1.04450548],[9.72566688,1.04247034],[9.72554255,1.04172206],[9.72503734,1.04043746],[9.72437525,1.03987765],[9.72247708,1.03885865],[9.72200358,1.03885496],[9.71964681,1.03948808],[9.71964562,1.03992331],[9.72051263,1.04078925],[9.72381985,1.04174793],[9.72382331,1.04349697],[9.72347105,1.04359961],[9.72108495,1.04363024],[9.71691596,1.04161584],[9.71258247,1.04340386],[9.71284246,1.05315065],[9.71149552,1.0546875],[9.70926344,1.0546875],[9.70396197,1.0546875],[9.69746673,1.05433083],[9.68987155,1.05217636],[9.68479145,1.05236352],[9.67579257,1.05362821],[9.67057323,1.05829382],[9.66532004,1.05963337],[9.66448867,1.05939531],[9.66268444,1.05812001],[9.66155815,1.05619895],[9.66155136,1.0546875],[9.66117644,1.04425275],[9.65963507,1.03863716],[9.66006911,1.03381944],[9.65717375,1.02777958],[9.65703046,1.02282858],[9.65649903,1.02139545],[9.65497565,1.02003038],[9.65002036,1.02171886],[9.64442074,1.01764297],[9.63330305,1.01444447],[9.62536645,1.00982785],[9.62333786,1.01371646],[9.61517632,1.01168036],[9.60953724,1.01500487],[9.60921454,1.01500034],[9.60694814,1.01424801],[9.60519135,1.00997675],[9.60139668,1.0073055],[9.59522235,1.00689661],[9.5922631,1.00810444],[9.59028816,1.01095653],[9.58997655,1.01104105],[9.58886814,1.01057065],[9.58231318,1.00621498],[9.58201826,1.00594151],[9.57493246,0.99729574],[9.57375264,0.99400651],[9.57440971,0.99270475],[9.57465816,0.99221253],[9.57008171,0.9849447],[9.56578577,0.96998203],[9.565521,0.96945906],[9.55958974,0.96103954],[9.55733788,0.95991766],[9.5574038,0.95797014],[9.55303657,0.95511794],[9.55232561,0.94849861],[9.55105495,0.94683635],[9.55162001,0.93774438],[9.55590224,0.93292427],[9.56212544,0.92304242],[9.56692755,0.92086518],[9.56860888,0.91725481],[9.56966794,0.91033506],[9.56873727,0.89886141],[9.56879592,0.89776385],[9.56950593,0.89268971],[9.57163274,0.88738656],[9.57366073,0.87890625],[9.57642424,0.86642694],[9.57818663,0.85065687],[9.58022094,0.84472835],[9.58140206,0.83627152],[9.58152306,0.83587718],[9.58528125,0.8266381],[9.58624041,0.82529664],[9.58795726,0.82534647],[9.58904815,0.82354605],[9.59104764,0.82281804],[9.593979,0.81850827],[9.60052347,0.80114484],[9.60101783,0.79662025],[9.60260773,0.7944715],[9.60170186,0.78893256],[9.60334182,0.78533041],[9.60298407,0.78322315],[9.60466397,0.78252292],[9.60523295,0.78028548],[9.60721576,0.77865374],[9.60681498,0.77636385],[9.60926402,0.77498496],[9.61015522,0.77248907],[9.60850382,0.76971161],[9.60915363,0.76624441],[9.61420572,0.75215757],[9.61711538,0.73600054],[9.61713564,0.73104966],[9.61487591,0.72380686],[9.6139172,0.71575268],[9.61353064,0.7125051],[9.61060262,0.70828521],[9.61041427,0.70781004],[9.61002648,0.70556235],[9.61049104,0.703125],[9.61224246,0.69965112],[9.61262691,0.69592643],[9.61112785,0.69178915],[9.61169815,0.68202364],[9.61444044,0.67689764],[9.61304188,0.67545831],[9.61009872,0.66424215],[9.60971618,0.65139365],[9.61102045,0.64885604],[9.60999978,0.64123416],[9.61035645,0.63344526],[9.60631776,0.62224722],[9.60553133,0.61712801],[9.60900545,0.61004293],[9.60933483,0.6096791],[9.61053133,0.60937643],[9.61345136,0.60970497],[9.61395061,0.60986245],[9.61653483,0.61162317],[9.61787605,0.6118139],[9.61861563,0.61169565],[9.62254083,0.60855317],[9.61959577,0.60892165],[9.61727917,0.61136174],[9.61307895,0.60822785],[9.61305058,0.6058495],[9.61303174,0.60426581],[9.61905324,0.58834183],[9.61763167,0.58272994],[9.61796236,0.57692266],[9.61796737,0.57691085],[9.62039065,0.57363451],[9.62678885,0.57418954],[9.6279515,0.57371593],[9.62892866,0.5728904],[9.62997937,0.57072937],[9.62997782,0.56962836],[9.62807465,0.56596637],[9.62882316,0.55815864],[9.63668633,0.5565536],[9.62978983,0.55671501],[9.62754095,0.55860114],[9.62698245,0.56484067],[9.62883377,0.56921887],[9.62883365,0.56973135],[9.62789392,0.57168758],[9.62597644,0.57282364],[9.62013006,0.57162631],[9.61978483,0.57135272],[9.61868167,0.56835127],[9.61701894,0.56708085],[9.61663628,0.56678641],[9.61586452,0.56376982],[9.61598563,0.54944384],[9.61482048,0.54508626],[9.61628318,0.54149616],[9.61281705,0.53772497],[9.61263335,0.53710794],[9.61252046,0.53239965],[9.61262166,0.5318526],[9.61380053,0.52927935],[9.61021197,0.52734375],[9.60993302,0.52734375],[9.60774112,0.51904881],[9.60784686,0.51877546],[9.62163341,0.50733972],[9.62836492,0.49320126],[9.6385349,0.48955595],[9.65109861,0.47925484],[9.66152406,0.46214235],[9.66475725,0.45481658],[9.66669023,0.45305896],[9.66718352,0.45287025],[9.66972685,0.45288062],[9.67222583,0.45435464],[9.67251801,0.45455015],[9.67440104,0.45805263],[9.67357695,0.46883905],[9.67499673,0.47646701],[9.67703664,0.47848594],[9.68314922,0.48124742],[9.68936062,0.48047245],[9.68966103,0.48011887],[9.69002247,0.47921121],[9.68983436,0.47855568],[9.68797612,0.47799754],[9.68513513,0.47989571],[9.68211663,0.48001325],[9.67525554,0.47504961],[9.67445576,0.46718371],[9.67575264,0.45885456],[9.67307508,0.45377803],[9.67430246,0.44652116],[9.67231643,0.44442785],[9.66684544,0.44226956],[9.66577625,0.44070315],[9.66701424,0.43872285],[9.67687118,0.43528855],[9.67634714,0.43422627],[9.66796422,0.43644834],[9.66755736,0.43658304],[9.66488421,0.43936098],[9.66527033,0.44225585],[9.67329872,0.44656265],[9.67341626,0.44931924],[9.67107976,0.45102143],[9.66480052,0.45138085],[9.66070461,0.45792556],[9.65493727,0.46323371],[9.64950776,0.47536504],[9.64237726,0.48025835],[9.64076924,0.48252344],[9.63238525,0.48604596],[9.62298608,0.49554348],[9.61882961,0.5026139],[9.61403012,0.50685656],[9.59560323,0.5162214],[9.59184337,0.51213563],[9.58851075,0.50196505],[9.59182525,0.49503374],[9.58999765,0.48955584],[9.59069777,0.4828763],[9.59663916,0.47620535],[9.60788083,0.45581484],[9.61239624,0.45086765],[9.61392868,0.44985926],[9.62842095,0.44941127],[9.63290656,0.44750655],[9.63567805,0.44454515],[9.63945091,0.43736041],[9.64194906,0.42958355],[9.63676155,0.42244303],[9.63550246,0.41783285],[9.63701487,0.41662312],[9.64529514,0.41487002],[9.64671636,0.41338325],[9.64868534,0.40974045],[9.64733791,0.40454388],[9.64757538,0.40075862],[9.64635468,0.40092731],[9.64551175,0.40276575],[9.6475172,0.40952802],[9.64592564,0.4130249],[9.64071286,0.41514897],[9.63685775,0.41520858],[9.63426316,0.41690695],[9.63508773,0.42144418],[9.64016676,0.42824101],[9.64066672,0.43086863],[9.63395846,0.44469976],[9.63176131,0.44639802],[9.62393475,0.44837451],[9.61426663,0.44785321],[9.60870647,0.45044518],[9.59857321,0.46759248],[9.59255087,0.47071874],[9.58556342,0.47661161],[9.58326995,0.47650754],[9.57747412,0.47288501],[9.57213211,0.46327925],[9.56308246,0.45658815],[9.56184292,0.45378411],[9.55975604,0.45277703],[9.55649388,0.44602191],[9.55864084,0.45299995],[9.56347644,0.45898426],[9.5711112,0.46413636],[9.57847094,0.47699118],[9.578933,0.47816396],[9.57916713,0.47961652],[9.57631028,0.48725188],[9.57843316,0.49426365],[9.57477558,0.49941206],[9.57129073,0.50022852],[9.56825137,0.49838448],[9.56789732,0.49838698],[9.56395173,0.50002706],[9.54741704,0.49575186],[9.54618382,0.49533474],[9.54419374,0.49385905],[9.54403198,0.4874891],[9.54267228,0.48373175],[9.53743684,0.48183465],[9.53738844,0.4822824],[9.53865087,0.48355234],[9.54138422,0.48385012],[9.54237676,0.48484755],[9.54293716,0.48590982],[9.54302287,0.49301314],[9.54317963,0.49378037],[9.54477966,0.49606431],[9.55881667,0.49977291],[9.56157613,0.5030303],[9.56205916,0.50331354],[9.56520891,0.50339377],[9.56664264,0.50507307],[9.56719387,0.50712383],[9.56719351,0.51007235],[9.56676757,0.51105404],[9.56650114,0.51140654],[9.56481612,0.51161528],[9.56457674,0.51230836],[9.56496894,0.51821268],[9.56085527,0.52692294],[9.56082594,0.52734375],[9.56061578,0.53085828],[9.56060886,0.53135514],[9.56252944,0.53691721],[9.56774735,0.54309535],[9.56786466,0.54338086],[9.56972468,0.5523591],[9.56963754,0.55487895],[9.56340063,0.58018625],[9.56258237,0.58311021],[9.56004858,0.58442676],[9.55827355,0.59509873],[9.5568279,0.59691107],[9.55286121,0.5967803],[9.55175555,0.59649444],[9.54772615,0.59164155],[9.54721725,0.58602452],[9.54344785,0.57666135],[9.54080176,0.56578076],[9.54281926,0.56136584],[9.55060661,0.55424845],[9.55019343,0.54980695],[9.54896748,0.54854906],[9.54465592,0.54864323],[9.54374361,0.54612613],[9.54137015,0.54530156],[9.54295397,0.5470227],[9.54327321,0.54954004],[9.548702,0.54967964],[9.55015683,0.55269563],[9.54829025,0.55574644],[9.53959393,0.56117511],[9.52464736,0.55493593],[9.52319038,0.55271065],[9.52152765,0.54447174],[9.51787662,0.53960896],[9.51782656,0.53166962],[9.51367176,0.52734375],[9.51339281,0.52734375],[9.51247644,0.52558231],[9.51205874,0.52219462],[9.51218963,0.52156186],[9.51481736,0.51518571],[9.51008296,0.51344836],[9.50965261,0.51351845],[9.50895643,0.51491952],[9.51149344,0.51466358],[9.51305175,0.51699042],[9.51095176,0.5231595],[9.51107144,0.52412498],[9.51227665,0.52734375],[9.51255584,0.52734375],[9.51643205,0.53097832],[9.51692474,0.53979063],[9.52173471,0.5470134],[9.52234757,0.55435395],[9.52498806,0.55806363],[9.53024292,0.56073153],[9.53063691,0.56681538],[9.52847886,0.56863415],[9.52838135,0.56896591],[9.52895296,0.57297456],[9.52881742,0.57352042],[9.52789175,0.57544065],[9.52769852,0.57562888],[9.52368474,0.57826054],[9.52328002,0.57847023],[9.51829004,0.57931864],[9.51581585,0.5775367],[9.51474035,0.57208085],[9.50816226,0.56376684],[9.50986147,0.56792295],[9.51420081,0.57354331],[9.51387405,0.57876015],[9.50513375,0.58329141],[9.49770057,0.59273875],[9.49330103,0.59534693],[9.4921875,0.59542406],[9.48986781,0.59455466],[9.47894144,0.58828974],[9.47538364,0.58373022],[9.46861064,0.58357215],[9.46075284,0.58618796],[9.46015155,0.58603167],[9.45436275,0.58284175],[9.44661164,0.57446885],[9.44567895,0.57260263],[9.4450494,0.56935775],[9.44667911,0.55746782],[9.44637597,0.54699731],[9.446226,0.54608262],[9.44509101,0.54311216],[9.44091272,0.53703153],[9.44077635,0.53662193],[9.44004238,0.53045273],[9.44029021,0.52734375],[9.44056904,0.52734375],[9.44007635,0.52032447],[9.44165575,0.51235914],[9.44102836,0.50906694],[9.4442631,0.50309074],[9.44448316,0.50019991],[9.4479717,0.49527085],[9.45023894,0.48637366],[9.44993484,0.48620462],[9.44933641,0.48655927],[9.44612956,0.49552977],[9.444296,0.49744761],[9.44124281,0.49848402],[9.44148254,0.50087261],[9.43892455,0.5091629],[9.43777895,0.52734375],[9.43805802,0.52734375],[9.43893182,0.54082942],[9.44198978,0.54262161],[9.44444561,0.54707432],[9.44404554,0.55931807],[9.44189656,0.56330323],[9.44255245,0.57347834],[9.44645572,0.58073771],[9.44955933,0.58342874],[9.45387626,0.58981144],[9.45857537,0.59260535],[9.46050954,0.59305632],[9.47449863,0.59199512],[9.47496581,0.59211254],[9.48572385,0.59890962],[9.49176896,0.60044634],[9.4921875,0.60044634],[9.49260604,0.60072541],[9.49734497,0.60063612],[9.50124013,0.59957325],[9.50823414,0.59601522],[9.51102054,0.59595275],[9.52186024,0.58978117],[9.53278124,0.5902909],[9.53321695,0.59056234],[9.53596342,0.60088861],[9.53692865,0.60951042],[9.53702712,0.61003375],[9.53678334,0.61241686],[9.53431904,0.61676896],[9.53480184,0.62430441],[9.5331403,0.62879574],[9.53027105,0.63543284],[9.52878737,0.63652551],[9.52787244,0.64019275],[9.5223695,0.64378667],[9.52233565,0.64643455],[9.52364743,0.64803112],[9.52194846,0.64930582],[9.51946843,0.65331113],[9.51690126,0.65990734],[9.51662815,0.660308],[9.51404834,0.66350567],[9.50908756,0.66376925],[9.504197,0.66674483],[9.49902832,0.66862285],[9.49682546,0.66862667],[9.49542046,0.66762936],[9.49528074,0.66735065],[9.49545825,0.66460025],[9.4921875,0.66489947],[9.48980534,0.66498601],[9.47976875,0.65924144],[9.47612512,0.65872812],[9.47250795,0.65568483],[9.46810234,0.654917],[9.46587765,0.65599728],[9.46170855,0.64686036],[9.45148802,0.64716935],[9.44767225,0.64147592],[9.44385195,0.64037585],[9.44034696,0.64145625],[9.43492484,0.64041805],[9.42163122,0.64131653],[9.41325867,0.64473402],[9.4104681,0.64422393],[9.40582788,0.6457901],[9.40020311,0.64527261],[9.3930583,0.63423932],[9.38233185,0.6244719],[9.37820542,0.62136364],[9.36806595,0.61831045],[9.35611641,0.61835945],[9.35314906,0.61923003],[9.34848666,0.6233083],[9.34568584,0.61957526],[9.33706093,0.61693835],[9.33077657,0.61768866],[9.327214,0.61983812],[9.32582501,0.61963491],[9.32395387,0.61936116],[9.32321465,0.61902285],[9.31972837,0.61554921],[9.31689465,0.61127412],[9.31745398,0.60760105],[9.31630957,0.60294652],[9.30984926,0.59709823],[9.30784404,0.59325647],[9.30782986,0.5853343],[9.30878794,0.58200514],[9.30754936,0.57183266],[9.30781531,0.56261885],[9.30907857,0.55812228],[9.30750906,0.55420041],[9.30756474,0.55040336],[9.30893111,0.54022145],[9.31025946,0.53777587],[9.31047893,0.52956581],[9.30998886,0.52734375],[9.30784488,0.52330995],[9.30779183,0.51646495],[9.31367908,0.51055336],[9.31877875,0.50543261],[9.32199931,0.50930262],[9.33034003,0.51331162],[9.33057594,0.51723433],[9.33078504,0.51775086],[9.33263576,0.52022135],[9.33384633,0.52089775],[9.33567846,0.52140462],[9.34441936,0.52117574],[9.35239053,0.51847637],[9.35319316,0.51808775],[9.3644917,0.51147294],[9.36841154,0.50850356],[9.37573636,0.50181377],[9.38270616,0.49429905],[9.39003551,0.48228204],[9.39110446,0.4780122],[9.39389014,0.47377992],[9.39911807,0.46899617],[9.41151297,0.44944596],[9.41800737,0.43002474],[9.42111206,0.42564225],[9.42402184,0.41614687],[9.42668915,0.41344631],[9.42860103,0.40862298],[9.43347084,0.40339971],[9.43243277,0.40138781],[9.43292308,0.39966524],[9.4340713,0.39936936],[9.43538487,0.40091574],[9.43764555,0.39973652],[9.44382036,0.38508785],[9.45197344,0.37821376],[9.45782244,0.3670336],[9.46054685,0.36636436],[9.46675932,0.36084604],[9.46925223,0.35818207],[9.47222495,0.35317314],[9.47209823,0.3515625],[9.47237706,0.3515625],[9.47241735,0.34495163],[9.4740411,0.34144163],[9.47246826,0.33995223],[9.47238004,0.33820021],[9.47569811,0.33575392],[9.4809885,0.32606697],[9.48317122,0.31789565],[9.48704934,0.31574225],[9.48793757,0.31404352],[9.48807836,0.31375003],[9.48976886,0.30348647],[9.49008274,0.30235195],[9.4921875,0.29655826],[9.49529827,0.29061317],[9.49531817,0.29023516],[9.49261463,0.28438807],[9.49392605,0.28454876],[9.49696314,0.29055464],[9.50194788,0.28607965],[9.50071526,0.28539574],[9.5005995,0.28481591],[9.50084722,0.28423524],[9.50283527,0.28307533],[9.50322914,0.28299797],[9.50744522,0.28554451],[9.51129651,0.28975797],[9.51150572,0.29023767],[9.51260912,0.29793107],[9.51603627,0.29923534],[9.5190531,0.29852724],[9.52041602,0.30263472],[9.5231508,0.30487585],[9.52349734,0.30537868],[9.52832425,0.31308246],[9.52663827,0.30780625],[9.5300709,0.303725],[9.53868794,0.29157746],[9.53899956,0.29139066],[9.54809654,0.28893447],[9.55393481,0.29017651],[9.55599606,0.29570806],[9.55498493,0.30118454],[9.56516325,0.31215203],[9.57437575,0.31846833],[9.57949126,0.32384145],[9.58147323,0.32770646],[9.58174586,0.34292614],[9.57924104,0.3515625],[9.57896197,0.3515625],[9.57834685,0.355093],[9.57744813,0.3569802],[9.57609045,0.35900843],[9.5744282,0.36047721],[9.57077026,0.36115527],[9.57039022,0.36159444],[9.57041276,0.36292446],[9.57188034,0.36421382],[9.57429051,0.36161864],[9.57831347,0.36063671],[9.57957268,0.35559356],[9.58231032,0.3515625],[9.58286834,0.3515625],[9.58324325,0.35067475],[9.58320165,0.34701514],[9.58349133,0.34637535],[9.58594048,0.34496236],[9.58746564,0.34095526],[9.59232175,0.33986485],[9.59203255,0.33902931],[9.58663034,0.33943665],[9.58454907,0.33854485],[9.58451295,0.32892585],[9.5832144,0.32377863],[9.56587195,0.30341446],[9.56574655,0.30314302],[9.56596231,0.30082071],[9.56929398,0.29757023],[9.56881654,0.29438365],[9.56948817,0.29247534],[9.5704354,0.29104686],[9.57224464,0.28901875],[9.58089292,0.28217673],[9.58783984,0.27233458],[9.58998168,0.27096391],[9.59302855,0.27094781],[9.59445751,0.26650047],[9.59609282,0.26434398],[9.5968641,0.26379454],[9.60648596,0.25909054],[9.60892892,0.25607133],[9.61685061,0.25513256],[9.62002897,0.25335336],[9.62211525,0.25032616],[9.62898648,0.24800158],[9.63040924,0.24557257],[9.63919115,0.23840702],[9.64272916,0.23401153],[9.65308106,0.23654962],[9.65316594,0.23660874],[9.65789485,0.23986316],[9.66229618,0.24554634],[9.66501033,0.24552786],[9.66872275,0.24302626],[9.66922271,0.24569488],[9.66679251,0.24906671],[9.66713703,0.24906886],[9.66765845,0.24868524],[9.66959536,0.24594235],[9.67041993,0.24392235],[9.67002571,0.24274814],[9.6696341,0.24235475],[9.66858244,0.2420938],[9.66815758,0.24218714],[9.66524756,0.24424148],[9.66247582,0.24409044],[9.66090727,0.24293447],[9.65984797,0.24007285],[9.65436578,0.23593676],[9.65404916,0.23563075],[9.65743935,0.23231626],[9.66280305,0.22179115],[9.66674554,0.21823502],[9.67211986,0.21716547],[9.67860115,0.21181464],[9.67945564,0.21143055],[9.68200004,0.21192765],[9.68515515,0.21294212],[9.69064021,0.21632016],[9.69136274,0.21447003],[9.6946491,0.217893],[9.70978403,0.2236886],[9.71413827,0.23093545],[9.71982586,0.24707007],[9.72538137,0.25626242],[9.72795761,0.26576436],[9.72937334,0.26711023],[9.72670293,0.25352693],[9.72422123,0.25248253],[9.71702242,0.22903466],[9.71086025,0.21922708],[9.71199644,0.21149302],[9.71402967,0.20639575],[9.71519744,0.20501327],[9.71822774,0.20247745],[9.71872938,0.20229936],[9.72195303,0.20267296],[9.72434163,0.20185387],[9.72699785,0.20068204],[9.73120403,0.19770992],[9.73455596,0.19395411],[9.74963343,0.18530607],[9.75760186,0.18213737],[9.76936972,0.18017852],[9.77790165,0.17578125],[9.77845967,0.17578125],[9.77915168,0.17515695],[9.78831244,0.17325675],[9.79840851,0.16883516],[9.79951155,0.16871548],[9.80258787,0.16945946],[9.80496645,0.17578125],[9.80839491,0.18454266],[9.80840373,0.18711281],[9.80800331,0.18822408],[9.80228198,0.19276726],[9.79111445,0.19878316],[9.78937066,0.20101154],[9.7891252,0.20267355],[9.78925264,0.20332301],[9.79023576,0.20461524],[9.79204321,0.20526922],[9.80997491,0.20363152],[9.81439555,0.20427227],[9.81604493,0.20779777],[9.81255591,0.21698213],[9.81292355,0.21849573],[9.81524205,0.215801],[9.81761634,0.20958853],[9.81749761,0.20650434],[9.81517303,0.20315611],[9.79277456,0.20336831],[9.79090536,0.20145476],[9.79366446,0.19899726],[9.80106866,0.19583595],[9.80961645,0.18933392],[9.81069636,0.18619704],[9.80895221,0.17968941],[9.80895185,0.17914677],[9.80915165,0.17578125],[9.81020296,0.17146611],[9.81056952,0.17065561],[9.81621432,0.16821873],[9.8236984,0.16978514],[9.83503032,0.16916466],[9.83979344,0.16970098],[9.84375,0.17047977],[9.85281336,0.17222881],[9.85699224,0.17402482],[9.86746645,0.17578125],[9.86886156,0.17578125],[9.86914062,0.17578125],[9.86941957,0.17578125],[9.87016356,0.17605102],[9.87137282,0.17603242],[9.87193084,0.17578125],[9.87214315,0.17593431],[9.87548745,0.17635286],[9.89134407,0.18690372],[9.90220904,0.19021821],[9.90989363,0.19124734],[9.91615558,0.19609427],[9.92404556,0.19838262],[9.9291203,0.19776797],[9.95240736,0.19082153],[9.95983136,0.1844877],[9.96540165,0.17578125],[9.96632564,0.17543638],[9.97181904,0.17578125],[9.98198295,0.17793155],[9.98744345,0.17781174],[10.00245225,0.18224084],[10.00273538,0.18239176],[10.01041937,0.18726134],[10.02014875,0.19604075],[10.0243932,0.19779134],[10.03602576,0.19794536],[10.03574634,0.1992923],[10.03179097,0.19927144],[10.03174293,0.20032334],[10.03418601,0.20092678],[10.03703618,0.20023632],[10.03697944,0.19673967],[10.04922426,0.18585527],[10.05524635,0.18327725],[10.06463516,0.17635465],[10.06485391,0.17622948],[10.07272005,0.17681551],[10.07484663,0.17592502],[10.07977712,0.17309976],[10.08406115,0.16726625],[10.08751512,0.16609895],[10.08993268,0.16688275],[10.09318221,0.17009675],[10.09430802,0.17578125],[10.09484744,0.17722285],[10.09997845,0.18213677],[10.10616815,0.18250561],[10.10962546,0.18416691],[10.11743355,0.18352151],[10.12249422,0.18707442],[10.12361884,0.18829215],[10.13191223,0.19991136],[10.13257778,0.20159292],[10.13414466,0.20955122],[10.13314724,0.21205723],[10.13377893,0.2143712],[10.13581693,0.21129322],[10.14547157,0.21185601],[10.15967345,0.21817207],[10.15987694,0.21650112],[10.16247523,0.21654725],[10.16655254,0.21809494],[10.16695726,0.21850145],[10.16821766,0.22056353],[10.16852665,0.2244699],[10.16849732,0.22863305],[10.16523337,0.23456502],[10.16744065,0.23851836],[10.16691112,0.24633956],[10.17139375,0.24811351],[10.17401362,0.25225663],[10.17820156,0.25337708],[10.18051672,0.25744736],[10.18052447,0.26213717],[10.18105876,0.26247656],[10.18268693,0.25997984],[10.18077385,0.25460362],[10.17885578,0.25281894],[10.17474723,0.25167048],[10.17239106,0.24767172],[10.16733992,0.24563372],[10.16846955,0.23764396],[10.16631186,0.23385012],[10.17011571,0.22874475],[10.16877627,0.21837425],[10.16231477,0.21507216],[10.15030706,0.21189713],[10.14520538,0.20899522],[10.13697422,0.20938945],[10.13477373,0.2053982],[10.13553357,0.19738805],[10.13514185,0.19595253],[10.13461173,0.1948688],[10.12893534,0.19098902],[10.12416291,0.18261707],[10.12208116,0.18064666],[10.12062824,0.17997563],[10.1163125,0.17999256],[10.11179805,0.18126905],[10.11128855,0.18119097],[10.10371351,0.17882085],[10.10137391,0.17770541],[10.09877217,0.17578125],[10.09681261,0.17361581],[10.09521902,0.16800225],[10.09779811,0.16493177],[10.09812415,0.1649791],[10.10586762,0.1698935],[10.11370146,0.17236054],[10.11426544,0.17236042],[10.12041068,0.17041755],[10.12093854,0.17015326],[10.12590134,0.16640484],[10.1262362,0.1662147],[10.12750888,0.16634274],[10.12861884,0.16664374],[10.13054204,0.16809773],[10.13200367,0.17145705],[10.13472855,0.17407775],[10.13783467,0.17578125],[10.13811386,0.17578125],[10.14187622,0.18070185],[10.14242435,0.18097162],[10.14972174,0.18186295],[10.15219474,0.18031025],[10.15249515,0.18041801],[10.15315485,0.18088722],[10.15368485,0.18447113],[10.15564013,0.17956233],[10.15462553,0.17816615],[10.15476882,0.17785025],[10.15708697,0.17578125],[10.15764511,0.17578125],[10.1598351,0.17390335],[10.16299605,0.16934311],[10.16375947,0.16900814],[10.17075872,0.16984546],[10.18069053,0.16811097],[10.18124056,0.16777551],[10.18120313,0.16726768],[10.17917037,0.16627121],[10.16422331,0.16744077],[10.16345274,0.16774762],[10.15401781,0.17578125],[10.15345967,0.17578125],[10.14975941,0.17899776],[10.14783168,0.17989016],[10.14553964,0.17967296],[10.14174104,0.17578125],[10.14146197,0.17578125],[10.13465595,0.16830766],[10.12877655,0.16427982],[10.12599766,0.16409278],[10.12064874,0.16623247],[10.11665726,0.17005205],[10.11286271,0.17017126],[10.10641563,0.16651428],[10.10007966,0.15860581],[10.09004712,0.15381086],[10.08416796,0.15486264],[10.08083963,0.15710914],[10.07621563,0.16765773],[10.05784416,0.17138171],[10.05286884,0.17333567],[10.04931724,0.17540312],[10.04938614,0.17578125],[10.04910707,0.17578125],[10.04515314,0.18075335],[10.02665687,0.19162285],[10.02632046,0.19162345],[10.02263844,0.18904304],[10.01311386,0.17578125],[10.01288223,0.17563021],[10.00379193,0.17054153],[10.00348723,0.17040884],[9.99602175,0.16803312],[9.99138331,0.16716123],[9.98558974,0.16692471],[9.97749448,0.16816068],[9.97474885,0.16685271],[9.96908021,0.16632223],[9.962466,0.16634607],[9.95678651,0.16746855],[9.95388508,0.16839635],[9.94851232,0.17135525],[9.94308031,0.17578125],[9.94280136,0.17578125],[9.93356848,0.18378782],[9.92981756,0.18605554],[9.92816198,0.18651605],[9.92228711,0.1855551],[9.91043532,0.17578125],[9.91015625,0.17578125],[9.90977573,0.17546415],[9.90243495,0.16790855],[9.88581467,0.16511154],[9.87720335,0.16151297],[9.85928023,0.15125716],[9.85306406,0.14932907],[9.84375,0.14815843],[9.83810794,0.14614654],[9.8363173,0.14511716],[9.82615316,0.13704431],[9.82428205,0.12848055],[9.82460487,0.12769711],[9.82631314,0.12612677],[9.83397877,0.12441587],[9.83540356,0.12338674],[9.836712,0.12099302],[9.83708286,0.11822414],[9.83698153,0.11662507],[9.83430696,0.11011148],[9.83457446,0.10726225],[9.83748448,0.10521758],[9.84375,0.10574782],[9.84762585,0.10732114],[9.84858656,0.11071396],[9.84931445,0.10647738],[9.84375,0.10323656],[9.83943343,0.10288131],[9.83722925,0.10329843],[9.83573592,0.10399151],[9.83355355,0.10592568],[9.83326077,0.10635483],[9.83262014,0.10846364],[9.83261883,0.11171854],[9.83446813,0.11947954],[9.83447886,0.11991632],[9.83388877,0.12151206],[9.83191216,0.12240612],[9.83051825,0.12261963],[9.82631195,0.12172174],[9.82316005,0.12326205],[9.82210422,0.1230309],[9.8143357,0.11528587],[9.80946183,0.11253345],[9.80879045,0.11182785],[9.80838275,0.10963202],[9.80862474,0.10707915],[9.80952716,0.10453236],[9.80979013,0.10441017],[9.81342578,0.10337591],[9.82072151,0.10376596],[9.83088982,0.09717965],[9.83719826,0.08989716],[9.83896005,0.08548236],[9.83832693,0.08488274],[9.83517563,0.09038055],[9.83133745,0.09427285],[9.82214987,0.10107207],[9.80987155,0.10212755],[9.80640256,0.10497892],[9.80539095,0.10892415],[9.80622876,0.11184192],[9.814538,0.11973536],[9.81750715,0.12361658],[9.81904638,0.1285001],[9.81627321,0.13326764],[9.81119895,0.13796365],[9.81061733,0.13828921],[9.80821812,0.13887584],[9.80071747,0.13801575],[9.80036044,0.13756907],[9.78765917,0.13514304],[9.7666558,0.13364756],[9.76159668,0.13193583],[9.75757265,0.12843537],[9.75728905,0.12795174],[9.75712681,0.12680173],[9.75867975,0.116696],[9.76391435,0.10942638],[9.76989973,0.09813798],[9.77236283,0.086941],[9.78232205,0.07376766],[9.78614676,0.06401145],[9.79355395,0.05106103],[9.80298805,0.04114902],[9.81003547,0.02946675],[9.81205237,0.02690077],[9.82553566,0.01452005],[9.83001053,0.01166141],[9.84375,0.01534593],[9.84554875,0.01611185],[9.85414207,0.02207196],[9.85700202,0.02117825],[9.85097921,0.01855886],[9.84917426,0.01512063],[9.84910703,0.01210475],[9.8506968,0.00846493],[9.84967411,0.00343835],[9.84854805,0.00396156],[9.84787953,0.00568151],[9.84759033,0.00989842],[9.84717774,0.01099455],[9.84581566,0.01210523],[9.84375,0.01199782],[9.84375,0.01171875],[9.83724773,0.00857806],[9.83674717,0.00841653],[9.83049655,0.00764513],[9.82402205,0.00843716],[9.81945682,0.01036024],[9.81096435,0.01838684],[9.80693078,0.02025116],[9.80603325,0.02329171],[9.80375147,0.02499747],[9.79253387,0.02952015],[9.7901206,0.03126025],[9.78743577,0.03388524],[9.78612006,0.03561544],[9.76892197,0.06252742],[9.76864827,0.06310976],[9.76596546,0.07035303],[9.7669574,0.07771134],[9.76635015,0.08225465],[9.76466787,0.08510387],[9.75451243,0.09775651],[9.74933445,0.10661244],[9.74846315,0.10655868],[9.74718034,0.11087251],[9.74515295,0.11325705],[9.74214494,0.11580992],[9.74122643,0.11631656],[9.73100543,0.11947632],[9.72597694,0.12019455],[9.69206536,0.13194513],[9.66896355,0.13222516],[9.6667484,0.13138521],[9.66629422,0.13082838],[9.66105735,0.12351632],[9.66105998,0.12286556],[9.66179526,0.11981738],[9.66462052,0.1150949],[9.66643405,0.11330974],[9.66810823,0.11277425],[9.67114282,0.11275268],[9.67623222,0.11397207],[9.67791247,0.1138854],[9.679708,0.11315393],[9.68217027,0.11151123],[9.68341851,0.10817635],[9.68573046,0.10584617],[9.68661356,0.10562146],[9.69700563,0.10650218],[9.69914663,0.10336947],[9.69914556,0.10190666],[9.69814444,0.09992135],[9.69663107,0.09966493],[9.69478023,0.10108614],[9.69714737,0.10342824],[9.69685662,0.10463476],[9.69377673,0.10501552],[9.68876016,0.10365236],[9.68505847,0.10438311],[9.67865562,0.11183572],[9.67828321,0.11197424],[9.66917121,0.11055768],[9.66445672,0.1119951],[9.66130066,0.11565387],[9.65536487,0.12844753],[9.65080595,0.1307739],[9.64971864,0.13561988],[9.64735305,0.13797605],[9.64687324,0.14275408],[9.64558184,0.14722538],[9.63266695,0.15183723],[9.62673235,0.15335715],[9.62394595,0.15325201],[9.62274265,0.15240896],[9.61937964,0.14693022],[9.61896205,0.14485013],[9.61225557,0.14051724],[9.61002851,0.13423693],[9.60953593,0.13399315],[9.60810256,0.13341665],[9.60478628,0.13126802],[9.60001171,0.13316035],[9.59356546,0.12971365],[9.59156322,0.12611973],[9.59127104,0.12449086],[9.59139752,0.11244404],[9.60291934,0.06985211],[9.60242808,0.05817544],[9.60398924,0.05488265],[9.60484254,0.04438877],[9.60104835,0.01720345],[9.60069871,0.01626492],[9.59902596,0.01357663],[9.59090734,0.00489283],[9.58928573,0],[9.58847857,-0.00209248],[9.58860111,-0.00546813],[9.5857861,-0.00879323],[9.58490551,-0.00818241],[9.58758295,-0.00235093],[9.58789062,0],[9.58970177,0.00628555],[9.59578645,0.01204264],[9.59732914,0.01464474],[9.59759414,0.01534987],[9.59954464,0.02339625],[9.60013783,0.02649248],[9.60147095,0.04529595],[9.60147095,0.04789245],[9.59998548,0.05580032],[9.59521472,0.05409646],[9.59183681,0.04922855],[9.58923531,0.04253638],[9.58898616,0.03155923],[9.58884311,0.03131247],[9.58558381,0.02660096],[9.58017528,0.02067792],[9.57693803,0.01831424],[9.57495165,0.01811135],[9.5727694,0.01547492],[9.57199192,0.01562071],[9.57152915,0.01657605],[9.57329476,0.01838601],[9.57514775,0.01874912],[9.57770097,0.02232766],[9.58351541,0.02541304],[9.58590877,0.0285778],[9.58886194,0.04539776],[9.59352303,0.05401194],[9.59844124,0.05871415],[9.59953904,0.06204975],[9.59640408,0.07642984],[9.59183502,0.08831632],[9.59094465,0.09373355],[9.58495951,0.10732996],[9.58642292,0.11250627],[9.58266497,0.12801278],[9.58355653,0.12999427],[9.58367574,0.1356672],[9.58315074,0.13768256],[9.58071625,0.14468574],[9.57819843,0.14769852],[9.57669437,0.15266335],[9.57139242,0.15580595],[9.56494105,0.15740144],[9.56450105,0.15890455],[9.56144047,0.16096413],[9.55883038,0.16191912],[9.55560374,0.16227365],[9.55120635,0.16185975],[9.54090536,0.16475475],[9.52861464,0.16464996],[9.52128184,0.16780496],[9.5160861,0.17240214],[9.51482713,0.17278457],[9.51341104,0.17267311],[9.51133513,0.1715579],[9.5094403,0.16965115],[9.50598025,0.16556132],[9.50488007,0.16337454],[9.50308883,0.15623176],[9.50004363,0.1551969],[9.49364924,0.14987385],[9.49388981,0.14281428],[9.49877596,0.13621306],[9.50008714,0.1321336],[9.49966514,0.12041712],[9.50206625,0.11671448],[9.50587213,0.11546063],[9.50397873,0.10987854],[9.50576866,0.10219145],[9.50639296,0.08857095],[9.50488615,0.08767855],[9.50116742,0.08976793],[9.50068665,0.08968842],[9.49916637,0.08881462],[9.49883223,0.08812594],[9.49866676,0.08635604],[9.49964595,0.07580721],[9.49869645,0.06631744],[9.50140238,0.05816817],[9.50162041,0.05413401],[9.50149632,0.05370545],[9.49895287,0.04988837],[9.49867225,0.05767405],[9.49728966,0.06044126],[9.49686015,0.06026781],[9.49290395,0.05422366],[9.4921875,0.05385041],[9.48757482,0.05185902],[9.48535144,0.04994404],[9.48357761,0.04808784],[9.4828428,0.04692936],[9.48076153,0.04190671],[9.47506511,0.03973281],[9.47470105,0.03996992],[9.47450995,0.0409888],[9.48369443,0.04997265],[9.48612332,0.05208075],[9.49033213,0.05445135],[9.49103892,0.05515838],[9.4921875,0.05747771],[9.49354172,0.06040585],[9.49553573,0.07045186],[9.49533367,0.07997024],[9.49625623,0.08331776],[9.49621475,0.09022856],[9.49586582,0.09343076],[9.4921875,0.09988844],[9.4921875,0.10072541],[9.48793602,0.10331237],[9.48425865,0.10296166],[9.48350525,0.10532367],[9.48152125,0.10615361],[9.4638164,0.10782754],[9.45377862,0.09874237],[9.45367575,0.09704316],[9.44851327,0.08958662],[9.44571686,0.08680618],[9.44348836,0.08681238],[9.44336486,0.08724761],[9.44452214,0.09143674],[9.44911778,0.09453726],[9.44877863,0.0952754],[9.44564056,0.09425604],[9.44527078,0.09446526],[9.44576991,0.09588623],[9.44617641,0.09635711],[9.45461524,0.10188341],[9.4621309,0.10897374],[9.46539557,0.10987008],[9.47753894,0.10840344],[9.48477554,0.11477601],[9.48486233,0.11523223],[9.48459995,0.11859751],[9.48083174,0.12653255],[9.48066604,0.13184845],[9.47917235,0.13657534],[9.46396518,0.16498637],[9.45783436,0.1753422],[9.45731032,0.17578125],[9.45703125,0.17578125],[9.45302916,0.18077111],[9.45132053,0.18126845],[9.44904292,0.18040335],[9.44599783,0.17745554],[9.44614947,0.17578125],[9.44346535,0.17886961],[9.44317508,0.17897534],[9.44187546,0.17919254],[9.43861985,0.17799318],[9.43861604,0.17578125],[9.43870091,0.16978645],[9.43856311,0.16892564],[9.43481302,0.16051686],[9.43160284,0.13843644],[9.42416728,0.13195384],[9.42150676,0.13097],[9.43114531,0.13993013],[9.43321991,0.15939486],[9.43774951,0.17010105],[9.43722093,0.17578125],[9.43798614,0.18324852],[9.43670738,0.18969154],[9.43376195,0.1952157],[9.42944527,0.19788694],[9.42847085,0.20053041],[9.42589045,0.20207286],[9.42502177,0.20481694],[9.42336392,0.20592761],[9.41952777,0.20687544],[9.41798246,0.20694697],[9.41669798,0.2065531],[9.41378522,0.20402658],[9.41286314,0.20278692],[9.40579808,0.19204485],[9.40542185,0.19124186],[9.40521967,0.18804872],[9.40620375,0.18431306],[9.40466356,0.1815294],[9.40457594,0.17578125],[9.40457261,0.17337465],[9.39859366,0.16684926],[9.40259171,0.17481065],[9.40262282,0.17578125],[9.40282834,0.18407536],[9.40230417,0.18634307],[9.40207875,0.18662846],[9.39729548,0.18899393],[9.39517081,0.19600725],[9.39613771,0.20444357],[9.39477003,0.20710754],[9.39289296,0.20801854],[9.39048553,0.20758915],[9.38527334,0.20326591],[9.37769461,0.19975054],[9.37682354,0.19816601],[9.37422502,0.18933356],[9.37568796,0.18674231],[9.37534225,0.18484366],[9.37710273,0.18144882],[9.37737882,0.17989588],[9.37715316,0.17642033],[9.37751114,0.17578125],[9.37779021,0.17578125],[9.37855208,0.17346156],[9.37768972,0.17332923],[9.37639511,0.17578125],[9.37621343,0.17620444],[9.37305701,0.17736745],[9.37517285,0.17838466],[9.37576234,0.18010342],[9.37470496,0.18415892],[9.3726269,0.18551815],[9.36951804,0.18543673],[9.36367238,0.18258977],[9.36244285,0.1797744],[9.36120701,0.17998254],[9.35983956,0.18153405],[9.36012244,0.18209863],[9.36590195,0.18663836],[9.36334252,0.19100726],[9.36735785,0.19375884],[9.36741745,0.19405508],[9.36708164,0.20375967],[9.36689746,0.20405853],[9.36628771,0.20428991],[9.36498475,0.20298481],[9.36190975,0.19693553],[9.36198604,0.20112062],[9.36598062,0.20566916],[9.36854351,0.20572984],[9.36894703,0.20218718],[9.37151813,0.20102203],[9.37985027,0.20315504],[9.38316512,0.20700991],[9.38070345,0.21424913],[9.38542712,0.21766484],[9.38695085,0.21976697],[9.3890748,0.22490656],[9.38909996,0.226668],[9.38971305,0.23377752],[9.38959825,0.23458576],[9.38802433,0.23859561],[9.38836312,0.24124324],[9.38789582,0.24233556],[9.38558495,0.24695241],[9.38492274,0.24746275],[9.38238656,0.24743187],[9.37922275,0.24598694],[9.38137853,0.24843192],[9.38218975,0.25245321],[9.3781296,0.25977552],[9.37971318,0.26879573],[9.37720203,0.28245795],[9.37644994,0.28499675],[9.37523866,0.28751743],[9.37222183,0.29154623],[9.36745691,0.29105485],[9.37087631,0.29473555],[9.37442565,0.29620492],[9.37647104,0.30160546],[9.37588775,0.30538726],[9.37820435,0.30739534],[9.3727529,0.31593072],[9.36738944,0.32183707],[9.36782968,0.32690954],[9.36218381,0.33380771],[9.36139226,0.33804643],[9.35537386,0.34578335],[9.35585904,0.35034585],[9.35546875,0.3515625],[9.35468805,0.35263705],[9.35399306,0.35273886],[9.35044634,0.3515625],[9.34988844,0.3515625],[9.33303642,0.33152473],[9.32796645,0.33023596],[9.31726515,0.33102465],[9.31664836,0.33067572],[9.31617475,0.32772148],[9.31563938,0.32705414],[9.31172585,0.32460845],[9.31156743,0.32417238],[9.31186545,0.31859195],[9.31120443,0.31339896],[9.31033432,0.31097472],[9.30912447,0.30895662],[9.30675852,0.3077867],[9.30405953,0.30781612],[9.30208755,0.30783761],[9.30161107,0.30641341],[9.30150056,0.30494964],[9.30168478,0.30410049],[9.30716944,0.27881873],[9.31330395,0.24142063],[9.31409025,0.23465347],[9.31442404,0.22560322],[9.31144595,0.2202028],[9.31144547,0.21979105],[9.31392455,0.20256245],[9.31371725,0.19295394],[9.31602526,0.18293536],[9.31575215,0.18007708],[9.31594837,0.17924833],[9.31752217,0.17578125],[9.32156134,0.16083455],[9.32303715,0.15848064],[9.32520056,0.14219391],[9.33002031,0.1274991],[9.32957983,0.1181215],[9.33044136,0.11309922],[9.33640766,0.09166133],[9.34145415,0.06819677],[9.34674203,0.03521967],[9.34737706,0],[9.34765625,0],[9.34567356,-0.01994371],[9.34178233,-0.03220856],[9.34158885,-0.03584552],[9.33935714,-0.04015255],[9.32792377,-0.04551184],[9.32666636,-0.05221426],[9.32619894,-0.05873346],[9.32777405,-0.06600165],[9.32914937,-0.10862386],[9.32924104,-0.11732686],[9.32865143,-0.13147342],[9.32692254,-0.15135884],[9.32552612,-0.15883172],[9.32138097,-0.17293477],[9.31957185,-0.17392814],[9.31863844,-0.17578125],[9.3184309,-0.17634273],[9.31191242,-0.20158315],[9.30903542,-0.20402431],[9.30566847,-0.20493305],[9.3049736,-0.20698357],[9.30410206,-0.24918425],[9.30279505,-0.26535392],[9.30351627,-0.26796806],[9.30246997,-0.27491295],[9.30120897,-0.27647865],[9.30113995,-0.28021348],[9.30321395,-0.31151342],[9.30321312,-0.31181216],[9.30285943,-0.32749236],[9.30245531,-0.33328676],[9.30022323,-0.3515625],[9.30019355,-0.35242724],[9.29405534,-0.38541925],[9.28815842,-0.4024111],[9.28010547,-0.42028821],[9.2703042,-0.43345141],[9.26000714,-0.45604062],[9.24925566,-0.47375536],[9.23770762,-0.48861432],[9.22833145,-0.49688888],[9.22438872,-0.49879825],[9.2157073,-0.50572455],[9.20790291,-0.51634753],[9.20428956,-0.52429557],[9.20424104,-0.52734375],[9.20308626,-0.53034437],[9.20057905,-0.53498936],[9.19639015,-0.54060566],[9.18430138,-0.55381215],[9.17226315,-0.56336641],[9.16483366,-0.56244016],[9.15814388,-0.56826913],[9.15895271,-0.57278645],[9.15718365,-0.58189285],[9.15374887,-0.5844655],[9.15332937,-0.58516765],[9.14978123,-0.59165144],[9.14960265,-0.59203243],[9.14740467,-0.59977245],[9.14573967,-0.60090375],[9.14547324,-0.60165906],[9.14403474,-0.60809195],[9.1410979,-0.61053395],[9.140625,-0.61160707],[9.140625,-0.61272323],[9.13908374,-0.61434233],[9.13124514,-0.61897087],[9.12771094,-0.62642062],[9.12541544,-0.62698996],[9.11979365,-0.6311537],[9.10961688,-0.63396573],[9.10495675,-0.63997448],[9.1048218,-0.64043605],[9.1051172,-0.64336395],[9.10532641,-0.64377642],[9.10817206,-0.64664841],[9.10408235,-0.64971626],[9.10541296,-0.66654193],[9.10552502,-0.66693068],[9.10774016,-0.67057073],[9.10864115,-0.67147136],[9.11181521,-0.67295361],[9.11141002,-0.67653072],[9.11247373,-0.68066514],[9.11636114,-0.68805695],[9.11801016,-0.69012725],[9.11986864,-0.69561231],[9.12426746,-0.69583726],[9.12830818,-0.69969165],[9.12973607,-0.70217073],[9.12974334,-0.703125],[9.12977266,-0.70318794],[9.13077247,-0.70760405],[9.13002193,-0.71882474],[9.13375771,-0.7265017],[9.13716924,-0.72518885],[9.13770485,-0.7257905],[9.13619137,-0.72884226],[9.13887835,-0.73917854],[9.13733995,-0.75029266],[9.140625,-0.75530136],[9.14372826,-0.76068425],[9.1480118,-0.76567161],[9.14837885,-0.76632452],[9.15238595,-0.77662086],[9.15924752,-0.785272],[9.16319001,-0.79230261],[9.16361392,-0.79330575],[9.16487002,-0.79907083],[9.16567385,-0.80815911],[9.16560304,-0.80936694],[9.16455245,-0.81354237],[9.16181004,-0.81921184],[9.16163838,-0.81945264],[9.15478623,-0.82421434],[9.15154314,-0.8286525],[9.14287794,-0.83086836],[9.14168036,-0.83942604],[9.14752531,-0.85400474],[9.14606977,-0.85925555],[9.14395463,-0.86226738],[9.14351475,-0.86575746],[9.14315605,-0.86596668],[9.14219952,-0.86575746],[9.14210427,-0.86306834],[9.14537525,-0.85504746],[9.140625,-0.84402895],[9.13887155,-0.84116077],[9.13873971,-0.84015095],[9.13903534,-0.83356071],[9.1395756,-0.83147681],[9.14048553,-0.82924104],[9.140625,-0.82924104],[9.140625,-0.82868302],[9.1431514,-0.82562304],[9.14564025,-0.82397354],[9.15469766,-0.82053661],[9.15995443,-0.81724191],[9.16293812,-0.81146896],[9.16322541,-0.80873322],[9.16318977,-0.80570674],[9.16150975,-0.79588985],[9.15513825,-0.78638351],[9.15298593,-0.78533316],[9.15062952,-0.78187466],[9.14755285,-0.78611553],[9.14604247,-0.78536344],[9.14645386,-0.78316963],[9.14704406,-0.78238773],[9.14955664,-0.78111661],[9.15010285,-0.78026831],[9.15031493,-0.77845848],[9.15019846,-0.77781618],[9.14401185,-0.77034271],[9.140625,-0.76506686],[9.14048076,-0.76456678],[9.13674808,-0.75738776],[9.13483083,-0.75179732],[9.13420045,-0.74707246],[9.13443196,-0.73315394],[9.12847924,-0.72334623],[9.11914063,-0.703125],[9.11886156,-0.703125],[9.11887717,-0.70267332],[9.11325204,-0.70030272],[9.11285341,-0.70012665],[9.11144865,-0.70070565],[9.10993302,-0.703125],[9.10965395,-0.703125],[9.10792828,-0.70719194],[9.10014153,-0.71470296],[9.10003304,-0.71494246],[9.10204065,-0.73818147],[9.10123146,-0.74649656],[9.10371077,-0.74937296],[9.09990275,-0.74973512],[9.09703386,-0.77097905],[9.09322155,-0.78143346],[9.09320545,-0.78967285],[9.09063852,-0.79419374],[9.08708835,-0.7975862],[9.08548057,-0.80331016],[9.08401108,-0.80360496],[9.08457243,-0.79896772],[9.08945155,-0.79334104],[9.09120893,-0.78949523],[9.09174263,-0.78217626],[9.09021974,-0.77975488],[9.08179855,-0.78786683],[9.07501388,-0.80048025],[9.0662353,-0.80840552],[9.06437945,-0.81391251],[9.0600183,-0.81794083],[9.05862331,-0.82073104],[9.05997407,-0.83088756],[9.05476427,-0.83501434],[9.05518591,-0.83720136],[9.05783057,-0.84028494],[9.05788016,-0.84217298],[9.05413854,-0.84464347],[9.05276477,-0.84872878],[9.05276382,-0.85166323],[9.05519927,-0.85827351],[9.05437136,-0.86007595],[9.05397725,-0.86008644],[9.0516479,-0.85560822],[9.05141115,-0.85190666],[9.05276382,-0.84531295],[9.05710876,-0.84082866],[9.05413246,-0.83746886],[9.05416977,-0.83437705],[9.05793142,-0.83164382],[9.05936718,-0.82920885],[9.05766666,-0.82354736],[9.0579648,-0.82044971],[9.06300652,-0.81405044],[9.06592166,-0.80673754],[9.07390678,-0.79940033],[9.07707465,-0.79168582],[9.08508933,-0.77840245],[9.09402847,-0.77192724],[9.09453416,-0.76361632],[9.09190965,-0.75566471],[9.08958447,-0.75458133],[9.09005356,-0.75349975],[9.09345472,-0.75232828],[9.09399724,-0.75125456],[9.09423137,-0.74636567],[9.09423602,-0.74580991],[9.09152496,-0.73383236],[9.09206581,-0.71541786],[9.09149027,-0.71284962],[9.09121156,-0.71218717],[9.08395123,-0.70554042],[9.07984591,-0.70396912],[9.07754135,-0.70392418],[9.07538795,-0.70508206],[9.07480896,-0.70551753],[9.06603551,-0.71777153],[9.05132926,-0.73349285],[9.04855704,-0.73743367],[9.04665744,-0.74164641],[9.04634535,-0.74265122],[9.04470956,-0.75403261],[9.03975606,-0.76161182],[9.04218292,-0.76871037],[9.05588758,-0.7784785],[9.05722725,-0.78249395],[9.0532068,-0.78846657],[9.04785371,-0.79104292],[9.04328775,-0.79509318],[9.02419984,-0.82464623],[9.02430296,-0.83995593],[9.02615547,-0.8502928],[9.02090764,-0.86779201],[9.02072155,-0.86909413],[9.02044785,-0.87591672],[9.02092636,-0.87890625],[9.02197135,-0.88414347],[9.02165174,-0.88604665],[9.02137625,-0.88680625],[9.01414955,-0.89455867],[9.01397705,-0.89479423],[9.01267827,-0.89775336],[9.01263165,-0.90205216],[9.01023364,-0.90899861],[9.01011646,-0.90988541],[9.01145303,-0.9189502],[9.01093316,-0.92586994],[9.01220977,-0.93315387],[9.01286435,-0.93486845],[9.02754605,-0.96000957],[9.03196657,-0.96327472],[9.03610766,-0.96927845],[9.04339802,-0.97122622],[9.04548097,-0.97257924],[9.04568124,-0.97291195],[9.0465461,-0.98566794],[9.05194044,-0.99789655],[9.05235863,-0.99857855],[9.05393374,-1.00037932],[9.06329966,-1.00180864],[9.06518376,-1.00316417],[9.06775987,-1.00978208],[9.06776834,-1.01730335],[9.06885755,-1.019786],[9.06936896,-1.02028441],[9.07996905,-1.02677774],[9.0807507,-1.02713597],[9.09968865,-1.03243315],[9.10003233,-1.03257871],[9.1106745,-1.03928864],[9.12599611,-1.04623961],[9.15548086,-1.04879785],[9.15971565,-1.04785264],[9.16861856,-1.04361343],[9.17309332,-1.04326642],[9.17643726,-1.04355621],[9.18545878,-1.04684556],[9.19005656,-1.04678547],[9.19547987,-1.04500747],[9.20184803,-1.04495502],[9.20278037,-1.04524267],[9.20626795,-1.04786062],[9.20703125,-1.0546875],[9.20731032,-1.0546875],[9.20833337,-1.05996656],[9.21472991,-1.06283486],[9.22201002,-1.06999981],[9.22787726,-1.07321036],[9.22869194,-1.07328904],[9.23147905,-1.07252812],[9.23289955,-1.0716629],[9.24513054,-1.06299782],[9.25152504,-1.06129313],[9.25220847,-1.06117678],[9.25753272,-1.06117666],[9.26735187,-1.06297088],[9.27383101,-1.06252944],[9.29620254,-1.06609774],[9.30759835,-1.06581604],[9.31005955,-1.06540096],[9.31545055,-1.06275094],[9.32226563,-1.0546875],[9.32254458,-1.0546875],[9.32312691,-1.05378747],[9.33408844,-1.04599595],[9.34012055,-1.04022825],[9.34718466,-1.03060722],[9.34880185,-1.02553165],[9.35198295,-1.02187645],[9.35504162,-1.01929021],[9.36719596,-1.01317215],[9.37614644,-1.00042534],[9.37816417,-0.99597025],[9.38148522,-0.99332511],[9.39026511,-0.99276876],[9.39861524,-0.99400115],[9.40125656,-0.99296427],[9.40344775,-0.99443924],[9.42723584,-0.99463654],[9.44142437,-0.99187887],[9.45071387,-0.99193788],[9.46115506,-0.99718022],[9.46681297,-0.99910557],[9.47314465,-1.00080633],[9.47516596,-1.00102747],[9.47899544,-1.00092244],[9.4921875,-0.99609375],[9.49626315,-0.99418986],[9.49671698,-0.9938724],[9.50329947,-0.98580527],[9.50418007,-0.98524427],[9.50685835,-0.98402893],[9.53244507,-0.97678638],[9.5328722,-0.97662675],[9.54601586,-0.96949291],[9.54801095,-0.97037232],[9.55942273,-0.96574891],[9.56653643,-0.96516717],[9.57853675,-0.95998216],[9.58410954,-0.95220137],[9.59052944,-0.95277464],[9.59866321,-0.95001745],[9.60237002,-0.94603086],[9.60572708,-0.93919492],[9.60865974,-0.93970263],[9.61857414,-0.93437946],[9.62397623,-0.93327987],[9.62881565,-0.93056548],[9.63011396,-0.93398798],[9.6317836,-0.93464291],[9.64049625,-0.93227196],[9.64153361,-0.93094134],[9.63849425,-0.92985737],[9.63117623,-0.93245375],[9.63034987,-0.92973936],[9.63471723,-0.92737913],[9.63765502,-0.92306101],[9.63798082,-0.92292655],[9.64024591,-0.92218351],[9.65294337,-0.9229058],[9.66024005,-0.91999042],[9.66283846,-0.91941607],[9.67520654,-0.91817331],[9.67802703,-0.91746736],[9.68260145,-0.91569722],[9.68605793,-0.91310334],[9.68654191,-0.91264272],[9.69295096,-0.90296721],[9.69449174,-0.90130961],[9.70976448,-0.88716364],[9.71137965,-0.88459635],[9.71205354,-0.87890625],[9.71237063,-0.87824666],[9.72383797,-0.86953092],[9.72726166,-0.87184894],[9.72666824,-0.87211513],[9.72352874,-0.87707376],[9.72365403,-0.87719667],[9.72674596,-0.87548447],[9.72901535,-0.87282801],[9.73017466,-0.87374103],[9.72983944,-0.87448692],[9.73019028,-0.87468123],[9.73262966,-0.87438536],[9.73623824,-0.87639284],[9.73158467,-0.87890625],[9.72268832,-0.88312244],[9.72123194,-0.88738823],[9.70891225,-0.90190375],[9.70704675,-0.90829814],[9.70163572,-0.91645741],[9.69129014,-0.92388392],[9.68031585,-0.92737043],[9.67731905,-0.92716885],[9.6597594,-0.93182886],[9.64962101,-0.93306756],[9.64163184,-0.93829882],[9.63446903,-0.94136584],[9.62572193,-0.94159436],[9.61895955,-0.94542587],[9.60506821,-0.95737004],[9.5869261,-0.96854985],[9.57245052,-0.97319722],[9.56508803,-0.97678626],[9.54729331,-0.97966123],[9.54119825,-0.98246014],[9.53132486,-0.98949134],[9.51983106,-0.99990773],[9.51976585,-1.00211668],[9.52578902,-1.00058627],[9.52831244,-0.99835157],[9.5300374,-0.99342525],[9.53415692,-0.99137235],[9.53790891,-0.99123645],[9.54248583,-0.98770905],[9.55260813,-0.98833704],[9.55968952,-0.99549735],[9.55797875,-1.00080502],[9.55545855,-1.00091231],[9.55214095,-1.00280404],[9.55162263,-1.00465536],[9.55300963,-1.0050081],[9.54995441,-1.00687742],[9.54866505,-1.01024425],[9.54922926,-1.01164222],[9.55100954,-1.00908136],[9.55000103,-1.01300597],[9.54413593,-1.01315844],[9.54979992,-1.01740944],[9.54890156,-1.01998222],[9.55041695,-1.02166271],[9.55061781,-1.02435446],[9.54815924,-1.02627957],[9.54809022,-1.02816427],[9.54673564,-1.02597797],[9.5458678,-1.02843356],[9.54362488,-1.02808797],[9.54279697,-1.02982104],[9.54141021,-1.02932322],[9.53983665,-1.03122354],[9.5385102,-1.03032196],[9.54022777,-1.02927887],[9.54041302,-1.02794087],[9.53798473,-1.0267781],[9.53571522,-1.02169597],[9.5330528,-1.02165115],[9.53166854,-1.02371645],[9.52859974,-1.02376795],[9.52820885,-1.02264917],[9.52134526,-1.01917696],[9.51858532,-1.01947773],[9.52031434,-1.00946498],[9.51786375,-1.00392306],[9.51523554,-1.00383115],[9.50352335,-1.00906634],[9.50298238,-1.00913274],[9.4921875,-1.0078125],[9.4859544,-1.00717461],[9.46448827,-1.02199531],[9.45933151,-1.02418792],[9.45018685,-1.02371085],[9.44243836,-1.02517605],[9.43458045,-1.03187931],[9.42620504,-1.03509104],[9.42239678,-1.03984821],[9.42236197,-1.04408646],[9.42466521,-1.0546875],[9.42513585,-1.06017017],[9.42333686,-1.06599224],[9.42081821,-1.07108104],[9.41626465,-1.07798552],[9.41479492,-1.07969451],[9.41254878,-1.08170176],[9.41003585,-1.08319962],[9.40273237,-1.086187],[9.38658464,-1.08947372],[9.37783384,-1.09007037],[9.37283015,-1.09554684],[9.37272644,-1.0959357],[9.38155854,-1.09897494],[9.38250387,-1.09841394],[9.38406515,-1.09196746],[9.38460577,-1.09163153],[9.39344263,-1.09117377],[9.39401245,-1.09137356],[9.39435542,-1.09375775],[9.39735425,-1.0981884],[9.40068376,-1.09815931],[9.40081787,-1.10209],[9.41283405,-1.10764623],[9.41728056,-1.11184883],[9.42442775,-1.11279178],[9.42738175,-1.11471236],[9.43153501,-1.11472738],[9.43327713,-1.11157346],[9.43962073,-1.10688305],[9.44136155,-1.10701513],[9.44254148,-1.10877633],[9.45403123,-1.10912621],[9.45937335,-1.11092091],[9.46983278,-1.11063898],[9.47135127,-1.10879684],[9.47212541,-1.11088395],[9.47344136,-1.11144066],[9.47217321,-1.10741401],[9.47542703,-1.10784435],[9.47679555,-1.10633087],[9.47910798,-1.10978627],[9.48323321,-1.10895956],[9.48295283,-1.11019421],[9.48714757,-1.1130234],[9.48739445,-1.11453235],[9.48425877,-1.11990595],[9.48524106,-1.12209117],[9.48964918,-1.12565112],[9.49081326,-1.12899351],[9.4921875,-1.12918532],[9.49379373,-1.12904847],[9.49483585,-1.13124871],[9.49870086,-1.13098705],[9.50044358,-1.1321913],[9.50054002,-1.13255966],[9.49768364,-1.13364255],[9.49653113,-1.13181233],[9.49514091,-1.13187051],[9.49320531,-1.13322401],[9.49303174,-1.13575721],[9.50135243,-1.13776708],[9.50322235,-1.13947785],[9.50623822,-1.13776934],[9.50645936,-1.13243473],[9.50572395,-1.13115692],[9.50148201,-1.13557816],[9.50075388,-1.13349545],[9.50374365,-1.12963867],[9.50940597,-1.12993825],[9.51003051,-1.12889886],[9.50871122,-1.12792206],[9.50904727,-1.12598097],[9.51604354,-1.12667406],[9.51809645,-1.12899244],[9.52743638,-1.12726402],[9.52969301,-1.12851393],[9.52995765,-1.13165796],[9.53284025,-1.13179743],[9.53359914,-1.13092566],[9.53167701,-1.12883842],[9.53223658,-1.12742531],[9.54563487,-1.12422323],[9.54918194,-1.12096536],[9.54899895,-1.11891615],[9.55134952,-1.11780345],[9.55433595,-1.11687875],[9.55912185,-1.11792827],[9.55926836,-1.11815751],[9.56019425,-1.12262821],[9.55780101,-1.12878156],[9.55955577,-1.13345051],[9.56137741,-1.13501716],[9.56038415,-1.13723254],[9.55155635,-1.13699222],[9.54937911,-1.13491034],[9.54935575,-1.13155603],[9.54700768,-1.12847316],[9.54079855,-1.12938023],[9.53883636,-1.132218],[9.52681255,-1.13799882],[9.52559817,-1.14680493],[9.52342486,-1.15301633],[9.52069795,-1.153813],[9.51732278,-1.15720403],[9.51752675,-1.15814853],[9.52163124,-1.15884948],[9.52558506,-1.16179943],[9.52573001,-1.16882157],[9.52672386,-1.17098308],[9.52469385,-1.17700195],[9.52532721,-1.17948282],[9.52452052,-1.18051934],[9.52446341,-1.17903936],[9.52057195,-1.17897642],[9.52011716,-1.18489778],[9.51687467,-1.18718648],[9.51662862,-1.18730652],[9.51264501,-1.18765605],[9.507375,-1.19049954],[9.50192273,-1.18792343],[9.50128055,-1.1807059],[9.50334775,-1.17960691],[9.50095594,-1.17696774],[9.50467062,-1.17536986],[9.50488603,-1.17373312],[9.50128496,-1.17086363],[9.49764121,-1.17209244],[9.49880993,-1.16834605],[9.49869502,-1.16798306],[9.49426878,-1.16399705],[9.49490583,-1.16111696],[9.49435222,-1.15855813],[9.49296224,-1.15550995],[9.4921875,-1.15513384],[9.48926437,-1.15488565],[9.48698056,-1.15586627],[9.48652875,-1.15624237],[9.4836297,-1.16074574],[9.48046196,-1.16052568],[9.47826946,-1.15917921],[9.47764993,-1.15604901],[9.47308016,-1.15109861],[9.47123158,-1.14550591],[9.46608293,-1.13969648],[9.45470548,-1.13931322],[9.45404065,-1.14030945],[9.44845891,-1.13768291],[9.44758534,-1.12981248],[9.44374931,-1.12999964],[9.43493783,-1.12745571],[9.42672062,-1.12330735],[9.42230284,-1.11905873],[9.41555154,-1.11807585],[9.41321444,-1.11667395],[9.41109884,-1.11739373],[9.40743124,-1.11633825],[9.40714347,-1.11619365],[9.40653455,-1.11341012],[9.40624976,-1.112939],[9.40436995,-1.11149013],[9.39567661,-1.10873902],[9.39401364,-1.10603285],[9.39460027,-1.10402203],[9.39373255,-1.10269916],[9.39311421,-1.10234356],[9.38580716,-1.09976101],[9.38541555,-1.09974885],[9.38506424,-1.10022497],[9.38688505,-1.10172868],[9.39047205,-1.10257065],[9.39094675,-1.10351765],[9.38426745,-1.10248184],[9.38385153,-1.10235083],[9.37703371,-1.09796464],[9.37268984,-1.09675217],[9.35795105,-1.09340727],[9.35170186,-1.09291291],[9.34554195,-1.09379804],[9.34333587,-1.09480453],[9.33513355,-1.10124671],[9.33441746,-1.10149467],[9.32742751,-1.10212052],[9.32159853,-1.10175693],[9.31427813,-1.10012901],[9.31366241,-1.09992492],[9.30893695,-1.09723711],[9.30076981,-1.09465265],[9.29141271,-1.09299445],[9.27756667,-1.10078156],[9.26864398,-1.10181165],[9.25661933,-1.09807825],[9.24795222,-1.09350038],[9.24035633,-1.09087324],[9.23068261,-1.0903722],[9.22347343,-1.08925498],[9.22106683,-1.08880198],[9.21573794,-1.08678162],[9.20693207,-1.08573163],[9.20601344,-1.08573186],[9.20310605,-1.08626103],[9.20060802,-1.08752263],[9.19688666,-1.09048843],[9.19026375,-1.09762657],[9.18328941,-1.09882975],[9.17752814,-1.10111284],[9.15945828,-1.11550164],[9.15615725,-1.11667013],[9.15348268,-1.12056625],[9.15323925,-1.12170517],[9.15336967,-1.12299466],[9.15566194,-1.12539756],[9.15646446,-1.12803292],[9.15257382,-1.13338804],[9.15167105,-1.13657212],[9.15315115,-1.15494275],[9.15209424,-1.15809202],[9.15203524,-1.16718352],[9.14787936,-1.18205905],[9.14767241,-1.18698311],[9.14793158,-1.18864977],[9.15119624,-1.19665265],[9.1528362,-1.20773578],[9.15690517,-1.21445358],[9.15719712,-1.21474195],[9.15922725,-1.21566772],[9.16114354,-1.21563745],[9.16691101,-1.21436524],[9.17200053,-1.21487308],[9.1758486,-1.21602428],[9.17929673,-1.21730685],[9.18040442,-1.21796334],[9.18771863,-1.2238816],[9.18847585,-1.22510076],[9.18973207,-1.23046875],[9.19001114,-1.23046875],[9.19001114,-1.25655675],[9.19316888,-1.26955223],[9.19328356,-1.27028322],[9.19306564,-1.27342832],[9.19078124,-1.28104055],[9.18942356,-1.28417957],[9.17682767,-1.30648446],[9.17228234,-1.32046175],[9.17193365,-1.32109058],[9.16816115,-1.32553124],[9.16498601,-1.32769251],[9.16245568,-1.33158457],[9.15957534,-1.34783435],[9.15544236,-1.35225987],[9.1525712,-1.35841966],[9.14360738,-1.36738455],[9.140625,-1.36914063],[9.13920987,-1.36989784],[9.13046563,-1.37026191],[9.12393796,-1.37592745],[9.12310994,-1.37934196],[9.12465095,-1.3850975],[9.12440574,-1.38738787],[9.12421215,-1.38798201],[9.12312186,-1.38949633],[9.11897016,-1.39239514],[9.11813402,-1.3941853],[9.11862385,-1.39518297],[9.12649405,-1.39866054],[9.12685478,-1.39879465],[9.13021004,-1.39898086],[9.13197541,-1.39718175],[9.13202035,-1.39466846],[9.12946963,-1.39354014],[9.12870002,-1.39014018],[9.13052106,-1.38521361],[9.13022137,-1.37901592],[9.13057244,-1.37829614],[9.13205254,-1.37738335],[9.13541555,-1.37656236],[9.13746047,-1.37417674],[9.13790596,-1.37421644],[9.13750231,-1.38857937],[9.140625,-1.38783467],[9.14796305,-1.38630486],[9.14780128,-1.38300741],[9.14791846,-1.38234651],[9.14913595,-1.37963593],[9.14948595,-1.37921333],[9.15752053,-1.37181532],[9.15989065,-1.3676455],[9.16230094,-1.36688054],[9.16366053,-1.36738467],[9.16481876,-1.36899304],[9.16456926,-1.37436354],[9.16169894,-1.37998045],[9.16456068,-1.37962043],[9.16608751,-1.38272643],[9.1720376,-1.38423967],[9.17671526,-1.38766551],[9.17547917,-1.39212716],[9.16967523,-1.39775634],[9.16880584,-1.40625],[9.16866052,-1.40694678],[9.16580594,-1.41432953],[9.16603124,-1.41508031],[9.16635394,-1.41555035],[9.17261505,-1.4183495],[9.17313397,-1.43050671],[9.17766416,-1.43269086],[9.17799962,-1.43293941],[9.18088496,-1.43582976],[9.18282306,-1.43934286],[9.1834563,-1.44155824],[9.1795274,-1.45066726],[9.17956364,-1.45137918],[9.18000007,-1.45187736],[9.19640565,-1.45505846],[9.19982708,-1.44541025],[9.20154655,-1.44363856],[9.20369935,-1.44367754],[9.21157002,-1.45143866],[9.21862864,-1.44885755],[9.22217321,-1.45117521],[9.22430205,-1.45460653],[9.22584593,-1.46027708],[9.22621477,-1.46024275],[9.22978735,-1.4580549],[9.23468184,-1.4531064],[9.23935092,-1.45260394],[9.23926842,-1.44817162],[9.23692322,-1.44634831],[9.23676908,-1.44138622],[9.23782706,-1.43901324],[9.242751,-1.43680882],[9.24365997,-1.43403947],[9.24818742,-1.42832494],[9.25577354,-1.42733443],[9.25032246,-1.41562486],[9.25007105,-1.41452098],[9.250651,-1.41258085],[9.25096262,-1.41220105],[9.25410962,-1.40943468],[9.25463891,-1.40933597],[9.25750494,-1.41265297],[9.264346,-1.41295731],[9.26674414,-1.41065085],[9.27131093,-1.40980852],[9.27242196,-1.40927637],[9.27302957,-1.40850806],[9.27315843,-1.40625],[9.27185464,-1.40462303],[9.26925135,-1.40252531],[9.26597714,-1.40386152],[9.26332188,-1.40052855],[9.26315725,-1.40009606],[9.26299381,-1.39844966],[9.26321626,-1.39803636],[9.26559198,-1.39774775],[9.26646411,-1.39443707],[9.26853073,-1.39288294],[9.26888645,-1.39274502],[9.27445126,-1.39278257],[9.27493477,-1.3920387],[9.27848232,-1.39232862],[9.28539467,-1.39373505],[9.28719485,-1.39484286],[9.28860283,-1.39655912],[9.28715181,-1.39866257],[9.28710926,-1.40583146],[9.28738844,-1.40625],[9.28766727,-1.40625],[9.29284871,-1.41118956],[9.29887915,-1.42001426],[9.30085123,-1.42157555],[9.30172336,-1.4217298],[9.30296683,-1.42152154],[9.30618477,-1.41878724],[9.30692887,-1.41860116],[9.31355071,-1.41848683],[9.31573725,-1.41576314],[9.31994855,-1.41342437],[9.32942986,-1.41372156],[9.33155191,-1.41179764],[9.33268797,-1.40944827],[9.33277857,-1.40916395],[9.33203125,-1.40625],[9.33301985,-1.40334737],[9.33135927,-1.40165508],[9.33142376,-1.4000802],[9.33271897,-1.39729547],[9.33538854,-1.39564395],[9.33513045,-1.39388251],[9.33891106,-1.38853395],[9.33540976,-1.38511884],[9.33509004,-1.38099897],[9.34082282,-1.38090491],[9.34195781,-1.37765753],[9.34098506,-1.37594295],[9.34098732,-1.37542784],[9.34193707,-1.37373304],[9.34178126,-1.37322307],[9.33922505,-1.37166595],[9.33681631,-1.36835206],[9.33587837,-1.36424637],[9.32945573,-1.35052753],[9.32403135,-1.32803071],[9.32380962,-1.324687],[9.32386696,-1.32412982],[9.3251934,-1.32134175],[9.32558572,-1.32083166],[9.32805765,-1.31904995],[9.33251035,-1.31766415],[9.33529186,-1.31721306],[9.33803022,-1.31808746],[9.3410629,-1.32169378],[9.34534061,-1.32314873],[9.34477496,-1.3258177],[9.3462429,-1.32740366],[9.34416485,-1.32969105],[9.34400356,-1.33501625],[9.33908451,-1.33829665],[9.33856797,-1.3397156],[9.34520471,-1.34937716],[9.34359825,-1.35199833],[9.34634674,-1.35761511],[9.34646487,-1.36160731],[9.34672534,-1.36209321],[9.34848273,-1.36363888],[9.35361421,-1.36586857],[9.35392892,-1.36592901],[9.35833216,-1.36594045],[9.36215925,-1.3629173],[9.36337256,-1.36443162],[9.36348891,-1.36564195],[9.36251175,-1.36956275],[9.35970986,-1.37454414],[9.35715354,-1.37760746],[9.35396814,-1.37864864],[9.35009408,-1.38383281],[9.35121405,-1.39220536],[9.34911871,-1.3962965],[9.35093307,-1.40218294],[9.35044634,-1.40625],[9.35048044,-1.40671635],[9.34905136,-1.40625],[9.34877217,-1.40625],[9.34704936,-1.40859926],[9.34376955,-1.40844345],[9.34125042,-1.41215575],[9.34427845,-1.42260003],[9.34426784,-1.43117583],[9.34395421,-1.43376625],[9.34380984,-1.43429112],[9.34095967,-1.43715036],[9.34050143,-1.43939185],[9.33568168,-1.44345784],[9.33512795,-1.44380116],[9.33067596,-1.44367027],[9.32758772,-1.44722545],[9.32655454,-1.44760954],[9.3217473,-1.44843841],[9.31978655,-1.44806743],[9.31876588,-1.44779503],[9.31448746,-1.44485557],[9.31285036,-1.44201934],[9.31416643,-1.43922186],[9.31252527,-1.43872404],[9.31071556,-1.43993545],[9.30978918,-1.44424951],[9.30586827,-1.44708133],[9.30581474,-1.44961107],[9.30429053,-1.45112574],[9.30058825,-1.45140195],[9.29801953,-1.44959295],[9.29720235,-1.44723046],[9.29279983,-1.45058107],[9.29121017,-1.45106661],[9.29011965,-1.44996321],[9.28690982,-1.45182538],[9.28337216,-1.45151973],[9.28245211,-1.45363736],[9.2851119,-1.45786762],[9.28600216,-1.46296716],[9.28907025,-1.46479452],[9.29124534,-1.46543884],[9.29256213,-1.46462905],[9.29363716,-1.46553123],[9.29118145,-1.47035265],[9.29730356,-1.47534311],[9.29702544,-1.47961676],[9.29845405,-1.48004782],[9.30122387,-1.47842658],[9.30401516,-1.48106623],[9.30489576,-1.48349655],[9.30428052,-1.49096823],[9.29566276,-1.49856544],[9.29148126,-1.49809384],[9.29073095,-1.4987396],[9.29081404,-1.50266695],[9.29051112,-1.50299732],[9.29029048,-1.50323796],[9.28953397,-1.50357091],[9.28442192,-1.50418961],[9.28321626,-1.50299732],[9.28138173,-1.50118315],[9.26997352,-1.50080752],[9.26591527,-1.49954164],[9.26695645,-1.49725282],[9.26657248,-1.49509096],[9.26474845,-1.49424696],[9.26574206,-1.49349356],[9.27225196,-1.49320436],[9.27539492,-1.49562645],[9.27713704,-1.49420095],[9.2820847,-1.49414432],[9.27912176,-1.48666275],[9.27056634,-1.47961116],[9.26847315,-1.47419345],[9.26885295,-1.47276187],[9.26769185,-1.47210896],[9.26092267,-1.47218537],[9.24176896,-1.46554697],[9.23692715,-1.46911252],[9.23177087,-1.47865784],[9.23166585,-1.47900248],[9.23310566,-1.48474216],[9.23360705,-1.48571944],[9.23693383,-1.48891306],[9.24644971,-1.49055815],[9.2539376,-1.49406815],[9.25929058,-1.49251831],[9.26384032,-1.49347627],[9.26325548,-1.49900377],[9.2528975,-1.50020731],[9.24957943,-1.5015161],[9.24825596,-1.50299732],[9.24737418,-1.50398421],[9.24781024,-1.51144004],[9.25048256,-1.51575637],[9.24991143,-1.52644575],[9.25000632,-1.52680075],[9.2518301,-1.52993965],[9.26335514,-1.53387105],[9.26796031,-1.53830397],[9.27261376,-1.54083192],[9.27637565,-1.53948653],[9.27402782,-1.53186321],[9.27403855,-1.53149426],[9.27534413,-1.53135765],[9.27589238,-1.53175366],[9.27630532,-1.53265536],[9.27592444,-1.53571475],[9.27847922,-1.53859043],[9.28088021,-1.53954744],[9.2811197,-1.53993225],[9.28497231,-1.54946196],[9.28536522,-1.55481267],[9.28525972,-1.55537117],[9.27951968,-1.56318986],[9.27906525,-1.56399763],[9.27873886,-1.56682467],[9.28279042,-1.57305121],[9.28469133,-1.57904351],[9.28683031,-1.58203125],[9.28831208,-1.58347714],[9.28872263,-1.58638644],[9.28904605,-1.58681166],[9.29424965,-1.59075773],[9.29312217,-1.60019565],[9.29574013,-1.60685003],[9.29625833,-1.60743666],[9.29787624,-1.60822797],[9.30175781,-1.60825884],[9.31148922,-1.60677397],[9.31342053,-1.60843766],[9.31356585,-1.61187363],[9.31510472,-1.61403573],[9.32041514,-1.61629355],[9.32110286,-1.61625636],[9.32236576,-1.61345196],[9.32530177,-1.61142445],[9.32558107,-1.61092806],[9.32563722,-1.60806811],[9.32824647,-1.60640585],[9.33217704,-1.60978663],[9.34106135,-1.61056554],[9.34471595,-1.60756016],[9.35013115,-1.60545194],[9.35131943,-1.60173762],[9.35609186,-1.59975433],[9.35690343,-1.59559727],[9.3607589,-1.5935055],[9.36697364,-1.59462523],[9.37213314,-1.59837747],[9.37527084,-1.59773195],[9.38265216,-1.59873915],[9.38650191,-1.5961833],[9.39716661,-1.59425652],[9.40039814,-1.58940542],[9.40094435,-1.58396816],[9.40111995,-1.58373487],[9.40373886,-1.58203125],[9.40429676,-1.58203125],[9.41195524,-1.57863367],[9.41717231,-1.57105684],[9.42370236,-1.56512201],[9.42795157,-1.56284106],[9.43382025,-1.56239092],[9.43961191,-1.55822515],[9.44258201,-1.55744815],[9.44566715,-1.55484617],[9.44584394,-1.55445385],[9.44689941,-1.55131388],[9.44657564,-1.54597116],[9.44631135,-1.54516613],[9.44192028,-1.53949857],[9.43606532,-1.52627754],[9.43592095,-1.52601004],[9.43323851,-1.52332628],[9.43310225,-1.52293634],[9.43296385,-1.51433122],[9.43189025,-1.51106656],[9.43474495,-1.50557375],[9.43737614,-1.50557482],[9.43922996,-1.50797975],[9.44049501,-1.50790465],[9.44208702,-1.50299732],[9.44268906,-1.50114155],[9.45298445,-1.4963603],[9.45550835,-1.49652541],[9.4558444,-1.49657631],[9.45920324,-1.49961364],[9.45851805,-1.50299732],[9.45798206,-1.5056442],[9.45945907,-1.50851631],[9.45972502,-1.50890303],[9.46676397,-1.51153541],[9.46800625,-1.5147289],[9.47084248,-1.51339281],[9.47675526,-1.5134747],[9.48143542,-1.5142585],[9.48312187,-1.51591957],[9.48549104,-1.52804124],[9.48583055,-1.54494762],[9.48692036,-1.54896283],[9.49031723,-1.55152714],[9.49182081,-1.55668044],[9.49126887,-1.56408668],[9.48629093,-1.57154918],[9.48525846,-1.57353461],[9.48451531,-1.57630146],[9.48461807,-1.57737911],[9.48828125,-1.58203125],[9.48992574,-1.58417165],[9.4921875,-1.58956456],[9.49233305,-1.58956242],[9.49299717,-1.59054351],[9.49355078,-1.59484315],[9.49355304,-1.59709537],[9.49265182,-1.60406518],[9.49663055,-1.60852814],[9.49690092,-1.60919631],[9.49769223,-1.61204016],[9.4975841,-1.61390996],[9.49576712,-1.61601961],[9.49596584,-1.61671495],[9.49905646,-1.62080133],[9.50404573,-1.62444186],[9.51013136,-1.62506557],[9.52031064,-1.6294564],[9.53522944,-1.63032937],[9.54697716,-1.63495517],[9.56274271,-1.63718736],[9.56372118,-1.63856244],[9.56269026,-1.63917196],[9.55628645,-1.63819146],[9.55458248,-1.63852096],[9.55413795,-1.63982284],[9.55929446,-1.64009643],[9.5698446,-1.64359832],[9.57220721,-1.64589715],[9.57798636,-1.64679277],[9.58479297,-1.64947677],[9.58827865,-1.64936495],[9.58633387,-1.65066183],[9.58333004,-1.65066075],[9.56499314,-1.64375865],[9.55308068,-1.64093351],[9.53993845,-1.64082944],[9.52387762,-1.63876295],[9.51885176,-1.63876605],[9.51738405,-1.63888562],[9.51459634,-1.6409682],[9.5090245,-1.6422708],[9.50074947,-1.64226913],[9.4921875,-1.64034593],[9.48758733,-1.63984394],[9.47945321,-1.64278603],[9.47146726,-1.64153385],[9.4608469,-1.63808346],[9.45981455,-1.63794947],[9.45791805,-1.63790727],[9.45651722,-1.63947356],[9.45243478,-1.63997793],[9.44073331,-1.6375246],[9.43979704,-1.63724244],[9.42578924,-1.6308434],[9.41643107,-1.63272822],[9.41613126,-1.63286197],[9.41465056,-1.63432574],[9.41403246,-1.63695157],[9.41557765,-1.63836241],[9.42767274,-1.64235425],[9.43296194,-1.64624906],[9.43056774,-1.64845192],[9.43269765,-1.65190005],[9.43150365,-1.65444291],[9.43174386,-1.65703273],[9.42652345,-1.66045082],[9.42596304,-1.66180456],[9.42613351,-1.67038751],[9.42387784,-1.67404103],[9.42672551,-1.67706955],[9.42667937,-1.68011546],[9.42289555,-1.68391836],[9.42080486,-1.68851078],[9.42283452,-1.69206655],[9.42288685,-1.69520712],[9.42443764,-1.69691062],[9.42785013,-1.69889271],[9.4337821,-1.69886231],[9.43523777,-1.70282531],[9.43483532,-1.70740294],[9.43208861,-1.71465945],[9.42519736,-1.71765876],[9.42497361,-1.72472692],[9.42702401,-1.72812235],[9.42712343,-1.72855794],[9.42673767,-1.72949195],[9.42631412,-1.72958207],[9.42444634,-1.72807586],[9.42210364,-1.72371626],[9.42198944,-1.71878743],[9.43006182,-1.71203101],[9.43158042,-1.70330036],[9.41955984,-1.70085335],[9.41384256,-1.69421005],[9.40531325,-1.69024777],[9.40145063,-1.68473017],[9.39992666,-1.67659044],[9.40230274,-1.67408001],[9.40433145,-1.66683042],[9.40918314,-1.65856123],[9.41124356,-1.65271294],[9.41124392,-1.64857793],[9.40982711,-1.64612186],[9.40690482,-1.64344311],[9.40365005,-1.64189315],[9.40209413,-1.64146996],[9.39714301,-1.64127004],[9.39315498,-1.64217401],[9.38871574,-1.64029086],[9.38223982,-1.64454806],[9.37788916,-1.64886034],[9.37438333,-1.64996636],[9.36601484,-1.65634525],[9.34286606,-1.66540563],[9.3321135,-1.66536474],[9.32577372,-1.66988945],[9.32163405,-1.67078805],[9.31971967,-1.67310655],[9.31820762,-1.67316687],[9.31783032,-1.67344534],[9.31731236,-1.67501366],[9.31741464,-1.67535412],[9.32021654,-1.67988825],[9.32133198,-1.67988825],[9.32318664,-1.67662776],[9.32480371,-1.67924535],[9.32671595,-1.67947638],[9.32461953,-1.68014085],[9.32474327,-1.68105555],[9.32755065,-1.68287754],[9.32407558,-1.68268931],[9.32373488,-1.68397081],[9.32397676,-1.68540156],[9.32542098,-1.68790925],[9.32570505,-1.68815565],[9.33135843,-1.68867314],[9.33277917,-1.68962896],[9.33310497,-1.69068825],[9.33298147,-1.6916548],[9.33232224,-1.69077647],[9.32862568,-1.69267976],[9.32653093,-1.69091952],[9.32255113,-1.69151998],[9.32235312,-1.69075882],[9.32445657,-1.68963647],[9.32057095,-1.68309355],[9.31692815,-1.6827538],[9.31520045,-1.68036377],[9.31519616,-1.67814934],[9.31296921,-1.67825162],[9.31153858,-1.67365575],[9.30443931,-1.66789496],[9.30412078,-1.66364491],[9.30092096,-1.66554654],[9.29980826,-1.66517305],[9.29700851,-1.66953456],[9.29554164,-1.67018092],[9.29565847,-1.67643177],[9.29359448,-1.67800534],[9.29625785,-1.68176115],[9.29357576,-1.68154967],[9.2909131,-1.68389106],[9.29023588,-1.68799305],[9.29263294,-1.69220793],[9.29338646,-1.68873215],[9.29659677,-1.68945003],[9.29463303,-1.69086385],[9.29680944,-1.69408107],[9.29824054,-1.69286096],[9.29897904,-1.68804646],[9.30076826,-1.68753386],[9.30136955,-1.68796158],[9.30156934,-1.68835294],[9.30083478,-1.68941951],[9.30184352,-1.69291961],[9.29999971,-1.69374514],[9.30099583,-1.69509733],[9.29575658,-1.69759786],[9.29978931,-1.69859421],[9.30259717,-1.70091784],[9.29971421,-1.70263565],[9.30180347,-1.70706284],[9.30159807,-1.70772874],[9.3006978,-1.70813251],[9.30003154,-1.70810401],[9.29793406,-1.70698583],[9.29708755,-1.70925283],[9.29672253,-1.70952082],[9.29582906,-1.70939744],[9.29565275,-1.70914602],[9.29327846,-1.70353353],[9.29372418,-1.69881225],[9.28651547,-1.69074023],[9.28457701,-1.69163072],[9.28420258,-1.69208396],[9.28217471,-1.69515967],[9.28193736,-1.69582236],[9.28222644,-1.69870603],[9.28181362,-1.69856346],[9.28146756,-1.69798195],[9.2808305,-1.69439077],[9.28369141,-1.68968284],[9.28016508,-1.68963325],[9.27905262,-1.68839693],[9.28219056,-1.68854833],[9.28116775,-1.68057442],[9.27757394,-1.68140113],[9.28187108,-1.67715085],[9.28142631,-1.67587686],[9.27801967,-1.67703974],[9.27523685,-1.67649317],[9.26697111,-1.68137586],[9.2658087,-1.68128586],[9.26531303,-1.68069077],[9.26525414,-1.67993867],[9.26701343,-1.67790425],[9.27081633,-1.67731416],[9.27058625,-1.67566025],[9.26873982,-1.67404997],[9.27024436,-1.67268205],[9.27324855,-1.67351246],[9.27560461,-1.67192054],[9.27604651,-1.67413235],[9.27722287,-1.67458546],[9.28218234,-1.67296147],[9.28652334,-1.66680813],[9.28624165,-1.66354024],[9.27458727,-1.66340828],[9.27814198,-1.66107798],[9.27487886,-1.65640068],[9.27512336,-1.65475702],[9.27714252,-1.65438235],[9.27820683,-1.65884304],[9.28232801,-1.66151333],[9.28561866,-1.6603713],[9.2850126,-1.65731573],[9.2858324,-1.65887773],[9.28762782,-1.65863395],[9.28859127,-1.66129172],[9.29238605,-1.65552747],[9.28916705,-1.65215123],[9.28285491,-1.65342045],[9.2817322,-1.65136206],[9.27844477,-1.64966226],[9.28024423,-1.64831603],[9.27823603,-1.64660656],[9.27878475,-1.64606273],[9.28549564,-1.64983475],[9.28618681,-1.65173554],[9.28762495,-1.65048528],[9.28838944,-1.64763832],[9.2843374,-1.64284551],[9.28724778,-1.63909757],[9.28596067,-1.63607573],[9.27971721,-1.6337682],[9.27857685,-1.63557053],[9.27564025,-1.63624966],[9.27822435,-1.63120413],[9.27847326,-1.62661612],[9.27999794,-1.62261081],[9.27950442,-1.61912155],[9.28406966,-1.61076403],[9.27904725,-1.60555172],[9.27658486,-1.59961927],[9.27266657,-1.59796631],[9.26650846,-1.59786081],[9.26177001,-1.59449077],[9.26034355,-1.59241962],[9.26058281,-1.58998823],[9.26358426,-1.58746564],[9.26352954,-1.58519626],[9.25932574,-1.58655131],[9.25461745,-1.58978403],[9.25033355,-1.59024215],[9.25177455,-1.58804846],[9.25452507,-1.58824015],[9.26010096,-1.58505273],[9.26180136,-1.5825932],[9.26371574,-1.58311403],[9.26534593,-1.58203125],[9.26636446,-1.58112204],[9.27227795,-1.57960868],[9.27287436,-1.57795525],[9.27276421,-1.57743847],[9.27164257,-1.57553732],[9.27130055,-1.57508254],[9.25962615,-1.56540167],[9.25624836,-1.56563067],[9.24939382,-1.57328427],[9.24394596,-1.57596564],[9.23422754,-1.57485688],[9.23398173,-1.57474232],[9.23035455,-1.57042778],[9.23046362,-1.56849051],[9.23320115,-1.56541812],[9.23181903,-1.56090641],[9.22981477,-1.55892432],[9.20909905,-1.55047286],[9.20103896,-1.5465399],[9.19694555,-1.54395592],[9.19224334,-1.53920186],[9.18842542,-1.53475404],[9.17585945,-1.51707423],[9.17366385,-1.51535583],[9.17140734,-1.51528478],[9.1705929,-1.51466978],[9.16668475,-1.51161826],[9.16121662,-1.50585616],[9.15957952,-1.50353515],[9.15925094,-1.50299732],[9.15683746,-1.4990468],[9.15056884,-1.47949386],[9.14255416,-1.47118592],[9.140625,-1.46986604],[9.13418722,-1.46591055],[9.13156307,-1.46393394],[9.12671053,-1.45937705],[9.12541771,-1.45687461],[9.12223935,-1.44732714],[9.12161803,-1.43321776],[9.12109315,-1.43155253],[9.11810303,-1.4275887],[9.11565244,-1.4258306],[9.11119318,-1.42376113],[9.10192192,-1.420614],[9.09637833,-1.41289485],[9.09603667,-1.41233122],[9.09433806,-1.40862668],[9.09430802,-1.40625],[9.09567344,-1.39050412],[9.09557056,-1.39028811],[9.09427845,-1.38657653],[9.08483624,-1.37811065],[9.07995248,-1.37606633],[9.06931675,-1.36889112],[9.06077492,-1.36739945],[9.03623545,-1.35897446],[9.02968717,-1.3490957],[9.01607132,-1.33611882],[9.01314414,-1.32826555],[9.01278484,-1.32207656],[9.01262915,-1.32173336],[9.01193094,-1.32203734],[9.01096952,-1.31957817],[9.00872946,-1.31788611],[9.00413394,-1.30876124],[9.00205576,-1.30772603],[9.00136685,-1.30365801],[8.99895322,-1.29969203],[8.99633718,-1.29813385],[8.99547005,-1.29232764],[8.98890734,-1.27945983],[8.98877573,-1.27913666],[8.98791575,-1.27301896],[8.98566151,-1.26746333],[8.98485076,-1.2667191],[8.98312736,-1.26453745],[8.98273563,-1.26511848],[8.9827553,-1.26609385],[8.98626268,-1.27933395],[8.99686956,-1.30511522],[8.99894297,-1.30872226],[9.00008035,-1.3083204],[9.00516236,-1.31425166],[9.01148701,-1.32323325],[9.01493335,-1.33807397],[9.01945925,-1.34711516],[9.02123976,-1.34969676],[9.02846122,-1.35970867],[9.03685856,-1.36986065],[9.0635823,-1.39994586],[9.06581521,-1.40280986],[9.06780136,-1.40625],[9.07384193,-1.41497076],[9.07888305,-1.42029262],[9.09384143,-1.44129515],[9.10095835,-1.44961977],[9.10997105,-1.46326506],[9.12872803,-1.48301363],[9.13573992,-1.49143446],[9.140625,-1.49860477],[9.14387749,-1.50299732],[9.14396644,-1.50311744],[9.15132666,-1.51148546],[9.15627015,-1.51942623],[9.16722846,-1.53044856],[9.1788789,-1.54812932],[9.19238496,-1.56325436],[9.19751525,-1.57045054],[9.20284593,-1.58203125],[9.203125,-1.58203125],[9.20739734,-1.58793712],[9.20979178,-1.5919435],[9.21190357,-1.59882796],[9.21220398,-1.59946942],[9.21714365,-1.60643733],[9.21908045,-1.6120398],[9.22623336,-1.62209833],[9.22703791,-1.62371552],[9.22751176,-1.63118863],[9.22771907,-1.63157976],[9.23753965,-1.64551294],[9.24073637,-1.65841341],[9.24174547,-1.66092777],[9.24773645,-1.67062128],[9.24856317,-1.67303634],[9.24881256,-1.67671216],[9.24851274,-1.67863846],[9.24755955,-1.68297315],[9.24503732,-1.68806875],[9.24528444,-1.69150066],[9.24839687,-1.70128906],[9.24859035,-1.70632374],[9.25120366,-1.71193874],[9.25315165,-1.72013223],[9.25337756,-1.72806632],[9.25566614,-1.73332047],[9.25577664,-1.73727214],[9.26260567,-1.7497884],[9.26476061,-1.75161064],[9.26778257,-1.75188971],[9.27075148,-1.75051045],[9.26958585,-1.75335157],[9.27008772,-1.75455797],[9.27350974,-1.75451016],[9.27577353,-1.75604177],[9.27011287,-1.75679672],[9.2672137,-1.75324857],[9.26542115,-1.75235653],[9.26379752,-1.75324404],[9.26372826,-1.75367987],[9.265625,-1.7578125],[9.2657243,-1.7578125],[9.267313,-1.76407444],[9.26932442,-1.77306461],[9.27011931,-1.78129065],[9.26556265,-1.79378021],[9.26312494,-1.79371274],[9.25886512,-1.79592538],[9.26007104,-1.8009814],[9.25759685,-1.80572224],[9.25914836,-1.81155348],[9.25846434,-1.81824315],[9.26206458,-1.82743275],[9.26162314,-1.8362751],[9.26262295,-1.83888793],[9.26255465,-1.84672916],[9.26459944,-1.85061634],[9.26417983,-1.85920227],[9.26721478,-1.86452806],[9.26581025,-1.86694276],[9.26800632,-1.87113595],[9.27530837,-1.876616],[9.27786493,-1.87387824],[9.28569043,-1.87262476],[9.28689527,-1.86935008],[9.28591764,-1.86745298],[9.28638577,-1.86397398],[9.28914392,-1.86367011],[9.29225194,-1.85867751],[9.29635346,-1.8561002],[9.30076885,-1.85623467],[9.30501282,-1.85835874],[9.30616844,-1.86141324],[9.30572104,-1.86463642],[9.30725098,-1.86478007],[9.30874455,-1.86339271],[9.30844176,-1.85699725],[9.31029403,-1.85464537],[9.31249106,-1.85505295],[9.31186557,-1.85928106],[9.31445587,-1.86075366],[9.31433141,-1.85840654],[9.31769967,-1.85804975],[9.31874871,-1.85644102],[9.3177036,-1.85123455],[9.32219243,-1.85016751],[9.32159925,-1.85230684],[9.31996894,-1.85196352],[9.31978655,-1.85651791],[9.32093132,-1.85741115],[9.32271123,-1.85538065],[9.32517076,-1.85877395],[9.32258654,-1.85898411],[9.32014775,-1.86062658],[9.32028937,-1.86382043],[9.3185122,-1.86169827],[9.31460404,-1.86486435],[9.31499946,-1.86573505],[9.31809056,-1.86520481],[9.31866717,-1.86603892],[9.31985056,-1.86414206],[9.32182646,-1.86517346],[9.3201493,-1.86855543],[9.31668437,-1.86837697],[9.31452537,-1.87050343],[9.31281471,-1.87000954],[9.31208694,-1.87311745],[9.31334686,-1.87525165],[9.31447554,-1.87334764],[9.31708026,-1.87204337],[9.3232516,-1.87122405],[9.32241476,-1.86911404],[9.32673597,-1.86962867],[9.32492304,-1.86707354],[9.32592666,-1.86756432],[9.32999265,-1.86498904],[9.32834256,-1.86702561],[9.32878625,-1.87091374],[9.32714283,-1.87272346],[9.32794905,-1.87370467],[9.32518804,-1.87421966],[9.32240283,-1.87697196],[9.32595623,-1.87818074],[9.32439673,-1.88004875],[9.32117116,-1.87844706],[9.31975842,-1.87966752],[9.31731522,-1.87907422],[9.31609082,-1.87990987],[9.31548584,-1.88250065],[9.31070507,-1.88258314],[9.30960286,-1.88370311],[9.31408572,-1.88629365],[9.31541741,-1.88461936],[9.31817031,-1.88517988],[9.31769395,-1.88360953],[9.31866884,-1.88374424],[9.31952584,-1.88569105],[9.31881797,-1.89083493],[9.31986535,-1.89199483],[9.32530272,-1.88903356],[9.32571602,-1.88994443],[9.32154703,-1.89332366],[9.31891334,-1.89321327],[9.31366396,-1.89084065],[9.31437337,-1.89394844],[9.31165242,-1.89748228],[9.31405985,-1.89763081],[9.31274855,-1.89907956],[9.31100154,-1.90911853],[9.31198788,-1.91124237],[9.31374896,-1.91191995],[9.3143748,-1.91203702],[9.32536757,-1.91162038],[9.32570195,-1.91172254],[9.33274722,-1.91651726],[9.33372486,-1.91669285],[9.34100735,-1.91647255],[9.34177637,-1.91619992],[9.34247684,-1.91503704],[9.3432399,-1.91077173],[9.34350252,-1.91034341],[9.34622025,-1.90836096],[9.34655392,-1.90553153],[9.34505105,-1.90602815],[9.34715152,-1.90397382],[9.34783447,-1.90107107],[9.3500303,-1.90230656],[9.35195696,-1.90138972],[9.35215402,-1.90090644],[9.34935606,-1.89411068],[9.34588325,-1.89550006],[9.34975111,-1.8896172],[9.34768415,-1.88646007],[9.35218084,-1.8874948],[9.35383975,-1.88671446],[9.35276163,-1.88859701],[9.35465634,-1.89038455],[9.35762107,-1.88929152],[9.36363101,-1.88978314],[9.36481786,-1.88800073],[9.3650223,-1.88631213],[9.36374617,-1.88554323],[9.36621666,-1.8806107],[9.36333752,-1.87940836],[9.36235523,-1.87653732],[9.36359775,-1.87667406],[9.36744118,-1.8720535],[9.36633384,-1.87088776],[9.36341512,-1.87055886],[9.36462975,-1.86983395],[9.36432874,-1.86681283],[9.36616373,-1.86570954],[9.36674154,-1.86394036],[9.36628365,-1.86299205],[9.36404395,-1.86286592],[9.36371195,-1.86157381],[9.36661303,-1.85976243],[9.36956751,-1.85944128],[9.37291193,-1.86066353],[9.37348163,-1.86265552],[9.37411344,-1.86265993],[9.37429917,-1.86230814],[9.37208116,-1.85197914],[9.37019777,-1.84915566],[9.37026966,-1.84881175],[9.37422872,-1.84605014],[9.37683201,-1.84633422],[9.37949073,-1.85280895],[9.38518715,-1.85455227],[9.38566828,-1.85447705],[9.38902545,-1.85321283],[9.38993406,-1.85243154],[9.39024508,-1.85150421],[9.39014018,-1.85079682],[9.38765764,-1.84758401],[9.38756216,-1.84705567],[9.38819635,-1.84541488],[9.38957822,-1.84519172],[9.38992155,-1.84538567],[9.38965654,-1.84735346],[9.39002871,-1.84749365],[9.39716923,-1.84803462],[9.39742112,-1.84828997],[9.39854944,-1.85076904],[9.39759886,-1.85539985],[9.39811587,-1.8570441],[9.39939475,-1.85822928],[9.40531921,-1.85979581],[9.41716433,-1.86779582],[9.41780055,-1.87010562],[9.41648436,-1.87172341],[9.41831541,-1.8771919],[9.41533625,-1.88282394],[9.41287434,-1.88382936],[9.41042435,-1.88894558],[9.41411746,-1.89416981],[9.42246211,-1.89848101],[9.42312646,-1.90037394],[9.42229855,-1.90341473],[9.42874885,-1.91459143],[9.43215191,-1.91520774],[9.43381166,-1.91368973],[9.43329835,-1.90666687],[9.43563676,-1.90108144],[9.43388295,-1.89925027],[9.43470311,-1.89626455],[9.43361962,-1.89231634],[9.43432033,-1.88835132],[9.43309486,-1.87937081],[9.43483484,-1.87763262],[9.44206393,-1.87469125],[9.44569635,-1.87777436],[9.44692123,-1.88415813],[9.4440906,-1.88966846],[9.44961965,-1.89429748],[9.45243823,-1.90048504],[9.45780075,-1.90438426],[9.45893443,-1.90406084],[9.46368456,-1.89656258],[9.46193421,-1.89520121],[9.46223915,-1.89187312],[9.46212745,-1.89152706],[9.45852935,-1.88484251],[9.45832956,-1.88423705],[9.45839953,-1.88099885],[9.45702314,-1.87909555],[9.45726264,-1.87606621],[9.45990205,-1.87319314],[9.46631265,-1.87245631],[9.46888375,-1.87054348],[9.4694159,-1.87053752],[9.47165811,-1.87366092],[9.47669196,-1.87407827],[9.47644341,-1.87825966],[9.48391998,-1.88062263],[9.48417413,-1.88409424],[9.48978615,-1.88675368],[9.4921875,-1.88950884],[9.49441254,-1.89162481],[9.49435055,-1.89416063],[9.49631846,-1.89381695],[9.50113022,-1.89806807],[9.50133574,-1.90059984],[9.5004549,-1.90225375],[9.49316001,-1.90582287],[9.4921875,-1.90569186],[9.49008107,-1.90557015],[9.4875313,-1.90668178],[9.48616946,-1.91397381],[9.48895311,-1.91738141],[9.4921875,-1.91880584],[9.49511862,-1.92240345],[9.50222218,-1.92541516],[9.50338447,-1.92705321],[9.50363624,-1.93359375],[9.50396597,-1.93486333],[9.50641787,-1.93903256],[9.50669324,-1.94399047],[9.51728964,-1.95116186],[9.52058327,-1.95833755],[9.52204335,-1.95833075],[9.5204246,-1.95959425],[9.52203691,-1.96372712],[9.52481008,-1.96378374],[9.52590644,-1.96253943],[9.52768016,-1.96466136],[9.52706265,-1.96746802],[9.52372015,-1.96803141],[9.51829505,-1.97405624],[9.51494932,-1.97404015],[9.51241148,-1.97080803],[9.51177788,-1.97260976],[9.51010501,-1.97259974],[9.51120675,-1.98862147],[9.51311326,-1.99382055],[9.51279652,-1.99536276],[9.51030803,-1.99699914],[9.51224875,-2.00325716],[9.51203155,-2.00439918],[9.51100981,-2.00359094],[9.51030922,-2.00459886],[9.5109328,-2.00902188],[9.51112223,-2.00939965],[9.51538706,-2.01221371],[9.52036917,-2.00964606],[9.51999843,-2.01125956],[9.51744604,-2.01304984],[9.51748145,-2.01498282],[9.51895714,-2.01630497],[9.53137362,-2.01514935],[9.53842032,-2.01641047],[9.54130375,-2.01881194],[9.54198194,-2.02073503],[9.54056585,-2.02718806],[9.54256666,-2.02953541],[9.54567862,-2.02912974],[9.54761064,-2.02685475],[9.54959691,-2.01936185],[9.55483162,-2.01654565],[9.55910635,-2.01717675],[9.56034553,-2.02629352],[9.56281197,-2.03104341],[9.56041098,-2.03246975],[9.56224143,-2.03573072],[9.56016231,-2.03818417],[9.56211483,-2.03879786],[9.56268954,-2.04052854],[9.56555712,-2.03898013],[9.56804144,-2.04176664],[9.56727445,-2.04591525],[9.56246567,-2.04978633],[9.5633136,-2.05232966],[9.56145871,-2.05372381],[9.56132925,-2.05549824],[9.56621492,-2.05548441],[9.56872845,-2.05069268],[9.57155836,-2.04788828],[9.57480693,-2.04894876],[9.5734061,-2.05484486],[9.57095802,-2.05774987],[9.57037365,-2.06606877],[9.56882846,-2.06690156],[9.56500792,-2.0656358],[9.5631839,-2.06691086],[9.56407905,-2.06860602],[9.56350815,-2.07573128],[9.56529903,-2.07817018],[9.56482255,-2.07932305],[9.56273866,-2.07993245],[9.56315792,-2.08362591],[9.56025314,-2.08475256],[9.55284441,-2.08356595],[9.55186355,-2.08743358],[9.54945028,-2.08685625],[9.54694605,-2.08797455],[9.54682696,-2.09339428],[9.54648924,-2.09364057],[9.54403353,-2.09290552],[9.54337525,-2.09200621],[9.54279995,-2.08731365],[9.54279578,-2.08677804],[9.54515743,-2.08390272],[9.545174,-2.07803726],[9.53856373,-2.07571662],[9.54032171,-2.06841791],[9.53343046,-2.06469977],[9.53142405,-2.059641],[9.52975941,-2.0589956],[9.52967918,-2.05842102],[9.53071833,-2.05548775],[9.53236246,-2.05908775],[9.53478181,-2.05913711],[9.53624463,-2.05732977],[9.53593135,-2.05418694],[9.53357673,-2.05260873],[9.53458095,-2.05161917],[9.53709722,-2.05182445],[9.53867567,-2.05359995],[9.54485214,-2.05209887],[9.54480541,-2.05085576],[9.53960121,-2.04649794],[9.53882694,-2.04199553],[9.53788674,-2.04086936],[9.53422606,-2.03974652],[9.53438675,-2.04194164],[9.53163695,-2.04478502],[9.52540064,-2.04468012],[9.52475047,-2.04476607],[9.52171385,-2.04624236],[9.52135718,-2.04612803],[9.51694095,-2.04348075],[9.51979625,-2.04150701],[9.51712656,-2.03462923],[9.51464105,-2.03182733],[9.51243782,-2.03108621],[9.51081991,-2.03382397],[9.50699377,-2.03051472],[9.50571442,-2.02579057],[9.49878502,-2.02894437],[9.49804771,-2.02887118],[9.49316943,-2.02713656],[9.4921875,-2.02734375],[9.49041557,-2.02770126],[9.48893094,-2.02455854],[9.48521984,-2.02317774],[9.48498607,-2.02250981],[9.48565507,-2.01911294],[9.48741341,-2.01772261],[9.48909771,-2.01147211],[9.48563385,-2.01029694],[9.48365057,-2.00704277],[9.48302317,-2.00680542],[9.48148894,-2.00687492],[9.47808266,-2.00878334],[9.47406483,-2.00822175],[9.47209406,-2.01142073],[9.47179687,-2.01147413],[9.4714365,-2.01102626],[9.47046041,-2.00849497],[9.47020221,-2.00711036],[9.47029078,-2.0052247],[9.47058618,-2.00469756],[9.47137332,-2.00433517],[9.47578776,-2.00395751],[9.47938371,-2.00580156],[9.48360825,-2.00570953],[9.48492086,-2.00526512],[9.48620391,-2.00302625],[9.48639107,-2.00233471],[9.48520637,-1.99623323],[9.48763037,-1.99259794],[9.48650193,-1.99071026],[9.48334455,-1.9892565],[9.48651385,-1.98853028],[9.48770106,-1.98683965],[9.4858371,-1.9686414],[9.48653436,-1.96121621],[9.48609233,-1.95660913],[9.48244751,-1.95498657],[9.48295045,-1.95686483],[9.48206544,-1.95726192],[9.47994125,-1.95510662],[9.48200035,-1.95126104],[9.48171794,-1.95112991],[9.47894037,-1.95246887],[9.47417414,-1.95187604],[9.47523606,-1.95069337],[9.47719026,-1.95087373],[9.47831798,-1.94919753],[9.477301,-1.94657385],[9.47160065,-1.94633758],[9.46904075,-1.945122],[9.46567607,-1.94043791],[9.46825147,-1.93788564],[9.46426356,-1.93359375],[9.46339631,-1.9326545],[9.46050096,-1.93213284],[9.46019328,-1.93217301],[9.45895803,-1.93359375],[9.45867872,-1.93359375],[9.45857036,-1.93385744],[9.45649338,-1.93403542],[9.45560706,-1.93359375],[9.45559895,-1.93160164],[9.45393646,-1.93118966],[9.45348525,-1.93149054],[9.45393157,-1.93359375],[9.45374227,-1.93419945],[9.45100462,-1.93743825],[9.45777535,-1.93669724],[9.45807135,-1.93682385],[9.45938635,-1.93988144],[9.45809746,-1.94465375],[9.45316744,-1.94667804],[9.44848287,-1.94664466],[9.44678891,-1.95028627],[9.44141054,-1.94879782],[9.44176304,-1.94533777],[9.43425655,-1.94634914],[9.43427503,-1.94385815],[9.42970574,-1.94638157],[9.42749691,-1.94390953],[9.42542267,-1.94516194],[9.41859555,-1.94344151],[9.41775513,-1.94518328],[9.41589546,-1.94483006],[9.41119945,-1.94664907],[9.40218413,-1.9420799],[9.39895213,-1.94740605],[9.39818645,-1.95199394],[9.39133537,-1.9531064],[9.38978064,-1.95449746],[9.38969243,-1.95810998],[9.38818514,-1.95950997],[9.38404036,-1.95993257],[9.38241637,-1.96166885],[9.38149846,-1.96037936],[9.38302994,-1.95873666],[9.38635325,-1.95834255],[9.38674486,-1.95690954],[9.38365364,-1.95525241],[9.38213778,-1.95154655],[9.38038838,-1.95033324],[9.38004696,-1.94452143],[9.38126492,-1.94373512],[9.38506496,-1.94717884],[9.38858306,-1.94653904],[9.38918281,-1.94612336],[9.38970125,-1.94524527],[9.38963616,-1.94325256],[9.38732517,-1.93904185],[9.38823843,-1.93430412],[9.38803113,-1.93359375],[9.38752925,-1.93241596],[9.38889456,-1.92898941],[9.38630772,-1.92948735],[9.38497615,-1.92825127],[9.38516128,-1.92154217],[9.3840909,-1.92034256],[9.38325477,-1.91398072],[9.37947226,-1.91591024],[9.37638354,-1.91351593],[9.37609434,-1.91781425],[9.37264335,-1.92290342],[9.37566447,-1.92961633],[9.37136781,-1.93230116],[9.37127686,-1.93359375],[9.37084663,-1.93541515],[9.37063777,-1.93564558],[9.3683449,-1.93610632],[9.36796963,-1.93745685],[9.36807144,-1.93901181],[9.36843705,-1.93947184],[9.37090826,-1.94081891],[9.36885655,-1.94143546],[9.36849368,-1.94277835],[9.36641264,-1.94176662],[9.36485553,-1.94360948],[9.36244512,-1.94199085],[9.36140311,-1.94214213],[9.36109853,-1.94226468],[9.35892475,-1.94484091],[9.35806823,-1.9467113],[9.35661483,-1.95337045],[9.36107075,-1.95472312],[9.36368167,-1.95288718],[9.36446285,-1.95297635],[9.36483443,-1.9536401],[9.36475372,-1.95435536],[9.36271071,-1.95675981],[9.35903537,-1.95626593],[9.35782254,-1.95559847],[9.35593307,-1.95386744],[9.35582328,-1.95353115],[9.35644913,-1.95044565],[9.3519932,-1.9460299],[9.34873283,-1.94646084],[9.34700346,-1.94493687],[9.34684133,-1.94341814],[9.34864128,-1.94365215],[9.34886837,-1.94233716],[9.34358954,-1.94057596],[9.34120357,-1.93852997],[9.34501696,-1.93858433],[9.34806216,-1.94010365],[9.34891534,-1.93932581],[9.3485893,-1.93672514],[9.34620464,-1.93596864],[9.34672046,-1.9354614],[9.35113645,-1.93715525],[9.35610712,-1.93463087],[9.35658014,-1.93448102],[9.36193025,-1.93401754],[9.36178255,-1.93359375],[9.36282694,-1.92758405],[9.36122584,-1.92111504],[9.36102295,-1.92077065],[9.35485816,-1.91726685],[9.35424566,-1.91719866],[9.35336494,-1.91741896],[9.35271931,-1.91921496],[9.35593235,-1.92371416],[9.35238206,-1.92513204],[9.35197234,-1.92726386],[9.34963918,-1.92634571],[9.34597755,-1.9273386],[9.34554577,-1.9304713],[9.3394773,-1.92811978],[9.34051836,-1.92637968],[9.33872581,-1.92472577],[9.33389115,-1.92695725],[9.33550584,-1.93077576],[9.33856416,-1.93212616],[9.33748877,-1.93359375],[9.33751786,-1.934623],[9.3366971,-1.93447053],[9.33637178,-1.93359375],[9.33652151,-1.93236303],[9.33323252,-1.92985487],[9.33167684,-1.93049705],[9.33203316,-1.93328845],[9.33134556,-1.93359375],[9.33078694,-1.93359375],[9.33050776,-1.93359375],[9.32775104,-1.93125713],[9.33010662,-1.93156636],[9.32969987,-1.92903745],[9.33262622,-1.92818308],[9.33149052,-1.92067015],[9.32478344,-1.91520858],[9.32003248,-1.91497171],[9.31428456,-1.91649115],[9.30926454,-1.91589546],[9.30326557,-1.90613174],[9.300125,-1.89813817],[9.30078888,-1.89729226],[9.29334581,-1.89290535],[9.29026806,-1.88513887],[9.2834928,-1.88110065],[9.28160298,-1.87890387],[9.28123474,-1.87880945],[9.27550697,-1.88219094],[9.27535295,-1.88209665],[9.27283692,-1.88030553],[9.27264476,-1.87988377],[9.27247417,-1.87999702],[9.28178155,-1.89559185],[9.28236187,-1.89916015],[9.28554106,-1.90608215],[9.28659046,-1.90786696],[9.29107523,-1.91378343],[9.29682136,-1.92037356],[9.30437911,-1.92667115],[9.30709398,-1.93079185],[9.30956483,-1.93359375]],[[9.30956483,-1.93359375],[9.30714285,-1.93160343],[9.30701721,-1.93153358],[9.30788934,-1.93359375],[9.30816865,-1.93359375],[9.32453322,-1.95222998],[9.33052385,-1.95723736],[9.33069301,-1.95718026],[9.30956483,-1.93359375]],[[11.14486492,-3.78866971],[11.14598441,-3.78873026],[11.14818084,-3.78780675],[11.14618337,-3.78284025],[11.14515412,-3.78345287],[11.1446141,-3.78510773],[11.14432347,-3.7870537],[11.14449155,-3.78847563],[11.14486492,-3.78866971]],[[10.91557801,-3.62423623],[10.91659761,-3.62437201],[10.91913843,-3.62336671],[10.92089295,-3.62326515],[10.92244625,-3.62212694],[10.92310762,-3.62036002],[10.9231137,-3.61975896],[10.92217255,-3.61741793],[10.91732144,-3.61727202],[10.91505122,-3.61576271],[10.91434658,-3.62048662],[10.91300118,-3.62190938],[10.91312563,-3.62261641],[10.91557801,-3.62423623]],[[10.70764291,-3.47680795],[10.7111665,-3.47869265],[10.71095252,-3.47731745],[10.70848346,-3.47634137],[10.70796084,-3.47624874],[10.70764291,-3.47680795]],[[10.66662335,-3.40162945],[10.66855061,-3.40168965],[10.66840732,-3.40049374],[10.66949594,-3.40001261],[10.66884625,-3.3985399],[10.67008066,-3.39795744],[10.67118931,-3.39670944],[10.66962695,-3.39177883],[10.67060935,-3.38933456],[10.66913605,-3.38673651],[10.66740215,-3.39076805],[10.66799057,-3.39448524],[10.66598678,-3.39726472],[10.66662335,-3.40162945]],[[10.26960981,-2.97870123],[10.27128124,-2.97890866],[10.26895964,-2.97675943],[10.26813114,-2.97698832],[10.26903021,-2.97828186],[10.26960981,-2.97870123]],[[10.20341027,-2.62820876],[10.20514691,-2.62971377],[10.20546556,-2.62904692],[10.20504224,-2.62796116],[10.20356154,-2.62747037],[10.20341027,-2.62820876]],[[10.19506812,-2.62741137],[10.1953125,-2.62806904],[10.19661665,-2.62862635],[10.1956923,-2.63049161],[10.19593728,-2.63073814],[10.19750237,-2.63044906],[10.19803464,-2.62664342],[10.19805753,-2.62617516],[10.19715285,-2.62556088],[10.1953125,-2.62695313],[10.19506812,-2.62741137]],[[10.19321108,-2.62371755],[10.19152927,-2.62770176],[10.19192874,-2.62794101],[10.19318402,-2.62776923],[10.19478214,-2.62626052],[10.1953125,-2.625],[10.19555676,-2.62368464],[10.1953125,-2.62304676],[10.19433105,-2.62309432],[10.19422805,-2.62278986],[10.19321752,-2.62083495],[10.19001687,-2.62172461],[10.19321108,-2.62371755]],[[10.19014645,-2.61351383],[10.19262338,-2.61428988],[10.19325185,-2.61290741],[10.19292891,-2.61256731],[10.19227934,-2.61264741],[10.19014645,-2.61351383]],[[10.18392992,-2.61035836],[10.18426383,-2.61057043],[10.1856631,-2.61102855],[10.18574357,-2.61063051],[10.18576205,-2.60897303],[10.18373215,-2.60941243],[10.18392992,-2.61035836]],[[10.16272926,-2.61264682],[10.16317654,-2.60614645],[10.16084611,-2.60381806],[10.15629065,-2.60577786],[10.1531924,-2.60894525],[10.15480065,-2.61157358],[10.1563642,-2.61240315],[10.16134906,-2.61348665],[10.16205895,-2.61340535],[10.16272926,-2.61264682]],[[10.16167057,-2.58435631],[10.16233003,-2.58053112],[10.16271102,-2.57764661],[10.15996635,-2.57669997],[10.16012836,-2.58328676],[10.16140187,-2.58450663],[10.16167057,-2.58435631]],[[10.11002886,-2.54567552],[10.1096704,-2.54522288],[10.10921907,-2.54566765],[10.10951114,-2.54698408],[10.1102823,-2.54790485],[10.11055267,-2.54775381],[10.11002886,-2.54567552]],[[10.09016931,0.16302943],[10.09257686,0.16074884],[10.09327114,0.16075551],[10.0943166,0.16117012],[10.09469485,0.16156292],[10.09591544,0.16390204],[10.09591854,0.16453564],[10.09570456,0.16530073],[10.09326327,0.16634595],[10.0901767,0.16348195],[10.09016931,0.16302943]],[[10.08531106,-2.64555311],[10.08264816,-2.64858437],[10.08041334,-2.64728737],[10.0797435,-2.6481204],[10.07723141,-2.64729607],[10.07829535,-2.64948821],[10.07778192,-2.65104771],[10.07864034,-2.65186226],[10.08041835,-2.65255785],[10.08069432,-2.65256858],[10.08199704,-2.65127611],[10.08378291,-2.65153158],[10.08253682,-2.65298772],[10.08370125,-2.65370274],[10.08464253,-2.65320754],[10.08718395,-2.65277231],[10.08583891,-2.6524744],[10.08581316,-2.65216815],[10.08691442,-2.64831364],[10.08712554,-2.64775884],[10.08688414,-2.64660835],[10.0866003,-2.64612257],[10.08531106,-2.64555311]],[[10.08074284,-2.66359067],[10.07945812,-2.66548514],[10.08016872,-2.66696966],[10.07991254,-2.66726041],[10.07730842,-2.66813552],[10.07679343,-2.66795504],[10.07714415,-2.66445124],[10.07655084,-2.66387963],[10.07587075,-2.66387606],[10.07542408,-2.66412115],[10.07533896,-2.66611993],[10.07495725,-2.66663122],[10.07303381,-2.66776347],[10.07257462,-2.67063308],[10.07225025,-2.67092884],[10.07098353,-2.66967785],[10.07043087,-2.67214501],[10.06955755,-2.67228878],[10.06701624,-2.67115355],[10.06696618,-2.66814113],[10.06611002,-2.66703093],[10.06554461,-2.6668905],[10.06525004,-2.66713452],[10.06501496,-2.66905105],[10.0626899,-2.66951871],[10.06245887,-2.67003441],[10.06428933,-2.67232645],[10.06429994,-2.67302573],[10.06359506,-2.67436945],[10.06304955,-2.67318082],[10.06258142,-2.67368126],[10.06267285,-2.67616665],[10.06136715,-2.67656124],[10.05962634,-2.67470157],[10.05926907,-2.67472315],[10.05846322,-2.67496574],[10.05814695,-2.67508185],[10.05761397,-2.67712975],[10.05772853,-2.67777765],[10.06033838,-2.67860997],[10.06003606,-2.68026304],[10.06165135,-2.67978334],[10.06123662,-2.68226862],[10.06183815,-2.68272126],[10.06935334,-2.68636215],[10.06970203,-2.68634093],[10.06984615,-2.68551707],[10.06857514,-2.68455768],[10.0710119,-2.68210316],[10.07088065,-2.68181264],[10.07005453,-2.68065774],[10.06602454,-2.68038487],[10.06595278,-2.68009734],[10.06734645,-2.67980003],[10.06772757,-2.67732716],[10.06944811,-2.67912126],[10.07092845,-2.67712498],[10.07164753,-2.67959023],[10.07550788,-2.67953825],[10.07682621,-2.68214333],[10.07849586,-2.68136811],[10.08081484,-2.68201828],[10.08146524,-2.67909491],[10.08435845,-2.67731583],[10.08349895,-2.67472792],[10.0807631,-2.67347085],[10.08191717,-2.66875255],[10.08092272,-2.66720104],[10.08097565,-2.66384566],[10.08074284,-2.66359067]],[[10.08008254,-2.60455334],[10.08078384,-2.60230136],[10.07916427,-2.60167873],[10.07884574,-2.60130084],[10.07800221,-2.59902012],[10.07800734,-2.59864354],[10.07888782,-2.59779012],[10.07845831,-2.59508443],[10.07565606,-2.59231937],[10.07504261,-2.59750974],[10.07705641,-2.59975767],[10.07542956,-2.60256505],[10.07958364,-2.60487747],[10.08008254,-2.60455334]],[[10.07366824,-2.58673227],[10.07541823,-2.58806026],[10.07568944,-2.58779585],[10.07707965,-2.58431232],[10.08003354,-2.58301032],[10.07861948,-2.58155572],[10.07961535,-2.58098054],[10.0795598,-2.58068955],[10.07917476,-2.58011925],[10.07815266,-2.57977235],[10.07772875,-2.58019257],[10.07690263,-2.58240485],[10.07432485,-2.58127737],[10.07305563,-2.58325946],[10.07233584,-2.58260524],[10.07223725,-2.58408976],[10.07368255,-2.58436334],[10.07374096,-2.58464718],[10.07311916,-2.58721316],[10.07366824,-2.58673227]],[[10.07586765,-2.61016345],[10.07741904,-2.61266506],[10.07771993,-2.61258924],[10.07823205,-2.61065722],[10.07884574,-2.60928321],[10.07818925,-2.60884964],[10.07586765,-2.61016345]],[[10.07483792,-2.57292461],[10.07654512,-2.57122004],[10.07676911,-2.57067895],[10.07626247,-2.56874573],[10.07565224,-2.56836462],[10.07445276,-2.56889307],[10.07517767,-2.57044387],[10.07330787,-2.57396126],[10.07483792,-2.57292461]],[[10.04115117,-2.62037396],[10.04075336,-2.62834823],[10.04472196,-2.62832356],[10.04634762,-2.62730992],[10.04898644,-2.62942457],[10.05260813,-2.6298238],[10.05435204,-2.62839854],[10.05555165,-2.62928963],[10.05562973,-2.62958515],[10.05470085,-2.63100874],[10.0512346,-2.63160634],[10.05085838,-2.63199306],[10.04815316,-2.63671875],[10.04823852,-2.6386317],[10.04407096,-2.63959467],[10.04378486,-2.63986444],[10.042539,-2.64411533],[10.03903556,-2.64784217],[10.03744376,-2.64788628],[10.03423667,-2.65381217],[10.03414941,-2.65461481],[10.03545105,-2.6562469],[10.03965795,-2.65700412],[10.04260755,-2.65530527],[10.04248154,-2.66053987],[10.04298115,-2.6619606],[10.04552066,-2.66477156],[10.04715407,-2.66608775],[10.04743636,-2.66621363],[10.04932475,-2.66496491],[10.05305934,-2.66660714],[10.05258465,-2.66299605],[10.05939782,-2.65897024],[10.06398487,-2.65827096],[10.06427705,-2.65458405],[10.06314743,-2.65215838],[10.05971205,-2.65213585],[10.06111527,-2.64762986],[10.06505072,-2.64609385],[10.07370341,-2.6453011],[10.07382023,-2.64272547],[10.07134116,-2.64119434],[10.06817353,-2.64189112],[10.07067466,-2.63983226],[10.07049251,-2.63671875],[10.06993401,-2.63671875],[10.06500804,-2.63146865],[10.06143045,-2.63054395],[10.06062651,-2.62902904],[10.06532335,-2.62724066],[10.06956005,-2.62404406],[10.06993306,-2.62351441],[10.07014561,-2.62254667],[10.06929755,-2.62084794],[10.06613708,-2.61950481],[10.06286633,-2.62100446],[10.05951715,-2.62036586],[10.05721331,-2.62379801],[10.05564404,-2.62121272],[10.04863334,-2.62242162],[10.0414021,-2.62008202],[10.04115117,-2.62037396]],[[10.07329357,-2.57690585],[10.07298982,-2.57653391],[10.07104027,-2.57690537],[10.07309794,-2.57771456],[10.07329357,-2.57690585]],[[10.06859863,-2.59246683],[10.06928635,-2.58951271],[10.06814277,-2.58784175],[10.06694245,-2.58913386],[10.06859863,-2.59246683]],[[10.05975807,-2.61460245],[10.06008875,-2.61570191],[10.06141448,-2.61559105],[10.06452072,-2.61306524],[10.06481361,-2.61288786],[10.06614625,-2.60855734],[10.06053305,-2.61311722],[10.06024134,-2.61320758],[10.06001055,-2.61187994],[10.05816483,-2.61034453],[10.05745172,-2.61042261],[10.05684745,-2.61149144],[10.05696011,-2.61184156],[10.05975807,-2.61460245]],[[10.06229103,-2.57261634],[10.06302595,-2.57159865],[10.06155491,-2.56938982],[10.06008816,-2.57187486],[10.06014335,-2.5722537],[10.0614984,-2.57292485],[10.06229103,-2.57261634]],[[10.05934811,-2.61568677],[10.0565021,-2.6149286],[10.05444002,-2.61713874],[10.05144477,-2.61772084],[10.05140376,-2.61809504],[10.05199826,-2.61915958],[10.05432785,-2.62005734],[10.05906022,-2.61753893],[10.05965066,-2.6160959],[10.05934811,-2.61568677]],[[10.05595601,-2.66396737],[10.05512392,-2.66373456],[10.05446482,-2.66446066],[10.0544523,-2.66639984],[10.05622435,-2.66641426],[10.05633175,-2.66465545],[10.05595601,-2.66396737]],[[10.03335536,-2.62654626],[10.03786862,-2.61944306],[10.03707123,-2.61719191],[10.03335273,-2.61509764],[10.03230572,-2.61495912],[10.03041244,-2.61476505],[10.03014314,-2.61466444],[10.0276705,-2.61716855],[10.02689338,-2.61740804],[10.02535975,-2.6167103],[10.02484214,-2.61786926],[10.02602255,-2.62125313],[10.02507007,-2.62324965],[10.02351224,-2.62384987],[10.02800906,-2.62455428],[10.03019202,-2.62706351],[10.03335536,-2.62654626]],[[10.03640187,-2.62645948],[10.03261364,-2.63110507],[10.0321089,-2.63450086],[10.03236651,-2.63441348],[10.03429437,-2.63038123],[10.03672755,-2.62887847],[10.03748465,-2.62689376],[10.03689933,-2.62585497],[10.03640187,-2.62645948]],[[10.03349435,-2.68007863],[10.03312612,-2.68114901],[10.03396726,-2.68206871],[10.03737712,-2.67816925],[10.03712344,-2.67714894],[10.03383946,-2.67884672],[10.03349435,-2.68007863]],[[10.02427316,-2.66830564],[10.02342665,-2.67088115],[10.02564526,-2.67129946],[10.02599716,-2.66913307],[10.02818584,-2.66995072],[10.0267688,-2.67279565],[10.03221583,-2.67550337],[10.03467536,-2.67338061],[10.03505087,-2.67211735],[10.03494692,-2.67168105],[10.03194296,-2.67065787],[10.03233826,-2.6672703],[10.03205073,-2.66682255],[10.03040194,-2.66634941],[10.02897036,-2.6666404],[10.02427316,-2.66830564]],[[10.03158796,-2.68062794],[10.03132212,-2.68026996],[10.02834415,-2.68238425],[10.02811193,-2.68296695],[10.02842271,-2.68406904],[10.02869892,-2.68425596],[10.03268516,-2.68375301],[10.03279912,-2.68350613],[10.03120196,-2.68205965],[10.03158796,-2.68062794]],[[10.02609468,-2.68456185],[10.02601576,-2.68623912],[10.02746022,-2.68684173],[10.02785373,-2.68664265],[10.02787065,-2.68553543],[10.02742195,-2.6849364],[10.02609468,-2.68456185]],[[10.01648366,-2.71215045],[10.01814735,-2.71254277],[10.01933575,-2.7124269],[10.02074003,-2.71142054],[10.01952875,-2.71011412],[10.01841462,-2.70969105],[10.01726305,-2.7094959],[10.01610041,-2.71002161],[10.01568341,-2.71050763],[10.01601052,-2.71187782],[10.01648366,-2.71215045]],[[10.00267994,0.17340195],[10.00375426,0.17246795],[10.00920761,0.17578125],[10.00973964,0.17592466],[10.01018405,0.17613626],[10.01231074,0.17797101],[10.01154947,0.17958724],[10.01111746,0.17962694],[10.00938034,0.17900586],[10.00558031,0.17578125],[10.00502217,0.17578125],[10.00252295,0.17403531],[10.00267994,0.17340195]],[[10.00694931,-2.6389482],[10.00766361,-2.63671875],[10.00654662,-2.63671875],[10.00570893,-2.63671875],[10.00521255,-2.63540161],[10.00468206,-2.63368976],[10.003021,-2.6325953],[10.00263464,-2.63270855],[10.00203931,-2.63542545],[10.00424278,-2.63577306],[10.00487113,-2.63671875],[10.00515044,-2.63671875],[10.00694931,-2.6389482]],[[9.99912834,-2.63262951],[10.00032651,-2.63225651],[10.00053465,-2.63012564],[9.99853051,-2.63201368],[9.99846137,-2.63249362],[9.99912834,-2.63262951]],[[9.99595284,-2.62776256],[9.99508655,-2.62866104],[9.99623644,-2.62855315],[9.99764097,-2.62826824],[9.99595284,-2.62776256]],[[9.98832166,-2.61178672],[9.99075007,-2.61629832],[9.99210286,-2.61514056],[9.99252963,-2.61169708],[9.99254167,-2.61131465],[9.99108672,-2.60894465],[9.99075866,-2.60888982],[9.98983324,-2.60893142],[9.98961651,-2.60915494],[9.98832166,-2.61178672]],[[9.98989105,-2.59008276],[9.99066293,-2.59012663],[9.99172115,-2.58849561],[9.991593,-2.58791733],[9.99073195,-2.58828497],[9.98995805,-2.58943856],[9.98989105,-2.59008276]],[[9.98888648,-2.62020588],[9.98881435,-2.62154305],[9.98912537,-2.62186003],[9.99064422,-2.62243617],[9.99143565,-2.62166452],[9.99145722,-2.61967862],[9.99130154,-2.61944652],[9.98962533,-2.6192137],[9.98915458,-2.61854506],[9.98895538,-2.61872411],[9.98888648,-2.62020588]],[[9.98913026,-2.62353385],[9.99130034,-2.62582815],[9.99140096,-2.62544024],[9.99088824,-2.62350273],[9.98913026,-2.62353385]],[[9.98685348,-2.62394714],[9.9865787,-2.62387693],[9.98680103,-2.62765873],[9.9871608,-2.62786925],[9.98759842,-2.62771344],[9.98889375,-2.62631035],[9.98881948,-2.62578475],[9.98835838,-2.62432611],[9.98685348,-2.62394714]],[[9.98785531,-2.59429133],[9.98677313,-2.59661627],[9.98767662,-2.59699237],[9.98802662,-2.59690344],[9.98871434,-2.59377217],[9.98785531,-2.59429133]],[[9.98373365,-2.59590864],[9.98328042,-2.59454632],[9.98253393,-2.59540653],[9.98232245,-2.59915495],[9.98253643,-2.59971833],[9.98342335,-2.60029352],[9.98378706,-2.60036385],[9.98699975,-2.59914446],[9.98714507,-2.5989083],[9.98637891,-2.5978713],[9.98395956,-2.59831905],[9.98533094,-2.59602392],[9.98373365,-2.59590864]],[[9.98425937,-2.64981401],[9.98436844,-2.65022314],[9.98580265,-2.6508429],[9.98603857,-2.65053475],[9.98589778,-2.64815736],[9.98519111,-2.64791095],[9.98480475,-2.64838576],[9.98425937,-2.64981401]],[[9.98069155,-2.59702134],[9.97968495,-2.59454584],[9.97818232,-2.59709644],[9.97455621,-2.59771132],[9.97953475,-2.60038126],[9.98074532,-2.59788132],[9.98069155,-2.59702134]],[[9.97796404,-2.55687225],[9.97875035,-2.55741787],[9.97939944,-2.55720663],[9.98017085,-2.55623186],[9.97819901,-2.55549216],[9.97796404,-2.55687225]],[[9.97333527,-2.57448387],[9.97308612,-2.57579875],[9.97328186,-2.57743537],[9.97464645,-2.57824898],[9.97401404,-2.58028412],[9.97292626,-2.57896936],[9.96514642,-2.58092236],[9.96747196,-2.58375716],[9.96739936,-2.58586395],[9.97337484,-2.58361995],[9.97657704,-2.58104873],[9.97709835,-2.57941294],[9.97660685,-2.57679915],[9.97557485,-2.57431674],[9.97449541,-2.57432413],[9.97333527,-2.57448387]],[[9.97227526,-2.53791416],[9.9723376,-2.53836405],[9.97306132,-2.53840888],[9.97418976,-2.53789985],[9.97449541,-2.53556705],[9.97579706,-2.53461611],[9.97491086,-2.53274548],[9.97458124,-2.5325464],[9.97355735,-2.53233302],[9.97306776,-2.53283894],[9.97228801,-2.53493905],[9.97227526,-2.53791416]],[[9.96382904,-2.61478758],[9.96254265,-2.61389971],[9.96096146,-2.60974765],[9.95827711,-2.60956073],[9.9577471,-2.60937047],[9.95088124,-2.60459483],[9.95035243,-2.6059165],[9.95341837,-2.60899675],[9.95130742,-2.61007655],[9.95007527,-2.60806346],[9.94855404,-2.61228812],[9.95542061,-2.61258137],[9.9565953,-2.61318433],[9.95696175,-2.61368322],[9.95646524,-2.61477303],[9.95615244,-2.61492312],[9.95138454,-2.61608052],[9.95411956,-2.61981845],[9.95399594,-2.62126768],[9.95666337,-2.62214196],[9.9591974,-2.62113106],[9.96111643,-2.62301016],[9.96200752,-2.62604415],[9.96838903,-2.62868524],[9.97040236,-2.62835562],[9.97048295,-2.62792838],[9.97160351,-2.62266314],[9.97063506,-2.62330961],[9.96925485,-2.62259114],[9.96935165,-2.62560523],[9.96861243,-2.62579095],[9.96559656,-2.62341344],[9.96336293,-2.62316132],[9.96368015,-2.62037838],[9.96088552,-2.62142527],[9.95979106,-2.618716],[9.96354568,-2.61715317],[9.96382904,-2.61478758]],[[9.96671152,-2.57727373],[9.96193075,-2.57912564],[9.96822035,-2.57807791],[9.96952856,-2.57745266],[9.96977103,-2.57649255],[9.96776748,-2.57623327],[9.96733511,-2.57617152],[9.96671152,-2.57727373]],[[9.95988941,-2.60673118],[9.96039426,-2.60767376],[9.96415555,-2.61173725],[9.96475553,-2.61400032],[9.9666059,-2.61421883],[9.96641684,-2.61001396],[9.96495485,-2.60951567],[9.96436453,-2.60706615],[9.9628334,-2.60702705],[9.96065545,-2.60598874],[9.95988941,-2.60673118]],[[9.96537554,-2.58388615],[9.96264446,-2.58197391],[9.96224904,-2.58219242],[9.96172547,-2.58287478],[9.96208394,-2.58437002],[9.96065271,-2.58554351],[9.96083605,-2.58581865],[9.96438515,-2.58751273],[9.96516907,-2.58746731],[9.96543813,-2.58684635],[9.96556854,-2.58429074],[9.96537554,-2.58388615]],[[9.93333685,0.19136524],[9.94500542,0.18405461],[9.94759917,0.18131292],[9.95005584,0.17578125],[9.95061386,0.17578125],[9.95197701,0.17412841],[9.95500195,0.17332184],[9.95563293,0.17345214],[9.95982134,0.17578125],[9.96065843,0.17578125],[9.96192265,0.17671645],[9.96196938,0.17701316],[9.96118605,0.18117011],[9.95185685,0.18884015],[9.92647135,0.19691586],[9.92414868,0.19622684],[9.92335582,0.19538558],[9.9236356,0.19467247],[9.92508376,0.19363844],[9.93333685,0.19136524]],[[9.96043181,-2.58271801],[9.96031201,-2.58235705],[9.95903325,-2.58292258],[9.95811296,-2.58606756],[9.95972705,-2.58556294],[9.95999718,-2.58495927],[9.96043181,-2.58271801]],[[9.95449615,-2.60429621],[9.95804656,-2.60756362],[9.95904624,-2.60760653],[9.95943761,-2.6066817],[9.95766377,-2.60341477],[9.95635426,-2.60334218],[9.95474625,-2.60237014],[9.95449615,-2.60429621]],[[9.95753205,-2.53842413],[9.95395005,-2.54008615],[9.95386124,-2.54113126],[9.95602465,-2.54121101],[9.95733213,-2.53974974],[9.95859444,-2.54096818],[9.95903122,-2.53980446],[9.95874226,-2.53957856],[9.95793974,-2.53871763],[9.95753205,-2.53842413]],[[9.93631601,-2.52257085],[9.93573415,-2.52341723],[9.93514228,-2.52363455],[9.93269932,-2.52356684],[9.93239307,-2.52380598],[9.93121505,-2.52707636],[9.93143714,-2.53121161],[9.9290632,-2.53104067],[9.92740035,-2.53244925],[9.92726576,-2.53288567],[9.92763925,-2.53416467],[9.93085158,-2.53477156],[9.93194401,-2.53724897],[9.93139243,-2.53838754],[9.93186915,-2.53875673],[9.93251133,-2.53825676],[9.93245256,-2.53405118],[9.9340384,-2.53434718],[9.93605888,-2.53694606],[9.93805885,-2.53368557],[9.93492484,-2.53317416],[9.93412972,-2.53233266],[9.93482077,-2.53096366],[9.94024944,-2.53013885],[9.94144785,-2.53061247],[9.94256854,-2.53331995],[9.93988001,-2.53834605],[9.94104862,-2.54025674],[9.94134176,-2.54039836],[9.94261897,-2.53851843],[9.94314182,-2.53840375],[9.95030141,-2.53955364],[9.95071626,-2.53698075],[9.95280182,-2.53815484],[9.95491076,-2.53733826],[9.95513844,-2.53703773],[9.95577037,-2.53372574],[9.95769215,-2.53164756],[9.95524025,-2.53074884],[9.95437276,-2.53173041],[9.95474803,-2.53348064],[9.94602871,-2.53536272],[9.94766724,-2.5370357],[9.94523096,-2.53766],[9.94401264,-2.53507102],[9.94653344,-2.53352702],[9.94927657,-2.53341472],[9.94967175,-2.53316104],[9.95249045,-2.53063416],[9.95249927,-2.52973223],[9.95237505,-2.52947342],[9.94973707,-2.52911103],[9.94885886,-2.53178394],[9.94776416,-2.5320549],[9.94796717,-2.52912521],[9.94688725,-2.52822638],[9.94664681,-2.52810252],[9.94524312,-2.52769935],[9.94191527,-2.52938855],[9.94164646,-2.52928436],[9.94101727,-2.52763665],[9.93866396,-2.52665997],[9.94153106,-2.52570665],[9.94231665,-2.52465975],[9.94214916,-2.52432096],[9.93886435,-2.52350521],[9.93631601,-2.52257085]],[[9.95460558,-2.5529772],[9.95303643,-2.55432475],[9.95571804,-2.55688262],[9.95598686,-2.55678844],[9.95676494,-2.55376661],[9.95460558,-2.5529772]],[[9.94620097,-2.5273025],[9.94883621,-2.52802873],[9.94944322,-2.52809215],[9.95109665,-2.52676916],[9.95447421,-2.52853513],[9.95654464,-2.52798605],[9.95556056,-2.52664363],[9.94727886,-2.52316165],[9.94696856,-2.52281845],[9.94490266,-2.52553487],[9.94489706,-2.52581525],[9.94620097,-2.5273025]],[[9.94989204,-2.54952323],[9.94900894,-2.55020845],[9.94902611,-2.55049825],[9.95082605,-2.55167246],[9.95162141,-2.55149841],[9.95337558,-2.55042362],[9.9535259,-2.55006826],[9.95296287,-2.54918158],[9.9513036,-2.54883397],[9.94989204,-2.54952323]],[[9.95281756,-2.54092884],[9.95261312,-2.54046035],[9.95016861,-2.54151714],[9.95015955,-2.54189575],[9.95108402,-2.54335344],[9.95152748,-2.54349065],[9.95286167,-2.54137397],[9.95281756,-2.54092884]],[[9.94620121,-2.56943905],[9.94713342,-2.57211626],[9.94811821,-2.57212675],[9.94762278,-2.57022607],[9.94620121,-2.56943905]],[[9.94618893,-2.54297018],[9.94471586,-2.54230154],[9.94374335,-2.54240084],[9.94446003,-2.54342794],[9.9456526,-2.54364741],[9.94623494,-2.54326773],[9.94618893,-2.54297018]],[[9.94054055,-2.57099271],[9.94003797,-2.57006562],[9.93838155,-2.57059264],[9.93849278,-2.57090235],[9.94054055,-2.57099271]],[[9.94042957,-2.57960355],[9.94036686,-2.57656884],[9.94007838,-2.57613742],[9.93876696,-2.57595468],[9.93513763,-2.5748744],[9.9367218,-2.57779503],[9.93548846,-2.57883286],[9.94042957,-2.57960355]],[[9.93464076,-2.56526244],[9.93378246,-2.56692827],[9.93076778,-2.56802535],[9.92880535,-2.56669343],[9.92574632,-2.57070816],[9.92464066,-2.56653523],[9.92422616,-2.5665431],[9.92061782,-2.56868637],[9.92066801,-2.57151985],[9.92097211,-2.57210183],[9.92373228,-2.57292616],[9.92708421,-2.57767177],[9.92884982,-2.57716274],[9.92848527,-2.57448006],[9.92902935,-2.57384181],[9.93033755,-2.57351053],[9.93293452,-2.57692945],[9.9333688,-2.57682645],[9.9343338,-2.57526183],[9.93443728,-2.57472432],[9.93399036,-2.57259822],[9.93549776,-2.57073414],[9.93295026,-2.57223117],[9.93204391,-2.57058024],[9.93299365,-2.56867707],[9.93459713,-2.56795871],[9.93601394,-2.56690466],[9.93615806,-2.56661415],[9.93577862,-2.56575036],[9.93464076,-2.56526244]],[[9.90762508,-2.55202842],[9.90688074,-2.55404091],[9.90700245,-2.55433154],[9.90985227,-2.55493116],[9.91155934,-2.55764484],[9.91037381,-2.55867446],[9.90690792,-2.55865407],[9.90692258,-2.56010485],[9.91336894,-2.56018925],[9.91458285,-2.55811632],[9.91678202,-2.55713344],[9.91817605,-2.55965722],[9.91476381,-2.56101024],[9.91735733,-2.56097615],[9.91792715,-2.56284976],[9.91667032,-2.56465554],[9.91693616,-2.56473327],[9.92252517,-2.55849731],[9.92391884,-2.55841672],[9.92537653,-2.56057227],[9.92545235,-2.56093001],[9.92422891,-2.56346214],[9.92437267,-2.56466341],[9.92520511,-2.56515086],[9.92594004,-2.56471956],[9.92859101,-2.56214643],[9.92596114,-2.56042635],[9.92519605,-2.55858493],[9.92670655,-2.55819345],[9.92718613,-2.55833006],[9.93040204,-2.56012452],[9.93069506,-2.55986607],[9.93080163,-2.55943584],[9.93028521,-2.55763638],[9.92882013,-2.55747712],[9.92613482,-2.55366254],[9.92221475,-2.55394316],[9.92063296,-2.55660844],[9.91866851,-2.55610168],[9.91933227,-2.55352354],[9.91543365,-2.55253935],[9.91551864,-2.55603147],[9.9142518,-2.55684221],[9.91316593,-2.55621874],[9.91142786,-2.55112207],[9.91120684,-2.55091071],[9.90924811,-2.55086553],[9.90680242,-2.55011213],[9.90762508,-2.55202842]],[[9.92466021,-2.55083585],[9.92624664,-2.55154121],[9.92623866,-2.55025315],[9.92561591,-2.54986346],[9.92473435,-2.54957926],[9.92434144,-2.54996383],[9.92466021,-2.55083585]],[[9.92183244,-2.52506494],[9.91992187,-2.52594483],[9.9201982,-2.53009582],[9.91553926,-2.5294553],[9.91743398,-2.53086197],[9.91501582,-2.53518105],[9.91506982,-2.53556037],[9.91562986,-2.53557444],[9.91693652,-2.53530896],[9.91986811,-2.5315814],[9.92294455,-2.53160095],[9.92330575,-2.53134596],[9.92527592,-2.52912951],[9.92546451,-2.52781606],[9.92315221,-2.52568233],[9.92183244,-2.52506494]],[[9.91976821,-2.54960775],[9.92095625,-2.54950476],[9.92138314,-2.54903805],[9.92136741,-2.54861987],[9.92040277,-2.54796267],[9.91912246,-2.54874325],[9.91881585,-2.54934382],[9.91976821,-2.54960775]],[[9.89495814,0.16804445],[9.89735174,0.16804075],[9.90217841,0.16939342],[9.90249646,0.16956782],[9.90764511,0.17578125],[9.90820312,0.17578125],[9.91686392,0.18288457],[9.91746235,0.18434978],[9.91718924,0.18643045],[9.91673565,0.18679821],[9.91174746,0.18769205],[9.90757632,0.18680334],[9.9058845,0.18551302],[9.90485704,0.18448055],[9.89815843,0.17578125],[9.89760041,0.17578125],[9.89370883,0.17196274],[9.89326346,0.17110825],[9.89343345,0.16899896],[9.89360881,0.16882622],[9.89495814,0.16804445]],[[9.90965211,-2.51435876],[9.91196752,-2.51074612],[9.91028452,-2.50887382],[9.91316688,-2.50600636],[9.91141605,-2.50466216],[9.9085623,-2.50455594],[9.90816247,-2.50445247],[9.90704286,-2.50534344],[9.90637016,-2.50934505],[9.90888441,-2.51164436],[9.90802002,-2.51366627],[9.90825522,-2.51463246],[9.90869033,-2.51477385],[9.90965211,-2.51435876]],[[9.90523887,-2.52726483],[9.90726626,-2.52939308],[9.90778172,-2.52930927],[9.90928137,-2.52660084],[9.90850615,-2.52517366],[9.90523887,-2.52726483]],[[9.89770234,-2.53333676],[9.89804184,-2.5344125],[9.89838886,-2.53474486],[9.89938354,-2.53542233],[9.89978063,-2.53493595],[9.90298545,-2.53288496],[9.90318155,-2.53266132],[9.90249491,-2.53099775],[9.90059221,-2.52979004],[9.89936864,-2.53057456],[9.89770234,-2.53333676]],[[9.89670455,-2.54900515],[9.89872277,-2.54689276],[9.89643645,-2.54412925],[9.89526916,-2.54474795],[9.89525771,-2.54510164],[9.89599383,-2.54930174],[9.89670455,-2.54900515]],[[9.88429225,-2.49457693],[9.88708615,-2.49464905],[9.88805068,-2.49277401],[9.89313662,-2.49006212],[9.89465415,-2.48661363],[9.89482832,-2.48482966],[9.89167035,-2.48406661],[9.88958383,-2.48702335],[9.88920176,-2.48710072],[9.88690305,-2.48605704],[9.88429225,-2.49457693]],[[9.89234257,-2.427266],[9.89187396,-2.42720616],[9.88935935,-2.42920291],[9.89055026,-2.43104601],[9.89164555,-2.43159115],[9.89206564,-2.43138862],[9.89223242,-2.43074226],[9.89094925,-2.43016255],[9.89259195,-2.42812288],[9.89234257,-2.427266]],[[9.89066184,-2.42567396],[9.88797617,-2.42385757],[9.88686764,-2.42589915],[9.88805711,-2.42686105],[9.89066184,-2.42567396]],[[9.88972425,-2.44206023],[9.88669395,-2.43844974],[9.88369751,-2.43881381],[9.88358355,-2.44107687],[9.88475311,-2.44261181],[9.88305414,-2.44792962],[9.88144135,-2.44864237],[9.88144505,-2.44894123],[9.88281977,-2.44972253],[9.88321805,-2.44944072],[9.88492763,-2.44853151],[9.88773441,-2.44731975],[9.88972425,-2.44206023]],[[9.88674235,-2.57988894],[9.88744128,-2.58016407],[9.888677,-2.57952476],[9.88862717,-2.57915998],[9.88686657,-2.57785451],[9.88632453,-2.57961226],[9.88674235,-2.57988894]],[[9.88632226,-2.53414345],[9.88690162,-2.53417206],[9.88755655,-2.53200972],[9.88691115,-2.53156042],[9.88596976,-2.53304756],[9.88632226,-2.53414345]],[[9.88691938,-2.50877488],[9.88674903,-2.51235676],[9.88209605,-2.51767051],[9.88231444,-2.51861215],[9.88447595,-2.51894963],[9.88403833,-2.52033842],[9.88416743,-2.52082253],[9.88500106,-2.52279568],[9.88538337,-2.52310276],[9.88600504,-2.52260506],[9.88672256,-2.51791418],[9.88436663,-2.51796234],[9.88405883,-2.51767731],[9.88389635,-2.51674783],[9.88408232,-2.51613665],[9.88513804,-2.51554954],[9.88716304,-2.51297855],[9.88691938,-2.50877488]],[[9.88685524,-2.53030276],[9.88701224,-2.52667916],[9.88595498,-2.52826655],[9.88654614,-2.53110397],[9.88680565,-2.5307281],[9.88685524,-2.53030276]],[[9.87328374,-2.5500344],[9.87729287,-2.54181576],[9.87535036,-2.54062545],[9.87458873,-2.53658247],[9.87225223,-2.53701973],[9.87199354,-2.5390259],[9.86999547,-2.53930068],[9.86989546,-2.53895795],[9.86602855,-2.53368866],[9.86430585,-2.53558242],[9.86399674,-2.53782153],[9.86660016,-2.5398792],[9.86667192,-2.54169881],[9.86912167,-2.54201722],[9.87054634,-2.54611278],[9.86766136,-2.54590797],[9.8668617,-2.54843426],[9.87014484,-2.54836094],[9.87060964,-2.55164945],[9.87124693,-2.55199194],[9.87178171,-2.55205405],[9.87328374,-2.5500344]],[[9.87237465,-2.46986997],[9.87170506,-2.46981275],[9.87059987,-2.47028196],[9.87046874,-2.47052622],[9.86980188,-2.47351563],[9.86990011,-2.47416306],[9.87054002,-2.47625566],[9.87246335,-2.47697318],[9.8728801,-2.47677767],[9.87331224,-2.47621286],[9.8733958,-2.47167182],[9.8733474,-2.47096395],[9.87237465,-2.46986997]],[[9.87278664,-2.52536297],[9.87215126,-2.52329993],[9.87095892,-2.52312064],[9.86999941,-2.52388871],[9.87013042,-2.52569616],[9.87063801,-2.52633953],[9.87190342,-2.52636862],[9.87260854,-2.52623761],[9.87278664,-2.52536297]],[[9.85851336,-2.50037205],[9.85566735,-2.50143218],[9.85415184,-2.50357544],[9.85422981,-2.50496972],[9.85647094,-2.50513792],[9.85659373,-2.50611186],[9.85371864,-2.50612247],[9.85230112,-2.50470161],[9.85034454,-2.50601006],[9.85205495,-2.50795364],[9.85046875,-2.51002455],[9.85084045,-2.51354325],[9.85107923,-2.51516688],[9.85293496,-2.51665652],[9.85392344,-2.52019024],[9.85442567,-2.52055883],[9.86100805,-2.52129078],[9.86237633,-2.52065432],[9.86292326,-2.51881695],[9.86450171,-2.51883316],[9.86656427,-2.52120233],[9.86688352,-2.52096605],[9.86745465,-2.51965976],[9.86468232,-2.51649892],[9.86282015,-2.51621246],[9.86340678,-2.51512206],[9.85620523,-2.51472056],[9.85391664,-2.51370955],[9.85380244,-2.51330304],[9.85607648,-2.51136422],[9.86354196,-2.51155996],[9.862167,-2.5088253],[9.85972488,-2.50746441],[9.85998034,-2.50660396],[9.86158156,-2.50708067],[9.86133063,-2.50591135],[9.85918248,-2.50516558],[9.86433113,-2.50432181],[9.85816705,-2.4988476],[9.85851336,-2.50037205]],[[9.85630608,-2.4660238],[9.85684204,-2.46380925],[9.85659504,-2.4609375],[9.85633445,-2.45971906],[9.85696793,-2.45893467],[9.85824275,-2.45917046],[9.85910821,-2.4609375],[9.85938728,-2.4609375],[9.86230361,-2.46393585],[9.86553073,-2.4609375],[9.86490953,-2.45867264],[9.86263287,-2.45705581],[9.86321354,-2.44941223],[9.86173356,-2.44881356],[9.86020982,-2.44996202],[9.85968196,-2.44729722],[9.85938883,-2.44727981],[9.85677791,-2.44903254],[9.85605955,-2.44823563],[9.85384882,-2.44503176],[9.85259807,-2.44463921],[9.85167134,-2.44464004],[9.85030925,-2.44541037],[9.850878,-2.44867814],[9.84845912,-2.44843757],[9.84800875,-2.44879496],[9.84801435,-2.44945765],[9.85059237,-2.45225632],[9.85513985,-2.45216405],[9.85573661,-2.45261526],[9.85566747,-2.45345712],[9.85137284,-2.45345116],[9.85056424,-2.4544301],[9.85268557,-2.4609375],[9.85301244,-2.46481466],[9.85318875,-2.46526945],[9.85479951,-2.46676075],[9.85537827,-2.46676576],[9.85630608,-2.4660238]],[[9.85327578,-2.49041557],[9.85050654,-2.49370325],[9.85206187,-2.49594545],[9.85225165,-2.49877596],[9.85370183,-2.50026464],[9.85469675,-2.50079584],[9.85517216,-2.50068593],[9.85611916,-2.50003696],[9.85636234,-2.49952602],[9.85702383,-2.49733353],[9.86186445,-2.49816966],[9.86216354,-2.49764955],[9.86226904,-2.4951539],[9.86239374,-2.49403834],[9.85999501,-2.49026442],[9.85692692,-2.48974895],[9.85355842,-2.49026024],[9.85327578,-2.49041557]],[[9.82748175,-2.49620867],[9.82563961,-2.50276136],[9.82725406,-2.50234365],[9.83226526,-2.49696887],[9.84106755,-2.49524915],[9.84123433,-2.49503171],[9.84116638,-2.49261415],[9.83718777,-2.49302447],[9.83676887,-2.49260604],[9.83674288,-2.4883635],[9.83466101,-2.48780978],[9.83246815,-2.48641145],[9.82998812,-2.48983693],[9.82800031,-2.49064553],[9.82702494,-2.49260592],[9.82748175,-2.49620867]],[[9.83053935,-2.47642815],[9.83004868,-2.48268545],[9.83327735,-2.48214388],[9.83388233,-2.48153353],[9.83380616,-2.48265004],[9.83260941,-2.48507655],[9.83412278,-2.48598182],[9.83444214,-2.48593271],[9.83589613,-2.4841789],[9.83685243,-2.48104513],[9.83804941,-2.47421265],[9.83805871,-2.4738847],[9.83644831,-2.47259152],[9.83606911,-2.47243786],[9.83581173,-2.47251725],[9.83385575,-2.47486782],[9.83053935,-2.47642815]],[[9.83428526,0.14786267],[9.83449936,0.14738727],[9.83521044,0.14749861],[9.83645308,0.14824545],[9.83551967,0.14967883],[9.83428526,0.14786267]],[[9.80748391,-2.49963534],[9.81053185,-2.49373925],[9.81029451,-2.49359214],[9.80675066,-2.49330354],[9.80529237,-2.49457777],[9.80499613,-2.49610198],[9.80509865,-2.49680853],[9.80987334,-2.50723875],[9.81170845,-2.504094],[9.81190205,-2.50032306],[9.80751741,-2.49992084],[9.80748391,-2.49963534]],[[9.80489504,-2.49383676],[9.80620813,-2.49283695],[9.80619442,-2.49145091],[9.80356896,-2.48902464],[9.80256724,-2.48880744],[9.80130982,-2.49014545],[9.80119324,-2.49123538],[9.80214596,-2.49166882],[9.80394387,-2.49404144],[9.80489504,-2.49383676]],[[9.79151297,-2.51608253],[9.79093683,-2.51586103],[9.79001904,-2.51671398],[9.78971982,-2.51680851],[9.78937435,-2.51693451],[9.78895426,-2.51706231],[9.78849006,-2.51723945],[9.78796983,-2.51750624],[9.78752792,-2.51789856],[9.78736985,-2.51822901],[9.78771341,-2.51836705],[9.78800392,-2.51823187],[9.78833151,-2.51808655],[9.78874815,-2.51794052],[9.78925526,-2.51780927],[9.78971457,-2.51763046],[9.79018235,-2.51735938],[9.79071713,-2.51697123],[9.79116857,-2.51663744],[9.79151297,-2.51608253]],[[9.78546631,0.99427164],[9.78607297,0.99422908],[9.78874755,0.99754417],[9.78863335,0.9987936],[9.78697205,0.99967504],[9.78632557,0.99975753],[9.78574407,0.99919784],[9.78506684,0.99712884],[9.78495061,0.99664843],[9.78546631,0.99427164]],[[9.76741314,-2.52521682],[9.76911771,-2.52531564],[9.77078748,-2.52440965],[9.76861072,-2.52395368],[9.76700747,-2.52491975],[9.76741314,-2.52521682]],[[9.75244606,-2.51709867],[9.75375605,-2.51765847],[9.75400686,-2.51747584],[9.75404072,-2.51577294],[9.7539258,-2.51549435],[9.75092113,-2.50985026],[9.7506541,-2.50948966],[9.74991202,-2.51039362],[9.75023127,-2.51330805],[9.75244606,-2.51709867]],[[9.72775114,-2.45502281],[9.72839451,-2.45230532],[9.72714436,-2.45303607],[9.72696543,-2.45352972],[9.72719705,-2.45524216],[9.72775114,-2.45502281]],[[9.68705034,-0.92365015],[9.68763244,-0.92377365],[9.69730783,-0.91772437],[9.70328546,-0.91173685],[9.70533597,-0.90698552],[9.70156705,-0.90816104],[9.69581628,-0.91359711],[9.69288385,-0.91474533],[9.68652463,-0.92251313],[9.68705034,-0.92365015]],[[9.6648916,-0.92388535],[9.6665436,-0.92313552],[9.66747046,-0.92228615],[9.66591787,-0.92180741],[9.65604556,-0.92452025],[9.66019392,-0.92514098],[9.6648916,-0.92388535]],[[9.58528531,-0.95541584],[9.58486462,-0.95532382],[9.58296442,-0.95661461],[9.58205175,-0.95782661],[9.58181012,-0.95890212],[9.58211422,-0.96016276],[9.58292782,-0.96009505],[9.58526874,-0.95886135],[9.58703101,-0.9570471],[9.58718014,-0.95601213],[9.58528531,-0.95541584]],[[9.58178842,-0.96550155],[9.58188427,-0.9658215],[9.58459115,-0.96548605],[9.58605075,-0.96442056],[9.58607352,-0.96408164],[9.58378768,-0.96380317],[9.58230615,-0.96434295],[9.58178842,-0.96550155]],[[9.57870746,-0.96759212],[9.58138967,-0.96455145],[9.58172452,-0.96359646],[9.58149064,-0.96344495],[9.57841253,-0.96292317],[9.57352316,-0.96505094],[9.56817627,-0.97030962],[9.56929576,-0.9702363],[9.57870746,-0.96759212]],[[9.57237625,0.51040006],[9.57301831,0.51039314],[9.57642126,0.51267374],[9.57753742,0.51550627],[9.57770324,0.51994717],[9.57657862,0.52245855],[9.57756686,0.52734375],[9.57806516,0.53232622],[9.57783806,0.5360682],[9.57657528,0.53868544],[9.57551587,0.54035127],[9.57408106,0.54115736],[9.56539154,0.53816283],[9.56491911,0.53792822],[9.56223643,0.53262925],[9.56222093,0.52734375],[9.56225038,0.52694607],[9.56589973,0.51770258],[9.56715846,0.51565313],[9.57156205,0.51056755],[9.57237625,0.51040006]],[[9.54149711,0.26910186],[9.54096317,0.25921416],[9.54446053,0.25936425],[9.54749584,0.25726926],[9.54992843,0.25872016],[9.55148435,0.26171303],[9.55176961,0.26176786],[9.55864155,0.26227427],[9.55896866,0.26265013],[9.56079817,0.26576626],[9.56084192,0.2711395],[9.56055355,0.27158785],[9.54973733,0.2769978],[9.54485285,0.27853107],[9.54227126,0.27845967],[9.53958428,0.2758162],[9.54095685,0.27360666],[9.54149711,0.26910186]],[[9.54751635,-1.63852322],[9.54806626,-1.63905275],[9.55068874,-1.63904452],[9.54898524,-1.63829005],[9.54846025,-1.63809144],[9.54751635,-1.63852322]],[[9.53807187,0.59046531],[9.53717816,0.5882827],[9.53814065,0.58684516],[9.53820634,0.58247101],[9.54133475,0.58148491],[9.54281092,0.58277392],[9.54483914,0.58947027],[9.54488862,0.59834993],[9.54445755,0.59929824],[9.54367113,0.59963512],[9.54250968,0.59886944],[9.53807187,0.59046531]],[[9.53951836,-2.06540585],[9.54035175,-2.06542206],[9.54186332,-2.06485891],[9.54241121,-2.06295836],[9.54185343,-2.06178355],[9.54028213,-2.06134891],[9.53760004,-2.0627979],[9.53751993,-2.06320643],[9.53951836,-2.06540585]],[[9.53438985,0.56125093],[9.53499413,0.56114948],[9.53681052,0.56289792],[9.53417492,0.56218004],[9.53438985,0.56125093]],[[9.50160241,-1.00214624],[9.5072937,-1.00451505],[9.51018667,-1.00487125],[9.51112676,-1.00432932],[9.51493526,-1.00160086],[9.51527512,-1.00125611],[9.52022874,-0.99441958],[9.53356755,-0.98492432],[9.53376842,-0.98461294],[9.5335052,-0.98410416],[9.53090191,-0.98303092],[9.52639556,-0.98374867],[9.51431847,-0.98900735],[9.51108491,-0.99135566],[9.51057851,-0.99186397],[9.50160241,-1.00214624]],[[9.51991856,-0.99563634],[9.51677573,-1.00118554],[9.51752055,-1.00113463],[9.52814281,-0.99069095],[9.5243535,-0.99203706],[9.52018964,-0.99537241],[9.51991856,-0.99563634]],[[9.51606822,-1.17478502],[9.51734686,-1.17491305],[9.51776123,-1.17478538],[9.51974833,-1.17317235],[9.51650608,-1.17239702],[9.51549304,-1.17305434],[9.51536834,-1.17343438],[9.51567101,-1.17452598],[9.51606822,-1.17478502]],[[9.51690495,0.29738474],[9.51658082,0.29746234],[9.51395857,0.29341042],[9.51416635,0.29273713],[9.51490855,0.29284561],[9.51771152,0.29585791],[9.51761997,0.29708707],[9.51690495,0.29738474]],[[9.51410592,-1.18312645],[9.51453388,-1.18326366],[9.51670074,-1.18256581],[9.51641798,-1.18124592],[9.51385641,-1.18117535],[9.51279974,-1.1813637],[9.51410592,-1.18312645]],[[9.51423597,0.29479456],[9.51400673,0.29740512],[9.51312852,0.29702413],[9.51291251,0.29547727],[9.51330054,0.29349661],[9.51361954,0.29385626],[9.51423597,0.29479456]],[[9.51018405,0.21512282],[9.50794566,0.21106923],[9.50792384,0.21060097],[9.51094675,0.20744932],[9.51160824,0.20746183],[9.51197386,0.20780945],[9.51364374,0.21239173],[9.51379573,0.21414745],[9.51268744,0.21510375],[9.51018405,0.21512282]],[[9.51136637,-0.98622096],[9.5096817,-0.98583913],[9.50742376,-0.98610878],[9.50668645,-0.98630822],[9.50490773,-0.98776805],[9.49662435,-0.99706328],[9.49585521,-0.99844408],[9.49681234,-0.99856424],[9.49984145,-0.99772787],[9.50221121,-0.99615645],[9.50616431,-0.99260986],[9.50945938,-0.98946214],[9.51084948,-0.98781455],[9.51136637,-0.98622096]],[[9.49880016,-1.14024162],[9.4958477,-1.14180684],[9.49591875,-1.14227056],[9.49806404,-1.14790654],[9.5016067,-1.14860964],[9.50293636,-1.15122092],[9.50346816,-1.15123224],[9.50411487,-1.15053236],[9.50438237,-1.14829326],[9.50561738,-1.14686894],[9.50488555,-1.14291024],[9.50536156,-1.14245546],[9.50679862,-1.14258528],[9.50741768,-1.14348376],[9.50722265,-1.14392853],[9.50558555,-1.14400983],[9.50560665,-1.14472473],[9.50596225,-1.14498031],[9.50710595,-1.14557517],[9.50740445,-1.14557254],[9.50875855,-1.14507222],[9.50903952,-1.14467466],[9.50914144,-1.14376223],[9.50816941,-1.13959372],[9.50743055,-1.13892055],[9.50594771,-1.14146936],[9.50480521,-1.13980174],[9.50190008,-1.14090097],[9.50180495,-1.14043164],[9.50210035,-1.13999617],[9.50007963,-1.13824725],[9.49880016,-1.14024162]],[[9.50911665,-1.14556074],[9.50675821,-1.14648306],[9.50727534,-1.14769304],[9.50891173,-1.14801121],[9.50911665,-1.14556074]],[[9.50537002,-1.00504255],[9.50029767,-1.00303078],[9.49638307,-1.00634515],[9.50406647,-1.00716758],[9.50460386,-1.00690496],[9.50547326,-1.00617194],[9.50537002,-1.00504255]],[[9.49685931,-2.02414501],[9.49876511,-2.02588105],[9.49906623,-2.02583301],[9.50280273,-2.02202427],[9.50260067,-2.02036285],[9.50182557,-2.02151227],[9.50059795,-2.02023292],[9.49914372,-2.01891017],[9.49851513,-2.02118587],[9.4967612,-2.02128494],[9.49671125,-2.02159846],[9.49744737,-2.02250361],[9.49685931,-2.02414501]],[[9.49531257,0.10334766],[9.49863124,0.09471691],[9.49878514,0.09438765],[9.50052226,0.09447455],[9.50274861,0.10003483],[9.50270283,0.10086906],[9.50152481,0.10626006],[9.50128901,0.10668588],[9.49870241,0.10775685],[9.49647486,0.10649276],[9.49531293,0.10398233],[9.49531257,0.10334766]],[[9.49365687,-1.14349532],[9.49437165,-1.14355504],[9.49492681,-1.14296627],[9.49467742,-1.14181137],[9.49429023,-1.14170682],[9.4933542,-1.14213216],[9.4931401,-1.14251995],[9.49365687,-1.14349532]],[[9.4921875,-1.14564717],[9.48880148,-1.14299452],[9.48741448,-1.14414084],[9.48804414,-1.14602637],[9.48867238,-1.14673793],[9.4921875,-1.14871645],[9.4921875,-1.14815843],[9.49296355,-1.14746201],[9.4921875,-1.14620531],[9.4921875,-1.14564717]],[[9.48065352,-1.13854504],[9.48337126,-1.14056575],[9.48351192,-1.14031243],[9.48280561,-1.13844442],[9.48032606,-1.13751924],[9.48011112,-1.1377629],[9.48065352,-1.13854504]],[[9.44517267,-1.59807551],[9.44618785,-1.58931065],[9.44759941,-1.58774686],[9.45609534,-1.58793914],[9.46016145,-1.59010005],[9.46148348,-1.59205735],[9.47617042,-1.59651065],[9.48140407,-1.59372902],[9.48208785,-1.59228182],[9.48233724,-1.59116101],[9.48166263,-1.58550215],[9.48147714,-1.58518791],[9.47808254,-1.58331537],[9.47712052,-1.58203125],[9.47459745,-1.57773852],[9.46782684,-1.57210731],[9.46750021,-1.57192183],[9.45016313,-1.56878686],[9.44630241,-1.56760502],[9.44076872,-1.56884146],[9.43521702,-1.56867492],[9.42262483,-1.57564223],[9.42039013,-1.57858276],[9.42075884,-1.58203125],[9.42103791,-1.58203125],[9.42600107,-1.58967352],[9.42821646,-1.60223007],[9.43182313,-1.60821712],[9.43512237,-1.61112833],[9.43950915,-1.60940266],[9.44193482,-1.60583436],[9.44517267,-1.59807551]],[[9.48003542,-1.11084342],[9.47976816,-1.1107409],[9.47937262,-1.11164701],[9.48059356,-1.11304545],[9.48088765,-1.11295331],[9.4815768,-1.11252964],[9.48185456,-1.11150384],[9.48003542,-1.11084342]],[[9.46261632,-1.92695534],[9.46472645,-1.93158305],[9.46649742,-1.93359375],[9.46997488,-1.93743455],[9.47289705,-1.93629468],[9.47431612,-1.93359375],[9.47624338,-1.93038023],[9.47642553,-1.92675936],[9.47636473,-1.92642605],[9.47416305,-1.92337155],[9.47159016,-1.92218637],[9.47161925,-1.91810882],[9.46850371,-1.91896975],[9.46750724,-1.91876543],[9.46628976,-1.91335011],[9.46610785,-1.91301894],[9.46523404,-1.91251194],[9.46496105,-1.91255474],[9.46376824,-1.91542911],[9.46478176,-1.92395186],[9.46261632,-1.92695534]],[[9.32486057,-1.06375325],[9.31853843,-1.07526243],[9.31802726,-1.07558405],[9.30584824,-1.07909381],[9.30191076,-1.08488893],[9.29943657,-1.08622921],[9.29561937,-1.08618712],[9.28713632,-1.08039927],[9.28199995,-1.07875562],[9.27366614,-1.08429694],[9.25153816,-1.08629692],[9.24922311,-1.08967125],[9.25620615,-1.09523761],[9.26614976,-1.09939861],[9.27298248,-1.09927046],[9.28283691,-1.09417415],[9.29398465,-1.09098935],[9.29781485,-1.09099007],[9.30698955,-1.09538567],[9.32895386,-1.10065305],[9.33451641,-1.09958875],[9.33861911,-1.09489501],[9.35536957,-1.08680308],[9.36938095,-1.08460295],[9.37690771,-1.08741832],[9.38428605,-1.08781862],[9.39555275,-1.08534992],[9.40195751,-1.07991493],[9.41376185,-1.07458675],[9.42043865,-1.06819296],[9.42135596,-1.06656611],[9.42320836,-1.06198132],[9.42375135,-1.05697787],[9.42375612,-1.05658233],[9.42299104,-1.0546875],[9.42083085,-1.04802561],[9.42112505,-1.04074705],[9.42254531,-1.03526664],[9.43238306,-1.03205752],[9.43655813,-1.02570498],[9.43754947,-1.02503431],[9.44123554,-1.02351892],[9.46579492,-1.01848221],[9.46613777,-1.0183506],[9.47422671,-1.01413286],[9.47621095,-1.01121044],[9.47592211,-1.01018524],[9.47491813,-1.00932837],[9.4688555,-1.00774705],[9.46581113,-1.00535047],[9.45424068,-0.99961674],[9.44875276,-0.99723816],[9.44324923,-0.99723935],[9.43563843,-0.99941242],[9.41104126,-1.00192392],[9.39332736,-1.0022248],[9.38924944,-1.00326955],[9.38890135,-1.00338924],[9.37111425,-1.01891482],[9.36491525,-1.02949691],[9.36039972,-1.03418922],[9.34645903,-1.04300737],[9.3395406,-1.04962671],[9.33565843,-1.0546875],[9.33270383,-1.05826986],[9.33105242,-1.05968261],[9.32486057,-1.06375325]],[[9.47315908,-2.00601602],[9.47198486,-2.00554156],[9.47102284,-2.00711846],[9.47303367,-2.00791121],[9.47338724,-2.00741065],[9.47315908,-2.00601602]],[[9.46576905,-1.13745368],[9.46773005,-1.13860965],[9.46825731,-1.13852143],[9.46957195,-1.13815296],[9.46993995,-1.13533473],[9.46871531,-1.13327456],[9.46745694,-1.13304901],[9.46558952,-1.13451648],[9.46518505,-1.13643301],[9.46576905,-1.13745368]],[[9.45422423,-1.02224183],[9.45880794,-1.02307045],[9.45912504,-1.02295971],[9.46183217,-1.02155435],[9.45996201,-1.02086878],[9.45705676,-1.02154934],[9.45422423,-1.02224183]],[[9.44483185,-1.94199395],[9.44444394,-1.94238031],[9.44431007,-1.94400024],[9.44561243,-1.94546974],[9.44873548,-1.94282317],[9.44649684,-1.94295323],[9.44483185,-1.94199395]],[[9.39759755,-1.08542371],[9.39819562,-1.08560264],[9.40437615,-1.08433783],[9.40785694,-1.08318901],[9.41037357,-1.08180332],[9.41228914,-1.08056724],[9.41400254,-1.07885206],[9.41692865,-1.07412541],[9.41699624,-1.07339907],[9.41615498,-1.07366073],[9.41275406,-1.07697928],[9.40107965,-1.08179021],[9.39776266,-1.08486915],[9.39759755,-1.08542371]],[[9.40826118,0.21107864],[9.40588653,0.21225047],[9.40472102,0.21155298],[9.40364826,0.21109855],[9.40087116,0.21146595],[9.39821303,0.20723772],[9.39807475,0.20682216],[9.39798057,0.20351064],[9.39804757,0.2031368],[9.39983594,0.19829535],[9.40497828,0.19444776],[9.41232836,0.20412791],[9.41169381,0.20912445],[9.41142595,0.20960867],[9.40826118,0.21107864]],[[9.40929556,-0.99994147],[9.40899825,-0.99888217],[9.40524125,-0.99964535],[9.40609646,-1.00077033],[9.40844774,-1.00068653],[9.40929556,-0.99994147]],[[9.40372336,0.19440305],[9.39754951,0.20037353],[9.39683986,0.1977458],[9.39694858,0.19402575],[9.397632,0.19209242],[9.39892626,0.19001353],[9.40021574,0.18913984],[9.40201116,0.18812144],[9.40284133,0.18821847],[9.40342486,0.18859124],[9.40371323,0.18931854],[9.40382683,0.19402742],[9.40372336,0.19440305]],[[9.39711905,-1.10527635],[9.39764571,-1.10641801],[9.39843106,-1.10567081],[9.40106034,-1.10675132],[9.40361416,-1.10502112],[9.40191436,-1.10429597],[9.39945996,-1.10486126],[9.39924252,-1.10455537],[9.39744985,-1.10350823],[9.39711905,-1.10527635]],[[9.39409816,-0.9997884],[9.39665365,-0.99847412],[9.39667296,-0.99815237],[9.39400792,-0.99755561],[9.39297032,-0.99748957],[9.39207315,-0.99790394],[9.39097655,-0.99880207],[9.39098263,-0.99940658],[9.3921411,-0.99969435],[9.39409816,-0.9997884]],[[9.37733912,-1.91322196],[9.37875497,-1.91372263],[9.37919235,-1.91367471],[9.38072813,-1.91192055],[9.38102055,-1.91143417],[9.38295758,-1.90592706],[9.38260317,-1.90499795],[9.38009286,-1.90492117],[9.37822747,-1.90472114],[9.37891066,-1.90820157],[9.37547195,-1.91091478],[9.37733912,-1.91322196]],[[9.38038611,0.81011975],[9.38080215,0.81042802],[9.38043935,0.81042737],[9.37742746,0.81042194],[9.37877595,0.80920458],[9.37912655,0.80928445],[9.38034313,0.81009125],[9.38038611,0.81011975]],[[9.36628747,-1.08602881],[9.36512411,-1.08592546],[9.35353923,-1.08878553],[9.34848464,-1.09216714],[9.35705638,-1.09242606],[9.37054277,-1.09562075],[9.37318385,-1.09455824],[9.37614322,-1.09054375],[9.37695932,-1.08970761],[9.37374866,-1.08728588],[9.37329996,-1.08710217],[9.36628747,-1.08602881]],[[9.37331867,-1.88600874],[9.37320054,-1.88556385],[9.37202764,-1.88624036],[9.37078452,-1.88910782],[9.37088311,-1.88939881],[9.37431037,-1.89108193],[9.37557161,-1.89026403],[9.37510455,-1.88973248],[9.37342346,-1.88910842],[9.37331867,-1.88600874]],[[9.36483383,-1.64379776],[9.36193395,-1.64485824],[9.36146832,-1.6449635],[9.35782933,-1.64473081],[9.35309136,-1.64805937],[9.33555985,-1.64765716],[9.33329928,-1.65005493],[9.32844424,-1.65139461],[9.32826793,-1.65894711],[9.33474445,-1.66016996],[9.34305251,-1.65627944],[9.34889996,-1.65493786],[9.35284102,-1.65342832],[9.35956037,-1.64902484],[9.36644542,-1.64672506],[9.36905444,-1.64460075],[9.36911631,-1.64424264],[9.36863411,-1.64376366],[9.36649013,-1.64232934],[9.36483383,-1.64379776]],[[9.36719251,-1.91159654],[9.36573875,-1.91132557],[9.36476636,-1.91152644],[9.36530125,-1.91255796],[9.36575937,-1.91277528],[9.36738086,-1.91306305],[9.36751854,-1.91279948],[9.36758792,-1.91190255],[9.36719251,-1.91159654]],[[9.35455465,-1.98362672],[9.35736012,-1.98674786],[9.35781968,-1.98655498],[9.35729074,-1.98524594],[9.35385716,-1.98126495],[9.35410762,-1.98296165],[9.35455465,-1.98362672]],[[9.35216916,-1.02962935],[9.35179842,-1.02951825],[9.35160744,-1.0297966],[9.35152733,-1.0301429],[9.35136855,-1.03037035],[9.35111785,-1.03054845],[9.35085511,-1.03080177],[9.35066915,-1.03109801],[9.35050404,-1.03140295],[9.35031545,-1.03170538],[9.35004497,-1.03196704],[9.34978425,-1.0321362],[9.34963322,-1.03229225],[9.34976554,-1.03260136],[9.35150015,-1.03109705],[9.35169291,-1.03080118],[9.35196626,-1.03054237],[9.35223281,-1.03035438],[9.35238945,-1.03012812],[9.35237765,-1.02983737],[9.35216916,-1.02962935]],[[9.3487215,-1.03515327],[9.34870172,-1.03480661],[9.34825897,-1.03532362],[9.34817815,-1.03551996],[9.34801984,-1.03567922],[9.34777296,-1.03584802],[9.34751928,-1.03609395],[9.34734225,-1.03633106],[9.34715414,-1.03650725],[9.34689498,-1.03670585],[9.34664845,-1.03704381],[9.34657514,-1.03742194],[9.34695947,-1.03757405],[9.34724855,-1.03730214],[9.34749782,-1.03696883],[9.34776914,-1.03669226],[9.34820461,-1.03635085],[9.34839582,-1.03604031],[9.34862018,-1.03559566],[9.3487215,-1.03515327]],[[9.32327127,-1.64952564],[9.32241094,-1.6484313],[9.31910694,-1.64984381],[9.31884992,-1.65021205],[9.31788826,-1.65225661],[9.31966937,-1.6541059],[9.31979728,-1.65668273],[9.3173877,-1.65829647],[9.31726062,-1.65863585],[9.31740952,-1.65953255],[9.32205927,-1.66378212],[9.32609725,-1.66188443],[9.32693744,-1.66023004],[9.32731843,-1.65299213],[9.32717884,-1.65249205],[9.32650626,-1.65125787],[9.32628286,-1.65096438],[9.32327127,-1.64952564]],[[9.31718135,-1.89038932],[9.31726885,-1.89119565],[9.31871653,-1.88835025],[9.31768596,-1.88819945],[9.31699896,-1.88723326],[9.31718135,-1.89038932]],[[9.24529648,-1.07364082],[9.24927235,-1.08388734],[9.24954224,-1.08415472],[9.25575471,-1.08473444],[9.25621951,-1.0846225],[9.26301777,-1.08265865],[9.27228677,-1.08293891],[9.27289557,-1.08280313],[9.27707934,-1.08116567],[9.27976751,-1.07787585],[9.28161645,-1.07725787],[9.28790915,-1.07863176],[9.29292095,-1.08326864],[9.29773056,-1.08523071],[9.30135274,-1.0829035],[9.30510831,-1.07732594],[9.31589496,-1.07491994],[9.31856477,-1.07123423],[9.3177011,-1.07052004],[9.30166614,-1.07536435],[9.2985785,-1.07749116],[9.28150856,-1.07470965],[9.27295434,-1.07034135],[9.2688241,-1.06898427],[9.26456034,-1.06810975],[9.26077926,-1.06781995],[9.25670254,-1.06827402],[9.24771702,-1.07156217],[9.2467823,-1.07202494],[9.24529648,-1.07364082]],[[9.31710208,-1.06903636],[9.31536865,-1.06829691],[9.31404412,-1.06897151],[9.31063354,-1.07099128],[9.31040585,-1.07196176],[9.31139946,-1.07220316],[9.31671667,-1.07026684],[9.31710208,-1.06903636]],[[9.30745316,-1.90608406],[9.30917966,-1.90908182],[9.30953014,-1.90887284],[9.31164944,-1.90318155],[9.31173468,-1.90257883],[9.31097722,-1.90123594],[9.31029725,-1.90079665],[9.30755484,-1.90556705],[9.30745316,-1.90608406]],[[9.28951836,-1.87590301],[9.29476523,-1.88239396],[9.29671395,-1.88422954],[9.29805255,-1.88425815],[9.29885983,-1.8839066],[9.30121827,-1.88174331],[9.30278957,-1.88084507],[9.30534172,-1.88069725],[9.30803394,-1.87358236],[9.3072741,-1.87067056],[9.30711937,-1.87037897],[9.30495393,-1.8683362],[9.30199754,-1.87074018],[9.29408121,-1.86961341],[9.29367375,-1.86982131],[9.28992367,-1.87394965],[9.28939092,-1.87546051],[9.28951836,-1.87590301]],[[9.30128264,-1.88304424],[9.3017354,-1.88491333],[9.29606032,-1.88603008],[9.29271746,-1.88431382],[9.29213905,-1.8848145],[9.29259181,-1.88967657],[9.29640067,-1.89371395],[9.29752386,-1.89424074],[9.30273294,-1.89495254],[9.30671561,-1.89120042],[9.30752981,-1.89041507],[9.30756354,-1.89000535],[9.30539596,-1.88708937],[9.30642974,-1.88457906],[9.30505276,-1.8815875],[9.30334961,-1.88137746],[9.30185974,-1.88206995],[9.30128264,-1.88304424]],[[9.28990531,-1.87176394],[9.29130948,-1.86957133],[9.29207051,-1.86880124],[9.29571617,-1.86783695],[9.30041397,-1.86973536],[9.30190194,-1.86952758],[9.30225885,-1.86928201],[9.30363846,-1.86612344],[9.30351198,-1.86566782],[9.30130291,-1.86281645],[9.29643846,-1.86432385],[9.29588044,-1.86420751],[9.29159713,-1.86240578],[9.28854406,-1.86521947],[9.28826785,-1.86566257],[9.28759062,-1.86825275],[9.28807592,-1.87095511],[9.28951144,-1.87172711],[9.28990531,-1.87176394]],[[9.29699194,-1.64934564],[9.29515123,-1.64759827],[9.29319441,-1.64611018],[9.29159713,-1.64609313],[9.29334497,-1.64957535],[9.29654574,-1.65017653],[9.29713082,-1.64984345],[9.29699194,-1.64934564]],[[9.28579986,-1.06804311],[9.28536987,-1.06858611],[9.27677035,-1.06828451],[9.28514445,-1.07208395],[9.29297304,-1.07042074],[9.28658664,-1.06840086],[9.28618371,-1.06754661],[9.28579986,-1.06804311]],[[9.28832614,-1.67422724],[9.28859985,-1.67624795],[9.28583682,-1.67983007],[9.29145026,-1.68161535],[9.29171884,-1.68145895],[9.29235256,-1.68041837],[9.29082513,-1.67790365],[9.290874,-1.67562175],[9.28867197,-1.67302716],[9.28832614,-1.67422724]],[[9.29110456,-1.8805747],[9.29064906,-1.8800323],[9.28928816,-1.88075566],[9.29141867,-1.88307405],[9.29169345,-1.88294673],[9.29110456,-1.8805747]],[[9.27497685,-1.09936964],[9.27417767,-1.09997404],[9.27537525,-1.10011053],[9.2791357,-1.09873414],[9.28063214,-1.09675944],[9.27497685,-1.09936964]],[[9.27254057,-1.67488503],[9.27231574,-1.67396951],[9.27194154,-1.67373514],[9.27035308,-1.6737349],[9.27043283,-1.67486596],[9.27080893,-1.67506683],[9.27212632,-1.67517185],[9.27254057,-1.67488503]],[[9.25957537,-1.46055651],[9.26368368,-1.46509087],[9.26581335,-1.46529114],[9.26041508,-1.45959568],[9.25975788,-1.45993865],[9.25957537,-1.46055651]],[[9.25794506,-1.45027792],[9.25885701,-1.44924414],[9.25914943,-1.44711864],[9.25508165,-1.44044864],[9.25705421,-1.43535292],[9.25658751,-1.43327475],[9.2557559,-1.4348793],[9.25224817,-1.43683362],[9.25192952,-1.43831265],[9.25382936,-1.44163454],[9.25350535,-1.44971061],[9.25599217,-1.45125866],[9.25706375,-1.45104504],[9.25794506,-1.45027792]],[[9.25385976,-1.46088695],[9.25318551,-1.46057606],[9.25257766,-1.46239436],[9.25287545,-1.46329975],[9.25544548,-1.46420205],[9.25747263,-1.46331406],[9.25758541,-1.46302605],[9.25385976,-1.46088695]],[[9.24791431,-1.56843555],[9.24818146,-1.56850457],[9.25136364,-1.56718552],[9.25043583,-1.56560385],[9.24651217,-1.565346],[9.24441958,-1.56598771],[9.24441958,-1.56626666],[9.24791431,-1.56843555]],[[8.99693525,-1.26598871],[8.99870014,-1.26665676],[8.99959612,-1.26659131],[9.00548506,-1.2649821],[9.00567675,-1.26465166],[9.00511742,-1.26148105],[9.00229347,-1.25934875],[9.00282693,-1.25540364],[9.00636625,-1.25115705],[9.00701821,-1.24506032],[9.01056957,-1.24123085],[9.01159835,-1.23408687],[9.01422977,-1.23046875],[9.0173732,-1.2261554],[9.01754045,-1.22578287],[9.01969922,-1.21807206],[9.01959705,-1.21774483],[9.01713335,-1.21568704],[9.00489187,-1.21351886],[8.99956834,-1.20904005],[8.99926281,-1.20909452],[8.99673152,-1.21400654],[8.99697554,-1.22670245],[8.99556506,-1.22275305],[8.99584424,-1.21475697],[8.99867165,-1.20850575],[8.99974501,-1.20304847],[9.00207102,-1.20198846],[9.00273526,-1.20035851],[9.00240636,-1.19243157],[9.00495195,-1.19902205],[9.00373876,-1.20521748],[9.00463665,-1.21005046],[9.00690484,-1.21150804],[9.01610518,-1.21082425],[9.02129853,-1.21220124],[9.02329516,-1.21319795],[9.02479756,-1.21469867],[9.02682781,-1.21776807],[9.02839506,-1.22443998],[9.03125,-1.23046875],[9.03143716,-1.23124242],[9.03076196,-1.23508894],[9.03368127,-1.24360251],[9.03394663,-1.2506417],[9.03808522,-1.25586557],[9.03875411,-1.25892127],[9.03875244,-1.25925744],[9.03772545,-1.26310325],[9.0337826,-1.26875818],[9.03184402,-1.26963985],[9.02913761,-1.26790786],[9.02329695,-1.27340913],[9.01521516,-1.27613592],[9.01389885,-1.27774096],[9.01461864,-1.2805891],[9.01978087,-1.28613341],[9.02045751,-1.29163837],[9.02398455,-1.29279196],[9.02051377,-1.29269016],[9.01941848,-1.29565632],[9.01732194,-1.29714215],[9.01738381,-1.30874705],[9.02111816,-1.31937134],[9.02011871,-1.32651675],[9.02099073,-1.33047116],[9.02615464,-1.33984005],[9.02653158,-1.34021485],[9.03116894,-1.34147155],[9.03162265,-1.34180832],[9.03217495,-1.34256983],[9.03125346,-1.34346664],[9.03559351,-1.34827316],[9.05256736,-1.35915434],[9.05825174,-1.36239147],[9.06063485,-1.36323786],[9.06841254,-1.3640902],[9.07152402,-1.36408901],[9.07408571,-1.36311364],[9.07759512,-1.35642421],[9.08372974,-1.35302222],[9.0845865,-1.35175371],[9.08503723,-1.35022604],[9.08754468,-1.33301747],[9.08767641,-1.33272183],[9.09063125,-1.32866538],[9.09538424,-1.32516265],[9.09846163,-1.32099557],[9.09988141,-1.31733167],[9.10097468,-1.31194282],[9.10020626,-1.30207264],[9.10037124,-1.30150795],[9.10192382,-1.29919696],[9.10751092,-1.29436362],[9.10859132,-1.29177225],[9.10999966,-1.27815628],[9.11027896,-1.27707243],[9.11809552,-1.26102686],[9.11825347,-1.26047003],[9.1221807,-1.24226224],[9.12196016,-1.23369825],[9.12332594,-1.23046875],[9.12883365,-1.21998906],[9.12999272,-1.20935488],[9.12999284,-1.20474327],[9.1293962,-1.20227993],[9.12171531,-1.18538094],[9.1145215,-1.17789996],[9.11406314,-1.17676103],[9.11597598,-1.17393875],[9.11303484,-1.17169726],[9.11234415,-1.17064548],[9.11632037,-1.16726851],[9.11325181,-1.16366386],[9.11348891,-1.16198134],[9.11418533,-1.16028905],[9.11444211,-1.15978134],[9.12214172,-1.14603877],[9.12239575,-1.14566946],[9.12955177,-1.14126444],[9.13211501,-1.14003742],[9.13836324,-1.13464773],[9.140625,-1.12974334],[9.140625,-1.12918532],[9.14408517,-1.12449884],[9.14542067,-1.12310636],[9.14662111,-1.12242556],[9.15038776,-1.12260306],[9.15373886,-1.11565292],[9.15527546,-1.11414731],[9.16000056,-1.11211121],[9.16647828,-1.10729384],[9.17016375,-1.10236621],[9.17094946,-1.10180605],[9.18069613,-1.09712875],[9.18877804,-1.09558225],[9.19788504,-1.08493865],[9.19858515,-1.08460236],[9.20218301,-1.08348823],[9.2107079,-1.08374512],[9.21370471,-1.08407533],[9.23358345,-1.08885562],[9.23419595,-1.08892715],[9.23952091,-1.08847857],[9.24842262,-1.08963466],[9.24965107,-1.08776104],[9.24965096,-1.08550835],[9.24950576,-1.08519185],[9.24439704,-1.07496095],[9.24324393,-1.07440138],[9.24191976,-1.07436883],[9.23115754,-1.07877946],[9.22611403,-1.07976925],[9.21918404,-1.07948983],[9.21309078,-1.07670331],[9.21202731,-1.07563496],[9.20976985,-1.07241273],[9.20673192,-1.06382775],[9.20250595,-1.06049097],[9.20200551,-1.06032598],[9.19910824,-1.05978262],[9.18992424,-1.06107545],[9.18540645,-1.05940115],[9.18260443,-1.05684185],[9.17717981,-1.05555403],[9.15716875,-1.05628955],[9.14899552,-1.0546875],[9.1484375,-1.0546875],[9.14371491,-1.05308473],[9.14311922,-1.05308211],[9.13999367,-1.05357921],[9.12956035,-1.05811095],[9.11094594,-1.06335711],[9.10810053,-1.06952357],[9.10167205,-1.07612026],[9.09081602,-1.07865512],[9.08450651,-1.07805932],[9.07880676,-1.07523203],[9.07620144,-1.07275403],[9.07426596,-1.06733751],[9.07116985,-1.06421483],[9.06099033,-1.06296766],[9.06064415,-1.06311166],[9.05855036,-1.06563282],[9.05907905,-1.07060432],[9.05694783,-1.07520485],[9.05765164,-1.07938194],[9.05553877,-1.08090687],[9.04781854,-1.09566295],[9.04334307,-1.09818482],[9.04287255,-1.09818387],[9.03311706,-1.09295106],[9.02555215,-1.09026575],[9.01022744,-1.09282327],[8.99320805,-1.09372056],[8.98949766,-1.09196424],[8.9866271,-1.08478653],[8.98481548,-1.08292007],[8.98337627,-1.08203912],[8.97588575,-1.08200181],[8.97333491,-1.08097625],[8.97287512,-1.08065176],[8.97118735,-1.07824695],[8.97007823,-1.07547855],[8.96910048,-1.06818402],[8.97000635,-1.06549895],[8.97653341,-1.05791903],[8.97737026,-1.05563331],[8.97734964,-1.05266786],[8.97488844,-1.04896748],[8.97291577,-1.04677844],[8.97214675,-1.0463618],[8.96449125,-1.04448092],[8.95711553,-1.03826332],[8.94975138,-1.03747535],[8.9485507,-1.03772044],[8.94691837,-1.03828955],[8.93554854,-1.04424346],[8.93716514,-1.04782248],[8.93719125,-1.05057371],[8.93610477,-1.0546875],[8.93564761,-1.05789542],[8.93590033,-1.05845356],[8.95382297,-1.07223606],[8.95899463,-1.07337296],[8.96111631,-1.07376134],[8.9613862,-1.07402635],[8.96230245,-1.07632875],[8.96230233,-1.07910216],[8.96026945,-1.0826714],[8.95918465,-1.08385134],[8.95877671,-1.08565235],[8.95889497,-1.08663714],[8.95957231,-1.08802855],[8.96292603,-1.09092772],[8.96619272,-1.09558451],[8.96714282,-1.09751952],[8.96923673,-1.10372615],[8.96881771,-1.11038935],[8.97363186,-1.11576545],[8.97738802,-1.11735022],[8.97812414,-1.11823285],[8.97920585,-1.11996794],[8.98077965,-1.1270951],[8.98476422,-1.13353396],[8.98491776,-1.13398135],[8.98444605,-1.13474107],[8.98379135,-1.13476205],[8.98334634,-1.13454854],[8.98125565,-1.13104546],[8.97868597,-1.12173045],[8.97504795,-1.11755836],[8.97020793,-1.11485076],[8.96796036,-1.11201358],[8.9676975,-1.11150432],[8.96710527,-1.10914731],[8.96792722,-1.10600758],[8.9670006,-1.10625458],[8.96686542,-1.10555983],[8.96685803,-1.10479736],[8.96784806,-1.10194445],[8.96672988,-1.09814215],[8.95940375,-1.08823395],[8.95845556,-1.08663487],[8.95841301,-1.08414805],[8.9599905,-1.08239198],[8.96143568,-1.07996953],[8.96146417,-1.07607722],[8.96090651,-1.07438326],[8.95872545,-1.07394564],[8.9543786,-1.07316911],[8.95269418,-1.07231987],[8.94573104,-1.06780136],[8.93651021,-1.05972254],[8.93376231,-1.05868781],[8.93443084,-1.0546875],[8.93547344,-1.04944241],[8.93525004,-1.04841805],[8.93422484,-1.04712856],[8.93134534,-1.04580665],[8.93079054,-1.04581833],[8.92011726,-1.04917395],[8.91193891,-1.05300617],[8.89941406,-1.05298388],[8.88630486,-1.04485345],[8.87971365,-1.03445876],[8.87430811,-1.02958155],[8.86250424,-1.01886356],[8.85075355,-1.00295317],[8.84830284,-0.99780726],[8.84664273,-0.99665904],[8.84295452,-0.98259854],[8.84433818,-0.99409342],[8.84499216,-0.99595535],[8.84990704,-1.00492001],[8.85522807,-1.01242507],[8.86422741,-1.02309847],[8.89002895,-1.05091214],[8.89202011,-1.0546875],[8.89229906,-1.0546875],[8.89765048,-1.06349707],[8.91866744,-1.09228897],[8.95194995,-1.14157212],[8.95700097,-1.1491878],[8.96666026,-1.16496944],[8.97292805,-1.1762222],[8.98406637,-1.19852912],[8.98713565,-1.20917416],[8.98805344,-1.22196352],[8.98818255,-1.22235572],[8.99030554,-1.21832001],[8.99058914,-1.21457362],[8.99170053,-1.21664464],[8.99199915,-1.21784532],[8.99209094,-1.22514451],[8.99258053,-1.21868777],[8.99386108,-1.21847582],[8.99441957,-1.23046875],[8.99417007,-1.24114585],[8.99518383,-1.24593782],[8.99518406,-1.24680805],[8.99441957,-1.25488281],[8.99472821,-1.26010942],[8.99572074,-1.26326787],[8.99693525,-1.26598871]],[[9.20879364,-1.47819364],[9.20916712,-1.48344767],[9.21679676,-1.48981583],[9.22316062,-1.50127411],[9.2228382,-1.50299732],[9.22223985,-1.50619531],[9.21905673,-1.51158082],[9.21905935,-1.51269615],[9.22089064,-1.51587725],[9.22190666,-1.51639307],[9.22696674,-1.51711535],[9.22732484,-1.51700544],[9.23314893,-1.51389515],[9.23336375,-1.51350045],[9.23375225,-1.51094186],[9.23361695,-1.51036894],[9.23147129,-1.50299732],[9.23137832,-1.50267792],[9.23127162,-1.50236404],[9.22899675,-1.50013304],[9.22549915,-1.49532247],[9.22490227,-1.49103403],[9.22241473,-1.48775125],[9.22068953,-1.48149943],[9.21878231,-1.47975695],[9.21609497,-1.47045922],[9.21608806,-1.46985924],[9.21638,-1.46942878],[9.22610736,-1.46480691],[9.22663164,-1.46387255],[9.22687078,-1.46285355],[9.22670102,-1.46261001],[9.22452176,-1.46176791],[9.22426915,-1.46137512],[9.22282314,-1.45853853],[9.22290122,-1.45376074],[9.21989274,-1.45156801],[9.2192049,-1.45131636],[9.21633124,-1.45176327],[9.21498322,-1.453125],[9.21134758,-1.45315361],[9.20967185,-1.45163322],[9.20532703,-1.45161712],[9.20476282,-1.45141315],[9.20479286,-1.45102274],[9.20702314,-1.44857132],[9.20473015,-1.44569027],[9.20313811,-1.44527936],[9.20008445,-1.45163322],[9.20001507,-1.45758414],[9.20427084,-1.46382534],[9.2100687,-1.46908414],[9.20983732,-1.47578573],[9.20879364,-1.47819364]],[[9.21500564,-1.0688678],[9.22221911,-1.07302403],[9.22223437,-1.07181394],[9.22030663,-1.0702126],[9.21711123,-1.06734383],[9.21325362,-1.0630877],[9.20923746,-1.06236422],[9.21500564,-1.0688678]],[[9.17689455,-1.05218256],[9.18359375,-1.0546875],[9.18387282,-1.0546875],[9.18798065,-1.05749273],[9.19184053,-1.05851984],[9.19233525,-1.05852056],[9.20041394,-1.05616236],[9.20323515,-1.05690742],[9.20424104,-1.0546875],[9.20415175,-1.05467975],[9.20349765,-1.04936326],[9.20042241,-1.04774356],[9.1852138,-1.04959321],[9.18445694,-1.04947686],[9.17699492,-1.04690444],[9.17289543,-1.04690444],[9.15851414,-1.05205083],[9.17689455,-1.05218256]],[[9.19989765,-1.08580077],[9.19950151,-1.08556926],[9.19894433,-1.08580983],[9.19794571,-1.08624613],[9.19722247,-1.08683467],[9.19699526,-1.08734333],[9.1971724,-1.08758473],[9.19755661,-1.08757925],[9.19792902,-1.08743715],[9.19823587,-1.08728457],[9.19851458,-1.08713615],[9.19882381,-1.0870074],[9.19922447,-1.08683443],[9.19970083,-1.08656812],[9.20001352,-1.08616304],[9.19989765,-1.08580077]],[[9.07889771,-1.35627723],[9.07510567,-1.36212122],[9.08384407,-1.36083984],[9.09236038,-1.35328841],[9.09758782,-1.35193145],[9.09856844,-1.35011172],[9.0998193,-1.35012686],[9.10118115,-1.35269713],[9.09674704,-1.35294223],[9.08425331,-1.36183894],[9.07879925,-1.36302924],[9.07861865,-1.36327922],[9.07871771,-1.36378646],[9.09028411,-1.36972761],[9.0939995,-1.3734405],[9.09881175,-1.38152647],[9.10403562,-1.38694525],[9.10925412,-1.39207041],[9.11256254,-1.39393997],[9.11621141,-1.39382494],[9.11669564,-1.39360225],[9.12245882,-1.38880825],[9.12313175,-1.38739157],[9.12323892,-1.38325417],[9.12227285,-1.37771797],[9.12345457,-1.37499881],[9.12542307,-1.37313366],[9.13019145,-1.36962676],[9.13068211,-1.36947191],[9.140625,-1.36858261],[9.15161657,-1.35851383],[9.15771365,-1.34807217],[9.15938687,-1.34468794],[9.16014194,-1.34195566],[9.16114116,-1.33242655],[9.16416693,-1.32763147],[9.17017126,-1.32268405],[9.17806661,-1.30153644],[9.18743241,-1.28679276],[9.18966508,-1.28076148],[9.19217086,-1.27115417],[9.18889511,-1.25683594],[9.18966413,-1.24391842],[9.18889511,-1.23200333],[9.18917406,-1.23046875],[9.18802845,-1.22586954],[9.17864823,-1.21784902],[9.17809594,-1.21756995],[9.16888952,-1.21566224],[9.16721535,-1.21547616],[9.16137552,-1.21612275],[9.15979385,-1.21648204],[9.15885425,-1.21691215],[9.15786636,-1.21669757],[9.15608943,-1.21558654],[9.15238094,-1.21024275],[9.15157342,-1.20785534],[9.14996672,-1.19712985],[9.1465435,-1.18816102],[9.14657152,-1.18365824],[9.14681566,-1.18207633],[9.14896595,-1.17730701],[9.15064013,-1.16740477],[9.15175605,-1.15594375],[9.15014124,-1.13695145],[9.15098977,-1.13353825],[9.15426695,-1.130162],[9.15507674,-1.12772775],[9.15195501,-1.12311661],[9.15159404,-1.12289202],[9.14993906,-1.12359846],[9.14854801,-1.12352192],[9.14716232,-1.1228379],[9.14464343,-1.12477791],[9.140625,-1.13030136],[9.13892126,-1.13492656],[9.13524878,-1.13845265],[9.13239396,-1.14059544],[9.12287593,-1.14603031],[9.11497641,-1.16005564],[9.11471987,-1.16061103],[9.11404705,-1.16225958],[9.11380982,-1.16348875],[9.11693442,-1.16704595],[9.11338055,-1.17071974],[9.11337221,-1.17117667],[9.11645424,-1.17373824],[9.11476254,-1.17708516],[9.11988056,-1.18327475],[9.12189615,-1.18432856],[9.12995422,-1.20200086],[9.13055074,-1.20446432],[9.12983406,-1.21972764],[9.12388384,-1.23046875],[9.1225183,-1.23397744],[9.12273824,-1.24251747],[9.11991072,-1.25898325],[9.11976564,-1.25959885],[9.11808205,-1.26465905],[9.11610878,-1.26856482],[9.11098075,-1.27694762],[9.1096245,-1.29171312],[9.10769951,-1.29526913],[9.10093546,-1.30178821],[9.10153306,-1.31222212],[9.09920716,-1.32092416],[9.09587824,-1.32550585],[9.08875716,-1.3318907],[9.08740056,-1.33532524],[9.08507085,-1.35251152],[9.07889771,-1.35627723]],[[9.17683268,-1.49767685],[9.17641473,-1.49756074],[9.16992521,-1.49759734],[9.17336714,-1.49607456],[9.17366731,-1.49420345],[9.16900837,-1.48865294],[9.16074312,-1.48259282],[9.15977907,-1.4859786],[9.16571045,-1.49739516],[9.16502297,-1.49863505],[9.16940665,-1.50108647],[9.17100008,-1.50299732],[9.17312408,-1.50554442],[9.17700291,-1.50846911],[9.17748284,-1.50858665],[9.17978156,-1.50740302],[9.18013847,-1.50697053],[9.18164421,-1.50299732],[9.18178093,-1.50263655],[9.17910028,-1.49878716],[9.17683268,-1.49767685]],[[9.15959823,-1.40625],[9.15528107,-1.41270304],[9.15507865,-1.41311765],[9.15252995,-1.42010498],[9.15215194,-1.42383301],[9.15221846,-1.42474103],[9.15405977,-1.43045938],[9.15755367,-1.43552816],[9.16180754,-1.43773484],[9.16753554,-1.43736684],[9.17007565,-1.43798804],[9.17048216,-1.43824077],[9.17399395,-1.44123006],[9.17720652,-1.44793725],[9.17849958,-1.44833195],[9.18162596,-1.44269848],[9.18172908,-1.44019258],[9.18076146,-1.43765295],[9.17990351,-1.43637085],[9.17650521,-1.4333204],[9.17540658,-1.43319952],[9.17452443,-1.43468177],[9.17425776,-1.43455327],[9.17246294,-1.43293595],[9.17178488,-1.43089414],[9.17166746,-1.43020022],[9.17206216,-1.42324996],[9.17071402,-1.41927242],[9.16435254,-1.41747034],[9.16208017,-1.41535914],[9.16271174,-1.41251695],[9.16288185,-1.41222286],[9.16617811,-1.40870452],[9.16656387,-1.40743673],[9.16657364,-1.40625],[9.16678894,-1.39771187],[9.16846311,-1.39483535],[9.17419386,-1.39003468],[9.17435324,-1.38981485],[9.17489111,-1.38822627],[9.1745311,-1.38765693],[9.17406905,-1.38761032],[9.16082954,-1.39574695],[9.16063285,-1.3960433],[9.15995085,-1.39787877],[9.16100025,-1.40299284],[9.16015625,-1.40625],[9.15959823,-1.40625]],[[9.16332424,-1.41541421],[9.16477776,-1.41559637],[9.16512001,-1.41541827],[9.16502726,-1.4135884],[9.1645987,-1.41265237],[9.16357064,-1.4131726],[9.16297746,-1.41450346],[9.16332424,-1.41541421]],[[9.15179884,-1.44030821],[9.14965987,-1.43941545],[9.14779615,-1.44174123],[9.14736414,-1.44284356],[9.14744484,-1.44336736],[9.14902365,-1.44748104],[9.15055966,-1.44918954],[9.15276933,-1.45002663],[9.1581521,-1.45083535],[9.15886188,-1.45063186],[9.16040838,-1.44855142],[9.16049612,-1.44716954],[9.15650618,-1.44520795],[9.15356088,-1.44295955],[9.15203846,-1.44048381],[9.15179884,-1.44030821]],[[9.15756476,-2.07468045],[9.15784836,-2.07524276],[9.15865636,-2.07503903],[9.15888286,-2.07460296],[9.15889597,-2.07235396],[9.15756476,-2.07468045]],[[9.07762265,-1.03503215],[9.0729655,-1.03704715],[9.0651319,-1.03607786],[9.06011534,-1.03638446],[9.05932558,-1.03665376],[9.05791152,-1.03771043],[9.05200565,-1.04778373],[9.06097364,-1.05161166],[9.06855237,-1.05644417],[9.07475495,-1.06269026],[9.08035445,-1.07205606],[9.08444965,-1.07472074],[9.08661735,-1.07523036],[9.09025276,-1.07530415],[9.09389961,-1.07374537],[9.09428072,-1.07347906],[9.09991753,-1.06417513],[9.10019922,-1.06381536],[9.10304487,-1.06100345],[9.10435414,-1.06030977],[9.10890734,-1.0582298],[9.11895585,-1.05562043],[9.12884188,-1.05494702],[9.13141716,-1.05424845],[9.13648558,-1.05100441],[9.13461185,-1.04980564],[9.12452841,-1.04890585],[9.12412465,-1.04878664],[9.11326194,-1.04451191],[9.10977662,-1.0429039],[9.10003841,-1.03686857],[9.09593201,-1.03472042],[9.09472275,-1.03437543],[9.08408415,-1.0318377],[9.08098423,-1.03189266],[9.07800674,-1.03482556],[9.07762265,-1.03503215]],[[9.10395575,-1.39206374],[9.10248196,-1.39181113],[9.10129797,-1.39220023],[9.09842551,-1.39828765],[9.09701753,-1.40217471],[9.09681904,-1.40625],[9.09746814,-1.40911961],[9.09890485,-1.41018713],[9.10985935,-1.41230166],[9.11128151,-1.41210365],[9.11408913,-1.40862215],[9.11495531,-1.40625],[9.11587191,-1.39889622],[9.10395575,-1.39206374]],[[9.09753573,-1.07355464],[9.09444463,-1.07654071],[9.09467721,-1.07682002],[9.09611225,-1.07709825],[9.10028875,-1.07558632],[9.10254955,-1.07412422],[9.10621071,-1.0704658],[9.10886252,-1.06623852],[9.1095407,-1.06348765],[9.10873365,-1.06254625],[9.10491467,-1.06285262],[9.10444725,-1.06316543],[9.09753573,-1.07355464]],[[9.10309267,-0.69849563],[9.10148883,-0.69961345],[9.10253358,-0.70109963],[9.10282481,-0.70109904],[9.10422063,-0.69927704],[9.10422313,-0.69751787],[9.10309267,-0.69849563]],[[9.10321236,-1.41294336],[9.10225487,-1.41241157],[9.09924877,-1.41272056],[9.10129583,-1.41538596],[9.10178256,-1.41542876],[9.10223436,-1.41484964],[9.10158932,-1.41367304],[9.10309315,-1.41346908],[9.10321236,-1.41294336]],[[9.09667516,-0.69418836],[9.0969851,-0.69426894],[9.10012245,-0.69030094],[9.10123408,-0.68507302],[9.10040784,-0.68341362],[9.09544325,-0.68286192],[9.09529245,-0.68247807],[9.09366155,-0.68401456],[9.09270585,-0.6896311],[9.09480107,-0.69335365],[9.09667516,-0.69418836]],[[9.09223223,-1.37520075],[9.09193873,-1.37505925],[9.09130645,-1.37708902],[9.09012616,-1.37749362],[9.09403443,-1.38052225],[9.09432471,-1.38045013],[9.09354484,-1.37710285],[9.09223223,-1.37520075]],[[9.07655907,-0.69747305],[9.07766962,-0.69854057],[9.07877946,-0.69848204],[9.08448613,-0.69651806],[9.08544123,-0.69586992],[9.08729827,-0.69373155],[9.08809304,-0.69056475],[9.0878607,-0.68712544],[9.08647025,-0.68323064],[9.08602226,-0.68279207],[9.07741141,-0.67888153],[9.07522035,-0.68010533],[9.07486236,-0.68172872],[9.07655907,-0.69747305]],[[8.99147105,-0.93289912],[8.98831975,-0.93381095],[8.98520243,-0.93356121],[8.98084104,-0.93156505],[8.97470045,-0.93072951],[8.97541678,-0.93898416],[8.9740808,-0.94447541],[8.97325063,-0.95872653],[8.96880066,-0.96660936],[8.96861875,-0.96923387],[8.97250235,-0.96846068],[8.97647321,-0.96289217],[8.98093581,-0.96408176],[8.97726321,-0.96535575],[8.96947861,-0.97055471],[8.96819222,-0.97413981],[8.96423686,-0.97711754],[8.96223724,-0.98063147],[8.95313585,-0.98653054],[8.95179796,-0.98896456],[8.95240235,-0.99068892],[8.97422028,-1.00340724],[8.97970176,-1.00924087],[8.98629916,-1.01357544],[8.99539757,-1.02396595],[9.00673675,-1.02718556],[9.01933777,-1.03726637],[9.04149997,-1.04742575],[9.04904115,-1.04750597],[9.05288255,-1.04390275],[9.05748761,-1.03562844],[9.05879188,-1.03494775],[9.06398821,-1.03410268],[9.07208776,-1.03515601],[9.07848191,-1.03345382],[9.07986593,-1.03171575],[9.07954705,-1.02974093],[9.06612706,-1.01939166],[9.06633413,-1.01286006],[9.06415486,-1.0046494],[9.06244755,-1.0034126],[9.05461741,-1.00209665],[9.05063176,-0.99714434],[9.0452311,-0.98391294],[9.04540634,-0.97642457],[9.04442871,-0.97303855],[9.04411542,-0.97258162],[9.04312837,-0.97176337],[9.03637195,-0.97036564],[9.03470075,-0.96935856],[9.03212643,-0.96772611],[9.02753627,-0.96258831],[9.02005207,-0.95191121],[9.01612496,-0.94321012],[9.01596105,-0.94291675],[9.01137912,-0.9370867],[9.01010692,-0.93348956],[9.00846577,-0.92469311],[9.00053227,-0.92966795],[8.99147105,-0.93289912]],[[9.05041635,-1.05128086],[9.04656827,-1.05047035],[9.03809094,-1.05242574],[9.03294313,-1.05236578],[9.02808964,-1.05100274],[9.02773595,-1.05083787],[9.01763654,-1.04478812],[9.01509035,-1.04306245],[9.01239896,-1.04068804],[9.00378633,-1.03107715],[8.99425805,-1.02653575],[8.99087632,-1.02653277],[8.98986578,-1.02832985],[8.99187887,-1.03390026],[8.9914062,-1.04167593],[8.98725152,-1.04486895],[8.98510373,-1.04501164],[8.96347213,-1.03773522],[8.96024024,-1.03722513],[8.95951056,-1.03837192],[8.96442866,-1.04302621],[8.96861923,-1.04489243],[8.97257304,-1.04501045],[8.97436595,-1.04640555],[8.97932315,-1.05398881],[8.9784857,-1.05770516],[8.97019923,-1.06755435],[8.97005522,-1.07139277],[8.97019792,-1.07204032],[8.97247672,-1.07885873],[8.97275806,-1.07914042],[8.97672212,-1.08116376],[8.98309851,-1.08094382],[8.98560107,-1.08208227],[8.98769355,-1.0841006],[8.99014688,-1.09066367],[8.99375248,-1.09232545],[9.00460374,-1.09235477],[9.01963437,-1.08945537],[9.02681506,-1.08909321],[9.03804266,-1.09406733],[9.04151595,-1.09679532],[9.04422355,-1.09671426],[9.04796433,-1.09359336],[9.05238664,-1.08267486],[9.05532134,-1.07938266],[9.05797374,-1.07080412],[9.05805886,-1.06297624],[9.06103206,-1.06169152],[9.06688154,-1.06163847],[9.06735861,-1.06098592],[9.06730843,-1.06024265],[9.06509233,-1.05778575],[9.05960715,-1.05493546],[9.05943084,-1.0546875],[9.05041635,-1.05128086]],[[9.03185475,-0.67689395],[9.02747643,-0.67793965],[9.02332413,-0.67760515],[9.02204835,-0.67804944],[9.02012777,-0.68020237],[9.01916432,-0.68298864],[9.01921213,-0.68519533],[9.02406645,-0.68905187],[9.02847123,-0.69816661],[9.03144455,-0.70179701],[9.03152895,-0.703125],[9.03142464,-0.70612335],[9.03037417,-0.70658386],[9.02888417,-0.70665824],[9.02307105,-0.70488727],[9.01908314,-0.70523858],[9.01854765,-0.70741415],[9.02157235,-0.70895255],[9.02197528,-0.71050477],[9.02128863,-0.71424353],[9.01841986,-0.71615875],[9.02043545,-0.72043705],[9.01805615,-0.7220211],[9.01509213,-0.72142327],[9.01565051,-0.72048736],[9.01831293,-0.72108364],[9.0172466,-0.71858597],[9.01518595,-0.7168715],[9.01398551,-0.71481812],[9.01318586,-0.7144562],[9.01026201,-0.71475995],[9.00924325,-0.71664906],[9.01196694,-0.71863127],[9.01220036,-0.72131443],[9.01201904,-0.72161138],[9.00450003,-0.72728026],[9.00275481,-0.73315501],[8.99911094,-0.73906386],[8.99393034,-0.73903894],[8.99493861,-0.74390137],[8.99209666,-0.74123013],[8.99043906,-0.74221838],[8.98721707,-0.75404572],[8.98765945,-0.76224744],[8.98805964,-0.76375473],[8.98935235,-0.76660383],[8.99596512,-0.77526867],[8.99671304,-0.77665961],[8.99819326,-0.78391945],[8.99901223,-0.78553617],[9.00265992,-0.78915811],[9.00414646,-0.79127514],[9.00596213,-0.79509485],[9.00738823,-0.79434764],[9.00940955,-0.78857934],[9.0118103,-0.787835],[9.00978577,-0.79002094],[9.01167798,-0.79155386],[9.00899768,-0.79481328],[9.00598323,-0.79603982],[8.99751115,-0.78969645],[8.99381721,-0.77746785],[8.98520625,-0.76795268],[8.98300946,-0.76044273],[8.98297977,-0.7557199],[8.98653734,-0.73911834],[8.98657775,-0.73535216],[8.98501718,-0.73273385],[8.98058712,-0.73138142],[8.97821796,-0.73252416],[8.97792804,-0.73786378],[8.9742645,-0.74575627],[8.96959293,-0.74755764],[8.96219003,-0.748263],[8.96068084,-0.74908698],[8.95981026,-0.75046575],[8.95858443,-0.76074457],[8.95864356,-0.7610929],[8.96532965,-0.78444421],[8.97143435,-0.79495943],[8.97123754,-0.79595733],[8.96880221,-0.79565632],[8.96841586,-0.79653096],[8.97203791,-0.80217707],[8.98174012,-0.81003082],[8.98282063,-0.81053472],[8.98597181,-0.81125212],[8.98710632,-0.81092417],[8.98756278,-0.81050026],[8.9875319,-0.80956626],[8.98510241,-0.80695868],[8.98671341,-0.80653155],[8.9896245,-0.80911684],[9.00077295,-0.81226921],[9.01152611,-0.81799877],[9.01678956,-0.81820965],[9.0233587,-0.82347357],[9.0338155,-0.80845332],[9.03997302,-0.79557538],[9.05228066,-0.78595698],[9.05434644,-0.78314245],[9.05481052,-0.78186595],[9.05501854,-0.78056276],[9.05197096,-0.77736545],[9.04271901,-0.77326822],[9.03884101,-0.76634276],[9.03801012,-0.76364911],[9.03763795,-0.76070857],[9.03969455,-0.75853336],[9.03984451,-0.75824201],[9.04109144,-0.7543118],[9.04124606,-0.75347948],[9.04048705,-0.74612737],[9.04232287,-0.73592556],[9.04244983,-0.73564434],[9.05053854,-0.72675073],[9.05546546,-0.71664464],[9.06171536,-0.70930934],[9.06417406,-0.70382237],[9.06417406,-0.70350671],[9.06417406,-0.703125],[9.0640372,-0.70202565],[9.05930376,-0.69709206],[9.05744922,-0.69350076],[9.05069232,-0.68781221],[9.05001748,-0.68097007],[9.04980946,-0.68021846],[9.04790461,-0.67753065],[9.04557753,-0.67587662],[9.04350674,-0.66983247],[9.04085135,-0.66797376],[9.03980374,-0.66799808],[9.03939438,-0.66814685],[9.03603566,-0.66981018],[9.03493476,-0.67315865],[9.03185475,-0.67689395]],[[8.99400902,-0.64790952],[8.99020004,-0.65212846],[8.98514962,-0.6539458],[8.97896814,-0.65354133],[8.96771181,-0.65687931],[8.96721077,-0.65711653],[8.96414626,-0.65959823],[8.96096218,-0.66468012],[8.95733857,-0.66754866],[8.95711005,-0.66805863],[8.95542955,-0.67294037],[8.95555997,-0.67482507],[8.95554101,-0.67715478],[8.95431077,-0.67891586],[8.95431316,-0.67990434],[8.95451868,-0.68095481],[8.95646131,-0.68202114],[8.9535886,-0.68105531],[8.95385265,-0.67850935],[8.95289814,-0.67748106],[8.95213175,-0.67744792],[8.94764602,-0.67951035],[8.94529796,-0.68324113],[8.94506407,-0.68873346],[8.94806445,-0.69297278],[8.94617903,-0.69770145],[8.94642854,-0.703125],[8.94760323,-0.71979415],[8.9528017,-0.73006284],[8.95446217,-0.73271525],[8.96364212,-0.74354494],[8.96403527,-0.74381006],[8.96912503,-0.74519885],[8.97185242,-0.74362505],[8.97427118,-0.73926628],[8.97441971,-0.73306668],[8.97594964,-0.72842324],[8.97615302,-0.72795975],[8.97865272,-0.72532582],[8.98134863,-0.72539687],[8.98594618,-0.72770405],[8.99105227,-0.73318458],[8.99366665,-0.73832035],[8.99734736,-0.73827076],[8.99791801,-0.73789978],[9.00033641,-0.73536897],[9.00248003,-0.73088121],[9.00251806,-0.72839844],[9.00458276,-0.72527528],[9.01019585,-0.72086561],[9.00836337,-0.71861565],[9.00830257,-0.71586955],[9.00853932,-0.71551335],[9.00974917,-0.7145462],[9.01271415,-0.71350574],[9.01316631,-0.71364546],[9.01605725,-0.71664298],[9.01674962,-0.71675253],[9.01697993,-0.71655405],[9.01990437,-0.71255553],[9.01774406,-0.70759487],[9.01834071,-0.7050848],[9.0188663,-0.70462275],[9.02060306,-0.70375502],[9.02124357,-0.70375645],[9.02727723,-0.70499432],[9.02889013,-0.70498383],[9.03018343,-0.70452201],[9.03036272,-0.70414257],[9.03013384,-0.703125],[9.03010476,-0.70214915],[9.029374,-0.70088315],[9.02599847,-0.69741833],[9.02337527,-0.6913532],[9.01904941,-0.68788075],[9.01626813,-0.67941844],[9.01635766,-0.67900968],[9.02246058,-0.67553175],[9.03025222,-0.67418075],[9.03212547,-0.67302096],[9.03258097,-0.67250121],[9.03396583,-0.66572726],[9.03403115,-0.66324162],[9.03379214,-0.66210985],[9.03281248,-0.65964687],[9.01804423,-0.65250933],[9.01689243,-0.65306473],[9.01506042,-0.65474105],[9.01721764,-0.65885735],[9.01726711,-0.66141164],[9.01517868,-0.66345906],[9.01129532,-0.66333628],[9.00827134,-0.65914285],[9.00649083,-0.65825832],[9.00301278,-0.65971553],[9.00252652,-0.66007042],[9.00224125,-0.66306317],[9.00441217,-0.66617203],[9.00454545,-0.66945004],[8.99935806,-0.67568195],[8.99627924,-0.67691231],[8.99583936,-0.68200386],[8.99671638,-0.68447483],[8.99589145,-0.68457425],[8.99558675,-0.68396366],[8.99457336,-0.68055153],[8.99501085,-0.67726755],[8.99880898,-0.67510033],[9.00373256,-0.66873002],[9.00103652,-0.66473997],[9.00142622,-0.66029286],[9.00642025,-0.65741265],[9.01319444,-0.66203845],[9.01576483,-0.66215885],[9.0159924,-0.66167355],[9.01624036,-0.65994632],[9.01330113,-0.65091002],[9.01324403,-0.65008354],[9.01067698,-0.6469959],[9.01060975,-0.64304793],[9.01263642,-0.63749325],[9.01218975,-0.63626444],[9.00341237,-0.64423645],[8.99400902,-0.64790952]],[[9.02500927,-1.04767704],[9.03076458,-1.05043066],[9.03189313,-1.05025685],[9.03363025,-1.0494647],[9.03359854,-1.04895544],[9.032305,-1.04783034],[9.02845144,-1.04588401],[9.0235815,-1.04416621],[9.02270615,-1.04476261],[9.02500927,-1.04767704]],[[9.02552247,-1.25468898],[9.02468193,-1.25624287],[9.02182603,-1.25774157],[9.02183676,-1.25814402],[9.02533925,-1.26454723],[9.02670777,-1.26613522],[9.02720726,-1.26581621],[9.02925885,-1.26373684],[9.0323137,-1.25506794],[9.03230965,-1.2547369],[9.02814138,-1.24370778],[9.02676165,-1.24268317],[9.02517438,-1.24579453],[9.02672935,-1.25023305],[9.02588916,-1.25398088],[9.02552247,-1.25468898]],[[9.02924287,-1.23859262],[9.02873635,-1.23852158],[9.02814782,-1.23933315],[9.02823603,-1.24070168],[9.02886522,-1.24213088],[9.02926385,-1.24203277],[9.03008246,-1.24068511],[9.03007293,-1.24004841],[9.02924287,-1.23859262]],[[9.02396607,-0.85288513],[9.02457356,-0.85291731],[9.02478921,-0.85258365],[9.02507246,-0.84842944],[9.02414417,-0.84958136],[9.02396607,-0.85288513]],[[9.01635063,-1.27100122],[9.0199064,-1.27117586],[9.02343285,-1.27018476],[9.02481663,-1.26856446],[9.02473474,-1.26472044],[9.02066612,-1.2618916],[9.01722836,-1.25684977],[9.01630771,-1.25310576],[9.00961864,-1.25024211],[9.00788498,-1.25335646],[9.00789034,-1.25385225],[9.00823855,-1.25878048],[9.01028764,-1.26217568],[9.01032317,-1.26512945],[9.01451921,-1.27019608],[9.01500654,-1.27051663],[9.01635063,-1.27100122]],[[8.99287581,-0.81230223],[8.98210311,-0.81226516],[8.97885835,-0.82242465],[8.97586656,-0.82596624],[8.97934544,-0.83509326],[8.98034215,-0.84114695],[8.97927582,-0.84131181],[8.97792315,-0.8339256],[8.97474194,-0.82806754],[8.97461653,-0.82465971],[8.97878015,-0.81601715],[8.97848356,-0.81157196],[8.95968175,-0.79771197],[8.95101535,-0.78870833],[8.95081294,-0.78837776],[8.94831455,-0.77553415],[8.94001818,-0.75876677],[8.93796694,-0.75172532],[8.93792903,-0.74953532],[8.94013298,-0.74988985],[8.94140625,-0.74874425],[8.94168532,-0.74539626],[8.94134474,-0.739766],[8.94097805,-0.73865914],[8.93858421,-0.73373246],[8.93654466,-0.73039985],[8.93122125,-0.72408283],[8.93009508,-0.72519386],[8.92937827,-0.72994447],[8.92588735,-0.73259377],[8.926054,-0.72814226],[8.92379212,-0.72362852],[8.92308664,-0.72208858],[8.92232466,-0.72160733],[8.91838837,-0.72269535],[8.91769814,-0.72240674],[8.91361928,-0.72129071],[8.90941393,-0.72134328],[8.90327346,-0.72485197],[8.90284264,-0.72485662],[8.89885604,-0.72209823],[8.89446783,-0.72189534],[8.89358461,-0.72211242],[8.89232802,-0.72341096],[8.89171934,-0.72602022],[8.88814378,-0.72990561],[8.88736403,-0.73260975],[8.88750327,-0.73988128],[8.88812482,-0.74195611],[8.88924527,-0.74311066],[8.89871526,-0.7472465],[8.90313685,-0.75046015],[8.91333616,-0.76246822],[8.91666985,-0.76343691],[8.92016125,-0.76858032],[8.92027843,-0.76883125],[8.92153251,-0.77393818],[8.91967404,-0.77949941],[8.91531718,-0.78373182],[8.91034818,-0.78543544],[8.9093914,-0.78844285],[8.90986955,-0.79226887],[8.91802227,-0.80228233],[8.92257345,-0.80549598],[8.93409407,-0.81072557],[8.94351482,-0.82057452],[8.94584191,-0.82659101],[8.9472239,-0.83718836],[8.94623661,-0.84473634],[8.94869018,-0.8533715],[8.95228171,-0.85842156],[8.95492435,-0.8700484],[8.95507812,-0.87890625],[8.95594382,-0.88852263],[8.96252966,-0.89992023],[8.96431506,-0.90755117],[8.96788514,-0.91213095],[8.96952271,-0.92146933],[8.97325134,-0.92816055],[8.9744879,-0.93001437],[8.98029113,-0.93059373],[8.98735392,-0.93296945],[8.98831415,-0.93297493],[9.00019062,-0.92908394],[9.00826716,-0.92357516],[9.00920761,-0.92061925],[9.00923777,-0.90591872],[9.01177633,-0.89647377],[9.01978171,-0.88713491],[9.02021873,-0.88605237],[9.0205723,-0.88335454],[9.01953125,-0.87890625],[9.01977217,-0.87885487],[9.01930416,-0.8762238],[9.01956058,-0.8691107],[9.02336311,-0.85599875],[9.02424455,-0.84778786],[9.02183497,-0.82608604],[9.02163422,-0.82561946],[9.01970112,-0.82301831],[9.00404584,-0.81503975],[8.99793994,-0.81481421],[8.99287581,-0.81230223]],[[9.02363956,-1.22972727],[9.02296793,-1.22713184],[9.02207303,-1.22837818],[9.02204227,-1.23046875],[9.02230823,-1.23128295],[9.02261901,-1.23127282],[9.02315843,-1.23046875],[9.0234375,-1.23046875],[9.02363956,-1.22972727]],[[9.01708066,-1.2538172],[9.01767445,-1.25493383],[9.01829088,-1.25485218],[9.02181995,-1.25126302],[9.02253938,-1.24841285],[9.02163255,-1.24684274],[9.01859617,-1.24931645],[9.01807034,-1.25042868],[9.0170871,-1.25316095],[9.01708066,-1.2538172]],[[9.0168668,-1.04043376],[9.01864338,-1.04059482],[9.01272595,-1.03527665],[9.01185465,-1.03484166],[9.01113546,-1.03563106],[9.01162124,-1.03681266],[9.01386094,-1.03875816],[9.0168668,-1.04043376]],[[9.01822936,-0.68069768],[9.01809752,-0.67880535],[9.01733911,-0.67955482],[9.01747155,-0.68073976],[9.01803875,-0.68105781],[9.01822936,-0.68069768]],[[9.01781964,-1.21302152],[9.01572955,-1.21155381],[9.0129317,-1.21188283],[9.01265085,-1.2121464],[9.01259875,-1.21390915],[9.01288605,-1.21420586],[9.01528251,-1.21477497],[9.01599264,-1.21468425],[9.01805675,-1.21351886],[9.01781964,-1.21302152]],[[9.01558757,-1.29276252],[9.01704955,-1.28707623],[9.01532495,-1.28423095],[9.01280773,-1.28113174],[9.01246035,-1.28099418],[9.00840187,-1.28240395],[9.01021755,-1.27987325],[9.01109397,-1.27591383],[9.01112068,-1.27508867],[9.01105213,-1.27466631],[9.01009941,-1.27466071],[9.00974691,-1.26994765],[9.00841296,-1.26837635],[9.00654507,-1.26720536],[9.00244784,-1.27120304],[9.00088966,-1.27163625],[9.00104475,-1.27041674],[8.99989474,-1.27023995],[8.9962666,-1.27380943],[8.99532032,-1.27282727],[8.99623537,-1.27291465],[8.99679494,-1.27095354],[8.9922564,-1.27158535],[8.99206686,-1.27180862],[8.99832594,-1.28194737],[9.00464594,-1.29513156],[9.00513518,-1.29564393],[9.0081954,-1.29724014],[9.00890625,-1.29737186],[9.01116645,-1.29712045],[9.011608,-1.29692984],[9.01413417,-1.29484606],[9.01558757,-1.29276252]],[[9.01199412,-1.31602907],[9.01109004,-1.31563842],[9.00976324,-1.31595063],[9.00972605,-1.31715763],[9.01183021,-1.31773794],[9.01215005,-1.31772053],[9.01199412,-1.31602907]],[[9.00719702,-1.30352795],[9.00544083,-1.30189717],[9.00384021,-1.30250525],[9.00413775,-1.30353558],[9.00454223,-1.30369222],[9.00807464,-1.30450785],[9.00793636,-1.30400026],[9.00719702,-1.30352795]],[[9.00559795,-1.25365734],[9.00524795,-1.25358903],[9.00374484,-1.25495672],[9.00281847,-1.25921476],[9.00551665,-1.26081622],[9.00629306,-1.26077294],[9.00694823,-1.26021886],[9.00654173,-1.25522184],[9.00559795,-1.25365734]],[[9.00162995,-1.20467234],[9.00123692,-1.20447278],[9.00102735,-1.20692515],[9.0025171,-1.20950115],[9.00329733,-1.20715034],[9.00162995,-1.20467234]],[[8.94216645,-1.03726196],[8.94438744,-1.03585196],[8.94723201,-1.03518558],[8.95289564,-1.03518605],[8.96485972,-1.03745532],[8.96819186,-1.03829253],[8.98588085,-1.04457045],[8.98698926,-1.04446018],[8.98943102,-1.04299855],[8.99100053,-1.04121125],[8.99132085,-1.03417957],[8.98919213,-1.0285598],[8.9910202,-1.02515352],[8.98297977,-1.01548552],[8.98175383,-1.0142889],[8.96920872,-1.00637043],[8.95886946,-0.99772215],[8.95854354,-0.99752605],[8.95094276,-0.99449158],[8.94300532,-0.99451065],[8.94219112,-0.99440765],[8.93763244,-0.99519527],[8.92789197,-0.99854076],[8.92596126,-0.99975336],[8.92225027,-1.00345325],[8.9187324,-1.00994182],[8.91576612,-1.02167296],[8.91565514,-1.02195513],[8.91232085,-1.02709734],[8.91253865,-1.03020334],[8.91074717,-1.03027415],[8.91002274,-1.02803802],[8.90365314,-1.0294522],[8.89785898,-1.02932632],[8.89159358,-1.03096998],[8.89008617,-1.03219962],[8.89196396,-1.03306067],[8.88853562,-1.0335927],[8.88828313,-1.03438628],[8.88843274,-1.03498304],[8.89048612,-1.03624165],[8.8986665,-1.03864765],[8.89271736,-1.03853381],[8.89050365,-1.03969097],[8.89050424,-1.04094493],[8.89074576,-1.04112136],[8.89864874,-1.04429805],[8.90220368,-1.04409766],[8.91043437,-1.04988563],[8.92428994,-1.04430175],[8.92591274,-1.0427227],[8.93680513,-1.04041934],[8.94216645,-1.03726196]],[[8.88535595,-1.02087915],[8.89087462,-1.02257276],[8.89657581,-1.02169645],[8.89802992,-1.02113831],[8.90249085,-1.01865697],[8.903723,-1.01764858],[8.91249466,-1.00701392],[8.91557038,-1.00582004],[8.92364562,-0.99857986],[8.92577636,-0.99644577],[8.93108201,-0.98902106],[8.93399441,-0.98860276],[8.93473756,-0.98958457],[8.93411267,-0.99150813],[8.93118072,-0.99225295],[8.93057215,-0.99397695],[8.93930984,-0.99411106],[8.94076836,-0.99090385],[8.93935335,-0.9886142],[8.94338286,-0.98908794],[8.9473356,-0.98814177],[8.95976448,-0.98037708],[8.96593034,-0.97279584],[8.96797538,-0.96662438],[8.9723711,-0.95880055],[8.97430003,-0.93434215],[8.96877897,-0.9218055],[8.96704674,-0.91283655],[8.96317065,-0.90835154],[8.96137154,-0.89956474],[8.95510673,-0.88852263],[8.95424104,-0.87890625],[8.95396197,-0.87848771],[8.95371211,-0.87099302],[8.95253754,-0.86544752],[8.95194185,-0.86319006],[8.94453025,-0.84332073],[8.94606984,-0.83878744],[8.94612002,-0.83529258],[8.94537985,-0.83222985],[8.93994915,-0.81847346],[8.93971372,-0.81799352],[8.93719065,-0.8153671],[8.93491483,-0.8157469],[8.92761803,-0.80964315],[8.91104782,-0.80852771],[8.90456474,-0.80420375],[8.90444577,-0.80395937],[8.90489447,-0.80294895],[8.91027522,-0.80688214],[8.91321695,-0.80774784],[8.91838753,-0.80714965],[8.91787875,-0.80505395],[8.90989375,-0.79770493],[8.90547705,-0.78912485],[8.90656757,-0.78528917],[8.91732812,-0.77530205],[8.91610157,-0.77121246],[8.91156554,-0.77044547],[8.90391266,-0.77357686],[8.89345837,-0.7690382],[8.88850296,-0.76931095],[8.88353384,-0.77320242],[8.88143754,-0.77810836],[8.88515937,-0.78215444],[8.88545072,-0.78231013],[8.89099133,-0.78507471],[8.89505172,-0.78512335],[8.89511895,-0.78542912],[8.88883185,-0.78680074],[8.88337243,-0.7845993],[8.88281357,-0.78410482],[8.88164234,-0.78221762],[8.88027465,-0.77871037],[8.88061821,-0.77651727],[8.88343883,-0.77162814],[8.88626432,-0.76932025],[8.8882755,-0.76814401],[8.8926115,-0.76816785],[8.90225208,-0.77000535],[8.9027369,-0.76990342],[8.90499675,-0.76866484],[8.90623498,-0.76745415],[8.90645695,-0.76637912],[8.9058032,-0.76347888],[8.90485394,-0.76289213],[8.89648426,-0.76207745],[8.8871088,-0.76276267],[8.88010812,-0.76056445],[8.87356114,-0.75607026],[8.87138581,-0.75527263],[8.86958778,-0.75520074],[8.86880445,-0.75559318],[8.86635745,-0.75992525],[8.86431062,-0.77380264],[8.85969543,-0.78327751],[8.85944545,-0.78472722],[8.86000466,-0.7883383],[8.86181796,-0.79282975],[8.86208594,-0.79942334],[8.86192667,-0.80046546],[8.86121321,-0.80209196],[8.85716212,-0.80629003],[8.85636425,-0.80762315],[8.85499811,-0.81128788],[8.85298705,-0.81714165],[8.85296476,-0.82182586],[8.85449421,-0.82597971],[8.85243022,-0.82998383],[8.85287201,-0.8351655],[8.85468376,-0.8382802],[8.85846341,-0.83981335],[8.86173665,-0.84004605],[8.86607993,-0.8397572],[8.873142,-0.83831525],[8.88148952,-0.83874047],[8.88347864,-0.83960128],[8.88411725,-0.84203684],[8.89016402,-0.84630597],[8.89172375,-0.84867132],[8.88857341,-0.84999466],[8.88239217,-0.85013294],[8.87911594,-0.85485554],[8.87638783,-0.85569835],[8.8797487,-0.85304725],[8.88243103,-0.8488394],[8.88784707,-0.84955275],[8.8883723,-0.8475281],[8.88324285,-0.84550285],[8.87466276,-0.83978605],[8.86199033,-0.84688246],[8.85679996,-0.84734845],[8.85259378,-0.84568465],[8.84660625,-0.83722985],[8.84451783,-0.82665086],[8.84072864,-0.82100236],[8.83982956,-0.81729865],[8.83962274,-0.81696475],[8.8353163,-0.81434655],[8.83436894,-0.81225705],[8.83255625,-0.81133676],[8.82636857,-0.80940115],[8.82371736,-0.80813146],[8.81464016,-0.80005395],[8.8024801,-0.79165137],[8.79884863,-0.78696775],[8.79750466,-0.77840245],[8.80182076,-0.76484597],[8.80160368,-0.76322305],[8.79562736,-0.75862455],[8.79276276,-0.75489235],[8.79427898,-0.74025917],[8.79364026,-0.73603761],[8.79708672,-0.73251343],[8.79542875,-0.72590435],[8.79254246,-0.72589993],[8.79115677,-0.72389042],[8.79287183,-0.72260773],[8.79549146,-0.72276616],[8.79650188,-0.72075403],[8.79645562,-0.72027695],[8.79543281,-0.71947622],[8.79366434,-0.72019505],[8.79165041,-0.71725237],[8.79111862,-0.71711457],[8.7890625,-0.71847093],[8.78742003,-0.71869886],[8.78699875,-0.71819365],[8.78660786,-0.71659744],[8.78672028,-0.71611822],[8.78793025,-0.71464026],[8.78779507,-0.7143532],[8.7845124,-0.71252084],[8.78013384,-0.703125],[8.77979076,-0.70159924],[8.77752697,-0.70017195],[8.7752459,-0.69350255],[8.77602637,-0.68558073],[8.77902186,-0.68134391],[8.77859867,-0.68000913],[8.77816677,-0.6793226],[8.76728261,-0.67602432],[8.76634288,-0.67586207],[8.7638098,-0.67692673],[8.75793815,-0.67621458],[8.75760591,-0.67639351],[8.75805783,-0.68066347],[8.75654054,-0.68244302],[8.75074124,-0.68445957],[8.7487818,-0.68719137],[8.75192523,-0.68244052],[8.75571632,-0.68164384],[8.7564187,-0.68109977],[8.75677764,-0.68021524],[8.75682032,-0.67822385],[8.75582695,-0.67679966],[8.75511193,-0.67628407],[8.7506777,-0.67555833],[8.75048697,-0.67488325],[8.75361943,-0.66779053],[8.75279021,-0.65694737],[8.75209248,-0.65625],[8.74276066,-0.65498865],[8.73422432,-0.6493324],[8.72939086,-0.65036094],[8.72421575,-0.65016425],[8.72354746,-0.65043926],[8.72323191,-0.65159774],[8.72486043,-0.65358996],[8.72474158,-0.65569735],[8.72060847,-0.65209174],[8.71480584,-0.64910281],[8.70795965,-0.65084398],[8.71290815,-0.64757204],[8.71965468,-0.65104246],[8.72034287,-0.65053761],[8.72039497,-0.64982295],[8.71948576,-0.64850795],[8.71244586,-0.64330184],[8.71100605,-0.64055252],[8.71040893,-0.63788176],[8.71052825,-0.63473773],[8.71217108,-0.63286483],[8.71366286,-0.63201141],[8.71802986,-0.631392],[8.71842992,-0.62978566],[8.71673763,-0.62965643],[8.71698487,-0.62285185],[8.71269023,-0.6201266],[8.71187747,-0.62004137],[8.71081363,-0.62039734],[8.70961487,-0.62079847],[8.70900035,-0.62147796],[8.70869881,-0.62370627],[8.70819795,-0.62740755],[8.70787311,-0.62785113],[8.70475713,-0.62987357],[8.70229113,-0.63147414],[8.69980633,-0.64315677],[8.6992985,-0.65941882],[8.70009518,-0.66647005],[8.70235586,-0.67671311],[8.70675755,-0.68956315],[8.70903695,-0.69461632],[8.71400654,-0.703125],[8.71517384,-0.70551908],[8.72439826,-0.71781182],[8.73125422,-0.72444785],[8.74338293,-0.74245882],[8.76336324,-0.77977371],[8.77741063,-0.81490326],[8.78279495,-0.83483016],[8.7890625,-0.85239947],[8.79163158,-0.85926366],[8.79411972,-0.8647871],[8.79943407,-0.87456405],[8.80217636,-0.87890625],[8.80245531,-0.87890625],[8.81560874,-0.89916384],[8.81932032,-0.90449011],[8.8216784,-0.90638876],[8.84016085,-0.93374193],[8.84846365,-0.94377685],[8.85132062,-0.94987285],[8.85375726,-0.95242214],[8.85476744,-0.95417082],[8.86046076,-0.97140706],[8.86047685,-0.9741466],[8.86115801,-0.97512555],[8.86190033,-0.97618806],[8.86176264,-0.98199797],[8.86427855,-0.99029052],[8.86709201,-0.99238527],[8.86724317,-0.99403834],[8.87209034,-0.99847281],[8.87181413,-0.99878764],[8.87133217,-0.99896741],[8.86967051,-0.99721742],[8.86694038,-0.99673223],[8.86595023,-0.99317718],[8.86345744,-0.99150324],[8.86052883,-0.98534358],[8.86066437,-0.97833121],[8.85940325,-0.98060846],[8.85940611,-0.98449564],[8.86386836,-0.99427903],[8.86559534,-0.99684334],[8.87551987,-1.00626934],[8.88191986,-1.01689196],[8.88248432,-1.01805925],[8.88256276,-1.01827538],[8.88535595,-1.02087915]],[[8.9647243,-0.79110157],[8.96662652,-0.79352963],[8.96786594,-0.79428244],[8.96824253,-0.79419851],[8.96925914,-0.79299831],[8.96898675,-0.79205155],[8.96780443,-0.78954315],[8.96588278,-0.78810847],[8.96461523,-0.79039442],[8.9647243,-0.79110157]],[[8.96339595,-0.79345524],[8.96396041,-0.79351556],[8.96364045,-0.78668487],[8.96240377,-0.78197014],[8.96018982,-0.77657247],[8.95749748,-0.77423894],[8.95594776,-0.77529407],[8.95725644,-0.78279853],[8.95552456,-0.78466713],[8.95554698,-0.7868427],[8.95799565,-0.79014051],[8.96148455,-0.79143774],[8.96339595,-0.79345524]],[[8.95482671,-0.76636863],[8.95541537,-0.76709688],[8.95619094,-0.76679015],[8.95621097,-0.76598954],[8.95491672,-0.76473403],[8.95482671,-0.76636863]],[[8.91808331,-0.71027982],[8.91735578,-0.71016026],[8.91683412,-0.71040726],[8.91660285,-0.71383154],[8.91743052,-0.71664608],[8.91864145,-0.71727026],[8.91893637,-0.71717846],[8.92102253,-0.71604645],[8.92182183,-0.71435535],[8.92174578,-0.71382701],[8.91808331,-0.71027982]],[[8.91503823,-1.01791143],[8.91413271,-1.0178318],[8.90358436,-1.02266407],[8.90330136,-1.02281797],[8.90062284,-1.02479231],[8.90000904,-1.02574885],[8.90016043,-1.02642012],[8.90138257,-1.02700496],[8.90567362,-1.02731347],[8.90645492,-1.02714551],[8.91069496,-1.02630961],[8.91328335,-1.02456248],[8.91484785,-1.02245605],[8.91601253,-1.01845896],[8.91591024,-1.01816654],[8.91503823,-1.01791143]],[[8.79919434,-0.73136997],[8.7984277,-0.73008025],[8.79799104,-0.73060822],[8.79795206,-0.73381245],[8.79828894,-0.73359394],[8.79919434,-0.73136997]],[[8.79696977,-0.73847771],[8.79678083,-0.73617494],[8.79557276,-0.73670936],[8.79540431,-0.7396301],[8.79622924,-0.73950315],[8.79696977,-0.73847771]]]]},"geometry_name":"the_geom","properties":{"mrgid":8476,"geoname":"Gabonese Exclusive Economic Zone","mrgid_ter1":2104,"pol_type":"200NM","mrgid_sov1":2104,"territory1":"Gabon","iso_ter1":"GAB","sovereign1":"Gabon","mrgid_ter2":null,"mrgid_sov2":null,"territory2":null,"iso_ter2":null,"sovereign2":null,"mrgid_ter3":null,"mrgid_sov3":null,"territory3":null,"iso_ter3":null,"sovereign3":null,"x_1":8.73897,"y_1":-3.06254,"mrgid_eez":8476,"area_km2":201759,"iso_sov1":"GAB","iso_sov2":null,"iso_sov3":null,"un_sov1":266,"un_sov2":null,"un_sov3":null,"un_ter1":266,"un_ter2":null,"un_ter3":null}}],"totalFeatures":1,"numberMatched":1,"numberReturned":1,"timeStamp":"2026-07-27T20:52:27.182Z","crs":{"type":"name","properties":{"name":"urn:ogc:def:crs:EPSG::4326"}}}