{"type": "FeatureCollection", "features": [{"type": "Feature", "properties": {"name": "Ogoou\u00e9", "osm_id": 23502332}, "geometry": {"type": "LineString", "coordinates": [[13.5514952, -1.7731201], [13.5516089, -1.7724857], [13.5516786, -1.7721774], [13.5516733, -1.7717619], [13.5515928, -1.7713544], [13.5514507, -1.7709402], [13.5513836, -1.7705367], [13.5513595, -1.7702069], [13.551448, -1.7698423], [13.5515311, -1.7696547], [13.5522178, -1.7689817], [13.552875, -1.7683544], [13.5533443, -1.7682364], [13.5537869, -1.768156], [13.5542428, -1.7678129], [13.5543126, -1.7674858], [13.5542697, -1.7670488], [13.5541865, -1.7664536], [13.5540068, -1.7656601], [13.5536849, -1.7651185], [13.5534409, -1.7649496], [13.5519859, -1.7642523], [13.5514389, -1.7638958], [13.5509759, -1.7634188], [13.5507882, -1.7630381], [13.5507667, -1.7627271], [13.5507882, -1.7623303], [13.5511476, -1.761451], [13.5512427, -1.7611628], [13.5511087, -1.7610247], [13.5508847, -1.7610355], [13.5507077, -1.7610569], [13.5497528, -1.7612955], [13.5483366, -1.7616172], [13.5456625, -1.7621668], [13.5447559, -1.7623947], [13.5443589, -1.7624376], [13.5439566, -1.7623866], [13.543801, -1.7623223], [13.5436454, -1.7621695], [13.5436133, -1.7619202], [13.5436293, -1.7615931], [13.5439915, -1.7605475], [13.5440719, -1.7589845], [13.5440934, -1.7575582], [13.5442006, -1.7563894], [13.544383, -1.7538156], [13.5442275, -1.7529417], [13.5439324, -1.7521374], [13.5434032, -1.7504763], [13.5429132, -1.7493385], [13.5425001, -1.7481588], [13.5421622, -1.7477084], [13.5416847, -1.7473224], [13.5401666, -1.7465288], [13.5386378, -1.7452259], [13.5373717, -1.743628], [13.5370177, -1.7430167], [13.5367924, -1.7422285], [13.536712, -1.7417352], [13.5369962, -1.7404966], [13.5370338, -1.7400248], [13.5369855, -1.739569], [13.5367978, -1.7391025], [13.5362828, -1.7380355], [13.5355425, -1.7361963], [13.5355961, -1.7356441], [13.5357517, -1.7352526], [13.5360897, -1.7350328], [13.5382354, -1.7341534], [13.5402471, -1.7335583], [13.5417116, -1.7332151], [13.5421836, -1.7328398], [13.5424518, -1.7324859], [13.5425001, -1.7321266], [13.5423875, -1.731762], [13.5419555, -1.7310805], [13.5416043, -1.7307379], [13.5409713, -1.7304483], [13.5400379, -1.7302446], [13.5378921, -1.7299765], [13.5374951, -1.7296762], [13.5372805, -1.7290756], [13.537302, -1.7283893], [13.5373878, -1.7273813], [13.5377419, -1.7252686], [13.5379565, -1.7233062], [13.5377848, -1.7210112], [13.5375059, -1.7200782], [13.5368407, -1.7193061], [13.5360896, -1.7188128], [13.5339975, -1.7179334], [13.5309076, -1.7165286], [13.529427, -1.7157993], [13.5285902, -1.7148235], [13.5283381, -1.7136974], [13.5282361, -1.7125821], [13.5282254, -1.7118154], [13.5287189, -1.7109199], [13.5297865, -1.7105875], [13.5303497, -1.7103194], [13.5306287, -1.7098422], [13.5315245, -1.7079601], [13.5327583, -1.7066571], [13.5341102, -1.7048286], [13.5343194, -1.7033219], [13.5345501, -1.702212], [13.534829, -1.7015953], [13.5353976, -1.701279], [13.5363257, -1.7013969], [13.538171, -1.7023192], [13.5391313, -1.7025069], [13.5398501, -1.7024962], [13.5410464, -1.7021369], [13.5418295, -1.7016382], [13.5421783, -1.7010752], [13.5423553, -1.7006141], [13.5425752, -1.6996596], [13.543058, -1.6985015], [13.5445976, -1.6951019], [13.5460192, -1.6923297], [13.5463464, -1.6912841], [13.5463679, -1.6900347], [13.5461587, -1.689284], [13.5445869, -1.687166], [13.5425484, -1.6848388], [13.5417974, -1.6843348], [13.5411966, -1.6841739], [13.540231, -1.6843563], [13.5387397, -1.6848496], [13.5376775, -1.684871], [13.5370016, -1.684678], [13.5363793, -1.6841418], [13.5354245, -1.6827369], [13.533783, -1.6808816], [13.5330212, -1.6805706], [13.5322005, -1.680635], [13.5315406, -1.6810425], [13.5295772, -1.6826779], [13.5284829, -1.6830908], [13.5271525, -1.6830157], [13.5250497, -1.6824152], [13.5221797, -1.6811604], [13.5201359, -1.6798253], [13.5173839, -1.6777019], [13.5160857, -1.6762112], [13.5154474, -1.6752621], [13.5140848, -1.6731602], [13.51291, -1.6713692], [13.5124969, -1.6702271], [13.5118532, -1.6692458], [13.5113704, -1.6684308], [13.5111344, -1.6678141], [13.5111505, -1.667294], [13.5114294, -1.6667846], [13.5118049, -1.666436], [13.5126632, -1.6650526], [13.5132855, -1.6640231], [13.514058, -1.6627469], [13.514294, -1.6618943], [13.5144711, -1.6617656], [13.5147178, -1.6616637], [13.5150719, -1.6615913], [13.5182583, -1.6616744], [13.5195512, -1.661594], [13.5219061, -1.6615994], [13.5237998, -1.6618192], [13.5254037, -1.6618943], [13.5274315, -1.6618299], [13.5288477, -1.6615726], [13.5294431, -1.6612776], [13.5300332, -1.660854], [13.5306864, -1.6599586], [13.5316479, -1.6581086], [13.5321736, -1.6578137], [13.5326511, -1.6576582], [13.5330588, -1.6575831], [13.5349309, -1.6575885], [13.5359878, -1.6575483], [13.5368862, -1.6578164], [13.5386217, -1.6579424], [13.5397643, -1.6566769], [13.5401613, -1.6558243], [13.5399735, -1.6548269], [13.5395872, -1.6540494], [13.5378384, -1.6520011], [13.536154, -1.6498455], [13.5352313, -1.6483226], [13.5345232, -1.6465531], [13.5338688, -1.6445369], [13.5329407, -1.6426172], [13.5324418, -1.6420488], [13.5316694, -1.6417056], [13.5306501, -1.6415233], [13.5287619, -1.6413303], [13.5278459, -1.6410327], [13.5272759, -1.6405849], [13.5270317, -1.6400021], [13.5270238, -1.6395393], [13.5271579, -1.6389709], [13.52749, -1.6386279], [13.5284722, -1.6381183], [13.5303873, -1.6376062], [13.5306931, -1.6374829], [13.53098, -1.6372711], [13.5312429, -1.6365499], [13.5313985, -1.636078], [13.5318866, -1.6352093], [13.5324526, -1.6343594], [13.5336649, -1.6328258], [13.5351201, -1.6317024], [13.5375702, -1.630327], [13.5383964, -1.6295656], [13.539036, -1.6283885], [13.5398622, -1.6252462], [13.5401452, -1.624265], [13.5403436, -1.6228413], [13.5403436, -1.6215061], [13.5400861, -1.6207071], [13.5397911, -1.6202138], [13.5392064, -1.6196615], [13.5382582, -1.6187525], [13.5366422, -1.617345], [13.5357785, -1.6168945], [13.5345876, -1.6166532], [13.5338581, -1.6166264], [13.5329622, -1.6169481], [13.5325652, -1.617227], [13.5322112, -1.6177364], [13.5318196, -1.6190662], [13.5312778, -1.6204443], [13.5302907, -1.6220959], [13.5294002, -1.6230182], [13.5285687, -1.623399], [13.5280806, -1.6234633], [13.5276729, -1.6233346], [13.527292, -1.6230343], [13.5264512, -1.6207258], [13.5248351, -1.6166639], [13.5243255, -1.6142295], [13.5243335, -1.6137361], [13.5244811, -1.6131892], [13.5248566, -1.6127388], [13.5253635, -1.6124251], [13.5263747, -1.6121274], [13.5283005, -1.6114411], [13.5297811, -1.6103793], [13.5306072, -1.6093927], [13.5312724, -1.607977], [13.5314387, -1.6069421], [13.5315192, -1.6057999], [13.5313904, -1.604513], [13.530993, -1.6036981]]}}, {"type": "Feature", "properties": {"name": "Ogoou\u00e9", "osm_id": 79049226}, "geometry": {"type": "LineString", "coordinates": [[10.2671008, -0.6514172], [10.2571106, -0.6725967], [10.2502441, -0.6818229], [10.2450084, -0.6863716], [10.2329063, -0.6930444], [10.2300739, -0.6960697], [10.2295804, -0.6966383], [10.2273488, -0.7011763], [10.2255893, -0.710338], [10.2240228, -0.7173112], [10.2217912, -0.7230185], [10.2185726, -0.7306997], [10.2140665, -0.7386384], [10.2068138, -0.7543656], [10.2040887, -0.7583778], [10.2016639, -0.7600299], [10.1967716, -0.7617678], [10.1952052, -0.7625831], [10.1939392, -0.763613], [10.1907634, -0.7677325], [10.1871156, -0.7763148], [10.1847982, -0.780091], [10.1838541, -0.7827086], [10.1835966, -0.7852404], [10.1844017, -0.7984131], [10.1845622, -0.8071036], [10.1838755, -0.8099572], [10.1818156, -0.8140981], [10.1803994, -0.8158575], [10.1799273, -0.8167586], [10.1793909, -0.8183463], [10.1795214, -0.8196829], [10.180252, -0.8235583], [10.1805389, -0.8257055], [10.1806783, -0.8277438], [10.1804852, -0.8339015], [10.1790492, -0.8374793], [10.1770313, -0.8401074], [10.1745114, -0.8408866], [10.1734705, -0.840957], [10.163126, -0.8344379], [10.1539421, -0.8297392], [10.1487279, -0.8291813], [10.1441145, -0.8289238], [10.1331281, -0.8285591], [10.1257467, -0.8285376], [10.1126146, -0.829782], [10.1052331, -0.8314127], [10.0969505, -0.8329146], [10.0912427, -0.8334724], [10.089097, -0.8330433], [10.0860286, -0.8318847], [10.0763726, -0.8301254], [10.0703, -0.8290525], [10.0648928, -0.8296963], [10.0614595, -0.8313268], [10.0590562, -0.8330862], [10.0541853, -0.8352103], [10.0495719, -0.8355321], [10.0430917, -0.8351888], [10.0377166, -0.8341161], [10.0291169, -0.8322829], [10.0170421, -0.8315414], [10.0103473, -0.8316272], [10.0028801, -0.8323996], [9.9975586, -0.8319276], [9.9920225, -0.8304686], [9.9872911, -0.8286664], [9.9848771, -0.8275078], [9.9808216, -0.8258665], [9.9787187, -0.8245684], [9.9765301, -0.8220796], [9.9733543, -0.8178099], [9.9692344, -0.8137763], [9.9651575, -0.8113733], [9.9570894, -0.8084553], [9.945116, -0.8062454], [9.9393868, -0.806181], [9.9280357, -0.8090131], [9.9143457, -0.8170375], [9.9058485, -0.8256197], [9.8967329, -0.8330316], [9.8849022, -0.8388714], [9.8737907, -0.8451012], [9.8650789, -0.8478904], [9.85641, -0.8489202], [9.849801, -0.8487057], [9.8433637, -0.8469463], [9.8349094, -0.8438997], [9.8304462, -0.8429986], [9.8260259, -0.8430844], [9.8172712, -0.8462169], [9.8091173, -0.8486199], [9.8007542, -0.8521051], [9.7981627, -0.8532612], [9.794656, -0.8548256], [9.7865867, -0.8568157], [9.7759437, -0.8571591], [9.7612667, -0.8554856], [9.7463536, -0.8574595], [9.7389078, -0.8607207], [9.7333127, -0.8641887], [9.7294992, -0.867984], [9.7246599, -0.8727999], [9.7194242, -0.8790434], [9.7138881, -0.886896], [9.7062921, -0.8955638], [9.6908905, -0.9102805], [9.6859073, -0.9166755], [9.6787834, -0.9217818], [9.6637845, -0.9264375], [9.6525621, -0.9270168], [9.6447086, -0.9250858], [9.6382713, -0.9256866], [9.632349, -0.927875], [9.6195173, -0.9357274], [9.6146464, -0.939761], [9.610787, -0.9441445], [9.6049549, -0.9511842], [9.6012759, -0.9562652], [9.5913024, -0.9640679], [9.5840459, -0.9677741], [9.5736077, -0.9703475], [9.5618827, -0.9729209], [9.5453705, -0.9761089], [9.52991, -0.9809539], [9.5193529, -0.9841721], [9.5154047, -0.9860171], [9.5107916, -0.989251], [9.5034313, -0.9965727], [9.4981527, -1.0004345], [9.4874239, -1.0037814], [9.4830036, -1.0042105], [9.4768667, -1.0036527], [9.4712448, -1.0028803], [9.4542503, -0.9965298], [9.4484996, -0.9949851], [9.4418907, -0.994556], [9.4300031, -0.9960578], [9.4135236, -0.9962295], [9.4002199, -0.9959291], [9.3928599, -0.996444], [9.3842554, -0.9990615], [9.379878, -1.0019363], [9.3716383, -1.0086301], [9.3619394, -1.0179842], [9.3543863, -1.0248066], [9.3463924, -1.034121], [9.3396234, -1.0432572], [9.3320712, -1.0510243], [9.3215988, -1.0616856], [9.317313, -1.0656883], [9.3122005, -1.0669425], [9.3086385, -1.0680152], [9.3021583, -1.0683155], [9.2905283, -1.0672858], [9.2751541, -1.0654543], [9.2731095, -1.0654829], [9.2598438, -1.0657411], [9.2507886, -1.0672428], [9.2377604, -1.0721882], [9.2319488, -1.0747088], [9.2250823, -1.0760818], [9.2185592, -1.0749663], [9.2141389, -1.0727351], [9.2107915, -1.0683585], [9.20753, -1.0630808], [9.2051053, -1.05879], [9.2053842, -1.0538985], [9.2049336, -1.0500797], [9.2036676, -1.0479343], [9.2020583, -1.046647], [9.1990971, -1.0460248], [9.1948056, -1.0462394], [9.189806, -1.047591], [9.1865444, -1.047827], [9.1839051, -1.0474837], [9.1782617, -1.0457245], [9.1733479, -1.0453169], [9.1666745, -1.0462823], [9.1648721, -1.0471405], [9.1615462, -1.0484921], [9.1574478, -1.0496077], [9.1485643, -1.0500153], [9.1434145, -1.0496506], [9.1335225, -1.0481702], [9.1281366, -1.0477412], [9.1243601, -1.0469259], [9.1140174, -1.0427423], [9.1062069, -1.0385802], [9.0978384, -1.034032], [9.0865139, -1.0301396], [9.0834081, -1.0289903], [9.0826678, -1.0287328], [9.078623, -1.0272417], [9.0757477, -1.0256219], [9.0708661, -1.0223931], [9.0684521, -1.0202262], [9.06739, -1.0187458], [9.0669822, -1.0171904], [9.0669286, -1.0131785], [9.0668535, -1.0112798], [9.0666604, -1.0095205], [9.0656733, -1.0064847], [9.0639782, -1.0032773], [9.0632379, -1.0027516], [9.061811, -1.002226], [9.0597027, -1.0020651], [9.0571117, -1.0017326], [9.0550411, -1.0009817], [9.0537214, -1.0001235], [9.052434, -0.9988362], [9.0507173, -0.9954571], [9.0488505, -0.9913379], [9.0473914, -0.9883235], [9.0459752, -0.9843223], [9.0457606, -0.9826703], [9.045825, -0.9790445], [9.0457177, -0.9753757], [9.0454388, -0.9739705], [9.0449774, -0.9728763], [9.0432823, -0.9715675], [9.0408897, -0.9707415], [9.0376282, -0.970055], [9.0364694, -0.9696366], [9.0354609, -0.9689286], [9.0327437, -0.9662077], [9.027586, -0.9601108], [9.0247804, -0.9555517], [9.0239757, -0.9542966], [9.0213203, -0.9516254], [9.0194964, -0.948772], [9.0176296, -0.9449745], [9.0152478, -0.940351], [9.0130162, -0.937122], [9.0122545, -0.9357489], [9.0114069, -0.9335391], [9.010613, -0.9304603], [9.0097332, -0.9238093], [9.0098611, -0.9209461], [9.0099799, -0.9185582], [9.0097482, -0.9157311], [9.0093684, -0.9125991], [9.0095401, -0.9089732], [9.010216, -0.9050362], [9.0105379, -0.9037918], [9.0110958, -0.9018823], [9.0124133, -0.8971544], [9.0126514, -0.8961646], [9.0133971, -0.894416], [9.0140623, -0.893354], [9.0187669, -0.8882691], [9.0195608, -0.8872178], [9.0205908, -0.8855872], [9.0210199, -0.8832272], [9.0205264, -0.8794189], [9.0198076, -0.8743984], [9.0199515, -0.8710402], [9.0206498, -0.8669749], [9.0209601, -0.8653688], [9.0223288, -0.8597123], [9.0233159, -0.8538979], [9.0232623, -0.8512964], [9.0233481, -0.8500038], [9.0235305, -0.8492206], [9.0238845, -0.8481908], [9.0240669, -0.8472682], [9.0240455, -0.846174], [9.0238428, -0.8425222], [9.0221993, -0.8245164]]}}, {"type": "Feature", "properties": {"name": "Ogoou\u00e9", "osm_id": 79262218}, "geometry": {"type": "LineString", "coordinates": [[11.2486262, -0.0876523], [11.2463093, -0.0866675], [11.2436437, -0.0853727], [11.241095, -0.0841784], [11.2381782, -0.084219], [11.2357092, -0.0846719], [11.2332094, -0.0858843], [11.2295616, -0.0882017], [11.2265122, -0.0894423], [11.2235916, -0.0897958], [11.221144, -0.0895877], [11.2170625, -0.0882553], [11.2147236, -0.0879764], [11.2108988, -0.0879984], [11.2090295, -0.0878478], [11.2076041, -0.0873318], [11.2026, -0.084908], [11.1962168, -0.0814675], [11.1940598, -0.0803804], [11.1914098, -0.0787818], [11.1906266, -0.0778699], [11.1890216, -0.074972], [11.1867178, -0.0712096], [11.1855411, -0.068922], [11.1847257, -0.0660896], [11.1843687, -0.0645834], [11.1834002, -0.0618019], [11.1824083, -0.0605106], [11.1812435, -0.0598576], [11.1802512, -0.0599523], [11.1789477, -0.061096], [11.1768508, -0.0634718], [11.1738377, -0.0676041], [11.1710143, -0.0705957], [11.1695123, -0.0713253], [11.168139, -0.0713682], [11.1661863, -0.0706815], [11.1618948, -0.0693082], [11.1579465, -0.0670337], [11.1548352, -0.0661111], [11.1498891, -0.066524], [11.145532, -0.0667256], [11.14004, -0.0665497], [11.137385, -0.0670218], [11.1344732, -0.0679713], [11.1321544, -0.0692224], [11.1295379, -0.070632], [11.1283994, -0.0713682], [11.1271333, -0.0723981], [11.124182, -0.0765037], [11.1211297, -0.0803887], [11.1181614, -0.08438], [11.1152361, -0.0883672], [11.1100101, -0.0952935], [11.1079287, -0.0984692], [11.1046886, -0.1036834], [11.1020708, -0.1084041], [11.0999679, -0.1127814], [11.0984123, -0.1147985], [11.0964918, -0.1164721], [11.0932517, -0.1187467], [11.0905051, -0.1203131], [11.0875225, -0.1212143], [11.0850119, -0.1212572], [11.0767936, -0.1199483], [11.0680175, -0.1186394], [11.0643911, -0.1176738], [11.0588121, -0.1167725], [11.0561299, -0.116558], [11.0540271, -0.1161288], [11.0513449, -0.115013], [11.0492849, -0.114026], [11.0457764, -0.1134087], [11.0409808, -0.113232], [11.0379767, -0.1133792], [11.0307351, -0.1139157], [11.0287647, -0.1138019], [11.0261643, -0.1132642], [11.0225272, -0.1126312], [11.0191154, -0.1121806], [11.0172701, -0.1116549], [11.0138583, -0.1105284], [11.0104894, -0.1099276], [11.0086012, -0.1095628], [11.0060692, -0.108683], [11.0054898, -0.1078462], [11.0046744, -0.1060008], [11.0038161, -0.1032757], [11.0030007, -0.1019239], [11.0015416, -0.1011943], [10.9969926, -0.0998639], [10.9955334, -0.0995421], [10.9940958, -0.0994992], [10.9911005, -0.1000217], [10.9895682, -0.1002716], [10.9874631, -0.1002118], [10.9843508, -0.0990984], [10.9809894, -0.0967389], [10.9763491, -0.0945991], [10.9727136, -0.0929391], [10.9695519, -0.0921052], [10.9645486, -0.0919675], [10.9619736, -0.0921606], [10.9593987, -0.0928687], [10.9541423, -0.0957752], [10.9528807, -0.0973376], [10.9498715, -0.101087], [10.9470606, -0.105164], [10.9453439, -0.1077818], [10.9434557, -0.1082968], [10.9418084, -0.1088761], [10.9412026, -0.1094126], [10.9403533, -0.1102464], [10.9389381, -0.111334], [10.9376096, -0.1122183], [10.9357558, -0.1137772], [10.9352698, -0.1141859], [10.9319042, -0.1169352], [10.9302163, -0.1177381], [10.9288215, -0.1184355], [10.9270084, -0.1187145], [10.9252489, -0.1191222], [10.9240258, -0.1197123], [10.923543, -0.1201951], [10.922867, -0.1204633], [10.9222341, -0.1204311], [10.9208393, -0.1201199], [10.9182966, -0.1201736], [10.9155285, -0.1205491], [10.9128494, -0.1205757], [10.9101856, -0.1204204], [10.9074886, -0.1202446], [10.9065914, -0.1202916], [10.9055373, -0.1207791], [10.9045637, -0.1214825], [10.903305, -0.1226342], [10.9013343, -0.1252591], [10.9000254, -0.126686], [10.8991992, -0.1273512], [10.8980365, -0.1276904], [10.8956909, -0.1273512], [10.8941245, -0.1267933], [10.8915895, -0.1250868], [10.8905301, -0.123882], [10.8891587, -0.1218178], [10.8878474, -0.1173857], [10.8861119, -0.1133182], [10.8838981, -0.1094496], [10.881912, -0.1081098], [10.8786207, -0.1070347], [10.8768835, -0.1065549], [10.872719, -0.1054049], [10.8684826, -0.1046061], [10.8658433, -0.1045202], [10.8599424, -0.1050781], [10.8564019, -0.1053785], [10.8523464, -0.1061081], [10.849241, -0.1074759], [10.8461964, -0.1088169], [10.8428621, -0.1099705], [10.841167, -0.1113009], [10.8379698, -0.1158928], [10.837326, -0.1177381], [10.836854, -0.120356], [10.8365321, -0.1283382], [10.8355987, -0.1324795], [10.8344722, -0.1348399], [10.8329379, -0.1370607], [10.8314252, -0.1380156], [10.8295154, -0.1387988], [10.8241081, -0.1400219], [10.8193231, -0.1405691], [10.8161902, -0.1412235], [10.8140552, -0.1421355], [10.8119202, -0.1436053], [10.8096242, -0.1457832], [10.8069205, -0.1480148], [10.8052683, -0.1485727], [10.803895, -0.148165], [10.8021998, -0.1468347], [10.8015775, -0.14441], [10.8008158, -0.1397322], [10.7992902, -0.1359808], [10.7984369, -0.134819], [10.796429, -0.1321832], [10.7945868, -0.1303466], [10.7925845, -0.1294391], [10.7902921, -0.1289861], [10.7888202, -0.1296608], [10.7877816, -0.1310031], [10.787394, -0.1329516], [10.7871794, -0.1356553], [10.7862139, -0.1403759], [10.7847118, -0.1456116], [10.7840252, -0.1489375], [10.7826681, -0.158066], [10.7798409, -0.1676485], [10.7775715, -0.1734082], [10.7741975, -0.179815], [10.7716165, -0.1827963], [10.7702772, -0.1852355], [10.7674024, -0.1945877], [10.7655958, -0.1969944], [10.7630016, -0.1994805], [10.7608563, -0.2000042], [10.7585577, -0.1999985], [10.7554221, -0.1982685], [10.7533729, -0.195125], [10.752815, -0.1929041], [10.7518816, -0.1917239], [10.7506263, -0.1911446], [10.7473111, -0.1906403], [10.745573, -0.1905652], [10.7413271, -0.1902568], [10.7381058, -0.1893636], [10.7363462, -0.188398], [10.7353592, -0.1873251], [10.7342219, -0.1842567], [10.7325053, -0.1799866], [10.7303595, -0.1773259], [10.7279992, -0.1759741], [10.7265723, -0.1754484], [10.7250809, -0.1753733], [10.7214546, -0.1755878], [10.7166481, -0.1761672], [10.7059836, -0.1786455], [10.7016277, -0.1786992], [10.6985271, -0.179418], [10.6962311, -0.1801905], [10.6941497, -0.1805874], [10.6914675, -0.1808342], [10.6879592, -0.1807592], [10.6861139, -0.1802334], [10.6836677, -0.1786348], [10.6769085, -0.176017], [10.6712007, -0.1741931], [10.6593668, -0.1725623], [10.6570065, -0.1727447], [10.6543858, -0.1737089], [10.645988, -0.1805016], [10.6447005, -0.1815745], [10.6435118, -0.182998], [10.6386551, -0.188483], [10.6333812, -0.1925882], [10.6283005, -0.1951676], [10.6225347, -0.19947], [10.6200027, -0.2038045], [10.6195279, -0.2050675], [10.6136727, -0.2201766], [10.6116342, -0.2331584], [10.6111407, -0.23436], [10.6104897, -0.2356188], [10.6059694, -0.2407973], [10.6010341, -0.2456466], [10.5851554, -0.2591219], [10.5735683, -0.2662887], [10.5630111, -0.2719964], [10.5487632, -0.2783049], [10.5415964, -0.2814377], [10.5351162, -0.2846133], [10.525031, -0.2880465], [10.5055904, -0.2939687], [10.4990672, -0.2975736], [10.4920721, -0.3027234], [10.4797876, -0.3148836]]}}, {"type": "Feature", "properties": {"name": "Ogoou\u00e9", "osm_id": 79262220}, "geometry": {"type": "LineString", "coordinates": [[10.4797876, -0.3148836], [10.4685973, -0.3227216], [10.4624175, -0.3307895], [10.4588985, -0.3373984], [10.4562377, -0.345638], [10.4556369, -0.3545642], [10.4577827, -0.3702709], [10.4578256, -0.4009977], [10.4559803, -0.4137861], [10.4525041, -0.4229697], [10.4481697, -0.429128], [10.4453373, -0.4325182], [10.4394579, -0.4382901], [10.429759, -0.4461863], [10.4197597, -0.4532242], [10.411992, -0.4573868], [10.3959846, -0.4623648], [10.3656005, -0.4729216], [10.3504085, -0.477728], [10.3404521, -0.4823627], [10.3169345, -0.4966959], [10.3074473, -0.5059667], [10.2995109, -0.516286], [10.2961635, -0.5236242], [10.2957794, -0.5260201], [10.2958202, -0.5321425], [10.2994256, -0.5548239], [10.3001975, -0.5614095], [10.3000688, -0.5650357], [10.2995324, -0.5683186], [10.2978801, -0.5738543], [10.2914428, -0.5845397], [10.2870625, -0.5946247], [10.2864646, -0.5963623], [10.2862338, -0.5983203], [10.286293, -0.6047088], [10.2860355, -0.6119611], [10.2810466, -0.6262404], [10.2738475, -0.641056], [10.2671008, -0.6514172]]}}, {"type": "Feature", "properties": {"name": "Komo", "osm_id": 79293083}, "geometry": {"type": "LineString", "coordinates": [[10.1691463, 0.2291614], [10.1690376, 0.2246183], [10.1687808, 0.2201077], [10.1671458, 0.218064], [10.1651702, 0.2170081], [10.1626156, 0.21585], [10.1588347, 0.2156797], [10.1564845, 0.2151687], [10.1508302, 0.2130569], [10.1473975, 0.2114434], [10.1439837, 0.2106726], [10.1388083, 0.2106964], [10.1365399, 0.2104564], [10.1351086, 0.2094563], [10.1340266, 0.2064166], [10.1334007, 0.1972159], [10.1276994, 0.1915952], [10.1222705, 0.1838491], [10.1209543, 0.1826308], [10.1201785, 0.1822719], [10.119127, 0.1820466], [10.1167989, 0.1818535], [10.1134328, 0.1824019], [10.1116919, 0.1830551], [10.1093745, 0.1827815], [10.1033558, 0.1806547], [10.1000752, 0.1789952]]}}, {"type": "Feature", "properties": {"name": "Komo", "osm_id": 79293394}, "geometry": {"type": "LineString", "coordinates": [[10.1000752, 0.1789952], [10.0976801, 0.1772616], [10.0960687, 0.1754276], [10.0955128, 0.1735709], [10.0947404, 0.1703737], [10.094161, 0.1689575], [10.0930696, 0.1675663], [10.0919119, 0.1666566], [10.0894188, 0.1647947], [10.0859213, 0.1635716], [10.0831133, 0.1635262]]}}, {"type": "Feature", "properties": {"name": "Ngouni\u00e9", "osm_id": 79385216}, "geometry": {"type": "LineString", "coordinates": [[10.757627, -1.3766095], [10.7553385, -1.3748734], [10.7522486, -1.3723636], [10.7472489, -1.3682663], [10.7430862, -1.366443], [10.7393262, -1.3649711], [10.7354258, -1.3638902], [10.7318208, -1.3634183], [10.7262983, -1.3625427], [10.724418, -1.362024], [10.7231865, -1.361], [10.7120189, -1.345444], [10.7088826, -1.3426316], [10.7060931, -1.3410334], [10.69537, -1.336008], [10.6927081, -1.3344341], [10.69044, -1.3323893], [10.6874513, -1.3290192], [10.6757335, -1.3141173], [10.6750417, -1.312687], [10.6735613, -1.309938], [10.6713102, -1.3053696], [10.669422, -1.3013795], [10.6680916, -1.2989554], [10.6660936, -1.2957035], [10.6621478, -1.2910395], [10.6565473, -1.2840247], [10.6493376, -1.2758942], [10.6443572, -1.2701687], [10.6420419, -1.2679998], [10.6398011, -1.2664141], [10.6381751, -1.2657222], [10.6362918, -1.265617], [10.6344407, -1.2658458], [10.6318899, -1.2669017], [10.6299162, -1.2684739], [10.6276928, -1.2718002], [10.6262015, -1.2742352], [10.6244666, -1.2764797], [10.6229212, -1.2773602], [10.6213782, -1.2778035], [10.6194747, -1.2776798], [10.6180394, -1.2769476], [10.6169987, -1.2758214], [10.6157563, -1.2733843], [10.6138909, -1.2690722], [10.6125591, -1.2652538], [10.6116579, -1.2616927], [10.6108041, -1.258343], [10.6097245, -1.2565034], [10.6075251, -1.2545835], [10.6061947, -1.2538004], [10.6045688, -1.2530201], [10.6035447, -1.2523846], [10.6025813, -1.2515994], [10.6015921, -1.2504538], [10.6009698, -1.2495314], [10.6009054, -1.2493008], [10.6008786, -1.2481209], [10.6005728, -1.2469249], [10.6002188, -1.2444364], [10.6000578, -1.2426558], [10.5999184, -1.2417012], [10.5997038, -1.2409289], [10.5994785, -1.240178], [10.599221, -1.239631], [10.5984807, -1.2384618], [10.5978477, -1.2377539], [10.5970645, -1.2370674], [10.5930197, -1.2344395], [10.592258, -1.2336243], [10.5913889, -1.2314897], [10.5911422, -1.2300738], [10.5912495, -1.2289797], [10.5923545, -1.2231446], [10.5927944, -1.220109], [10.5934167, -1.2175776], [10.5939982, -1.2153336], [10.5942321, -1.213759], [10.5939553, -1.2113648], [10.5932687, -1.2100132], [10.592232, -1.2089628], [10.5912387, -1.2075591], [10.5909276, -1.2063685], [10.5909061, -1.2053924], [10.5907667, -1.2027965], [10.5909619, -1.2016359], [10.59096, -1.2000383], [10.5910027, -1.1975835], [10.591346, -1.1962105], [10.5918932, -1.1953845], [10.5928695, -1.194623], [10.593127, -1.1941832], [10.5931377, -1.1936576], [10.5924296, -1.1907507], [10.5916504, -1.1875158], [10.5917966, -1.1861705], [10.5919683, -1.1856985], [10.5921614, -1.1854839], [10.593009, -1.184894], [10.5942106, -1.1846473], [10.5945754, -1.1845293], [10.5948329, -1.184111], [10.5949938, -1.1835639], [10.5949938, -1.1799813], [10.5951333, -1.1793591], [10.5956436, -1.1784094], [10.5959095, -1.1778071], [10.5965871, -1.1768813], [10.5979411, -1.175077], [10.5980837, -1.1746823], [10.5981646, -1.1730237], [10.598073, -1.1718505], [10.5978177, -1.1707756], [10.5973542, -1.1700592], [10.5969465, -1.1697106], [10.596182, -1.1691618], [10.5956705, -1.1685889], [10.5956239, -1.1681802], [10.5958468, -1.167946], [10.5960935, -1.1675867], [10.5964924, -1.1674292], [10.5975186, -1.1672402], [10.5982286, -1.1671683], [10.599044, -1.1670396], [10.5998047, -1.1668305], [10.6012885, -1.1674515], [10.602665, -1.1679666], [10.6033662, -1.1684089], [10.6039259, -1.1693601], [10.6046712, -1.1713249], [10.6055081, -1.1724941], [10.6063664, -1.172891], [10.6071603, -1.1729446], [10.6089735, -1.1722688], [10.6101087, -1.1711953], [10.6110281, -1.1697213], [10.6112856, -1.1695336], [10.6125569, -1.1692654], [10.6135194, -1.1688088], [10.6138873, -1.168182], [10.6141064, -1.1670125], [10.6144688, -1.166485], [10.6160116, -1.1656076], [10.6179428, -1.164964], [10.6188226, -1.1645564], [10.6196659, -1.16387], [10.619992, -1.1628723], [10.6208396, -1.1621], [10.6221378, -1.1619284], [10.6239623, -1.1618828], [10.6245196, -1.1614671], [10.6250453, -1.1607592], [10.6251848, -1.1599011], [10.6246697, -1.1587426], [10.6245196, -1.1573374], [10.6249273, -1.1563613], [10.6255388, -1.155664], [10.6269534, -1.1552154], [10.6285858, -1.1550526], [10.6310534, -1.1543232], [10.631783, -1.1538619], [10.633285, -1.152328], [10.6354737, -1.1497751], [10.6372547, -1.1480803], [10.6385207, -1.1464391], [10.6396902, -1.1456882], [10.6407523, -1.1455702], [10.6413424, -1.1457526], [10.641793, -1.1462675], [10.6422865, -1.1478121], [10.6428344, -1.1494632], [10.6430483, -1.1509336], [10.6431019, -1.1523495], [10.6433916, -1.1533792], [10.6437135, -1.153996], [10.6439763, -1.1550151], [10.6440568, -1.1562165], [10.6444255, -1.1593186], [10.644834, -1.1617719], [10.6454086, -1.1633121], [10.6469321, -1.1643097], [10.6485951, -1.1644277], [10.6501722, -1.1639128], [10.6519411, -1.1625086], [10.6526291, -1.1620035], [10.6542921, -1.1608879], [10.6556332, -1.1599761], [10.6568348, -1.1588498], [10.658276, -1.1576832], [10.6605507, -1.1563085], [10.6620598, -1.1564256], [10.6641004, -1.1568096], [10.6652806, -1.1569168], [10.6663513, -1.1565972], [10.6669307, -1.1557069], [10.6673491, -1.1541516], [10.667789, -1.1527142], [10.6681635, -1.1518177], [10.6689296, -1.1497092], [10.6729652, -1.1451991], [10.6750575, -1.1427934], [10.6751362, -1.1427201], [10.6759562, -1.1413194], [10.6767636, -1.1397242], [10.6775751, -1.1380112], [10.6778473, -1.1370908], [10.6780297, -1.1361736], [10.6782174, -1.1351921], [10.6786251, -1.1337279], [10.6789845, -1.1323281], [10.6795317, -1.1315504], [10.6798053, -1.131293], [10.6801593, -1.1311535], [10.6805456, -1.1310355], [10.6814107, -1.1307773], [10.6821656, -1.1307298], [10.6826484, -1.1308746], [10.6831419, -1.1312286], [10.683732, -1.1315504], [10.6844026, -1.1316201], [10.6848478, -1.1314377], [10.6851375, -1.1310892], [10.6857169, -1.129936], [10.6860012, -1.1294265], [10.6866074, -1.1284772], [10.6875339, -1.1273514], [10.6902498, -1.1243313], [10.6911635, -1.1233501], [10.6948364, -1.1201157], [10.6963491, -1.1187695], [10.6978104, -1.1177214], [10.7013509, -1.1146534], [10.7021642, -1.1136474], [10.7025933, -1.1122208], [10.7028079, -1.1108692], [10.7028723, -1.1086916], [10.7019335, -1.1073205], [10.7016599, -1.1054843], [10.7014882, -1.1036929], [10.7011557, -1.1028884], [10.6996751, -1.1006679], [10.6987417, -1.0992627], [10.698339, -1.097489], [10.698005, -1.09531], [10.6986022, -1.0930251], [10.6989058, -1.0921796], [10.7002169, -1.0907456], [10.702014, -1.088922], [10.7031405, -1.0876777], [10.7036662, -1.0864548], [10.7037628, -1.0854572], [10.7034892, -1.0842129], [10.701934, -1.0815431], [10.7016419, -1.0795418], [10.7013273, -1.0774013], [10.700748, -1.0760926], [10.6990206, -1.0751165], [10.6977353, -1.0726177], [10.6985593, -1.0713728], [10.6988704, -1.0702893], [10.698173, -1.0657518], [10.6982588, -1.0645934], [10.6988177, -1.0608651], [10.6989455, -1.0583827], [10.6988096, -1.0572637], [10.6981945, -1.0563657], [10.6968244, -1.0550882], [10.6951277, -1.053938], [10.6943321, -1.0531154], [10.6939244, -1.0519462], [10.6936938, -1.0496291], [10.6935032, -1.0475833], [10.6933987, -1.0465612], [10.6934094, -1.0446518], [10.6938118, -1.0433592], [10.6954743, -1.0416046], [10.6960553, -1.0405353], [10.695979, -1.0398568], [10.6955767, -1.0390201], [10.6948498, -1.0384328], [10.6933558, -1.0375505], [10.6919718, -1.0364241], [10.6907701, -1.035877], [10.6891394, -1.0359414], [10.688163, -1.0365743], [10.6878519, -1.0373896], [10.6877982, -1.0386738], [10.6876427, -1.0407579], [10.6874013, -1.0415302], [10.6868917, -1.0419003], [10.6798053, -1.0433538], [10.6787002, -1.0433216], [10.6778741, -1.0428604], [10.6763971, -1.0404187], [10.6763226, -1.0403165], [10.6748834, -1.0383277], [10.6730379, -1.0369198], [10.6711276, -1.0360427], [10.6668147, -1.0347179], [10.6648688, -1.0337923], [10.663208, -1.0321338], [10.6628351, -1.0314185], [10.6626483, -1.0299555], [10.6626521, -1.0284088], [10.6630559, -1.0269486], [10.6636391, -1.0258558], [10.6647903, -1.0248925], [10.6658632, -1.0243883], [10.6671774, -1.0243776], [10.6686044, -1.0245117], [10.6698918, -1.0241255], [10.6707309, -1.0233992], [10.6710294, -1.0222938], [10.6709969, -1.021256], [10.6706321, -1.0199151], [10.6684756, -1.0161284], [10.6673706, -1.0147071], [10.6662118, -1.0136558], [10.6631363, -1.0117308], [10.6622122, -1.0110523], [10.6614182, -1.0100868], [10.6606543, -1.008362], [10.6595063, -1.006946], [10.6578487, -1.0054656], [10.6563535, -1.004197], [10.6559746, -1.0033959], [10.6559014, -1.0019364], [10.6556225, -1.0001664], [10.6543587, -0.9975789], [10.651891, -0.9951975], [10.6476295, -0.9919708], [10.643029, -0.9887612], [10.638366, -0.9853067], [10.6351111, -0.9818314], [10.6323216, -0.9781412], [10.6295299, -0.9737023], [10.6285, -0.9712028], [10.6280493, -0.9685505], [10.6277208, -0.9666542], [10.6268123, -0.96466], [10.6251633, -0.9632646], [10.6233537, -0.9625121], [10.6207559, -0.9615353], [10.6188097, -0.9603777], [10.6169504, -0.958255], [10.615413, -0.9552706], [10.6139511, -0.9512282], [10.6136781, -0.949657], [10.6133861, -0.9478564], [10.6130505, -0.9459078], [10.612366, -0.9436207], [10.6117674, -0.9424289], [10.6107822, -0.9413683], [10.6074937, -0.9394569], [10.6058192, -0.9386668], [10.6043259, -0.9380634], [10.6024074, -0.9379588], [10.5965173, -0.9376262], [10.5932557, -0.9370791], [10.5906486, -0.9359635], [10.587548, -0.9331529], [10.5847467, -0.9287306], [10.5836127, -0.9269288], [10.5828474, -0.924715], [10.5826365, -0.9232151], [10.5825085, -0.9211269], [10.5828944, -0.9179616], [10.5840522, -0.9121526], [10.5860338, -0.907781], [10.5891477, -0.9008757], [10.5898812, -0.8966595], [10.5891059, -0.8905626], [10.5884519, -0.8872654], [10.5882117, -0.8837146], [10.5896705, -0.8766239], [10.5918541, -0.8690531], [10.5917666, -0.8657605], [10.5912604, -0.863473], [10.59054, -0.8614149], [10.5889856, -0.8597556], [10.5861596, -0.8580591]]}}, {"type": "Feature", "properties": {"name": "Ngouni\u00e9", "osm_id": 79385217}, "geometry": {"type": "LineString", "coordinates": [[11.1569612, -2.0037607], [11.1565599, -2.0032233], [11.1559725, -2.0024192], [11.1555219, -2.0014434], [11.1550069, -1.9990952], [11.1545777, -1.9972939], [11.1541808, -1.9957821], [11.1533224, -1.9936805], [11.1528504, -1.9926833], [11.1523569, -1.9920721], [11.1511874, -1.9909141], [11.1468422, -1.988062], [11.1424541, -1.9857566], [11.1415422, -1.9850811], [11.140362, -1.9838588], [11.1390424, -1.9821539], [11.1369395, -1.9788729], [11.135931, -1.9773717], [11.1350512, -1.9765783], [11.1333239, -1.9759242], [11.1301911, -1.9756132], [11.1292469, -1.9755811], [11.1278629, -1.9753666], [11.1263931, -1.9744981], [11.1256421, -1.9732543], [11.1250305, -1.970756], [11.1241722, -1.9687294], [11.1236894, -1.9681182], [11.1227023, -1.9673784], [11.1222625, -1.9669495], [11.1215436, -1.9659201], [11.1206531, -1.9639257], [11.1189043, -1.9613737], [11.1165976, -1.958811], [11.1154818, -1.9577173], [11.1146235, -1.9575029], [11.1133146, -1.9577602], [11.1119628, -1.9582106], [11.1079717, -1.9590684], [11.1061267, -1.9595807], [11.1054718, -1.9598833], [11.1046457, -1.9604945], [11.1025643, -1.9619528], [11.1005915, -1.9631114], [11.0990113, -1.9636688], [11.0982406, -1.963722], [11.0977363, -1.9635826], [11.0971359, -1.9631326], [11.0958481, -1.961556], [11.0942602, -1.9596903], [11.093346, -1.9581944], [11.0928225, -1.9573099], [11.0921811, -1.9567314], [11.089282, -1.9549509], [11.0882091, -1.953557], [11.0876485, -1.9524414], [11.0867286, -1.9505546], [11.0863638, -1.9489891], [11.0861492, -1.9463514], [11.0858488, -1.9436493], [11.0858268, -1.9416956], [11.0860419, -1.939639], [11.0865027, -1.9378134], [11.086868, -1.9368296], [11.0869394, -1.936399], [11.086911, -1.9359075], [11.0866213, -1.9352427], [11.0860848, -1.9347494], [11.0852909, -1.9342133], [11.083703, -1.9337415], [11.082169, -1.9329131], [11.0807311, -1.9322403], [11.0798085, -1.931597], [11.0791523, -1.9310478], [11.0770305, -1.929188], [11.0751282, -1.9277726], [11.0741007, -1.926509], [11.0726899, -1.924788], [11.0718691, -1.9242626], [11.0707748, -1.923705], [11.0700545, -1.9231017], [11.0687041, -1.9217642], [11.0676634, -1.9207241], [11.0673049, -1.9201308], [11.0671954, -1.9196944], [11.0672797, -1.9171916], [11.067208, -1.9167484], [11.0654255, -1.9136872], [11.0643589, -1.9109448], [11.0635143, -1.9099514], [11.0626745, -1.9089826], [11.0622458, -1.9084365], [11.0611846, -1.9063701], [11.0608898, -1.9052315], [11.0610877, -1.9041308], [11.0618247, -1.9028385], [11.0627679, -1.9015796], [11.0631325, -1.9008621], [11.0631748, -1.9002015], [11.0630071, -1.8987207], [11.061083, -1.895872], [11.0603142, -1.8941635], [11.0603374, -1.8926084], [11.0611126, -1.8896627], [11.0616553, -1.8864215], [11.0617626, -1.8839123], [11.0610197, -1.8814167], [11.0569764, -1.8735859], [11.0559475, -1.8718595], [11.0544563, -1.8703261], [11.0515058, -1.8682458], [11.0481584, -1.8659189], [11.0439488, -1.8625764], [11.0431051, -1.8614902], [11.042649, -1.8602322], [11.0400113, -1.8316601]]}}, {"type": "Feature", "properties": {"name": "Ngouni\u00e9", "osm_id": 79385219}, "geometry": {"type": "LineString", "coordinates": [[11.4291028, -2.2433706], [11.4280558, -2.2417975], [11.4275909, -2.2404456], [11.4268113, -2.2374984], [11.426704, -2.2341321], [11.4263177, -2.2324812], [11.4246333, -2.2255985], [11.4241183, -2.2236151], [11.4224124, -2.2216425], [11.4207065, -2.2201523], [11.4198052, -2.2197557], [11.4180028, -2.2193268], [11.4164901, -2.2192089], [11.4142316, -2.2177991], [11.4130783, -2.2162714], [11.4117694, -2.2141326], [11.4112329, -2.2127282], [11.4111042, -2.2115382], [11.4110656, -2.2109322], [11.4111203, -2.2104661], [11.411579, -2.2096861], [11.4121865, -2.2089209], [11.4123246, -2.2086274], [11.4125325, -2.2082052], [11.4135396, -2.2064619], [11.4153635, -2.2032885], [11.4160716, -2.1998149], [11.4160287, -2.1976707], [11.4153957, -2.195966], [11.413722, -2.1937146], [11.4127243, -2.1933179], [11.4107608, -2.1934037], [11.4064758, -2.1944779], [11.4041519, -2.1946259], [11.4034116, -2.1942936], [11.4027357, -2.1929534], [11.4026391, -2.1921065], [11.4028537, -2.1913881], [11.4038622, -2.1902839], [11.4075744, -2.187593], [11.4091623, -2.1857275], [11.4096343, -2.1842373], [11.4098381, -2.1817715], [11.4095163, -2.1787803], [11.4088297, -2.1756925], [11.4068556, -2.1721439], [11.4045703, -2.1692063], [11.4017701, -2.1664188], [11.4004397, -2.1642102], [11.3992327, -2.1614066], [11.398589, -2.1610904], [11.3978863, -2.1611869], [11.397382, -2.161605], [11.3972157, -2.1622215], [11.3973284, -2.1632561], [11.3975966, -2.1638457], [11.3993897, -2.1664538], [11.4001179, -2.1678233], [11.4002466, -2.16941], [11.3998174, -2.1703749], [11.3988733, -2.1708466], [11.3975644, -2.1709753], [11.3965559, -2.1705464], [11.3934874, -2.1676088], [11.3930583, -2.1667726], [11.3930583, -2.1659578], [11.3944959, -2.1606615], [11.3944101, -2.1585601], [11.3937878, -2.1569948], [11.392436, -2.1554295], [11.3904834, -2.1546791], [11.3888319, -2.1550631], [11.3851189, -2.1582171], [11.3835096, -2.1592463], [11.3813209, -2.1596323], [11.3800549, -2.1591605], [11.3793039, -2.1576274], [11.3793576, -2.1563623], [11.3799476, -2.1549364], [11.3801837, -2.1536498], [11.3799262, -2.1525134], [11.3778877, -2.1484178], [11.3761175, -2.1452979], [11.3750338, -2.1441508], [11.3733923, -2.1429714], [11.3660431, -2.1373105], [11.3650346, -2.1358095], [11.3644981, -2.1340512], [11.3627386, -2.125517], [11.362288, -2.1245521], [11.3613438, -2.12363], [11.3609361, -2.1229009], [11.360228, -2.1190198], [11.3598633, -2.1145167], [11.359992, -2.1093489], [11.3594126, -2.1067543], [11.3583827, -2.1045671], [11.3570094, -2.1028517], [11.3528895, -2.1000426], [11.3462741, -2.0962102]]}}, {"type": "Feature", "properties": {"name": "Ngouni\u00e9", "osm_id": 79385223}, "geometry": {"type": "LineString", "coordinates": [[10.9900335, -1.7783968], [10.9895671, -1.7781079], [10.9881091, -1.7769896], [10.9861994, -1.7752953], [10.983839, -1.7721425], [10.9823799, -1.7689683], [10.9810298, -1.7642175], [10.9799123, -1.7606252], [10.9787965, -1.7562285], [10.978185, -1.7545813], [10.9765502, -1.7519973], [10.9689555, -1.7432247], [10.9667673, -1.7415539], [10.9633731, -1.7389621], [10.9572176, -1.7351711], [10.9536803, -1.7330692], [10.9506566, -1.7306857], [10.9495659, -1.7290506], [10.9486441, -1.7276687], [10.9479403, -1.7259871], [10.9477258, -1.723778], [10.9482697, -1.7191503], [10.9496108, -1.712124], [10.9509884, -1.7082075], [10.9523177, -1.7037455], [10.9525014, -1.6999282], [10.9522791, -1.6974343], [10.9519529, -1.6949088], [10.9512877, -1.6923565], [10.9503972, -1.6910803], [10.9496355, -1.6906406], [10.9488201, -1.6903832], [10.9479833, -1.6903296], [10.9464061, -1.6905334], [10.9448081, -1.6904876], [10.9435737, -1.6902867], [10.9410739, -1.6894717], [10.9391856, -1.6880668], [10.9385955, -1.6869515], [10.9381986, -1.6864582], [10.9370398, -1.6855252], [10.9363103, -1.6848174], [10.9356773, -1.6839702], [10.9351777, -1.681222], [10.935346, -1.6765376], [10.9352002, -1.6741391], [10.9338261, -1.6717936], [10.9336388, -1.6698571], [10.9335936, -1.6684381], [10.9340036, -1.6669293], [10.9344641, -1.6655266], [10.9348404, -1.6645271], [10.9350872, -1.6634118], [10.9325552, -1.6615136], [10.9293365, -1.6579316], [10.9274483, -1.655272], [10.9250176, -1.6528096], [10.9177067, -1.6451453], [10.9074537, -1.6314208], [10.9029958, -1.624202], [10.8992528, -1.6179938], [10.8975362, -1.6121167], [10.8972037, -1.6089208], [10.8975362, -1.6057677], [10.8992958, -1.5956008], [10.9019994, -1.5870639], [10.9051752, -1.5794279], [10.9064626, -1.5737223], [10.9061622, -1.5680167], [10.9026002, -1.5609812], [10.9020746, -1.5603699], [10.9012592, -1.5597264], [10.900315, -1.5592331], [10.8993709, -1.55904], [10.8980083, -1.5591472], [10.896002, -1.5597693], [10.8933198, -1.5606917], [10.891335, -1.5616247], [10.8887923, -1.5631906], [10.8865499, -1.5652068], [10.8843291, -1.5675663], [10.8827519, -1.5700759], [10.8801126, -1.5756099], [10.8772373, -1.5795566], [10.8745765, -1.5802001], [10.8735895, -1.5801465], [10.8723771, -1.5797282], [10.8715081, -1.5791169], [10.8708537, -1.5782375], [10.8699631, -1.5767467], [10.8694696, -1.5751916], [10.8693517, -1.5737867], [10.8695447, -1.5727356], [10.8699095, -1.5718455], [10.8705425, -1.5703011], [10.8715832, -1.5679202], [10.8718943, -1.5666869], [10.8720016, -1.5652711], [10.8718622, -1.5645955], [10.871669, -1.5639198], [10.8709824, -1.5621824], [10.8697271, -1.5603806], [10.8684933, -1.5582893], [10.867783, -1.5566091], [10.8664441, -1.5548466], [10.8649421, -1.5525086], [10.8613699, -1.5480853], [10.8589524, -1.5444372], [10.8568525, -1.5407326], [10.8559942, -1.5378583], [10.8554792, -1.5354988], [10.8553075, -1.5290638], [10.8552217, -1.5196687], [10.8555436, -1.5148424], [10.8553934, -1.5120324], [10.8544063, -1.508772], [10.8527755, -1.5037955], [10.8508014, -1.4989048], [10.8491277, -1.4959018], [10.8461237, -1.492341], [10.843935, -1.4907537], [10.8423042, -1.4900244], [10.8406734, -1.4895954], [10.8384847, -1.4895954], [10.8363819, -1.4899386], [10.8338499, -1.4910969], [10.832777, -1.4920836], [10.831747, -1.4934565], [10.831232, -1.4943145], [10.8313179, -1.4955157], [10.8316183, -1.4976178], [10.8317899, -1.5006209], [10.8317041, -1.5025085], [10.8311462, -1.5057689], [10.83076, -1.5078282], [10.8299875, -1.5094584], [10.8267259, -1.5133194], [10.8223056, -1.5155502], [10.8174562, -1.5170517], [10.8107185, -1.5168372], [10.8062124, -1.5146064], [10.8045602, -1.5130191], [10.8034658, -1.511346], [10.802768, -1.5095812], [10.8022213, -1.5073134], [10.8018779, -1.5033236], [10.8023071, -1.5007925], [10.8035516, -1.4989477], [10.8069849, -1.4962021], [10.8085084, -1.4944432], [10.8094739, -1.4927057], [10.8099246, -1.4905821], [10.8096456, -1.4885443], [10.8066173, -1.4832079], [10.802427, -1.4785732], [10.7996463, -1.4747946], [10.7983159, -1.4715769], [10.7974576, -1.4661285], [10.7964277, -1.4634686], [10.7952678, -1.4611501], [10.7929945, -1.4581059], [10.7914495, -1.4551028], [10.7890866, -1.4482039], [10.7885527, -1.4459648], [10.7874584, -1.4440342], [10.7837891, -1.4390147], [10.7798624, -1.4344242], [10.7766008, -1.4301963], [10.7732534, -1.4276028], [10.7687257, -1.4243833], [10.7656611, -1.4196096], [10.7642627, -1.4166842], [10.7629323, -1.4129517], [10.7609691, -1.4059335], [10.7596492, -1.4013895], [10.7595395, -1.3975263], [10.7600711, -1.3896493], [10.7599339, -1.383985], [10.7596707, -1.3813754], [10.7587588, -1.3785266], [10.757627, -1.3766095]]}}, {"type": "Feature", "properties": {"name": "Ngouni\u00e9", "osm_id": 79385234}, "geometry": {"type": "LineString", "coordinates": [[10.5861596, -0.8580591], [10.5824196, -0.8573415], [10.57904, -0.8573736], [10.576508, -0.8584464], [10.5689549, -0.8646899], [10.5664444, -0.8654194], [10.5637407, -0.8647542], [10.5616379, -0.86248], [10.5601144, -0.8575667], [10.5586338, -0.8478689], [10.5571532, -0.8406814], [10.555222, -0.8361329], [10.5507159, -0.8320563], [10.5467462, -0.8306188], [10.5421328, -0.8309836], [10.5386996, -0.8323782], [10.5326271, -0.8393083], [10.5303097, -0.841368], [10.5285716, -0.8421833], [10.5269838, -0.8424622], [10.5249881, -0.8424192], [10.5234861, -0.8419044], [10.5221557, -0.8410247], [10.5208898, -0.8382784], [10.5192375, -0.8341804], [10.5179071, -0.8283016], [10.5172563, -0.8260208], [10.5156791, -0.8228561], [10.5129638, -0.8195468], [10.5008054, -0.8095925], [10.4919433, -0.8002164], [10.4902911, -0.7980065], [10.4895615, -0.7961613], [10.486536, -0.7860127], [10.4853129, -0.7837814], [10.483489, -0.7826442], [10.4749274, -0.7813569], [10.4645204, -0.7781814], [10.4626751, -0.7774305], [10.4610228, -0.7757355], [10.4570102, -0.7701999], [10.4533839, -0.7646643], [10.448435, -0.7592942], [10.4366058, -0.7487803], [10.3989887, -0.7167533], [10.3949976, -0.7107027], [10.3934955, -0.7048667], [10.3934097, -0.7010046], [10.394268, -0.6970567], [10.4043102, -0.6672756], [10.4040098, -0.6641], [10.4024219, -0.6608387], [10.3989243, -0.6588004], [10.3877663, -0.6568478], [10.3845096, -0.6554681], [10.3818271, -0.6523519], [10.3805913, -0.6491754], [10.380235, -0.6460508], [10.3806323, -0.6429864], [10.3809737, -0.6418532], [10.3819179, -0.6406898], [10.3889015, -0.6343521], [10.3909255, -0.6323701], [10.3927412, -0.6291329], [10.3935323, -0.6245999], [10.3932592, -0.6213951], [10.3920364, -0.6162524], [10.389289, -0.6119776], [10.3846764, -0.6079917], [10.3789902, -0.6052024], [10.3649139, -0.5996666], [10.3548074, -0.5945599], [10.348649, -0.5925859], [10.3419113, -0.5916419], [10.3325128, -0.592071], [10.3264188, -0.5937231], [10.3165933, -0.596913], [10.3088235, -0.5999884], [10.3016138, -0.6025632], [10.2922102, -0.6068181], [10.2910579, -0.6074746], [10.2860355, -0.6119611]]}}, {"type": "Feature", "properties": {"name": "Ivindo", "osm_id": 79401058}, "geometry": {"type": "LineString", "coordinates": [[13.1919754, 1.2162425], [13.1918395, 1.2159774], [13.1916231, 1.2153776], [13.1914748, 1.2148896], [13.191269, 1.214235], [13.1910009, 1.2136054], [13.1904941, 1.2130107], [13.1902488, 1.2127424], [13.1899805, 1.2125509], [13.1896611, 1.2123925], [13.1893042, 1.2123411], [13.1890607, 1.2124206], [13.188864, 1.2125968], [13.1886783, 1.2128137], [13.1884445, 1.2131223], [13.1879145, 1.2136927], [13.1873907, 1.214207], [13.1869636, 1.2145436], [13.1864492, 1.2148802], [13.1858382, 1.2151857], [13.1851461, 1.2153945], [13.1837875, 1.2155745], [13.1812695, 1.2158975], [13.1748105, 1.2161132], [13.1688931, 1.2165536], [13.1660659, 1.2164065], [13.1645251, 1.2161625], [13.1626287, 1.2157185], [13.1610073, 1.2150278], [13.1594846, 1.2141961], [13.1570595, 1.2124482], [13.1542819, 1.2106721], [13.1518992, 1.2093893], [13.1493472, 1.2079515], [13.1470772, 1.2063163], [13.1446216, 1.2043997], [13.1432426, 1.2030647], [13.1411183, 1.2011018], [13.1381571, 1.1981842], [13.1363976, 1.1965752], [13.1350887, 1.1955669], [13.1340533, 1.1949984], [13.1327283, 1.1944621], [13.1313336, 1.1941296], [13.1287908, 1.1936791], [13.1251752, 1.1929282], [13.1223428, 1.1922202], [13.1204438, 1.191641], [13.1184482, 1.1908151], [13.1169462, 1.190032], [13.1155085, 1.1891525], [13.1143069, 1.1883265], [13.1130785, 1.1874094], [13.112247, 1.1866639], [13.1115121, 1.1860471], [13.1106752, 1.1850764], [13.1101012, 1.1842558], [13.1098545, 1.1833119], [13.1097472, 1.1820622], [13.1096184, 1.1805712], [13.1092107, 1.1786834], [13.1087279, 1.1769778], [13.1081271, 1.1752616], [13.1077301, 1.1733522], [13.1075048, 1.1713142], [13.1073546, 1.1695229], [13.1070435, 1.1676028], [13.1066036, 1.1660153], [13.1057668, 1.1638163], [13.104608, 1.1614993], [13.103106, 1.1592146], [13.1012285, 1.1567367], [13.0994475, 1.1546557], [13.0977684, 1.1528429], [13.0971515, 1.151899], [13.0968189, 1.1510891], [13.0967224, 1.1502471], [13.0969155, 1.1492656], [13.0972803, 1.1485844], [13.097924, 1.1478068], [13.0997479, 1.1463104], [13.1014967, 1.1448194], [13.1030708, 1.1432537], [13.104254, 1.1419446], [13.1053162, 1.1406252], [13.1061637, 1.1392522], [13.1069151, 1.1378367], [13.107301, 1.136592], [13.1076765, 1.1349723], [13.1078052, 1.1336421], [13.1077945, 1.1322584], [13.1074941, 1.1304027], [13.1070542, 1.1286006], [13.1064105, 1.1268736], [13.1055522, 1.1245459], [13.1045973, 1.1222932], [13.103342, 1.1197295], [13.1020407, 1.1174568], [13.1007671, 1.1153959], [13.0993402, 1.113272], [13.0972803, 1.1104616], [13.0951237, 1.1075546], [13.0930424, 1.1044867], [13.0914438, 1.1025237], [13.0902851, 1.1013116], [13.0895769, 1.1007752], [13.0885041, 1.1000136], [13.0869055, 1.0992949], [13.0851406, 1.0988927], [13.0832952, 1.0986406], [13.0819756, 1.0982759], [13.0809832, 1.0977234], [13.0801248, 1.0968331], [13.0797601, 1.0958945], [13.0796742, 1.0949774], [13.0798083, 1.0942587], [13.0803877, 1.0936419], [13.0810153, 1.0935024], [13.0818951, 1.0928803], [13.0823243, 1.0922259], [13.0826461, 1.0914536], [13.083256, 1.0891927], [13.0836653, 1.0871307], [13.0837941, 1.0850496], [13.0835795, 1.0829472], [13.0832577, 1.0812845], [13.0828178, 1.0799758], [13.0823135, 1.0790318], [13.0816376, 1.0782917], [13.0800819, 1.0769723], [13.07814, 1.0752452], [13.0761981, 1.0737434], [13.0743527, 1.0726386], [13.0723035, 1.0716731], [13.0707586, 1.0708472], [13.0698788, 1.0700641], [13.0691171, 1.0692918], [13.0684733, 1.0681118], [13.0676794, 1.06661], [13.0667674, 1.0651619], [13.0656516, 1.0637888], [13.064332, 1.0627161], [13.0632591, 1.0621529], [13.0621916, 1.0617292], [13.0611831, 1.0615683], [13.0602658, 1.0615898], [13.0589247, 1.0619169], [13.0576158, 1.0622602], [13.0562049, 1.0628877], [13.0549335, 1.0633865], [13.0536461, 1.0640355], [13.0522782, 1.0649366], [13.0513018, 1.0658216], [13.0503845, 1.0669318], [13.0496549, 1.0677471], [13.0488127, 1.0683424], [13.0481583, 1.0685033], [13.047654, 1.0685355], [13.0471981, 1.0683639], [13.0468869, 1.0681225], [13.0465972, 1.067798], [13.0462942, 1.0672563], [13.046034, 1.0665349], [13.0455565, 1.0643573], [13.0452239, 1.0630057], [13.045181, 1.0616971], [13.0456102, 1.060442], [13.0464578, 1.0594122], [13.0480349, 1.0578675], [13.0487859, 1.0569557], [13.0493867, 1.0561941], [13.0500519, 1.0551643], [13.0505991, 1.0539843], [13.0509853, 1.0527615], [13.0513716, 1.0511524], [13.0516505, 1.0496399], [13.051672, 1.0485028], [13.0515325, 1.0472263], [13.051039, 1.0457352], [13.0492902, 1.042678], [13.0474126, 1.0398568], [13.0461466, 1.0386232], [13.0444837, 1.0377972], [13.0424881, 1.037293], [13.0394947, 1.0367138], [13.03858, 1.0365286], [13.03339, 1.0346864], [13.0294847, 1.0331738], [13.0278432, 1.0326589], [13.0259979, 1.0322513], [13.0221516, 1.0319724], [13.0202687, 1.0317793], [13.0190992, 1.0317364], [13.0175435, 1.0317793], [13.015269, 1.032069], [13.0104518, 1.0326804], [13.0062997, 1.0333884], [13.0052805, 1.0336351], [13.0044007, 1.0340535], [13.0035531, 1.0346542], [13.0027592, 1.035684], [13.0023086, 1.0365421], [13.0018258, 1.0375612], [13.0008817, 1.0388485], [13.0001199, 1.0396101], [12.9993367, 1.0403288], [12.9978454, 1.0415946], [12.9961932, 1.0425815], [12.9928779, 1.0443622], [12.9906571, 1.0455851], [12.9882516, 1.0466888], [12.9865302, 1.0473556], [12.9848377, 1.0479355], [12.9839976, 1.0480404], [12.9830783, 1.0477791], [12.9824744, 1.0471303], [12.982168, 1.0464274], [12.9820868, 1.0456885], [12.9822401, 1.0450667], [12.9825645, 1.0421831], [12.9832134, 1.0378577], [12.9838804, 1.0346857], [12.9847636, 1.0321084], [12.9857911, 1.0298736], [12.9879452, 1.0259627], [12.9886211, 1.0243316], [12.9887022, 1.0235206], [12.9885851, 1.0226916], [12.9880443, 1.0216643], [12.987089, 1.0207181], [12.9848898, 1.01906], [12.9814379, 1.0164917], [12.980077, 1.015086], [12.9789504, 1.0133197], [12.9784034, 1.0119009], [12.9782564, 1.011193], [12.9779219, 1.009424], [12.9781151, 1.0077505], [12.9786515, 1.0060557], [12.9792056, 1.0047684], [12.9801193, 1.00336], [12.9809689, 1.002108], [12.9821491, 1.000145], [12.9826534, 0.9983964], [12.9827843, 0.9973836], [12.9827341, 0.996172], [12.9821598, 0.9946848], [12.9810691, 0.9928866], [12.9802394, 0.9922175], [12.9786462, 0.9913057], [12.977128, 0.990941], [12.9758567, 0.9907747], [12.9734802, 0.9904851], [12.9718012, 0.9901633], [12.9709787, 0.9899124], [12.9705459, 0.9896698], [12.9698968, 0.9892354], [12.9689097, 0.9883879], [12.9682924, 0.9875176], [12.9681265, 0.9868968], [12.9679602, 0.9861781], [12.9678851, 0.9855881], [12.9679656, 0.9850893], [12.9681104, 0.9845422], [12.9685396, 0.9837698], [12.9691136, 0.9830779], [12.9697895, 0.982504], [12.9706693, 0.9818443], [12.9720962, 0.980734], [12.9728472, 0.9797739], [12.9735124, 0.9780683], [12.9739308, 0.976545], [12.9740381, 0.9752899], [12.9737484, 0.973831], [12.9732543, 0.9725855], [12.9715919, 0.9699477], [12.9706371, 0.9681885], [12.970129, 0.9665642], [12.9700577, 0.9651526], [12.970047, 0.9631895], [12.9702616, 0.9616234], [12.9710126, 0.9600893], [12.9720211, 0.958727], [12.9733837, 0.9574504], [12.9745638, 0.9566137], [12.9761195, 0.9558306], [12.9779327, 0.9549617], [12.9798961, 0.9544575], [12.9825783, 0.9540069], [12.9849064, 0.9536851], [12.9871917, 0.9533633], [12.9888113, 0.9529328], [12.9899812, 0.9523871], [12.9907858, 0.9519151], [12.9923415, 0.9506815], [12.9931462, 0.9494907], [12.9935324, 0.9481176], [12.9937899, 0.9467874], [12.9936182, 0.9457576], [12.9931676, 0.9447921], [12.9921913, 0.9432474], [12.9908344, 0.941821], [12.989198, 0.9397503], [12.9886837, 0.9389577], [12.9883933, 0.937873], [12.9883182, 0.936811], [12.9885006, 0.9359099], [12.9889727, 0.9347728], [12.9896057, 0.9332924], [12.9898631, 0.9322625], [12.9899382, 0.93134], [12.9895842, 0.929688], [12.9889029, 0.9282934], [12.9884167, 0.9274672], [12.9888769, 0.9257468], [12.989202, 0.9243992], [12.9895474, 0.9230515], [12.9896558, 0.9219138], [12.9895271, 0.9208303], [12.9892833, 0.9198145], [12.9886805, 0.9187986], [12.9878474, 0.9182162], [12.9864522, 0.9177151], [12.9843999, 0.9172682], [12.980878, 0.916618], [12.9793337, 0.9163607], [12.9779114, 0.9158189], [12.9769226, 0.9151823], [12.976103, 0.9142478], [12.9753241, 0.9128663], [12.9742269, 0.9107059], [12.9737731, 0.9094531], [12.9736512, 0.9083628], [12.9737934, 0.907435], [12.9742811, 0.9063921], [12.9751819, 0.9050986], [12.9772612, 0.9032498], [12.9782297, 0.9026268], [12.9790357, 0.9023559], [12.9800517, 0.9022137], [12.981027, 0.9023288], [12.9821649, 0.9026335], [12.9834517, 0.9028706], [12.9851043, 0.9027758], [12.9873665, 0.9023694], [12.9888633, 0.901936], [12.9898095, 0.9015069], [12.9907215, 0.9009062], [12.99173, 0.8997798], [12.9926741, 0.8985247], [12.9933715, 0.8975377], [12.9947019, 0.8962397], [12.9971909, 0.8942658], [12.9993367, 0.8925923], [13.0010426, 0.8912192], [13.0023086, 0.8900177], [13.0039716, 0.8882477], [13.0054092, 0.8865956], [13.006922, 0.8847183], [13.008306, 0.882605], [13.0097651, 0.8800089], [13.0100887, 0.8792073], [13.0102597, 0.878635], [13.0103979, 0.8778292], [13.0105097, 0.8769247], [13.0104571, 0.8761354], [13.0100441, 0.874216], [13.0095291, 0.8734651], [13.0080914, 0.8724996], [13.0057096, 0.8714912], [13.0020618, 0.8700323], [12.9996554, 0.8687037], [12.9948539, 0.8655472], [12.9912074, 0.8622551], [12.9888176, 0.8600249], [12.9870298, 0.8587505], [12.9730865, 0.8506051], [12.9703901, 0.8498475], [12.9675224, 0.8494581], [12.9650088, 0.8497944], [12.9625837, 0.8506263], [12.9584769, 0.8536087], [12.9575033, 0.8542902], [12.9561668, 0.8546973], [12.9553348, 0.8545911], [12.9547418, 0.8541397], [12.9543085, 0.8533147], [12.9532456, 0.8501433], [12.9514918, 0.8459222], [12.9500055, 0.8413787], [12.9485786, 0.8376777], [12.9482782, 0.8365191], [12.9483104, 0.8354678], [12.948482, 0.8346847], [12.9506063, 0.8302219], [12.9517114, 0.8289239], [12.9528701, 0.8282266], [12.9540825, 0.8277009], [12.9559171, 0.8272182], [12.9566038, 0.8271967], [12.9571831, 0.827422], [12.9575264, 0.827894], [12.9574406, 0.8284948], [12.9571296, 0.8293439], [12.9559708, 0.8317453], [12.9556489, 0.8331292], [12.9559278, 0.8343521], [12.9569578, 0.8353391], [12.9577393, 0.8358641], [12.9591679, 0.8361544], [12.9608699, 0.8357862], [12.9621318, 0.8349713], [12.9643929, 0.8326357], [12.9736197, 0.8249332], [12.9744351, 0.823914], [12.9750931, 0.8227474], [12.9752903, 0.8217222], [12.9751719, 0.8204998], [12.9739363, 0.8172401], [12.9737654, 0.8160572], [12.9738048, 0.815124], [12.9791944, 0.7956315], [12.9796334, 0.7931852], [12.9796761, 0.7909905], [12.9797029, 0.7883729], [12.9794884, 0.7846611], [12.979145, 0.7804558], [12.9789412, 0.7788788], [12.9785764, 0.7776451], [12.9779863, 0.7767225], [12.9774177, 0.7761861], [12.9769885, 0.7759608], [12.9763931, 0.7759286], [12.9757225, 0.7761861], [12.9749071, 0.7765508], [12.9740596, 0.7769049], [12.9730403, 0.7769907], [12.9719782, 0.776862], [12.9705191, 0.7764114], [12.969296, 0.7758106], [12.9681694, 0.7748773], [12.9671287, 0.7737831], [12.9660666, 0.7723992], [12.964865, 0.7704038], [12.964071, 0.7685157], [12.963717, 0.7671103], [12.9636902, 0.7659034], [12.963894, 0.7651525], [12.9642105, 0.7644444], [12.9646343, 0.7639295], [12.9653317, 0.7632429], [12.9662399, 0.7623366], [12.9669653, 0.7613651], [12.9678368, 0.7597081], [12.969178, 0.7565648], [12.9700684, 0.7535288], [12.9706478, 0.7503963], [12.9714417, 0.7459764], [12.971828, 0.74323], [12.9719245, 0.7405051], [12.9716778, 0.7389603], [12.9709053, 0.7374369], [12.9694891, 0.7358706], [12.9679549, 0.7346691], [12.9669142, 0.7341864], [12.965498, 0.7339933], [12.962687, 0.7339718], [12.9602194, 0.7337143], [12.9575586, 0.7330814], [12.9545116, 0.7321373], [12.9508221, 0.7306216], [12.9493725, 0.7300775], [12.9474091, 0.7291013], [12.9460251, 0.7281894], [12.9447377, 0.7271059], [12.9433751, 0.7255933], [12.9415941, 0.7239304], [12.9400813, 0.7229434], [12.9383647, 0.7222676], [12.936734, 0.7216722], [12.93513, 0.721345], [12.9339713, 0.7212645], [12.9325175, 0.7213128], [12.9305541, 0.7214844], [12.9287302, 0.7214093], [12.927078, 0.7210124], [12.9256618, 0.7202722], [12.9240578, 0.7191457], [12.9230332, 0.7182017], [12.9218638, 0.7167534], [12.9215097, 0.7162492], [12.9211664, 0.7151442], [12.9209518, 0.7140392], [12.9208338, 0.7129128], [12.9207373, 0.7115932], [12.9208875, 0.7100269], [12.9209411, 0.7084499], [12.9208231, 0.7071089], [12.9205978, 0.7056928], [12.9201364, 0.7035579], [12.9195893, 0.7017556], [12.9190636, 0.7004897], [12.9184306, 0.6993847], [12.9177225, 0.6983334], [12.9173148, 0.6973035], [12.9171002, 0.6961878], [12.9173577, 0.6952544], [12.9178297, 0.6942675], [12.9185593, 0.693495], [12.9200506, 0.6923364], [12.9215634, 0.6910276], [12.9227114, 0.6897188], [12.9231191, 0.6890107], [12.9234087, 0.6878521], [12.9233873, 0.6865754], [12.9230225, 0.6853632], [12.9224646, 0.6841509], [12.9215848, 0.6830245], [12.920469, 0.6815654], [12.9196322, 0.6803317], [12.9187953, 0.6793125], [12.9179048, 0.6784328], [12.9168105, 0.6777033], [12.9149544, 0.6765876], [12.9132485, 0.6755148], [12.9115319, 0.6742596], [12.9099011, 0.6728113], [12.9085922, 0.6714274], [12.9076052, 0.6698611], [12.9070043, 0.6683484], [12.9063391, 0.666117], [12.9056096, 0.6628664], [12.9047727, 0.6598947], [12.9040539, 0.6579529], [12.9033458, 0.6563329], [12.9025948, 0.6546432], [12.9023641, 0.6535973], [12.902391, 0.6527497], [12.9027021, 0.6518325], [12.9032063, 0.6511083], [12.9042148, 0.649821], [12.9050732, 0.6482761], [12.9058778, 0.6465381], [12.9065537, 0.644532], [12.9070794, 0.6424936], [12.9074979, 0.6396077], [12.9078841, 0.6363786], [12.9080772, 0.6338896], [12.908163, 0.6318298], [12.9081201, 0.6296198], [12.9079056, 0.6279248], [12.9075408, 0.6261868], [12.9065966, 0.6232044], [12.9056096, 0.619943], [12.9046011, 0.6168962], [12.9034424, 0.6136777], [12.902112, 0.6102018], [12.9005241, 0.6074768], [12.8985929, 0.6045587], [12.8964472, 0.6021556], [12.8945267, 0.6006644], [12.8926706, 0.5995164], [12.8896558, 0.5980574], [12.8864694, 0.596652], [12.8839481, 0.595783], [12.8819203, 0.5954933], [12.8798653, 0.5955274], [12.8769636, 0.5954719], [12.8749466, 0.5954397], [12.8728008, 0.59515], [12.8709984, 0.5947316], [12.8691959, 0.593927], [12.8677046, 0.5928649], [12.866857, 0.5918886], [12.8665566, 0.5907085], [12.8664601, 0.5897537], [12.8663528, 0.5885951], [12.8661382, 0.5872326], [12.865752, 0.5862348], [12.864958, 0.585162], [12.8639173, 0.5839604], [12.8614819, 0.5813213], [12.8589391, 0.5789396], [12.8571474, 0.5772982], [12.8555488, 0.5757211], [12.8545564, 0.5746644], [12.8538859, 0.5737257], [12.8534245, 0.5726957], [12.8532314, 0.5716766], [12.8533173, 0.5703141], [12.8536928, 0.5692198], [12.8541219, 0.5684366], [12.8550661, 0.5673745], [12.855978, 0.566645], [12.857126, 0.5658403], [12.8582901, 0.5651698], [12.8588694, 0.5646871], [12.8593013, 0.5642418], [12.8597465, 0.563743], [12.860173, 0.5631744], [12.8605968, 0.5623644], [12.8609535, 0.5616413], [12.8611439, 0.561195], [12.8613049, 0.5607015], [12.8614604, 0.56009], [12.8615892, 0.5592102], [12.8617287, 0.5580838], [12.8618252, 0.5567964], [12.8618946, 0.5555501], [12.8618574, 0.5540392], [12.861675, 0.5526338], [12.8614926, 0.5516897], [12.8613317, 0.5507671], [12.8607845, 0.5498873], [12.8597331, 0.5491149], [12.8587246, 0.5482781], [12.8578019, 0.5472267], [12.8571582, 0.5462397], [12.8564715, 0.544727], [12.8559254, 0.543274], [12.855345, 0.5424633], [12.8546047, 0.541648], [12.8537249, 0.5409399], [12.852931, 0.5403391], [12.849769, 0.5385485], [12.8468257, 0.5369246], [12.8442025, 0.5350357], [12.8431373, 0.5342446], [12.8419404, 0.5330536], [12.8408418, 0.5320527], [12.8403396, 0.5314071], [12.839957, 0.5304825], [12.8397179, 0.5293109], [12.8394398, 0.5281187], [12.8382112, 0.5253092], [12.8371513, 0.5226955], [12.8367963, 0.5217142], [12.8362576, 0.5204051], [12.8359152, 0.5196448], [12.8353865, 0.5186781], [12.8347571, 0.5180285], [12.83446, 0.5177566], [12.8340773, 0.5175351], [12.8336543, 0.5174495], [12.833176, 0.5174243], [12.8326877, 0.5175865], [12.8317711, 0.5180488], [12.8311653, 0.5185429], [12.8306332, 0.5190557], [12.8300642, 0.5198764], [12.8295632, 0.5204558], [12.8292285, 0.5206949], [12.8287953, 0.5207726], [12.8278974, 0.5207667], [12.8270126, 0.5205276], [12.8258461, 0.5203253], [12.8246362, 0.5201634], [12.8234577, 0.5200493], [12.8220548, 0.5200892], [12.8212099, 0.5203283], [12.8197621, 0.5208985], [12.8178286, 0.5218552], [12.8162979, 0.5225903], [12.8154519, 0.5229125], [12.8147369, 0.5230334], [12.813891, 0.5230132], [12.8132767, 0.5228823], [12.8119676, 0.522409], [12.8110008, 0.5217041], [12.8104469, 0.5208079], [12.8098024, 0.51968], [12.8085335, 0.5174445], [12.8069827, 0.5147457], [12.8064892, 0.5136783], [12.8063382, 0.5131144], [12.8062677, 0.5124497], [12.8063986, 0.5114125], [12.8068215, 0.5100329], [12.8073754, 0.5091065], [12.8082818, 0.5079383], [12.8097521, 0.5066594], [12.8113835, 0.5055517], [12.8125819, 0.5047058], [12.8135386, 0.5039405], [12.8145355, 0.5029939], [12.8152807, 0.5020373], [12.8156634, 0.5013525], [12.8158548, 0.5005972], [12.8163079, 0.4982308], [12.8164691, 0.4962772], [12.8166201, 0.4936388], [12.8166101, 0.4927023], [12.8165093, 0.491373], [12.8162878, 0.4906681], [12.8158548, 0.4899028], [12.8152737, 0.4890727], [12.8149536, 0.4884509], [12.8148165, 0.4875913], [12.8148805, 0.4861648], [12.8152462, 0.4845371], [12.8156669, 0.4826168], [12.8168557, 0.4788858], [12.8176239, 0.4754475], [12.818264, 0.4723019], [12.8186298, 0.4695951], [12.8184103, 0.4684612], [12.8181726, 0.4675285], [12.8175873, 0.4666323], [12.8166728, 0.465407], [12.8157766, 0.4645474], [12.8141855, 0.4630477], [12.8122331, 0.4613651], [12.8112637, 0.4606838], [12.8104864, 0.4602312], [12.8096405, 0.459902], [12.8081682, 0.4596962], [12.806097, 0.4596962], [12.8036096, 0.4595454], [12.8014103, 0.4594996], [12.7995905, 0.4594082], [12.7981868, 0.459271], [12.7971305, 0.4589235], [12.7962984, 0.4583109], [12.7952833, 0.457657], [12.7947758, 0.4570672], [12.7945179, 0.4557776], [12.7939868, 0.455091], [12.7930695, 0.4545814], [12.7910417, 0.4538518], [12.7893305, 0.453235], [12.7877748, 0.4524518], [12.78638, 0.4513682], [12.7850711, 0.4502417], [12.7832901, 0.4485251], [12.7818203, 0.4473772], [12.7803719, 0.4466262], [12.778548, 0.4461541], [12.7764559, 0.4460147], [12.774986, 0.4459074], [12.7736235, 0.4454192], [12.7728617, 0.4444912], [12.7723145, 0.4432145], [12.7719712, 0.4418198], [12.771585, 0.4402964], [12.7712294, 0.4394601], [12.7706891, 0.4386335], [12.770099, 0.4379415], [12.7693963, 0.4373299], [12.7685809, 0.4368096], [12.7671164, 0.4362034], [12.7655125, 0.4355436], [12.7645415, 0.4349267], [12.7640211, 0.4343528], [12.7637529, 0.4336232], [12.7637744, 0.4329044], [12.7639997, 0.4318101], [12.7644181, 0.4308392], [12.7648258, 0.4298039], [12.7649867, 0.4289349], [12.7649438, 0.4281517], [12.7643967, 0.4272827], [12.7633345, 0.4263493], [12.7625084, 0.4254266], [12.7617144, 0.4241178], [12.7607381, 0.4224977], [12.7596223, 0.4211674], [12.7580023, 0.4195367], [12.7566934, 0.4179274], [12.7554273, 0.4162537], [12.7541935, 0.4152131], [12.7524984, 0.4141402], [12.7505243, 0.4131424], [12.7485931, 0.4119945], [12.7474558, 0.4109753], [12.7468228, 0.4098917], [12.7457178, 0.4074885], [12.7446771, 0.405729], [12.743572, 0.4039588], [12.7427995, 0.4025104], [12.7421611, 0.4012391], [12.7416301, 0.4004345], [12.740922, 0.3997747], [12.7397954, 0.3989915], [12.7378106, 0.3979615], [12.7360618, 0.3969638], [12.7342272, 0.3958265], [12.7326929, 0.3946571], [12.7298283, 0.3913635], [12.7282451, 0.3893369], [12.7258254, 0.3860896], [12.7249789, 0.384186], [12.7245712, 0.3832311], [12.7241313, 0.3824051], [12.7235359, 0.3814985], [12.723037, 0.3809996], [12.7224147, 0.3805007], [12.7216208, 0.3799858], [12.7206498, 0.3795888], [12.7191532, 0.3792509], [12.7185926, 0.3792294], [12.718008, 0.3792647], [12.7166748, 0.3794923], [12.7158701, 0.3794547], [12.715264, 0.3792079], [12.7148294, 0.3788915], [12.7143896, 0.3783765], [12.7136707, 0.3774538], [12.7131075, 0.3766706], [12.7121901, 0.3749058], [12.7108705, 0.3727145], [12.7105111, 0.372465], [12.7101973, 0.3723577], [12.7096528, 0.3722612], [12.708773, 0.3722558], [12.707271, 0.3723255], [12.7059969, 0.3722907], [12.7055329, 0.3721646], [12.7051493, 0.3719286], [12.7047658, 0.3715477], [12.7044485, 0.3710694], [12.7041703, 0.3700189], [12.7040577, 0.3690372], [12.7040428, 0.3680132], [12.70407, 0.366519], [12.7041811, 0.3658133], [12.7043742, 0.3652286], [12.704995, 0.3641168], [12.7052593, 0.3628361], [12.7052808, 0.3616559], [12.7048925, 0.3600176], [12.7036607, 0.3586627], [12.7018209, 0.3574107], [12.7003026, 0.3567959], [12.6991224, 0.3566296], [12.698248, 0.356769], [12.6976043, 0.3571338], [12.6963866, 0.3585071], [12.6960728, 0.3587592], [12.6956534, 0.3589181], [12.6945406, 0.358965], [12.6938385, 0.3591213], [12.6931241, 0.3593773], [12.6918617, 0.3601056], [12.6916096, 0.3602156], [12.6911992, 0.3602049], [12.6908746, 0.3601217], [12.6906171, 0.3599581], [12.6904431, 0.3597197], [12.689159, 0.3567012], [12.6884848, 0.3558947], [12.6876748, 0.3552563], [12.6861298, 0.3543927], [12.6850998, 0.3541459], [12.682246, 0.3545858], [12.6815808, 0.3548057], [12.6808395, 0.3552101], [12.6778257, 0.3585232], [12.6765436, 0.3589416], [12.6753366, 0.3590221], [12.6741457, 0.3588665], [12.6727509, 0.3581852], [12.672177, 0.3579975], [12.6714635, 0.3579277], [12.6685345, 0.3580458], [12.6671505, 0.3578044], [12.6658201, 0.3573645], [12.6646346, 0.3566939], [12.6639533, 0.3560395], [12.6619502, 0.3523197], [12.6613352, 0.3512314], [12.6601553, 0.349951], [12.6586532, 0.3487065], [12.6568615, 0.3477409], [12.6551986, 0.3473976], [12.6539755, 0.3474244], [12.6530635, 0.3476658], [12.6521569, 0.3483256], [12.6513684, 0.3504392], [12.6493029, 0.3555721], [12.6485896, 0.3564901], [12.6474523, 0.3572679], [12.6463419, 0.3576005], [12.6450384, 0.3575201], [12.6439675, 0.3571482], [12.6429248, 0.3562863], [12.6424303, 0.3551499], [12.6424634, 0.3538113], [12.6450851, 0.3493263], [12.6461381, 0.3466359], [12.6460791, 0.3449407], [12.6454192, 0.3434548], [12.6445341, 0.3424195], [12.6416588, 0.3407887], [12.6384723, 0.3392116], [12.6364982, 0.3382675], [12.6348889, 0.3377847], [12.630572, 0.337306], [12.6257908, 0.336744], [12.6248252, 0.3362613], [12.6240903, 0.3356122], [12.6236343, 0.3346841], [12.622261, 0.3289658], [12.6221484, 0.3278178], [12.6222415, 0.3269168], [12.622937, 0.324685], [12.6228511, 0.323462], [12.6222718, 0.3225768], [12.6214778, 0.3220029], [12.6180768, 0.3217239], [12.6151264, 0.3216005], [12.6132649, 0.3215952], [12.6122028, 0.3211821], [12.6111781, 0.319782], [12.6105237, 0.3180011], [12.6100087, 0.3163381], [12.6094293, 0.3154047], [12.6090217, 0.3150292], [12.6083726, 0.3148361], [12.6073909, 0.314702], [12.6045155, 0.3146001], [12.6024556, 0.3140851], [12.6007068, 0.313377], [12.5997519, 0.3126582], [12.5987221, 0.3109813], [12.5985449, 0.3103623], [12.5984913, 0.3094771], [12.5985503, 0.3090748], [12.5988561, 0.3085813], [12.5993282, 0.3080127], [12.6002777, 0.3072188], [12.6010823, 0.3067145], [12.6016509, 0.3062424], [12.6020217, 0.3057924], [12.6024234, 0.3048799], [12.6025414, 0.3043435], [12.6026192, 0.3037319], [12.6025549, 0.3034208], [12.6022974, 0.3032116], [12.6020452, 0.3030882], [12.6017234, 0.3030319], [12.6012513, 0.3031097], [12.6006602, 0.3030021], [12.6002562, 0.3027556], [12.5997841, 0.3024606], [12.5989312, 0.3017418], [12.5983143, 0.3012643], [12.5975096, 0.3009478], [12.5968713, 0.3008245], [12.5959915, 0.3006689], [12.5952834, 0.3003095], [12.594704, 0.2997516], [12.5939584, 0.2986197], [12.593497, 0.2978848], [12.5927621, 0.2969729], [12.592054, 0.2964042], [12.5914961, 0.2961414], [12.5910079, 0.2960019], [12.5903106, 0.2959375], [12.5895864, 0.2959644], [12.5889426, 0.2959536], [12.5883059, 0.2958766], [12.5879341, 0.2955889], [12.5877035, 0.2951061], [12.5876498, 0.2944248], [12.5875318, 0.2937006], [12.587226, 0.2928638], [12.5868505, 0.2922415], [12.5859815, 0.2914851], [12.5851768, 0.2912652], [12.5838303, 0.2911686], [12.5818026, 0.290836], [12.5810248, 0.2907609], [12.5797909, 0.2906644], [12.5789595, 0.2906697], [12.5779885, 0.2907824], [12.5772589, 0.2908521], [12.5769639, 0.2908441], [12.5766554, 0.2907448], [12.5762075, 0.2905035], [12.5757515, 0.2901977], [12.575368, 0.2899081], [12.5746867, 0.2897766], [12.5741798, 0.2895111], [12.573984, 0.2890148], [12.573764, 0.2888432], [12.5734495, 0.2886977], [12.5733402, 0.2886561], [12.5731558, 0.2885931], [12.5730781, 0.288522], [12.5730452, 0.288465], [12.5730278, 0.2883906], [12.5730325, 0.288284], [12.5730841, 0.2880721], [12.5731236, 0.2878749], [12.5731659, 0.2876738], [12.5731873, 0.2874324], [12.5731471, 0.2871695], [12.5730532, 0.2869201], [12.5729138, 0.2867404], [12.5726858, 0.2865982], [12.5723907, 0.286558], [12.5722539, 0.2865298], [12.5721239, 0.286444], [12.5720648, 0.2863461], [12.5720286, 0.2861986], [12.5720662, 0.2860135], [12.572211, 0.2856165], [12.5723988, 0.2852678], [12.5726509, 0.2848709], [12.5727743, 0.2845973], [12.572836, 0.2842728], [12.5727931, 0.2839965], [12.5726938, 0.2838356], [12.572329, 0.2835298], [12.5714707, 0.2829397], [12.5708526, 0.2825518], [12.5705051, 0.2824301], [12.5699419, 0.2822638], [12.5695664, 0.2820492], [12.5693035, 0.2818078], [12.5691801, 0.2815343], [12.5690728, 0.2807564], [12.5689119, 0.2800215], [12.5687134, 0.2794892], [12.5684988, 0.2789138], [12.568287, 0.2785678], [12.5680053, 0.2782566], [12.5675762, 0.2780689], [12.5672007, 0.2779562], [12.5664282, 0.2779562], [12.5649154, 0.2779723], [12.5628233, 0.277865], [12.5611818, 0.2775861], [12.5601625, 0.2771784], [12.5591862, 0.2763416], [12.5585747, 0.2752902], [12.5582743, 0.2741958], [12.5582099, 0.2729298], [12.5584996, 0.271739], [12.5588429, 0.2708699], [12.5595295, 0.2697863], [12.5604737, 0.2690675], [12.5610262, 0.2686598], [12.5614178, 0.2683433], [12.5617611, 0.2680268], [12.5619489, 0.2677318], [12.5621742, 0.2673831], [12.5624317, 0.2669593], [12.5628126, 0.2665033], [12.5632095, 0.2659723], [12.5636119, 0.2654841], [12.5639927, 0.2649959], [12.564218, 0.2644327], [12.5642556, 0.2639231], [12.5642352, 0.2628711], [12.5642575, 0.2613643], [12.564212, 0.2601462], [12.5641682, 0.2596899], [12.5640566, 0.259076], [12.5636882, 0.2576026], [12.5631301, 0.2554148], [12.5627283, 0.2548455], [12.562226, 0.2543544], [12.561472, 0.2539615], [12.5601609, 0.2536623], [12.5585759, 0.2534391], [12.5567788, 0.2532605], [12.5507186, 0.2525898]]}}, {"type": "Feature", "properties": {"name": "Ogoou\u00e9", "osm_id": 79418354}, "geometry": {"type": "LineString", "coordinates": [[13.530993, -1.6036981], [13.5278606, -1.6012741], [13.5267663, -1.600577], [13.5256398, -1.6001909], [13.5238802, -1.5999657], [13.5227752, -1.600073], [13.5211337, -1.6006843], [13.5182154, -1.6026254], [13.5168314, -1.6032367], [13.5155332, -1.6033118], [13.5140419, -1.6028721], [13.5116279, -1.6014779], [13.5101795, -1.6012098], [13.5088277, -1.6012098], [13.5072124, -1.6017072], [13.5067033, -1.601864], [13.5039139, -1.6038373], [13.5022402, -1.6045666], [13.5007381, -1.6048025], [13.4984422, -1.6046524], [13.495245, -1.603773], [13.4933138, -1.6028506], [13.4915972, -1.6012634], [13.49105, -1.600266], [13.4910178, -1.5992579], [13.4913504, -1.5974669], [13.4915221, -1.5956759], [13.4912217, -1.594657], [13.4907281, -1.5941101], [13.4903097, -1.5938098], [13.4884429, -1.5936274], [13.4850311, -1.5939706], [13.4809327, -1.5949358], [13.4785938, -1.5954077], [13.4757828, -1.5961585], [13.4735083, -1.5962657], [13.4705686, -1.5955364], [13.4666724, -1.5934435], [13.4636593, -1.5915683], [13.4579301, -1.5891123], [13.4541106, -1.5884367], [13.4517395, -1.5881686], [13.4485745, -1.5886726], [13.4455061, -1.5896593], [13.4410643, -1.5911822], [13.4378886, -1.5920187], [13.4358716, -1.5918471], [13.4339833, -1.591075], [13.4327173, -1.5901526], [13.4311294, -1.5883938], [13.4291446, -1.5846294], [13.427664, -1.5825917], [13.4266662, -1.5818088], [13.4256363, -1.5813691], [13.4242415, -1.5811975], [13.4222782, -1.5816372], [13.4200036, -1.5828598], [13.4167635, -1.5839967], [13.4155404, -1.5839216], [13.4148431, -1.5835248], [13.4142852, -1.5826561], [13.413974, -1.58153], [13.4139526, -1.5794601], [13.4140921, -1.578023], [13.4140813, -1.5763606], [13.413502, -1.5749128], [13.4129977, -1.5741084], [13.4118068, -1.5731217], [13.4109807, -1.5728107], [13.4101331, -1.5727464], [13.4078908, -1.5733791], [13.4048652, -1.5740655], [13.400681, -1.5748162], [13.3957672, -1.5764893], [13.3897161, -1.5778835], [13.3850383, -1.577669], [13.382163, -1.5767252], [13.3804464, -1.5753525], [13.3765411, -1.571277], [13.373065, -1.5654856], [13.3721208, -1.5613244], [13.3721637, -1.5575493], [13.3731508, -1.5528947], [13.3733225, -1.5501062], [13.3729577, -1.5480256], [13.3722818, -1.5467708], [13.3704901, -1.5455052], [13.369149, -1.5450333], [13.3669066, -1.5447974], [13.3621752, -1.5446579], [13.3597076, -1.5442504], [13.3580124, -1.5431994], [13.3574116, -1.5424701], [13.357197, -1.540797], [13.357476, -1.5393169], [13.3591604, -1.5370432], [13.361392, -1.5348982], [13.3688759, -1.5305939], [13.3706617, -1.5292354], [13.3719063, -1.5274765], [13.3726144, -1.5250098], [13.3723569, -1.5228433], [13.3715415, -1.5204838], [13.3703399, -1.5184782], [13.3677864, -1.5162259], [13.3589887, -1.510488], [13.3562421, -1.5079569], [13.354268, -1.503581], [13.3517098, -1.4955871], [13.3496332, -1.4881368], [13.3474445, -1.4829886], [13.3448052, -1.4802001], [13.3428794, -1.4786932], [13.3411413, -1.4781945], [13.3395803, -1.4781194], [13.3379173, -1.4784841], [13.3364421, -1.4793904], [13.3344412, -1.4808812], [13.3329284, -1.4818143]]}}, {"type": "Feature", "properties": {"name": "Ogoou\u00e9", "osm_id": 79418355}, "geometry": {"type": "LineString", "coordinates": [[13.1811974, -1.125933], [13.1816196, -1.1232372], [13.1830787, -1.116844], [13.1849026, -1.1081338], [13.1862115, -1.1014403], [13.1856107, -1.0983509], [13.1847095, -1.0963343], [13.1818342, -1.0916573], [13.1756115, -1.0838053], [13.1662559, -1.0739365], [13.1608915, -1.0659342], [13.1596899, -1.0633168], [13.159647, -1.0601631], [13.1606769, -1.0582966], [13.1624579, -1.0570951], [13.1666851, -1.0555719], [13.1732619, -1.0533192], [13.1736374, -1.0528365], [13.1738198, -1.0523216], [13.173691, -1.0516995], [13.1731868, -1.0504015], [13.1723714, -1.0481273], [13.1721568, -1.0451452], [13.1722855, -1.0408115], [13.1723499, -1.0376792], [13.1719208, -1.0364992], [13.1713629, -1.0356839], [13.1700325, -1.0352763], [13.1647003, -1.0340642], [13.1637883, -1.0338925], [13.1632733, -1.0335493], [13.1629944, -1.0329915], [13.1630695, -1.0319509], [13.1635308, -1.0304491], [13.1644105, -1.0263514], [13.1643247, -1.022747], [13.1636381, -1.0207732], [13.1617391, -1.0160748], [13.1606984, -1.0128995], [13.1606984, -1.0111188], [13.1609344, -1.0093167], [13.161664, -1.0073214], [13.1629729, -1.005176], [13.1633806, -1.00376], [13.1634021, -1.0022153], [13.1629729, -1.001164], [13.1619215, -1.0003273], [13.160162, -0.9997909], [13.1583166, -0.9992331], [13.1572759, -0.9984929], [13.1565463, -0.9971735], [13.1560206, -0.995307], [13.1549692, -0.9937622], [13.1523084, -0.9909946], [13.1479027, -0.9877992], [13.1463003, -0.9861244], [13.1448963, -0.9832576], [13.1441618, -0.9765672], [13.1426842, -0.9738654], [13.1402707, -0.9726081], [13.1360006, -0.9719859], [13.1278895, -0.9736119], [13.1239592, -0.9728009], [13.1213196, -0.9713076], [13.1190677, -0.9692014], [13.1169219, -0.9629151], [13.1160625, -0.959057], [13.1152042, -0.9567828], [13.1134017, -0.9539293], [13.1086635, -0.9487719], [13.1025266, -0.9449101], [13.0995225, -0.9440948], [13.096776, -0.944009], [13.0902099, -0.9452748], [13.0872702, -0.9454894], [13.084352, -0.944953], [13.0801248, -0.9431508], [13.077228, -0.9427003], [13.0738377, -0.9429363], [13.0624437, -0.9444381], [13.0569076, -0.9440519], [13.0532169, -0.9431508], [13.0488395, -0.940705], [13.0386257, -0.9351267], [13.0283904, -0.9309216], [13.0203532, -0.9288916], [13.0156847, -0.9276006], [13.0124997, -0.9260596], [13.0100842, -0.9221725], [13.0092596, -0.91825], [13.0097961, -0.9159329], [13.0111571, -0.9132258], [13.0138635, -0.9096705], [13.0155372, -0.90642], [13.015623, -0.9034163], [13.0154729, -0.8989537], [13.0157304, -0.8951133], [13.016181, -0.8928605], [13.017168, -0.8920237], [13.0182838, -0.891423], [13.0221128, -0.8905516], [13.0251932, -0.8892346], [13.0274462, -0.8878615], [13.0292702, -0.8862952], [13.0303645, -0.883077], [13.0303859, -0.8799874], [13.0292916, -0.877799], [13.0268669, -0.8748811], [13.0233478, -0.8728643], [13.0170393, -0.8707188], [13.0113744, -0.8684445], [13.0080914, -0.8656768], [13.0020833, -0.8595621], [13.00043, -0.8578484], [12.9990363, -0.8568802], [12.996986, -0.8559604], [12.9931247, -0.855389], [12.9885971, -0.8537584], [12.9850646, -0.8514351], [12.9811835, -0.8490061], [12.9768677, -0.8465004], [12.9730832, -0.8449618], [12.9699558, -0.8434599], [12.9683894, -0.842135], [12.9664046, -0.8408423], [12.9655542, -0.8405787], [12.9646611, -0.8407941], [12.9632449, -0.841148], [12.9617643, -0.8419902], [12.959876, -0.8422262], [12.958212, -0.8421056], [12.9558849, -0.8413036], [12.9534602, -0.8413251], [12.9515719, -0.84184], [12.9486108, -0.8437281], [12.9458427, -0.8455732], [12.9432893, -0.8459594], [12.941401, -0.8458307], [12.9400599, -0.8455089], [12.9383727, -0.8445694], [12.9355741, -0.8417623], [12.9327203, -0.8384153], [12.9312826, -0.8366559], [12.9299828, -0.835837], [12.920351, -0.8324854], [12.9115533, -0.8296962], [12.9067897, -0.8282373], [12.9004586, -0.8270547], [12.8961225, -0.8250879], [12.891316, -0.8235002], [12.8870476, -0.8232571], [12.88458, -0.8233429], [12.8825398, -0.823629], [12.8808902, -0.823972], [12.8763831, -0.8249091], [12.8739799, -0.8253382], [12.8718753, -0.8252596], [12.8694738, -0.8244371], [12.8666182, -0.8222558], [12.8639803, -0.819981], [12.8608489, -0.817531], [12.8578663, -0.8165655], [12.8545175, -0.8165696], [12.851512, -0.8171923], [12.8494749, -0.8173205], [12.8472433, -0.8171918], [12.8444524, -0.8176858], [12.8403339, -0.8195519], [12.8380809, -0.8208821], [12.835762, -0.8218267], [12.8344975, -0.8224699], [12.8327808, -0.8230277], [12.8316436, -0.8232422], [12.8302596, -0.8232744], [12.8270074, -0.8223845], [12.8239631, -0.8207279], [12.8218817, -0.818754], [12.8199291, -0.8156429], [12.8182983, -0.8132184], [12.8162169, -0.8120169], [12.8138137, -0.811738], [12.8110456, -0.8121457], [12.8073334, -0.8132184], [12.8032565, -0.813905], [12.8004012, -0.8133298], [12.7982125, -0.812536], [12.7951884, -0.8111373], [12.7926993, -0.8092706], [12.7880215, -0.8047006], [12.7850389, -0.802834], [12.7809834, -0.8012033], [12.7724433, -0.7978563], [12.7691388, -0.797513], [12.7594184, -0.7968264], [12.7558136, -0.7969122], [12.7523374, -0.7977704], [12.7453851, -0.801611], [12.7407717, -0.8039497], [12.736212, -0.8059558], [12.7334654, -0.8054086], [12.7311158, -0.806181], [12.7306652, -0.8072538], [12.7301609, -0.8079404], [12.7294529, -0.8085841], [12.7286589, -0.8089917], [12.7271354, -0.8089059], [12.7240991, -0.8079618], [12.7227473, -0.8064492], [12.7205371, -0.8056768], [12.7188527, -0.8056554], [12.7172327, -0.8059772], [12.7144003, -0.8076186], [12.7121043, -0.809335], [12.7100873, -0.8120169], [12.7085638, -0.8134974], [12.706697, -0.8143341], [12.7045083, -0.8151709], [12.7022552, -0.8172735], [12.6999807, -0.821157], [12.6975238, -0.8285055], [12.696054, -0.8315843], [12.6937365, -0.8354677], [12.6924062, -0.8369482], [12.6900029, -0.8386431], [12.6886028, -0.8410676], [12.688179, -0.8427197], [12.6879001, -0.8444468], [12.6878893, -0.8459809], [12.6876533, -0.8468498], [12.6873636, -0.8474828], [12.6853476, -0.8491012], [12.6824283, -0.8513662], [12.679832, -0.8524604], [12.6773429, -0.8531255], [12.6743388, -0.8530826], [12.6713025, -0.852278], [12.6693977, -0.8522518], [12.6679996, -0.8522819], [12.6656484, -0.8512696], [12.6635563, -0.8511945], [12.662065, -0.8512589], [12.6599836, -0.8518167], [12.6580739, -0.8529109], [12.6553917, -0.856022], [12.6547694, -0.8571913], [12.6540184, -0.8580924], [12.6522696, -0.8591759], [12.6509607, -0.8600663], [12.6492977, -0.8617934], [12.6471734, -0.864411], [12.6424849, -0.8702897], [12.6414335, -0.870633], [12.6404786, -0.8706115]]}}, {"type": "Feature", "properties": {"name": "Ogoou\u00e9", "osm_id": 79418356}, "geometry": {"type": "LineString", "coordinates": [[12.6404786, -0.8706115], [12.6364875, -0.8700537], [12.6345563, -0.8690989], [12.6322174, -0.8677258], [12.6299965, -0.8666852], [12.6260376, -0.8658914], [12.6225829, -0.8653979], [12.620008, -0.8643681], [12.6187849, -0.8632953], [12.6179051, -0.8616218], [12.6170683, -0.8594119], [12.6167494, -0.8563273], [12.6167893, -0.8524604], [12.6165962, -0.849049], [12.6161456, -0.8476973], [12.6152015, -0.8465173], [12.6133132, -0.8445648], [12.6116824, -0.8419258], [12.6104808, -0.8391366], [12.609601, -0.8378278], [12.6079273, -0.8362401], [12.6006961, -0.8287951], [12.5979709, -0.8246542], [12.5959968, -0.8193976], [12.5940657, -0.8138299], [12.5924563, -0.8084124], [12.591598, -0.8070393], [12.5902247, -0.8062239], [12.5876973, -0.805647], [12.5850105, -0.8045182], [12.5842273, -0.8036278], [12.5838625, -0.8026516], [12.5830056, -0.7982146], [12.5822264, -0.795818], [12.5814593, -0.7945092], [12.5800109, -0.7930288], [12.5789594, -0.7922349], [12.5774574, -0.7903468], [12.5756979, -0.7863131], [12.574861, -0.7834381], [12.574743, -0.7817753], [12.5749683, -0.780091], [12.5753009, -0.7792435], [12.575891, -0.7785676], [12.5772857, -0.777452], [12.5799251, -0.7764221], [12.5808048, -0.7755853], [12.584238, -0.7701784], [12.5878429, -0.7684835], [12.5908255, -0.7661877], [12.5915122, -0.765072], [12.5921774, -0.7634628], [12.5922417, -0.761918], [12.5919413, -0.7602445], [12.5904608, -0.7566399], [12.5891089, -0.7531426], [12.5881648, -0.7503533], [12.5876713, -0.7490445], [12.5870919, -0.7471779], [12.5861907, -0.7441097], [12.5841093, -0.739089], [12.5823498, -0.7348193], [12.58044, -0.7300131], [12.5803159, -0.7268197], [12.5803756, -0.7253572], [12.5801396, -0.7231043], [12.5795603, -0.7214522], [12.5776291, -0.7194783], [12.5749039, -0.7155089], [12.5737927, -0.7127446], [12.571106, -0.7040902], [12.570033, -0.7016483], [12.5678014, -0.6977004], [12.5656557, -0.6938383], [12.5632095, -0.6878735], [12.5618362, -0.685685], [12.5567293, -0.6809176], [12.5536394, -0.6785186], [12.5507855, -0.6771025], [12.5434685, -0.6746095], [12.5368595, -0.6713093], [12.5307655, -0.6691167], [12.5244569, -0.6666319], [12.5199937, -0.663156], [12.5167751, -0.6585643], [12.5138998, -0.6527711], [12.5123548, -0.6478791], [12.5120115, -0.6442315], [12.5126981, -0.6402836], [12.5138568, -0.6353057], [12.5135994, -0.6318727], [12.5117969, -0.6279247], [12.5085353, -0.6244059], [12.5066042, -0.621874], [12.5050163, -0.6175398], [12.5038147, -0.6119611], [12.5024843, -0.6097726], [12.5009393, -0.6083994], [12.4976778, -0.6068545], [12.4932575, -0.6047947], [12.4895238, -0.6014475], [12.4861335, -0.5961692], [12.4825716, -0.5901184], [12.4793958, -0.5834669], [12.4772071, -0.5766008], [12.476263, -0.5719233], [12.475276, -0.5672457], [12.4734735, -0.5633835], [12.4708342, -0.5588991], [12.468903, -0.5567963], [12.46459, -0.5541572], [12.4587796, -0.5493329], [12.4552345, -0.5445446], [12.4484799, -0.5359439], [12.4462652, -0.5301256], [12.444334, -0.523517], [12.441802, -0.5124453], [12.4390983, -0.4968676], [12.4390125, -0.492705], [12.4393344, -0.4901945], [12.4405575, -0.4871691], [12.4426174, -0.4824271], [12.4436259, -0.4797021], [12.4443984, -0.4768912], [12.444849, -0.4741877], [12.4449992, -0.4725569], [12.4454927, -0.4710764], [12.4468875, -0.468523], [12.4501598, -0.4616139], [12.4550628, -0.4530525], [12.4605131, -0.4439977], [12.4644398, -0.438848], [12.4681306, -0.4351359], [12.4702334, -0.4334408], [12.4735379, -0.4322607], [12.47828, -0.4311449], [12.4791276, -0.4305119], [12.4798787, -0.4295249], [12.4807742, -0.4274568], [12.4825716, -0.4233131], [12.4835372, -0.4204807], [12.4838376, -0.4186784], [12.4831555, -0.4150985], [12.4825287, -0.4129493], [12.4789023, -0.405847], [12.4750614, -0.3997531], [12.4725723, -0.3942601], [12.4714243, -0.391578], [12.4711239, -0.3888958], [12.4702978, -0.3860635], [12.4688816, -0.3824158], [12.4680447, -0.3806348], [12.4667787, -0.3788968], [12.4649978, -0.3775021], [12.4613714, -0.3754422], [12.4590754, -0.3734896], [12.4570798, -0.3710005], [12.4554491, -0.3677819], [12.4539041, -0.3633188], [12.4516725, -0.3591132], [12.4464415, -0.3533876], [12.443638, -0.3507851], [12.4368667, -0.3449943], [12.4326227, -0.3399124], [12.4306655, -0.3379778], [12.4290132, -0.3368835], [12.4240686, -0.33466], [12.4186599, -0.3316908], [12.4175012, -0.3315406], [12.4164726, -0.3319778], [12.4158503, -0.3330078], [12.4159716, -0.3346554], [12.4158643, -0.3378525], [12.4150349, -0.3396166], [12.4135544, -0.3400243], [12.41168, -0.3397194], [12.4098422, -0.3385223], [12.4085333, -0.3369774], [12.4069594, -0.3343765], [12.4058604, -0.3330641], [12.4047231, -0.33212], [12.4031353, -0.3316908], [12.3975577, -0.3318061], [12.3943591, -0.3319483], [12.39187, -0.3316694], [12.3894453, -0.3305321], [12.3845361, -0.3268879], [12.3811841, -0.3251463], [12.3775377, -0.3238669], [12.3735344, -0.3225983], [12.3704767, -0.3210265], [12.3658848, -0.31828], [12.3633957, -0.3163488], [12.3603854, -0.3131122], [12.3584175, -0.3109845], [12.3552096, -0.3079697], [12.3535252, -0.3063175], [12.352345, -0.3051481], [12.348573, -0.3035208], [12.3455429, -0.3022728], [12.3439121, -0.3012428], [12.3419165, -0.2995477], [12.3401141, -0.2989684], [12.3377108, -0.298625], [12.3281407, -0.2981744], [12.326746, -0.2979813], [12.3257804, -0.297402], [12.3227978, -0.2934753], [12.3172402, -0.2863943], [12.3153734, -0.2843559], [12.3126268, -0.2830684], [12.3071765, -0.2815234], [12.2922681, -0.2791452], [12.2855043, -0.2757729], [12.2813415, -0.2704515], [12.2804403, -0.2635851], [12.2817492, -0.2580491], [12.2835731, -0.2543369], [12.2871995, -0.2480928], [12.2901821, -0.2423422], [12.2914481, -0.2375357], [12.2923064, -0.2318924], [12.2926283, -0.2295965], [12.2936368, -0.2273649], [12.2959341, -0.2241972], [12.2973918, -0.2205414], [12.2970485, -0.2175802], [12.2959327, -0.216164], [12.2914695, -0.214147], [12.2859335, -0.2124733], [12.2796249, -0.2111001], [12.2736168, -0.2086968], [12.2692609, -0.2054997], [12.2644114, -0.2014656], [12.260313, -0.1967021], [12.2560859, -0.1937838], [12.2529316, -0.1922604], [12.249434, -0.1918527], [12.2447991, -0.1920243], [12.2361946, -0.193977], [12.2325253, -0.1958652], [12.2308731, -0.1976677], [12.2295856, -0.2008005], [12.2281265, -0.2035041], [12.2254872, -0.2050061], [12.2210455, -0.2058644], [12.2159385, -0.2059073], [12.2033214, -0.2035041], [12.1944809, -0.2009721], [12.1830914, -0.1936586], [12.1762633, -0.1877328], [12.1749973, -0.1855656], [12.173903, -0.1824972], [12.1722982, -0.17204], [12.1715855, -0.16767], [12.1707907, -0.1637976]]}}, {"type": "Feature", "properties": {"name": "Ngouni\u00e9", "osm_id": 82879784}, "geometry": {"type": "LineString", "coordinates": [[11.5225987, -2.3716292], [11.5211918, -2.3719593], [11.5199302, -2.3723633], [11.5178025, -2.3744698], [11.5159786, -2.3755417], [11.5147984, -2.3759062], [11.5133178, -2.3758097], [11.5117943, -2.3752309], [11.5109575, -2.3747163], [11.5104532, -2.373923], [11.5102279, -2.3727332], [11.5103889, -2.3715433], [11.5110647, -2.3706643], [11.5120635, -2.3698282], [11.5129764, -2.3691958], [11.5145472, -2.3676628], [11.5161395, -2.3658726], [11.5174162, -2.3649185], [11.5193098, -2.3630426], [11.5221905, -2.360963], [11.5245939, -2.3600089], [11.5257204, -2.3594193], [11.5266645, -2.3582294], [11.52704, -2.3571468], [11.5266538, -2.3559354], [11.52542, -2.3539737], [11.52439, -2.3525801], [11.5231883, -2.3516367], [11.5200126, -2.3504898], [11.5177488, -2.3496965], [11.5167081, -2.3497072], [11.5161609, -2.3499966], [11.5157425, -2.3508007], [11.5158606, -2.3515832], [11.516515, -2.3535449], [11.5167618, -2.3559675], [11.5166223, -2.3573504], [11.5162146, -2.3585296], [11.5153241, -2.3592049], [11.5135002, -2.3599661], [11.5117514, -2.3600625], [11.5106892, -2.3598266], [11.5092838, -2.3588619], [11.5082967, -2.3576827], [11.5075457, -2.3557639], [11.5062582, -2.3506076], [11.5061831, -2.3493963], [11.506505, -2.3481528], [11.5074706, -2.3455693], [11.5078568, -2.3438756], [11.5077174, -2.342557], [11.5071273, -2.3414422], [11.5060543, -2.340188], [11.5052921, -2.3397472], [11.5023825, -2.339317], [11.4997083, -2.3388962], [11.4978629, -2.3385424], [11.4955296, -2.3377868], [11.4943063, -2.3376473], [11.4929599, -2.3378243], [11.4918816, -2.3378779], [11.4910501, -2.3377331], [11.490503, -2.3376849], [11.4895427, -2.3378537], [11.4886469, -2.3377706], [11.4879763, -2.3376098], [11.4872307, -2.3372615], [11.4865923, -2.3365539], [11.4862919, -2.3356856], [11.4861741, -2.3348388], [11.48619, -2.3333701], [11.4862761, -2.331807], [11.4863616, -2.3306097], [11.4865818, -2.3293599], [11.4875903, -2.3273842], [11.4893229, -2.3247545], [11.4911198, -2.3221463], [11.4922464, -2.3204096], [11.4924717, -2.3192304], [11.4923537, -2.3183835], [11.4918816, -2.3175527], [11.4912432, -2.3168774], [11.4901435, -2.3164378], [11.4881158, -2.3157947], [11.4870643, -2.3155481], [11.4859915, -2.3156982], [11.4850527, -2.3162502], [11.4844251, -2.3168827], [11.48332, -2.3185014], [11.482864, -2.3190053], [11.4815497, -2.3208063], [11.4802622, -2.3218782], [11.4793396, -2.3225107], [11.4784276, -2.3225429], [11.4776659, -2.322232], [11.4773655, -2.3216746], [11.4772046, -2.319552], [11.4775264, -2.3172365], [11.477923, -2.31495], [11.4782337, -2.3124276], [11.478256, -2.3111368], [11.4779448, -2.3100219], [11.4774191, -2.3089928], [11.4744936, -2.3062967], [11.4711106, -2.303772], [11.4700377, -2.3031503], [11.4679134, -2.3024535], [11.4668405, -2.3020354], [11.4661002, -2.301628], [11.4651292, -2.3015315], [11.4631712, -2.3009526], [11.4625168, -2.3004274], [11.462109, -2.2995161], [11.4620125, -2.2987871], [11.4622378, -2.2979938], [11.4631497, -2.2974578], [11.4652848, -2.2962894], [11.4692116, -2.2958177], [11.470735, -2.2954639], [11.4718187, -2.2946706], [11.472516, -2.29362], [11.4741468, -2.2903504], [11.4754987, -2.2884636], [11.4765286, -2.2876917], [11.4781594, -2.2873594], [11.4806378, -2.2874451], [11.4816248, -2.2873165], [11.4826012, -2.2867483], [11.4829448, -2.2854598], [11.4822686, -2.2841325], [11.4799833, -2.2825138], [11.4782238, -2.2817955], [11.4765394, -2.2812917], [11.4747691, -2.2811309], [11.4690831, -2.2816874], [11.4675701, -2.2816454], [11.4656711, -2.2806484], [11.4636541, -2.2789118], [11.4618731, -2.2771322], [11.4597917, -2.2759637], [11.4578175, -2.2753633], [11.4564496, -2.2751596], [11.4534938, -2.275299], [11.4506292, -2.2750417], [11.447829, -2.2747094], [11.4452219, -2.2746986], [11.4428937, -2.2740232], [11.4418315, -2.2736481], [11.441499, -2.2729619], [11.4413595, -2.2718149], [11.4416921, -2.2709787], [11.4426577, -2.2701961], [11.4436233, -2.269853], [11.445533, -2.2694457], [11.4464772, -2.268781], [11.4473033, -2.2676125], [11.447593, -2.2666369], [11.4476681, -2.2641283], [11.447432, -2.2606013], [11.4475179, -2.2593792], [11.4479148, -2.2585965], [11.44858, -2.2577174], [11.4500824, -2.2566745], [11.4517343, -2.2552839], [11.453644, -2.2542654], [11.4555752, -2.2518802], [11.4558756, -2.2509743], [11.4556932, -2.2501434], [11.4553606, -2.249602], [11.4549529, -2.2486693], [11.4543199, -2.2466217], [11.4531076, -2.2446813], [11.4520883, -2.2438558], [11.4509189, -2.2434484], [11.4493954, -2.2434806], [11.447947, -2.2441452], [11.4459729, -2.2462036], [11.4442563, -2.2489588], [11.4438701, -2.2500844], [11.4438915, -2.2508778], [11.4444494, -2.2536544], [11.4442563, -2.2550373], [11.443398, -2.2556484], [11.4420247, -2.255895], [11.4407694, -2.2556162], [11.4386666, -2.2548765], [11.4368641, -2.2534828], [11.4352661, -2.2516284], [11.4329323, -2.2495673], [11.4313173, -2.247742], [11.4302766, -2.2459892], [11.4291028, -2.2433706]]}}, {"type": "Feature", "properties": {"name": "Ogoou\u00e9", "osm_id": 88494260}, "geometry": {"type": "LineString", "coordinates": [[13.8527888, -2.7695355], [13.8517964, -2.7694015], [13.8513029, -2.7693265], [13.8507771, -2.7693372], [13.849892, -2.7695301], [13.8495058, -2.7695944], [13.8491356, -2.7695569], [13.8488781, -2.7694122], [13.8486582, -2.7691175], [13.8486206, -2.7688121], [13.8486367, -2.7684317], [13.8485187, -2.7680406], [13.8482237, -2.7677887], [13.847993, -2.7677405], [13.8476604, -2.7678235], [13.8472313, -2.7681209], [13.8468826, -2.7683888], [13.8464963, -2.7684638], [13.8461101, -2.7683835], [13.8457239, -2.7681209], [13.8453913, -2.7679655], [13.8450319, -2.767912], [13.8447261, -2.7677887], [13.8444471, -2.7674887], [13.8438624, -2.7666099], [13.8434064, -2.7661009], [13.8430202, -2.7659455], [13.8424891, -2.7658544], [13.842017, -2.7659669], [13.8415879, -2.7661759], [13.8412553, -2.7665456], [13.8410407, -2.7669261], [13.8408154, -2.7672047], [13.8404936, -2.7673386], [13.8400483, -2.7674244], [13.8397264, -2.7674351], [13.8395065, -2.7672904], [13.8393348, -2.7670279], [13.8392866, -2.7666689], [13.8394636, -2.7659991], [13.8397211, -2.7650614], [13.8401073, -2.7643863], [13.8403702, -2.7637433], [13.8403809, -2.7633307], [13.8402468, -2.7629342], [13.8399893, -2.7626824], [13.8397747, -2.7626395], [13.8393885, -2.7627842], [13.8388789, -2.7632664], [13.8385194, -2.7634808], [13.83816, -2.7635183], [13.837806, -2.7634647], [13.8374788, -2.7632075], [13.8373768, -2.7628967], [13.8374144, -2.7625859], [13.837688, -2.7622805], [13.8380527, -2.7617876], [13.838219, -2.7613214], [13.8381547, -2.7611044], [13.8378918, -2.7609088], [13.8373983, -2.7606088], [13.8367385, -2.759939], [13.8360491, -2.7592799], [13.8357326, -2.7591004], [13.8351774, -2.7589236], [13.834869, -2.7588218], [13.8345766, -2.7584708], [13.8344049, -2.7580047], [13.8344103, -2.7576242], [13.8345015, -2.7572652], [13.8346517, -2.7570402], [13.8348824, -2.756858], [13.8356709, -2.756424], [13.8359338, -2.7562043], [13.8360156, -2.7560208], [13.8360357, -2.7558239], [13.835848, -2.7556203], [13.8355583, -2.7554702], [13.835113, -2.7553845], [13.8348743, -2.7552211], [13.8347053, -2.7550443], [13.8344908, -2.7545808], [13.8342333, -2.7539217], [13.8333911, -2.7521481], [13.8331175, -2.7510336], [13.832742, -2.750546], [13.8323718, -2.7503692], [13.8319293, -2.7502942], [13.8314813, -2.7504389], [13.8312721, -2.7506103], [13.8310897, -2.750905], [13.8308537, -2.7511462], [13.8306659, -2.7512319], [13.8304084, -2.7511837], [13.8301992, -2.7509479], [13.8301456, -2.7507068], [13.8301831, -2.7503478], [13.8303441, -2.7500156], [13.8306659, -2.7496137], [13.8312936, -2.7492172], [13.8321841, -2.7487135], [13.8323879, -2.748542], [13.8325864, -2.7481964], [13.8327232, -2.7477892], [13.8328439, -2.74724], [13.8329029, -2.7464202], [13.8328171, -2.7460558], [13.8324845, -2.7456593], [13.8320553, -2.7455093], [13.8316262, -2.7454503], [13.8313633, -2.7453325], [13.8312024, -2.7451342], [13.8311595, -2.7449145], [13.8311702, -2.7447538], [13.8314384, -2.7444912], [13.83183, -2.7442019], [13.832227, -2.74395], [13.8325328, -2.7437518], [13.8327473, -2.7437089], [13.8329834, -2.7437411], [13.8332891, -2.7439179], [13.8334984, -2.7442983], [13.8337934, -2.7448502], [13.8340402, -2.7451664], [13.8343352, -2.7453432], [13.8346463, -2.7454182], [13.8350648, -2.7454021], [13.8354778, -2.7451556], [13.8359499, -2.7447806], [13.8362342, -2.744309], [13.8363147, -2.7432159], [13.8363039, -2.7421657], [13.8361967, -2.7416781], [13.8356334, -2.7409976], [13.8351613, -2.740719], [13.8346624, -2.740569], [13.8339168, -2.7404457], [13.8334662, -2.7404618], [13.8331497, -2.7402475], [13.8329512, -2.7399581], [13.8328546, -2.739508], [13.8329244, -2.7391329], [13.8330638, -2.738656], [13.8330746, -2.7383935], [13.8330531, -2.7380774], [13.8328975, -2.7377719], [13.8326186, -2.737563], [13.8320768, -2.7373433], [13.8314867, -2.7371825], [13.8311648, -2.7372147], [13.830961, -2.7373593], [13.8308591, -2.7376648], [13.8309663, -2.7381416], [13.8310522, -2.738506], [13.8310683, -2.7389668], [13.8308537, -2.7394651], [13.8305989, -2.7397036], [13.8302851, -2.7398134], [13.8300812, -2.7398081], [13.829864, -2.7397116], [13.8296252, -2.739433], [13.8293838, -2.7391383], [13.828724, -2.7385435], [13.828209, -2.737863], [13.8278282, -2.7376005], [13.8274366, -2.7375469], [13.8269645, -2.7376487], [13.82653, -2.737997], [13.8260901, -2.7383024], [13.8258782, -2.738364], [13.8256556, -2.7383399], [13.825441, -2.7381631], [13.8252157, -2.7376862], [13.8251191, -2.7373593], [13.8249636, -2.7370057], [13.8246578, -2.736786], [13.824352, -2.7367324], [13.8240731, -2.7368396], [13.8238102, -2.7369896], [13.8234669, -2.7370646], [13.8232362, -2.7370325], [13.8229573, -2.736786], [13.8228607, -2.7363064], [13.8230029, -2.7358269], [13.823263, -2.7353312], [13.8232738, -2.7350847], [13.8231611, -2.7350124], [13.8229573, -2.7350285], [13.8227776, -2.7351062], [13.822327, -2.7356125], [13.8219461, -2.7358724], [13.8216108, -2.7358805], [13.8214257, -2.7357599], [13.8212192, -2.7353821], [13.8210475, -2.734707], [13.8210153, -2.7339568], [13.8214284, -2.732778], [13.8214177, -2.7324886], [13.8212621, -2.7322582], [13.8209456, -2.732001], [13.8205433, -2.7317385], [13.8200819, -2.7313634], [13.8197601, -2.7309133], [13.8192773, -2.7302381], [13.8185477, -2.7297023], [13.8176894, -2.7291772], [13.8170671, -2.728845], [13.8163912, -2.7287057], [13.8152861, -2.728845], [13.814578, -2.7287378], [13.8136232, -2.7281162], [13.8125718, -2.7271732], [13.8113594, -2.7258014], [13.8105547, -2.724494], [13.8088113, -2.7205449], [13.8082963, -2.7192964], [13.8081729, -2.7187713], [13.8082695, -2.7181283], [13.8086235, -2.7173459], [13.8091922, -2.7162742], [13.8099217, -2.7151704], [13.8106191, -2.7145703], [13.8114104, -2.7139219], [13.8115633, -2.713445], [13.8116142, -2.713303], [13.8115954, -2.7131208], [13.8114774, -2.7130163], [13.8112575, -2.7129681], [13.8108551, -2.7130217], [13.8102972, -2.713011], [13.8095516, -2.7128127], [13.8089025, -2.7124698], [13.8087094, -2.7121858], [13.8086718, -2.7119179], [13.8087952, -2.7116821], [13.8090956, -2.7114303], [13.8096321, -2.7110337], [13.8108605, -2.7100639], [13.8111126, -2.7096513], [13.8111985, -2.7091904], [13.8113487, -2.70754], [13.8117671, -2.7056646], [13.8119388, -2.7050216], [13.812046, -2.7045983], [13.8120836, -2.704116], [13.811751, -2.702905], [13.8117349, -2.7021923], [13.8119066, -2.7019458], [13.8124645, -2.7017315], [13.8129151, -2.7014207], [13.8135266, -2.7007991], [13.8141811, -2.6995667], [13.8141703, -2.6989344], [13.8139343, -2.6984735], [13.8133013, -2.6980449], [13.8124752, -2.6975626], [13.8119173, -2.6967374], [13.8108444, -2.6934687], [13.8102758, -2.6921077], [13.8094818, -2.6908645], [13.8085914, -2.6901572], [13.8079047, -2.689332], [13.8069928, -2.6884639], [13.8060486, -2.6880888], [13.8036561, -2.6875637], [13.8009041, -2.6869635], [13.7994182, -2.6866098], [13.7985545, -2.6863205], [13.7977982, -2.6861544], [13.7973744, -2.6858704], [13.7972778, -2.685581], [13.7973207, -2.6852059], [13.7975836, -2.6844557], [13.7978518, -2.6834805], [13.7980342, -2.6825909], [13.7980074, -2.6816746], [13.7977445, -2.6809405], [13.7972349, -2.6801474], [13.796736, -2.6796116], [13.7963444, -2.6794562], [13.7960011, -2.6794562], [13.7956256, -2.6796598], [13.795132, -2.6800296], [13.7947029, -2.6801474], [13.793968, -2.6801153], [13.7931204, -2.6799009], [13.7924015, -2.6799117], [13.7920582, -2.6799652], [13.7913716, -2.6805547], [13.7902558, -2.6813692], [13.7889147, -2.6817764], [13.7878954, -2.6818622], [13.7870157, -2.6816371], [13.7865972, -2.6812084], [13.7863666, -2.6805011], [13.7862647, -2.6799438], [13.7863666, -2.6795366], [13.7865329, -2.6793651], [13.786785, -2.679408], [13.7871391, -2.679767], [13.7874448, -2.6800081], [13.7878203, -2.6801796], [13.788346, -2.6802493], [13.788979, -2.6801903], [13.7895584, -2.679992], [13.7897408, -2.679692], [13.7897837, -2.6793919], [13.789655, -2.6792633], [13.7893653, -2.6792258], [13.7888932, -2.6792686], [13.7885821, -2.6792338], [13.7883863, -2.6791642], [13.7882173, -2.6789846], [13.7880456, -2.6783577], [13.7877345, -2.6767287], [13.7873053, -2.6758927], [13.786447, -2.675164], [13.7842584, -2.6732778], [13.7834859, -2.6725276], [13.78281, -2.6718631], [13.7825417, -2.671338], [13.7824988, -2.6706199], [13.7827241, -2.6696982], [13.783046, -2.6686051], [13.7830031, -2.6681121], [13.7828636, -2.6673726], [13.7821984, -2.6665045], [13.7817585, -2.6659794], [13.7815225, -2.6655828], [13.7813616, -2.6649719], [13.7814474, -2.6640074], [13.7815869, -2.6627535], [13.7811899, -2.6598384], [13.7812221, -2.6594311], [13.7814045, -2.659131], [13.781898, -2.6590346], [13.7830996, -2.6584344], [13.7849343, -2.6575556], [13.7854385, -2.6569876], [13.7858462, -2.6562802], [13.7861681, -2.6553157], [13.7863827, -2.654544], [13.7862217, -2.6537509], [13.7851113, -2.6520576], [13.7837326, -2.6510127], [13.7826544, -2.6507072], [13.7821662, -2.6507233], [13.7817961, -2.6509055], [13.7815332, -2.6513074], [13.7813508, -2.6524434], [13.781206, -2.6536652], [13.7808949, -2.6550477], [13.7806642, -2.6554496], [13.7804496, -2.6556104], [13.780235, -2.655605], [13.7800902, -2.6554764], [13.7800205, -2.6550424], [13.7800741, -2.6540725], [13.7800741, -2.6532258], [13.7799293, -2.6520147], [13.7795216, -2.6506161], [13.7789798, -2.6494158], [13.7781537, -2.6480332], [13.777703, -2.6471544], [13.7777004, -2.6467847], [13.7778693, -2.6465917], [13.7781201, -2.6464631], [13.7784246, -2.6464605], [13.7786821, -2.6466614], [13.7788886, -2.6468249], [13.7793472, -2.646924], [13.7798166, -2.6468677], [13.7800151, -2.6467793], [13.7803102, -2.6467793], [13.7805542, -2.6468597], [13.7807929, -2.6469936], [13.7815762, -2.6474759], [13.7823647, -2.647567], [13.7826544, -2.6474813], [13.7828743, -2.6473152], [13.7831533, -2.64679], [13.7832284, -2.6461309], [13.7831265, -2.6456111], [13.7827349, -2.644609], [13.7821555, -2.6429693], [13.7821555, -2.6412652], [13.7823808, -2.6399041], [13.7831318, -2.6380285], [13.7836361, -2.6357457], [13.7835395, -2.6351884], [13.7831533, -2.6345561], [13.7818122, -2.6336558], [13.7808788, -2.6328627], [13.780117, -2.6316087], [13.7793445, -2.629551], [13.7784648, -2.6270645], [13.7776065, -2.6244923], [13.7756109, -2.6199051], [13.7738836, -2.6169471], [13.7722421, -2.6152966], [13.7707722, -2.6141498], [13.7689537, -2.6129494], [13.7687015, -2.6124671], [13.7686318, -2.6118669], [13.7688035, -2.6115347], [13.7691253, -2.6111488], [13.7692487, -2.6108273], [13.7693828, -2.6104039], [13.7694526, -2.6095251], [13.7692434, -2.6083086], [13.7689376, -2.607344], [13.7687284, -2.6071243], [13.7684494, -2.6070761], [13.7679613, -2.6072261], [13.766942, -2.60818], [13.7667006, -2.6083354], [13.7663627, -2.6084265], [13.7657082, -2.6083408], [13.7624895, -2.6075477], [13.7603116, -2.6068725], [13.7597591, -2.6066099], [13.7594935, -2.6062616], [13.7593996, -2.6059507], [13.7595391, -2.6054899], [13.7598073, -2.6050076], [13.7604296, -2.6046646], [13.7614059, -2.6046378], [13.7622321, -2.6047825], [13.7627363, -2.6048361], [13.7629294, -2.6047664], [13.7630743, -2.6045789], [13.7631869, -2.6043163], [13.7631655, -2.6039894], [13.76279, -2.6033892], [13.7618565, -2.6026497], [13.7603545, -2.6006669], [13.7600756, -2.5998416], [13.7600648, -2.5990485], [13.7609339, -2.5972693], [13.7627685, -2.5939254], [13.7633693, -2.5931215], [13.7642491, -2.592532], [13.765676, -2.5916317], [13.7669206, -2.5907207], [13.7683689, -2.5896918], [13.7688839, -2.5889737], [13.7691522, -2.5881806], [13.7690771, -2.5872481], [13.7687337, -2.5861871], [13.7687015, -2.5853993], [13.7689161, -2.5845258], [13.7695491, -2.583529], [13.7697101, -2.582768], [13.7696671, -2.582559], [13.7695652, -2.5823822], [13.768959, -2.5821035], [13.7681973, -2.5819535], [13.7679827, -2.5817981], [13.767854, -2.5815569], [13.7678325, -2.5811282], [13.767972, -2.5806137], [13.76809, -2.5798313], [13.7677038, -2.5782451], [13.7666416, -2.5747081], [13.7660515, -2.5721251], [13.7657994, -2.5694831], [13.7656921, -2.5693062], [13.7654668, -2.5692151], [13.7648821, -2.5691991], [13.7628007, -2.5695313], [13.7553978, -2.570646], [13.7493682, -2.5711176], [13.7466323, -2.5710426], [13.7452912, -2.5707853], [13.7448728, -2.5706031], [13.7443793, -2.5701851], [13.7440467, -2.5696171], [13.7438428, -2.5694402], [13.7433493, -2.5691026], [13.7421799, -2.5684274], [13.7393153, -2.5668625], [13.7370515, -2.5649386], [13.7362254, -2.563765], [13.736161, -2.5633577], [13.7362897, -2.5629183], [13.7370193, -2.5621144], [13.7380278, -2.5611498], [13.7395191, -2.5598207], [13.7402487, -2.5589418], [13.740313, -2.5585238], [13.7402594, -2.5580737], [13.740136, -2.5579665], [13.7398893, -2.5579611], [13.7393153, -2.5582559], [13.7376094, -2.5589954], [13.7368047, -2.5592366], [13.7358928, -2.5594456], [13.7342513, -2.5591026], [13.7330603, -2.5584702], [13.7325883, -2.5579129], [13.7324595, -2.5572591], [13.7324166, -2.5558872], [13.732202, -2.554751], [13.7316871, -2.5542366], [13.7310541, -2.5541294], [13.7301636, -2.5542473], [13.7295735, -2.5545688], [13.7282002, -2.5557264], [13.7269556, -2.5564767], [13.7262475, -2.5564981], [13.7253356, -2.5562302], [13.7245309, -2.5556621], [13.7233078, -2.5539043], [13.7217951, -2.5525217], [13.7202501, -2.5515677], [13.7183028, -2.5510158], [13.7171334, -2.5509997], [13.7143171, -2.5515034], [13.7126756, -2.5517607], [13.7122625, -2.551541], [13.7120479, -2.5512355], [13.7118709, -2.5506996], [13.7121177, -2.5501101], [13.7139382, -2.5491291], [13.7162557, -2.5480144], [13.7184799, -2.5470554], [13.7199283, -2.5465195], [13.7204486, -2.5460479], [13.7206256, -2.5456781], [13.72069, -2.5452333], [13.720572, -2.5445794], [13.7197566, -2.5432933], [13.7179756, -2.5408495], [13.7167954, -2.5389845], [13.715744, -2.5371838], [13.7147784, -2.5365407], [13.7126434, -2.5358548], [13.711034, -2.5355761], [13.7102616, -2.5353617], [13.7100041, -2.5346758], [13.7099612, -2.5338504], [13.7103581, -2.5333252], [13.71205, -2.5318084], [13.7140918, -2.53086], [13.7159371, -2.5298096], [13.7164092, -2.5286306], [13.7163663, -2.5275802], [13.7167525, -2.5268835], [13.7175431, -2.5263206], [13.7184906, -2.5260153], [13.7189412, -2.5255973], [13.7192416, -2.5245147], [13.7189197, -2.5234], [13.7174573, -2.5219474], [13.7170281, -2.5205755], [13.717629, -2.518689], [13.7196031, -2.5169741], [13.721559, -2.514568], [13.7236371, -2.5119149], [13.724885, -2.5098733], [13.7258935, -2.50893], [13.7266874, -2.5083512], [13.7269771, -2.5074294], [13.7270093, -2.5065934], [13.7266981, -2.5052965], [13.7255394, -2.502381], [13.7231147, -2.4987474], [13.7224495, -2.4979649], [13.720926, -2.4971181], [13.7198317, -2.4968716], [13.719306, -2.4964214], [13.7189734, -2.4954032], [13.7188306, -2.494047], [13.7187448, -2.4918497], [13.7181902, -2.4888004], [13.7171998, -2.4870477], [13.7153363, -2.4863994], [13.7136807, -2.4867047], [13.7122216, -2.488677], [13.7098184, -2.4909922], [13.7085771, -2.4913515], [13.7069249, -2.4911586], [13.7053552, -2.490049], [13.7050118, -2.488677], [13.7055268, -2.4855042], [13.7050977, -2.4825887], [13.7036386, -2.4779582], [13.7016248, -2.4749947], [13.6998439, -2.4740085], [13.6979341, -2.4735155], [13.6956382, -2.473344], [13.6945009, -2.4727651], [13.6936855, -2.4712431], [13.6933389, -2.4650956], [13.6943688, -2.4615798], [13.6959386, -2.4594737], [13.6986604, -2.4572064], [13.7011206, -2.4545537], [13.7017, -2.4525921], [13.7015605, -2.4509628], [13.7008309, -2.4498159], [13.6989856, -2.448819], [13.6961102, -2.4480044], [13.6950159, -2.4480151], [13.6943078, -2.4484439], [13.6933389, -2.4494887], [13.6929955, -2.4522328], [13.6925053, -2.4539213], [13.6917543, -2.4554434], [13.6901021, -2.457137], [13.6877632, -2.4578016], [13.6865186, -2.4573728], [13.6855283, -2.4563489], [13.6854243, -2.4556578], [13.6857998, -2.4553362], [13.6869156, -2.4552183], [13.6876881, -2.4550361], [13.6880314, -2.4545859], [13.6880958, -2.4539159], [13.6879992, -2.453514], [13.6875164, -2.4529887], [13.6854424, -2.4500033], [13.6830425, -2.4471897], [13.681755, -2.4449387], [13.6809397, -2.4418731], [13.6806285, -2.4329762], [13.6801779, -2.4310039], [13.6793518, -2.429932], [13.678236, -2.4295461], [13.6768594, -2.4295941], [13.6733403, -2.4328527], [13.6716237, -2.43311], [13.6699748, -2.4327618], [13.6688804, -2.4320115], [13.6637273, -2.4259067], [13.6632123, -2.4242773], [13.6630406, -2.421962], [13.6638989, -2.4199896], [13.6655545, -2.4180122], [13.667829, -2.4161041], [13.6680007, -2.4154181], [13.667829, -2.4143033], [13.6666455, -2.4129578], [13.6649001, -2.4112268], [13.6643422, -2.410305], [13.664192, -2.4093402], [13.6645567, -2.4083112], [13.6655974, -2.4074], [13.6668634, -2.4068426], [13.6680007, -2.406178], [13.6689126, -2.4051918], [13.6694598, -2.4039055], [13.6697173, -2.4019117], [13.6695671, -2.3974953], [13.6689877, -2.3958445], [13.6677646, -2.3945796], [13.6663699, -2.3940008], [13.6647391, -2.3936792], [13.6635804, -2.3929288], [13.6626363, -2.3914066], [13.6621964, -2.3895629], [13.6616599, -2.3880193], [13.6615097, -2.3870974], [13.6617672, -2.3859611], [13.6627114, -2.3850714], [13.6643314, -2.3838172], [13.6652219, -2.3830347], [13.6654365, -2.3819306], [13.6653399, -2.3810194], [13.6652648, -2.3797438], [13.6651254, -2.3790577], [13.6653829, -2.3783502], [13.6660373, -2.3775892], [13.6670029, -2.3766244], [13.6689663, -2.3746627], [13.671509, -2.3717684], [13.6719918, -2.3709859], [13.6720025, -2.3704928], [13.6719382, -2.3700211], [13.6715197, -2.3682738], [13.6711872, -2.3670517], [13.6712623, -2.3660655], [13.6717129, -2.3651222], [13.6722922, -2.3636107], [13.6723995, -2.3625602], [13.6719811, -2.3615097], [13.6711764, -2.36077], [13.670361, -2.3602876], [13.669095, -2.3593228], [13.6687517, -2.3589262], [13.6684835, -2.3582401], [13.6682045, -2.356332], [13.6680973, -2.3553083], [13.6677754, -2.3549492], [13.6673677, -2.3546865], [13.6665469, -2.3544078], [13.6656403, -2.3543114], [13.6646694, -2.3542417], [13.6640417, -2.3539094], [13.6636233, -2.3534162], [13.663044, -2.3517976], [13.662647, -2.3507899], [13.6617136, -2.3492462], [13.658967, -2.3468343], [13.6568212, -2.3435754], [13.6562204, -2.3419675], [13.6561453, -2.3398449], [13.6564779, -2.3394108], [13.6568534, -2.3392661], [13.6573631, -2.3393465], [13.6578834, -2.3396252], [13.6583394, -2.3400245], [13.6586049, -2.3400218], [13.6587471, -2.3399655], [13.6588141, -2.3397806], [13.6586988, -2.3392661], [13.6582804, -2.3385264], [13.6577117, -2.3370899], [13.6560273, -2.3348173], [13.6551475, -2.3328341], [13.6550564, -2.3316817], [13.6552441, -2.3311511], [13.6555499, -2.3309796], [13.6558878, -2.3309581], [13.6561936, -2.3310653], [13.656435, -2.3313172], [13.6565155, -2.3320033], [13.6566925, -2.3325875], [13.6578083, -2.3336703], [13.6592138, -2.3340669], [13.6603832, -2.3341098], [13.6615097, -2.3339383], [13.6620355, -2.3335738], [13.6620569, -2.3329949], [13.6617029, -2.3325447], [13.6602008, -2.3318479], [13.6596215, -2.330926], [13.6594605, -2.3303792], [13.6594391, -2.328932], [13.6595034, -2.3270453], [13.6590314, -2.3240437], [13.656671, -2.3198843], [13.6561346, -2.3188767], [13.6554587, -2.3184693], [13.6536562, -2.3184264], [13.652519, -2.3180191], [13.6520898, -2.3175045], [13.6516285, -2.3164647], [13.6511886, -2.3159822], [13.6502874, -2.3156285], [13.6480772, -2.3151354], [13.6463928, -2.3145243], [13.6450088, -2.3138811], [13.6444294, -2.3130235], [13.645159, -2.3124553], [13.646146, -2.3121016], [13.6462855, -2.3112225], [13.6470365, -2.3107187], [13.6480772, -2.3104185], [13.6491448, -2.3100594], [13.6496544, -2.3089177], [13.6504, -2.3075616], [13.6504269, -2.3066718], [13.6498582, -2.3057124], [13.6490643, -2.3044903], [13.6480719, -2.3036327], [13.6471975, -2.3033486], [13.6467361, -2.3033164], [13.6461997, -2.3036005], [13.6459905, -2.3041472], [13.6459422, -2.3053854], [13.6456364, -2.3060018], [13.6445689, -2.30724], [13.6436623, -2.3082691], [13.6425412, -2.3089391], [13.6413985, -2.30925], [13.6402827, -2.3087569], [13.6388558, -2.3080655], [13.6378607, -2.3070953], [13.6373618, -2.3061573], [13.6373135, -2.3053131]]}}, {"type": "Feature", "properties": {"name": "Ogoou\u00e9", "osm_id": 88494261}, "geometry": {"type": "LineString", "coordinates": [[13.5574293, -1.9917317], [13.5572684, -1.9914449], [13.5570645, -1.991268], [13.5564959, -1.990957], [13.5549188, -1.990185], [13.5532343, -1.9893433], [13.5523438, -1.9885552], [13.5515746, -1.987306], [13.5513031, -1.9862713], [13.5513031, -1.9853599], [13.5516035, -1.9843091], [13.5522687, -1.9829474], [13.5530305, -1.9813926], [13.5536849, -1.9804919], [13.5544038, -1.9799237], [13.5553606, -1.9795578], [13.560017, -1.978314], [13.5642025, -1.9773127], [13.5655993, -1.9768731], [13.5661894, -1.9764281], [13.5664737, -1.9759992], [13.5667527, -1.9753613], [13.5667634, -1.9748144], [13.566581, -1.9743373], [13.5662055, -1.9741443], [13.5657656, -1.9741121], [13.565036, -1.9743587], [13.5641456, -1.9748198], [13.5627079, -1.9755596], [13.5614312, -1.9757633], [13.5581267, -1.9758598], [13.5566997, -1.9757097], [13.5557556, -1.9754202], [13.5544252, -1.9747447], [13.5531592, -1.9736617], [13.551861, -1.9727825], [13.5502517, -1.9718068], [13.5493183, -1.97141], [13.5479772, -1.9709597], [13.5453594, -1.9701233], [13.5441148, -1.96948], [13.5391474, -1.9661882], [13.5381281, -1.9651159], [13.5377955, -1.963797], [13.5379457, -1.9626497], [13.5384714, -1.9614059], [13.539083, -1.9606553], [13.5401773, -1.9600334], [13.5417008, -1.9588325], [13.5421729, -1.9578139], [13.5421085, -1.9567309], [13.5418939, -1.9562162], [13.5413575, -1.9559052], [13.540349, -1.9555728], [13.5386753, -1.9550367], [13.5369909, -1.9541789], [13.5357678, -1.9528386], [13.5352099, -1.9518735], [13.5350275, -1.9507477], [13.5348987, -1.9483887], [13.535049, -1.9473271], [13.5352421, -1.946791], [13.5359287, -1.9460512], [13.5386967, -1.943542], [13.5404381, -1.941628], [13.5413146, -1.9402395], [13.5417652, -1.9389956], [13.5418081, -1.9381271], [13.5415399, -1.9370763], [13.540231, -1.9350282], [13.5383105, -1.9317364], [13.5369372, -1.9286268], [13.5358643, -1.9253992], [13.5348451, -1.922933], [13.5344696, -1.9224183], [13.53396, -1.9219465], [13.5332143, -1.9216409], [13.532517, -1.9212602], [13.5322005, -1.9208956], [13.5320771, -1.9205525], [13.5320878, -1.9200861], [13.5321093, -1.9196947], [13.5321414, -1.9192979], [13.532297, -1.9186331], [13.5324258, -1.9181077], [13.5323683, -1.9167551], [13.5322916, -1.9154699], [13.5324418, -1.9150195], [13.5329139, -1.9146549], [13.5343194, -1.914344], [13.5357034, -1.9143386], [13.5364705, -1.914537], [13.5370675, -1.9148463], [13.5374281, -1.9149337], [13.5376319, -1.9148721], [13.5377794, -1.9147434], [13.5379243, -1.9144083], [13.5381818, -1.913068], [13.5383963, -1.9122959], [13.5387289, -1.9117705], [13.5407674, -1.9098189], [13.5411644, -1.9089611], [13.5413956, -1.9082154], [13.5414433, -1.9073044], [13.5414112, -1.9064573], [13.5411912, -1.9057925], [13.5407191, -1.9049936]]}}, {"type": "Feature", "properties": {"name": "Ngouni\u00e9", "osm_id": 199676540}, "geometry": {"type": "LineString", "coordinates": [[11.8446203, -2.4340468], [11.8444261, -2.433978], [11.8441924, -2.4339704], [11.8439688, -2.4340257], [11.8437526, -2.4341473], [11.843551, -2.4343372], [11.8433677, -2.4346645], [11.8432534, -2.4350004], [11.8431708, -2.4354338], [11.8431326, -2.4364703], [11.8425211, -2.4374886], [11.8409332, -2.438464], [11.8394741, -2.4390965], [11.8375644, -2.4388392], [11.8363842, -2.4382175], [11.8346568, -2.4377673], [11.8319103, -2.437778], [11.8306013, -2.4374671], [11.8291637, -2.4366954], [11.8285092, -2.436749], [11.8278333, -2.4363738], [11.8268784, -2.4350017], [11.825827, -2.4346694], [11.8251511, -2.4348088], [11.8246468, -2.4352483], [11.8247649, -2.4357199], [11.8252369, -2.4364917], [11.8260738, -2.4371777], [11.8260952, -2.4378209], [11.825591, -2.4385712], [11.8249258, -2.4405971], [11.8248292, -2.4418727], [11.8244966, -2.4431697], [11.8241319, -2.4436521], [11.8217071, -2.4449705], [11.8203982, -2.4458924], [11.8199798, -2.446782], [11.8195506, -2.449912], [11.8185958, -2.4511554], [11.8176302, -2.4516914], [11.8163856, -2.4528276], [11.8164178, -2.4536744], [11.8169435, -2.4541138], [11.8170615, -2.4545855], [11.8162998, -2.4556038], [11.8156561, -2.4558182], [11.8146368, -2.4566221], [11.8134781, -2.4571366], [11.8103238, -2.4571044], [11.8072017, -2.4562898], [11.8063864, -2.456472], [11.8050667, -2.4574689], [11.8038651, -2.4576082], [11.8032106, -2.4572331], [11.8029639, -2.4566328], [11.8029746, -2.4560433], [11.8044444, -2.4549285], [11.8048521, -2.4535457], [11.8046697, -2.4526882], [11.8047341, -2.4515627], [11.8043586, -2.4507374], [11.8036076, -2.4505123], [11.8027815, -2.4506087], [11.802127, -2.451284], [11.8001851, -2.4527633], [11.7988654, -2.4533528], [11.7970094, -2.4538244], [11.793619, -2.4535886], [11.7914947, -2.4530955], [11.7881473, -2.4501585], [11.7860981, -2.4490009], [11.7843064, -2.4480147], [11.7833408, -2.4479397], [11.7828044, -2.4484328], [11.7824074, -2.4500513], [11.7812272, -2.4510804], [11.7802295, -2.4513269], [11.7792209, -2.4508981], [11.7778047, -2.4512626], [11.7771396, -2.45197], [11.7765924, -2.4521201], [11.7762598, -2.4524738], [11.7746826, -2.4532778], [11.7740818, -2.4529133], [11.7736205, -2.4530312], [11.7734059, -2.4534171], [11.7732882, -2.455229], [11.7726016, -2.4580803], [11.7740607, -2.4615102], [11.7738675, -2.4621963], [11.7723656, -2.4635469], [11.768825, -2.4660337], [11.7684173, -2.4666768], [11.7677092, -2.4715432], [11.7670225, -2.4753591], [11.7663788, -2.477117], [11.7651772, -2.4791964], [11.7628491, -2.4817582], [11.7619157, -2.4830766], [11.7602634, -2.4861422], [11.7601239, -2.487064], [11.7597883, -2.488583], [11.7588411, -2.4912597], [11.7589638, -2.4921326], [11.7597028, -2.4928065], [11.759786, -2.4934041], [11.7602098, -2.4937203], [11.7602444, -2.4943557], [11.7600751, -2.4951519], [11.7595648, -2.4954366], [11.7588662, -2.4961346], [11.7587779, -2.4968661], [11.7584511, -2.4972358], [11.7582696, -2.4979538], [11.7574417, -2.498608], [11.7572271, -2.4991975], [11.7575698, -2.5008468], [11.7573867, -2.5016815], [11.7559906, -2.5030723], [11.7557304, -2.504396], [11.7550814, -2.5065719], [11.75484, -2.5082976], [11.7549526, -2.5091444], [11.7556714, -2.509616], [11.7562525, -2.5096459], [11.7567263, -2.5098258], [11.7570516, -2.5102285], [11.7568439, -2.5112911], [11.756407, -2.5125161], [11.7565847, -2.5141729], [11.7568971, -2.5147853], [11.7575434, -2.5150455], [11.7584069, -2.5150299], [11.7591254, -2.5141628], [11.7597256, -2.5139078], [11.7603036, -2.5139764], [11.760537, -2.514371], [11.7607462, -2.5151387], [11.7614865, -2.5151092], [11.7619371, -2.515479], [11.7625594, -2.5152111], [11.7629456, -2.5154255], [11.7636108, -2.5161543], [11.763643, -2.5166367], [11.7632568, -2.5169046], [11.7628491, -2.5173227], [11.7631226, -2.5179657], [11.7629778, -2.5187267], [11.7624843, -2.5193377], [11.7621624, -2.5199916], [11.7612451, -2.5207043], [11.7606604, -2.5214385], [11.7595339, -2.5224836], [11.7594265, -2.5229605], [11.7598558, -2.5237109], [11.7598343, -2.5242146], [11.7594802, -2.5246434], [11.7590511, -2.5246219], [11.7578387, -2.5243432], [11.7573988, -2.524429], [11.7571171, -2.5249046], [11.7574256, -2.5251016], [11.7575704, -2.5254526], [11.7573022, -2.526026], [11.7567766, -2.5266476], [11.7562401, -2.5268835], [11.7548775, -2.5280625], [11.7545771, -2.5285019], [11.7540836, -2.5287807], [11.7534613, -2.5288557], [11.7529356, -2.5290915], [11.752249, -2.5299918], [11.7516804, -2.5315782], [11.7510903, -2.5317496], [11.7499745, -2.531905], [11.7490303, -2.5323391], [11.7484617, -2.5332931], [11.7485475, -2.5341398], [11.7489981, -2.5344614], [11.7490411, -2.5351902], [11.7486334, -2.5358119], [11.7480432, -2.5362514], [11.7472601, -2.5365514], [11.745243, -2.5372374], [11.7437946, -2.5385558], [11.7417884, -2.5395311], [11.7402112, -2.5409567], [11.739192, -2.5416641], [11.73666, -2.5443436], [11.7348361, -2.5461657], [11.7330551, -2.5474734], [11.7316604, -2.5478271], [11.7306947, -2.5484809]]}}, {"type": "Feature", "properties": {"name": "Ogoou\u00e9", "osm_id": 200124534}, "geometry": {"type": "LineString", "coordinates": [[9.2051053, -1.05879], [9.2020053, -1.0581174], [9.198695, -1.0581922], [9.1914903, -1.059284], [9.188494, -1.0590045], [9.1848472, -1.0568873], [9.1804026, -1.054376], [9.1761691, -1.0534619], [9.1642191, -1.0539495], [9.1570512, -1.0541572], [9.1485643, -1.0500153]]}}, {"type": "Feature", "properties": {"name": "Ogoou\u00e9", "osm_id": 200124537}, "geometry": {"type": "LineString", "coordinates": [[9.1434145, -1.0496506], [9.1318095, -1.0555273], [9.1245379, -1.0572827], [9.108855, -1.0605586], [9.10661, -1.0606716], [9.1028501, -1.0630824], [9.0992308, -1.0683175], [9.0949724, -1.0739663], [9.0915459, -1.0762948], [9.0872244, -1.0759737], [9.0818476, -1.0748872], [9.0794141, -1.0732946], [9.0764757, -1.0679565], [9.0718857, -1.0625608], [9.067046, -1.0569154], [9.0564447, -1.052019], [9.0514898, -1.0496379], [9.0492481, -1.0495124], [9.0442878, -1.0492347], [9.0372868, -1.0505745]]}}, {"type": "Feature", "properties": {"name": "Komo", "osm_id": 228566081}, "geometry": {"type": "LineString", "coordinates": [[10.6042358, 0.5977573], [10.6045295, 0.5968911], [10.6044437, 0.5954106], [10.6051746, 0.5938333]]}}, {"type": "Feature", "properties": {"name": "Nyanga", "osm_id": 233565415}, "geometry": {"type": "LineString", "coordinates": [[10.5284271, -2.8478266], [10.5267999, -2.8482598], [10.5260996, -2.8490071], [10.5261743, -2.8500898], [10.5266997, -2.8510867], [10.5271067, -2.852609], [10.5268419, -2.8536546], [10.5256212, -2.8547327], [10.5253231, -2.8556822], [10.5257182, -2.8569109], [10.5253302, -2.8576896], [10.5227139, -2.8601763], [10.5208916, -2.8618702], [10.5199112, -2.8640102], [10.5192421, -2.8650252], [10.5169968, -2.8665873], [10.5152351, -2.8688999], [10.5134572, -2.8700306], [10.5123589, -2.8706125], [10.5115857, -2.8720047], [10.5103166, -2.8728669], [10.5100667, -2.8737078], [10.5103993, -2.8749875], [10.511281, -2.8761776], [10.5114331, -2.8771535], [10.5106254, -2.8781585], [10.5089353, -2.8795017], [10.5085408, -2.8806369], [10.5083725, -2.8820768], [10.5087062, -2.8832688], [10.5092455, -2.8840344], [10.5096775, -2.8846715], [10.5097261, -2.885742], [10.5099056, -2.8865026], [10.5107933, -2.8884742], [10.5110665, -2.8893312], [10.5107253, -2.8901927], [10.5078456, -2.8918433], [10.5067361, -2.8926902], [10.5042034, -2.8957713], [10.5033253, -2.8966717], [10.5024254, -2.8975294], [10.5015801, -2.8982839], [10.4999743, -2.8996712], [10.4985332, -2.9018622], [10.4965986, -2.9054891], [10.4932884, -2.9117815], [10.4915341, -2.9159068], [10.4904205, -2.9201561], [10.4909411, -2.9236147], [10.4921054, -2.9266875], [10.4938079, -2.9290544], [10.4966039, -2.9312687], [10.498488, -2.9332258], [10.4991275, -2.9354544], [10.4987222, -2.9375131], [10.4974278, -2.9396234], [10.4965962, -2.9412649], [10.4962581, -2.9431421], [10.4966994, -2.9463466], [10.4966471, -2.949219], [10.4958048, -2.9521988], [10.4943259, -2.9544632], [10.4923213, -2.9564919], [10.4902128, -2.9574126], [10.4877996, -2.9571541], [10.4852577, -2.9565634], [10.4824269, -2.9550392], [10.4800698, -2.9546693], [10.4783913, -2.9554371], [10.4772707, -2.9568798], [10.4775951, -2.95856], [10.478864, -2.959719], [10.4812783, -2.9603348], [10.4847446, -2.9602903], [10.4868269, -2.9604601], [10.4883996, -2.961814], [10.4891248, -2.9632751], [10.4890351, -2.9648637], [10.4883427, -2.9665881], [10.4863253, -2.969152], [10.4838573, -2.9716195], [10.4808777, -2.9759022], [10.4781771, -2.9789635], [10.4731806, -2.9818844], [10.4687897, -2.9833698], [10.4665124, -2.9847373], [10.4652284, -2.9865613], [10.4640517, -2.9890496], [10.4632431, -2.9926119], [10.4629564, -2.9975383], [10.4624063, -3.002004], [10.4616845, -3.0054518], [10.4607439, -3.0069629], [10.4593614, -3.0082374], [10.4578471, -3.0088271], [10.4557442, -3.0091057]]}}, {"type": "Feature", "properties": {"name": "Nyanga", "osm_id": 233565416}, "geometry": {"type": "LineString", "coordinates": [[11.0084875, -2.9451261], [11.0028781, -2.9486215], [11.0003637, -2.9496703], [10.997944, -2.9495843], [10.9964133, -2.9489395], [10.9951718, -2.9477868], [10.9938766, -2.9467198], [10.9930442, -2.9459268], [10.9927021, -2.944892], [10.9926964, -2.9434256], [10.9933707, -2.9422218], [10.9947531, -2.9405252], [10.9950507, -2.9392562], [10.9947923, -2.937863], [10.9931655, -2.9351648], [10.9920027, -2.933716], [10.9908294, -2.9330589], [10.9895207, -2.9327461], [10.9874299, -2.9329395], [10.9851179, -2.9334197], [10.9836752, -2.9343533], [10.982447, -2.9355441], [10.9811061, -2.936346], [10.9798091, -2.9367578], [10.9780878, -2.9364187], [10.9766612, -2.9357168], [10.9755595, -2.9345099], [10.9744891, -2.9338908], [10.9729788, -2.9335718], [10.9708818, -2.9336209], [10.9683194, -2.9331675], [10.9655236, -2.9334858], [10.9630005, -2.9344833], [10.9606573, -2.9360412], [10.9597149, -2.9371877], [10.9592244, -2.9385178], [10.9578541, -2.9407694], [10.956792, -2.9422746], [10.9555779, -2.9431002], [10.9535284, -2.9433496], [10.9492025, -2.9432576], [10.9467545, -2.943989], [10.9453793, -2.9442703], [10.9436196, -2.9448847], [10.9426647, -2.9455026], [10.941742, -2.9457883], [10.9400961, -2.9456739], [10.9384142, -2.9444961], [10.9360628, -2.9416163], [10.9344267, -2.938166], [10.9280516, -2.9303056], [10.9259094, -2.9270838], [10.9235414, -2.9242889], [10.9216986, -2.9234289], [10.9198903, -2.9237444], [10.9181337, -2.924914], [10.9138372, -2.9265567], [10.9113138, -2.9267716], [10.9082396, -2.926333], [10.9069824, -2.9257654], [10.9063452, -2.9248796], [10.9059448, -2.9235996], [10.9053636, -2.9228732], [10.9045071, -2.9226132], [10.9032622, -2.9227836], [10.9011032, -2.9225236], [10.8987725, -2.9218886], [10.8965286, -2.9207345], [10.894255, -2.9201008], [10.8927218, -2.9199922], [10.8912464, -2.9200124], [10.8901925, -2.9205412], [10.889616, -2.9213791], [10.889304, -2.9226007], [10.8886066, -2.9232026], [10.8875474, -2.923366], [10.8861094, -2.9230478], [10.8848694, -2.9221879], [10.8841243, -2.9210811], [10.883068, -2.9203279], [10.8821984, -2.9203022], [10.8813908, -2.9208872], [10.8804488, -2.9214114], [10.8792164, -2.9217296], [10.8778874, -2.9225194], [10.8765963, -2.9239853], [10.8747687, -2.9266942], [10.8726531, -2.9292785], [10.8692651, -2.9319487], [10.8673265, -2.9331604], [10.8653236, -2.9343293], [10.8627933, -2.9355797], [10.8618858, -2.9363832], [10.8607852, -2.9376367], [10.8595679, -2.9384094], [10.8589456, -2.9392509], [10.858262, -2.9396219], [10.857319, -2.9396077], [10.8561735, -2.9394762], [10.8556568, -2.9396772], [10.8552793, -2.9404129], [10.853871, -2.9412866], [10.8513137, -2.9423171], [10.8498194, -2.9433366], [10.8475525, -2.9452776], [10.8456649, -2.9464573], [10.8442888, -2.9466337], [10.8424378, -2.9463235], [10.8407273, -2.9461579], [10.8396065, -2.9464573], [10.8384617, -2.9465911], [10.8376519, -2.9464452], [10.8366899, -2.9457215], [10.8361427, -2.9446696], [10.8356, -2.9420487], [10.8357035, -2.9404433], [10.8364626, -2.938566]]}}, {"type": "Feature", "properties": {"name": "Nyanga", "osm_id": 233812408}, "geometry": {"type": "LineString", "coordinates": [[11.460061, -3.2092809], [11.4583175, -3.2085794], [11.4561557, -3.2077867], [11.4540689, -3.2066352], [11.4525964, -3.2055077], [11.4514779, -3.2037483], [11.4504801, -3.2026503], [11.4493483, -3.2004543], [11.4479294, -3.1983373], [11.4468109, -3.1966702], [11.4460882, -3.1959357], [11.445164, -3.1949964], [11.442793, -3.1935744], [11.4399821, -3.1923506], [11.4376431, -3.1915632], [11.4347785, -3.1900742], [11.4325791, -3.1882853], [11.4297144, -3.1852001], [11.4278369, -3.1832344], [11.4261954, -3.1823614], [11.4224886, -3.1820722], [11.4210349, -3.1823936], [11.4201593, -3.1835911], [11.4201143, -3.1850383], [11.4210993, -3.1878246], [11.4210671, -3.1892922], [11.4203053, -3.1904706], [11.4178591, -3.1916757], [11.41537, -3.1921095], [11.41281, -3.193007], [11.4106943, -3.194374], [11.40904, -3.1961908], [11.4077096, -3.1971041], [11.4068227, -3.1973208], [11.4059769, -3.1973478], [11.4051455, -3.1977655], [11.4044639, -3.1985898], [11.4039707, -3.1990483], [11.4028174, -3.1995492], [11.400886, -3.1997365], [11.3999875, -3.2000418], [11.3990246, -3.2001329], [11.3975858, -3.199745], [11.3965967, -3.198675], [11.3963971, -3.1979418], [11.3964229, -3.1971443], [11.3967415, -3.1959702], [11.3972157, -3.1947371], [11.3972924, -3.193471], [11.3972404, -3.1921513], [11.3976245, -3.1908026], [11.3991614, -3.188304], [11.3996362, -3.1863303], [11.3996416, -3.184868], [11.3999017, -3.18219], [11.4003443, -3.1793512], [11.4000707, -3.1781728], [11.3988316, -3.1763384], [11.397689, -3.175361], [11.3967609, -3.174978], [11.3956183, -3.175002], [11.3937461, -3.1756983], [11.3912731, -3.1775301], [11.3894653, -3.1787352], [11.3870352, -3.1795012], [11.3829153, -3.1816651], [11.3809304, -3.1816865], [11.3793426, -3.1811991], [11.378066, -3.1803474], [11.3775295, -3.178762], [11.377465, -3.1772195], [11.3783899, -3.1757829], [11.3799155, -3.1739392], [11.3813596, -3.1729025], [11.3830054, -3.1721288], [11.3835698, -3.1706207], [11.3834196, -3.1688585], [11.3829046, -3.1673319], [11.3817888, -3.1658268], [11.3802546, -3.1650501], [11.3784092, -3.1647609], [11.3768685, -3.1654979], [11.3754073, -3.1667791], [11.3728624, -3.1701172], [11.3713496, -3.1719383], [11.370148, -3.1743378], [11.3691416, -3.1766452], [11.3677275, -3.1790383], [11.3663178, -3.1800583], [11.3646066, -3.1799886], [11.3626189, -3.179418], [11.3597652, -3.1785987], [11.3582135, -3.1778984], [11.3571125, -3.1770909], [11.3560825, -3.1753234], [11.3545643, -3.1724203], [11.3529925, -3.1703635], [11.3509744, -3.1692418], [11.348561, -3.1682708], [11.3464265, -3.1680497], [11.343916, -3.1686228], [11.3409871, -3.1696137], [11.3378703, -3.1707706], [11.3355261, -3.1710599], [11.3339617, -3.1705124], [11.3323223, -3.1693222], [11.3309663, -3.1675355], [11.3296037, -3.1653288], [11.329432, -3.1638946], [11.3290779, -3.1621284], [11.328284, -3.1596886], [11.3283913, -3.1579585], [11.329668, -3.1559927], [11.3306873, -3.1538449], [11.3309448, -3.1520666], [11.3303333, -3.1506739], [11.3294696, -3.1500365], [11.3283591, -3.1497526], [11.3274154, -3.150017], [11.3263532, -3.1506981], [11.3235743, -3.152654], [11.3225012, -3.1539841], [11.3219433, -3.1552776], [11.3216858, -3.1567212], [11.3210313, -3.1586656], [11.3199209, -3.161258], [11.3195185, -3.164386], [11.3201838, -3.1684567], [11.3210099, -3.1715955], [11.3211923, -3.1732452], [11.32101, -3.1752591], [11.3198673, -3.1771123], [11.3182097, -3.1784942], [11.3159673, -3.1785666], [11.3138645, -3.1778034], [11.3121586, -3.1765071], [11.3113808, -3.175069], [11.3110321, -3.1734916], [11.3111957, -3.1709769], [11.3110804, -3.1676158], [11.3110643, -3.1650073], [11.3116919, -3.1607116], [11.3116651, -3.1585477], [11.3110804, -3.1566891], [11.3100558, -3.1553232], [11.3087811, -3.1545936], [11.3074529, -3.1546461], [11.305879, -3.1554667], [11.3039081, -3.1569194], [11.3009899, -3.1605134], [11.3000029, -3.162822], [11.299732, -3.1651573], [11.298989, -3.1661964], [11.2969076, -3.167198], [11.2957971, -3.1679425], [11.2934851, -3.1702939], [11.2920098, -3.1710277], [11.2902611, -3.170792], [11.2882869, -3.1700101], [11.286109, -3.1686791], [11.2839096, -3.1678836], [11.2815922, -3.166957], [11.278631, -3.1651573], [11.2762063, -3.1641182], [11.2731378, -3.1627042], [11.2718933, -3.1617615], [11.2705683, -3.1599671], [11.2697797, -3.1580014], [11.2697904, -3.1565337], [11.2703269, -3.1552375], [11.2713997, -3.1536253], [11.2730091, -3.1523023], [11.2751441, -3.1509096], [11.2761419, -3.1492492], [11.2766247, -3.1477494], [11.2765711, -3.1457515], [11.2775367, -3.1432394], [11.278674, -3.1414182], [11.2803584, -3.1390614], [11.2810986, -3.1367582], [11.2814205, -3.1336515], [11.2810829, -3.1312096], [11.2807017, -3.1296985], [11.2794518, -3.1281344], [11.2778049, -3.1270952], [11.2759864, -3.1270095], [11.2743717, -3.1275237], [11.2729018, -3.1287878], [11.2717002, -3.1305019], [11.2713998, -3.1320981], [11.2719094, -3.1340425], [11.2715178, -3.135719], [11.2704074, -3.1376794], [11.2702089, -3.1403148], [11.2695115, -3.1421574], [11.2683823, -3.1441901], [11.2671887, -3.1454087], [11.2657671, -3.1466031], [11.2637823, -3.147353], [11.2617546, -3.147037], [11.2594907, -3.146046], [11.2569158, -3.1441178], [11.2553924, -3.1424145], [11.2540459, -3.1414263], [11.2522917, -3.1408451], [11.2499636, -3.1408183], [11.248483, -3.1405505], [11.2472277, -3.13934], [11.2456291, -3.1363618], [11.244819, -3.1339996], [11.2447815, -3.1318838], [11.2448137, -3.1304108], [11.2445455, -3.128745], [11.2430327, -3.1264953], [11.2424534, -3.1245536], [11.2423032, -3.1215406], [11.2423246, -3.1192855], [11.241713, -3.117009], [11.2406723, -3.1151717], [11.2394962, -3.1142651], [11.2375047, -3.1133692], [11.2351309, -3.1133344], [11.2330656, -3.1138004], [11.2308019, -3.1149467], [11.2285703, -3.117175], [11.2262153, -3.1184713], [11.2240963, -3.119082], [11.2226721, -3.1197998], [11.2207436, -3.1203675], [11.2194079, -3.1205068], [11.2178737, -3.1197676], [11.2156742, -3.1173679], [11.2141537, -3.1157329], [11.2125469, -3.114005], [11.210063, -3.11184], [11.2074237, -3.1094295], [11.2042587, -3.1072762], [11.201429, -3.1057978], [11.1979556, -3.1050265], [11.1947208, -3.1039338], [11.1917972, -3.1024018], [11.1887985, -3.100077], [11.1864033, -3.0988343], [11.1839544, -3.0979987], [11.1804299, -3.0967988], [11.1775761, -3.0952989], [11.1753982, -3.0935848], [11.1715895, -3.0900549], [11.17042, -3.0883997], [11.1689394, -3.0874114], [11.1670405, -3.0866481], [11.1652433, -3.086557], [11.1644252, -3.0869855], [11.1638217, -3.0878212], [11.1627488, -3.0885389], [11.1613434, -3.0885604], [11.1595194, -3.0875319], [11.158806, -3.0865516], [11.1584144, -3.0852607], [11.1585377, -3.0839483], [11.159282, -3.0821787], [11.1604919, -3.0803519], [11.1626708, -3.0776076], [11.1632687, -3.0759862], [11.1633516, -3.074919], [11.1632629, -3.0738576], [11.1628167, -3.0727608], [11.162188, -3.0722185], [11.1610497, -3.0717083], [11.1595085, -3.0715208], [11.1568749, -3.0715422], [11.1548846, -3.0723511], [11.151902, -3.0748152], [11.1481254, -3.0773435], [11.1461246, -3.0793737], [11.1446735, -3.0801263], [11.143024, -3.0802308], [11.1419939, -3.0795023], [11.1409371, -3.0781684], [11.1390703, -3.0769793], [11.1378795, -3.075083], [11.1375308, -3.0735671], [11.1373699, -3.0718422], [11.1372035, -3.0679372], [11.1377077, -3.0652829], [11.137697, -3.0621144], [11.1371821, -3.0602984], [11.1364659, -3.0593155], [11.1348915, -3.0585361], [11.1331373, -3.0584772], [11.1294251, -3.0587718], [11.1275905, -3.05867], [11.1254447, -3.0579227], [11.1244362, -3.0578933], [11.1231916, -3.0587986], [11.1214214, -3.059752], [11.1199516, -3.0597841], [11.1178058, -3.0591628], [11.1153381, -3.0588199], [11.1137449, -3.05747], [11.1121302, -3.055488], [11.1115401, -3.053656], [11.1114758, -3.0514169], [11.1116965, -3.0484503], [11.1111234, -3.0454838], [11.1108781, -3.0428854], [11.1113773, -3.040583], [11.1123404, -3.0389711], [11.1133464, -3.0369521], [11.1134316, -3.0354128], [11.1125083, -3.0345055], [11.1109018, -3.0338473], [11.1083619, -3.0335641], [11.1056638, -3.0338977], [11.1044975, -3.0344335], [11.1014867, -3.0368907], [11.098752, -3.0396962], [11.0971867, -3.0408733], [11.0959133, -3.041064], [11.0945648, -3.0401404], [11.0914943, -3.0365866], [11.0894752, -3.0340827], [11.0884707, -3.0320179], [11.0881207, -3.0291604], [11.0874912, -3.0258722], [11.0866766, -3.0239859], [11.0855631, -3.0226367], [11.0843773, -3.0219458], [11.0821937, -3.0212977], [11.0799616, -3.0210302], [11.075952, -3.0212022], [11.0732728, -3.0211814], [11.0716695, -3.020725], [11.0706857, -3.0196615], [11.0698932, -3.0177363], [11.0694862, -3.0152952], [11.0702058, -3.0121898], [11.0703776, -3.0093942], [11.0708176, -3.0065821], [11.0709732, -3.0040833], [11.0710323, -3.0014772], [11.071676, -2.9984344], [11.0715043, -2.9967951], [11.0705602, -2.994888], [11.0698363, -2.9930196], [11.0695195, -2.9913738], [11.0686183, -2.9897023], [11.0673845, -2.9882773], [11.0658824, -2.9873238], [11.0643696, -2.9870881], [11.0630608, -2.9873238], [11.0622775, -2.9880845], [11.0614729, -2.9893488], [11.0611617, -2.9904417], [11.0611295, -2.9917166], [11.0611296, -2.9929595], [11.0608399, -2.9939398], [11.0600889, -2.9953701], [11.0585975, -2.997213], [11.0575568, -2.998113], [11.0566664, -2.9985416], [11.0560012, -2.9985844], [11.0553789, -2.998413], [11.0547995, -2.9978344], [11.0542631, -2.9971059], [11.0535121, -2.9954987], [11.0531902, -2.9938702], [11.0526967, -2.9909559], [11.0526872, -2.9883096], [11.0528898, -2.984956], [11.0535979, -2.9831238], [11.054424, -2.9817095], [11.0551965, -2.9810024], [11.0561084, -2.9804238], [11.0578465, -2.9796845], [11.0592413, -2.9786988], [11.0596275, -2.9781631], [11.0597348, -2.9776059], [11.0594237, -2.9768773], [11.0582542, -2.9758809], [11.0569667, -2.9751844], [11.0550142, -2.9746809], [11.052761, -2.9747988], [11.0495638, -2.9750666], [11.047461, -2.9747773], [11.0457873, -2.9738774], [11.0427403, -2.9703202], [11.0407702, -2.9689052], [11.0371089, -2.9675394], [11.0344561, -2.9659808], [11.0325452, -2.964892], [11.0308602, -2.9645298], [11.0292181, -2.9638675], [11.0273855, -2.9626577], [11.0248124, -2.9609128], [11.0229992, -2.9594556], [11.0212355, -2.9588215], [11.0194417, -2.9589394], [11.017371, -2.9593251], [11.0151672, -2.9592306], [11.0137189, -2.9593914], [11.0129141, -2.9599699], [11.0121568, -2.9613265], [11.0110302, -2.9629144], [11.009378, -2.9643502]]}}, {"type": "Feature", "properties": {"name": "Ogoou\u00e9", "osm_id": 248999601}, "geometry": {"type": "LineString", "coordinates": [[13.6274242, -2.1880647], [13.6268234, -2.1860277], [13.6264801, -2.1846125], [13.6259007, -2.1831544], [13.6251604, -2.1817392], [13.6246562, -2.1809781]]}}, {"type": "Feature", "properties": {"name": "Ogoou\u00e9", "osm_id": 248999602}, "geometry": {"type": "LineString", "coordinates": [[13.6253536, -2.1792091], [13.6240125, -2.1782549], [13.6233473, -2.1775259], [13.6227035, -2.1766039], [13.6222315, -2.1755425], [13.6218774, -2.1741809], [13.6214483, -2.1724548], [13.6209977, -2.1711468], [13.6202574, -2.1696673], [13.6196244, -2.167641]]}}, {"type": "Feature", "properties": {"name": "Ntem", "osm_id": 288522961}, "geometry": {"type": "LineString", "coordinates": [[11.5025729, 2.3022444], [11.5036511, 2.3028876], [11.5048259, 2.3030297], [11.5053999, 2.302893], [11.505931, 2.302818], [11.5068001, 2.3027054], [11.5080661, 2.3026304], [11.5091926, 2.3022015], [11.509552, 2.3017084], [11.5104479, 2.3013359], [11.5118855, 2.3010866], [11.513586, 2.3007329], [11.5150452, 2.3003255], [11.5161556, 2.3001593], [11.5167403, 2.3002022], [11.5180331, 2.3006257], [11.5194225, 2.3015047], [11.5203237, 2.3024963], [11.5215254, 2.3034236], [11.5230703, 2.3037881], [11.5247762, 2.303027], [11.5256292, 2.3019175], [11.5262461, 2.3010652], [11.5267181, 2.3001165], [11.5266752, 2.2998967], [11.5272009, 2.2991624], [11.5283704, 2.2987229], [11.5302586, 2.2986157], [11.5324044, 2.2972435], [11.5337348, 2.2969219], [11.5351939, 2.2964716], [11.5359449, 2.2975436], [11.5368891, 2.2990445], [11.5391421, 2.3004381], [11.5417814, 2.2994518], [11.5433693, 2.2988301], [11.5450644, 2.2976294], [11.5464592, 2.2973078], [11.5492272, 2.2971577], [11.5512013, 2.2980796], [11.5520811, 2.2996877], [11.5527677, 2.300213], [11.5534758, 2.3015315], [11.5555787, 2.3026679], [11.5561151, 2.304233], [11.5559006, 2.3058411], [11.5562868, 2.3072132], [11.559484, 2.3074705], [11.5609002, 2.3073848], [11.5610119, 2.3074173], [11.5617535, 2.3076331], [11.5631103, 2.308028], [11.5645695, 2.3084353], [11.5664792, 2.3095502], [11.5684211, 2.3096681], [11.5717578, 2.3091643], [11.5723294, 2.3092206], [11.5741503, 2.3094001], [11.5744829, 2.3095609], [11.5764141, 2.3094645], [11.5783453, 2.3093144], [11.5805125, 2.3095717], [11.5828299, 2.3098289], [11.5848255, 2.3100648], [11.5850719, 2.3100745], [11.5869927, 2.3101505], [11.5895033, 2.3100755], [11.5912199, 2.3083496], [11.5917894, 2.3077532], [11.5924483, 2.3070631], [11.5945887, 2.306763], [11.5963053, 2.3059697], [11.5980005, 2.3058839], [11.6001463, 2.3068702], [11.6010797, 2.3069399], [11.6018254, 2.3066129], [11.6018254, 2.3063717], [11.6015571, 2.3059161], [11.6015089, 2.3054873], [11.6009885, 2.3049673], [11.6011548, 2.3048762], [11.601128, 2.3045546], [11.6014981, 2.3045653], [11.6024315, 2.3047047], [11.6037404, 2.3031288], [11.6036868, 2.3023463], [11.6039643, 2.3009599], [11.6041374, 2.300095], [11.6052103, 2.299559], [11.6065192, 2.2992589], [11.6077424, 2.2976249], [11.6089131, 2.2964541], [11.6100597, 2.2960857], [11.6116476, 2.2959785], [11.612935, 2.2965788], [11.613965, 2.2976079], [11.6166043, 2.2992589], [11.617248, 2.3016388], [11.6186857, 2.3030967], [11.6210508, 2.3039362], [11.6222301, 2.3047956], [11.6236069, 2.3057711], [11.6258096, 2.3069988], [11.6267109, 2.3069988], [11.6276336, 2.305691], [11.6280018, 2.3052877], [11.6283728, 2.3050674], [11.6285834, 2.3049424], [11.6292643, 2.3051014], [11.6306467, 2.3053927], [11.632153, 2.305628], [11.6336554, 2.3050887], [11.6356154, 2.304075], [11.6365921, 2.3029252], [11.6370857, 2.303236], [11.637785, 2.3031564], [11.639305, 2.3040179], [11.6410566, 2.3045253], [11.6432449, 2.3049001], [11.6447289, 2.3049499], [11.646528, 2.3049928], [11.6480613, 2.3048977], [11.6489303, 2.3051121]]}}, {"type": "Feature", "properties": {"name": "Nyanga", "osm_id": 354449407}, "geometry": {"type": "LineString", "coordinates": [[11.6641974, -3.188508], [11.6640323, -3.1899027], [11.6636073, -3.1919787], [11.6628306, -3.194584], [11.6622662, -3.1963064], [11.661365, -3.197849], [11.6599983, -3.1990401], [11.6584541, -3.2006058], [11.6578741, -3.2023463], [11.6584538, -3.2042404], [11.6582315, -3.2047388], [11.6555137, -3.2074524], [11.6547347, -3.2083967], [11.6545844, -3.209568], [11.654849, -3.210382], [11.6549693, -3.2117296], [11.6545086, -3.2132434], [11.6548934, -3.2143341], [11.6547332, -3.2155338], [11.6547909, -3.2163006], [11.6543982, -3.217152], [11.6526526, -3.2176075], [11.6521168, -3.2181375], [11.6515874, -3.2191658], [11.6509438, -3.2199512], [11.6501704, -3.2205605], [11.6499566, -3.2210228], [11.6504804, -3.2223602], [11.6507794, -3.2229897], [11.6508329, -3.2233203], [11.6506521, -3.223621], [11.6502029, -3.2239476], [11.6495624, -3.2242918], [11.6484798, -3.2246381], [11.6470215, -3.2244661], [11.6462259, -3.22472], [11.6455894, -3.2253381], [11.6453576, -3.2261929], [11.6455931, -3.2282262], [11.6450863, -3.2291257], [11.6439675, -3.2296853], [11.6422246, -3.2297559], [11.6410237, -3.2301758], [11.6402139, -3.2307826], [11.639627, -3.2310622], [11.6391256, -3.2314992], [11.6383172, -3.2319731], [11.6377146, -3.2327818], [11.6374402, -3.2333368], [11.6366002, -3.2343675], [11.6367476, -3.235348], [11.6366725, -3.2358715], [11.6359748, -3.2367914], [11.6349103, -3.2372321], [11.6342409, -3.2371672], [11.6329807, -3.2361569], [11.6317749, -3.2356621], [11.6311048, -3.235694], [11.6305598, -3.2360784], [11.6304323, -3.2368396], [11.6306522, -3.2377257], [11.6313895, -3.239789], [11.6324681, -3.2413521], [11.6350504, -3.2448631], [11.6399328, -3.2488842], [11.6432326, -3.2530278], [11.6461104, -3.2572517], [11.6486934, -3.2601771], [11.650243, -3.2609578], [11.6523299, -3.2623013], [11.6548212, -3.2637943], [11.6573031, -3.2647528], [11.6598444, -3.265426], [11.6613623, -3.2656374], [11.6625546, -3.2661838], [11.6640359, -3.267525], [11.6659202, -3.2698081], [11.6674218, -3.2716274], [11.668106, -3.2732739], [11.6685248, -3.2749203], [11.6696738, -3.2770014], [11.6712911, -3.2783725], [11.6733348, -3.2794267], [11.6752124, -3.2798522], [11.6764247, -3.2801806], [11.6772216, -3.2812879], [11.6770306, -3.2821455], [11.67638, -3.2823053], [11.6757285, -3.2825757], [11.6750765, -3.2832532], [11.6743946, -3.2839958], [11.6740532, -3.2849521], [11.6741241, -3.2858185], [11.6735359, -3.2872603], [11.6726813, -3.2884547], [11.6722856, -3.2905847], [11.6710579, -3.2925264], [11.6703788, -3.2949375], [11.6699557, -3.2975809], [11.6706669, -3.3006716], [11.671791, -3.3027198], [11.6737099, -3.3036974], [11.6755782, -3.3036636], [11.6793835, -3.3022532], [11.6816013, -3.3026668], [11.6827756, -3.3041728], [11.6828831, -3.3062387], [11.6818173, -3.3088517], [11.6817748, -3.3106958], [11.6835366, -3.3128529], [11.6870909, -3.3149475], [11.6899412, -3.3146429], [11.693046, -3.313723], [11.69479, -3.3142799], [11.6958012, -3.3166398], [11.6958093, -3.3184637], [11.6954091, -3.319253], [11.6942525, -3.3225397], [11.6933756, -3.3270162], [11.6919028, -3.3299259], [11.6887956, -3.3329911], [11.6850698, -3.3370491], [11.6835326, -3.337931], [11.6819865, -3.3389515], [11.679275, -3.3394165], [11.6778808, -3.3398916], [11.6747506, -3.3423937], [11.6730415, -3.3427057], [11.6715588, -3.3425987], [11.669551, -3.342862], [11.6672224, -3.3446362], [11.6655129, -3.3451535], [11.6640346, -3.3452576], [11.662361, -3.3440366], [11.6610115, -3.3428864], [11.6592008, -3.3430576], [11.6580713, -3.3446481], [11.6570966, -3.3453861], [11.6573977, -3.3461633], [11.6602414, -3.3487549], [11.6608863, -3.3504058], [11.6601944, -3.3518821], [11.6587909, -3.3531219], [11.6567355, -3.3545805], [11.6542798, -3.3556712], [11.6520828, -3.3553707], [11.6503721, -3.3542408], [11.6479729, -3.3506873], [11.6463798, -3.3475538], [11.6444725, -3.3446833], [11.639685, -3.3418897], [11.6363144, -3.3397244], [11.6335143, -3.3372395], [11.6303658, -3.3353258], [11.6276736, -3.3352152], [11.6238038, -3.3359421], [11.6200286, -3.3360198], [11.6151489, -3.3355032], [11.6114812, -3.333867], [11.6087466, -3.333848], [11.6068936, -3.335499], [11.6067582, -3.3363447], [11.6084194, -3.3375469], [11.6091675, -3.3397936], [11.6084519, -3.3420608], [11.607001, -3.3435362], [11.6050841, -3.344193], [11.6035159, -3.343805], [11.6023633, -3.3414652], [11.601889, -3.3361228], [11.6020818, -3.3337111], [11.6036174, -3.3287655], [11.6035631, -3.3267178], [11.6028564, -3.3247786], [11.6004293, -3.3230392], [11.596864, -3.3221552], [11.5935477, -3.3225026], [11.5906116, -3.3232402], [11.5889053, -3.3242627], [11.5853581, -3.3269995], [11.5829252, -3.3278776], [11.5809407, -3.3275995], [11.5792131, -3.3261426], [11.5777285, -3.3243998], [11.5774841, -3.3230854], [11.5780669, -3.3218039], [11.5788861, -3.3212419], [11.5809316, -3.3204343], [11.5823669, -3.3204529], [11.5834909, -3.3196927], [11.5842682, -3.3185772], [11.584572, -3.3172259], [11.5839001, -3.3164], [11.5827581, -3.3155262], [11.5806115, -3.3145669], [11.5784376, -3.3129767], [11.5768369, -3.3109111], [11.5760719, -3.3082418], [11.5753001, -3.3058515], [11.5748196, -3.3026216], [11.5742935, -3.3009597], [11.5729812, -3.299564], [11.5696736, -3.2973177], [11.5675535, -3.2954396], [11.5646564, -3.2936944], [11.5610047, -3.2924423], [11.5589264, -3.2906003], [11.5576406, -3.2888183], [11.5568168, -3.2856864], [11.5569241, -3.2838609], [11.5588525, -3.2818139], [11.5590828, -3.2801324], [11.5584773, -3.2789393], [11.555047, -3.2756806], [11.5535616, -3.274596], [11.552973, -3.2736096], [11.5528261, -3.2721348], [11.5520516, -3.2697483], [11.5504482, -3.2677146], [11.5485685, -3.2653299], [11.5468519, -3.2637179], [11.5454848, -3.2626688], [11.5438908, -3.2618433], [11.5421648, -3.2611618], [11.5401169, -3.2604482], [11.5381133, -3.2593958], [11.5359487, -3.2578292], [11.5344655, -3.2565894], [11.5339156, -3.2554433], [11.5331136, -3.2538633], [11.5325423, -3.2530586], [11.5309786, -3.2513327], [11.529203, -3.2490699], [11.5282581, -3.2478514], [11.527281, -3.2469595], [11.5262203, -3.2464295], [11.5251206, -3.2463853], [11.5241175, -3.2469195], [11.5235382, -3.2479345], [11.5224546, -3.2490966], [11.5211993, -3.2498785], [11.5200862, -3.2498143], [11.5190911, -3.249418], [11.5185949, -3.2484298], [11.5181684, -3.2463169], [11.5180936, -3.2448566], [11.517874, -3.2438837], [11.5172845, -3.2424948], [11.5164518, -3.2410575], [11.5153869, -3.2398672], [11.5140592, -3.2388965], [11.5117042, -3.2375013], [11.5087474, -3.2360723], [11.5069889, -3.2354339], [11.5047547, -3.2337093], [11.503427, -3.232997], [11.5004497, -3.2321936], [11.4982074, -3.2313367], [11.4970124, -3.2304423], [11.4962037, -3.2293979], [11.4957773, -3.2277375], [11.4954782, -3.2266101], [11.4947983, -3.2254505], [11.4938032, -3.2242026], [11.4910405, -3.221787], [11.4898308, -3.2207534], [11.4885889, -3.2202714], [11.4864773, -3.2187744], [11.4853796, -3.2181023], [11.4847237, -3.2180006], [11.4840131, -3.2177969], [11.483069, -3.217347], [11.4822788, -3.2171988], [11.4816764, -3.2169167], [11.480831, -3.2162936], [11.4796552, -3.215733], [11.4784073, -3.2154322], [11.476975, -3.2153706], [11.4756527, -3.2155661], [11.4749218, -3.2160629], [11.4741373, -3.2167739], [11.4729034, -3.2176523], [11.471514, -3.2182789], [11.4704854, -3.2184356], [11.4694353, -3.2183352], [11.467874, -3.2177279], [11.4667853, -3.2168623], [11.4658117, -3.2159277], [11.4644518, -3.2136487], [11.4632797, -3.2119214], [11.4616516, -3.2104325], [11.460061, -3.2092809]]}}, {"type": "Feature", "properties": {"name": "Ogoou\u00e9", "osm_id": 355643637}, "geometry": {"type": "LineString", "coordinates": [[12.6404786, -0.8706115], [12.6376247, -0.867876], [12.6366055, -0.8669963], [12.6354468, -0.866063], [12.6345134, -0.8655964], [12.6335907, -0.8654998], [12.6324212, -0.8657627], [12.6299965, -0.8666852]]}}, {"type": "Feature", "properties": {"name": "Ogoou\u00e9", "osm_id": 355643638}, "geometry": {"type": "LineString", "coordinates": [[12.6424849, -0.8702897], [12.6429669, -0.8721879], [12.642476, -0.8725959], [12.6415502, -0.8733652], [12.6398207, -0.8732733], [12.6364875, -0.8700537]]}}, {"type": "Feature", "properties": {"name": "Ogoou\u00e9", "osm_id": 386906552}, "geometry": {"type": "LineString", "coordinates": [[12.1707907, -0.1637976], [12.1688916, -0.159257], [12.1666082, -0.1543687], [12.1653842, -0.1517484], [12.164011, -0.1483581], [12.1613962, -0.1416149], [12.1577882, -0.1366423], [12.1543121, -0.1342819], [12.1466042, -0.1313248], [12.1408874, -0.1295383], [12.135528, -0.1258224], [12.1304512, -0.1228665], [12.1264171, -0.1220511], [12.1190357, -0.122609], [12.1127271, -0.1244114], [12.1080493, -0.1247118], [12.1028566, -0.1235961], [12.0967626, -0.1206349], [12.0927715, -0.1185321], [12.0886516, -0.1171158], [12.0806264, -0.1163863], [12.0717001, -0.1161074], [12.0668721, -0.1169657], [12.0627951, -0.1188539], [12.0591167, -0.1196258], [12.0554224, -0.1248935], [12.0511865, -0.1284026], [12.0500064, -0.1289605], [12.0476675, -0.1289176], [12.045865, -0.1282524], [12.0413589, -0.1212357], [12.0351791, -0.1176952], [12.030952, -0.1146697], [12.0279479, -0.1138758], [12.025373, -0.1137685], [12.0224084, -0.114389], [12.016747, -0.1156997], [12.0093655, -0.115764], [12.001276, -0.1143908], [11.9952893, -0.1117729], [11.9871576, -0.1086924], [11.9808054, -0.1070522], [11.9727802, -0.1054215], [11.968317, -0.1053785], [11.9646914, -0.1060102], [11.9601452, -0.1074354], [11.957438, -0.108211], [11.9547987, -0.1092624], [11.9506092, -0.1120521], [11.9500841, -0.1124017], [11.9478893, -0.1135968], [11.9441986, -0.1148413], [11.9405078, -0.114498], [11.9371577, -0.1119594], [11.9356806, -0.1085208], [11.9349202, -0.1054059], [11.9351005, -0.1006793], [11.9351005, -0.0965595], [11.9338131, -0.0929546], [11.9317531, -0.0904011], [11.9292426, -0.0886201], [11.9270324, -0.0867319], [11.9245863, -0.0829339], [11.9207239, -0.0784921], [11.9184279, -0.0774622], [11.9157243, -0.077269], [11.9123614, -0.0788739], [11.9087076, -0.0823116], [11.9052743, -0.0837707], [11.9017982, -0.0840282], [11.8984079, -0.0829553], [11.8942823, -0.0789454], [11.8899948, -0.0733001], [11.8822772, -0.067369], [11.8769892, -0.0635817], [11.8743753, -0.0623667], [11.8727982, -0.0622272], [11.8714142, -0.062592], [11.8687443, -0.0645721], [11.8663102, -0.0688459], [11.8643383, -0.0731928], [11.8634055, -0.0758285], [11.8625414, -0.077386], [11.8615544, -0.0779664], [11.8607926, -0.0782239], [11.859945, -0.0780952], [11.8589044, -0.0774622], [11.8571019, -0.0763786], [11.8554497, -0.0760996], [11.8536936, -0.0763729], [11.8512976, -0.076915], [11.8491197, -0.0783956], [11.8480468, -0.0793504], [11.8473709, -0.0800264], [11.8450832, -0.0809897], [11.8431602, -0.0810956], [11.8398016, -0.0803986], [11.8381762, -0.0798762], [11.83698, -0.0797742], [11.8364903, -0.0799065], [11.8359722, -0.0803276], [11.8349713, -0.0818752], [11.8338203, -0.0838565], [11.8327904, -0.0849509], [11.8316638, -0.0856161], [11.829443, -0.0860238], [11.8258703, -0.0864851], [11.8239498, -0.0870752], [11.8228876, -0.0880837], [11.8222225, -0.0897574], [11.8215358, -0.0926113], [11.8210423, -0.0934159], [11.8203127, -0.093888], [11.8194222, -0.0941133], [11.8178451, -0.0938129], [11.812706, -0.0909376], [11.8086827, -0.0886309], [11.8059254, -0.0878477], [11.8040156, -0.0879657], [11.8009686, -0.088706], [11.79672, -0.0906586], [11.7933941, -0.0924503], [11.7918169, -0.0936198], [11.7896926, -0.0960445], [11.7886573, -0.0967901], [11.7877292, -0.0972997], [11.7869567, -0.0974822], [11.7852992, -0.0965219], [11.7834806, -0.0955027], [11.7812168, -0.0949877], [11.779114, -0.094816], [11.7764854, -0.0952023], [11.7745758, -0.0956582], [11.7726767, -0.096141], [11.771636, -0.0964522], [11.7704021, -0.0969457], [11.7681277, -0.0977933], [11.7661321, -0.0976324], [11.763643, -0.0968706], [11.7621088, -0.0961947], [11.7595553, -0.0962268], [11.7548426, -0.0961525]]}}, {"type": "Feature", "properties": {"name": "Ogoou\u00e9", "osm_id": 446396005}, "geometry": {"type": "LineString", "coordinates": [[13.5514437, -1.773309], [13.5514952, -1.7731201]]}}, {"type": "Feature", "properties": {"name": "Ogoou\u00e9", "osm_id": 446396009}, "geometry": {"type": "LineString", "coordinates": [[13.5407191, -1.9049936], [13.5392719, -1.9040664], [13.5387035, -1.9035059], [13.5382783, -1.9026882], [13.5381818, -1.9016695], [13.5382099, -1.8989164], [13.5378986, -1.8965175], [13.5376091, -1.8946273], [13.5370123, -1.8935576], [13.5364705, -1.8932359], [13.5359019, -1.8931716], [13.5339613, -1.8934048], [13.5327382, -1.8938552], [13.5317188, -1.8939439], [13.5308003, -1.8933592], [13.5300922, -1.8926944], [13.5299206, -1.8919545], [13.5303455, -1.8910273], [13.5312188, -1.8903139], [13.5324633, -1.8890272], [13.533268, -1.8879227], [13.5339975, -1.8854778], [13.5343301, -1.8824539], [13.5347485, -1.8800841], [13.5359609, -1.8781647], [13.5374415, -1.8766313], [13.5398984, -1.8755161], [13.5415721, -1.8743473], [13.5436816, -1.8728005], [13.5446405, -1.8716075], [13.5450429, -1.8707175], [13.5453915, -1.869597], [13.5453701, -1.8678384], [13.5449731, -1.8663479], [13.5436213, -1.8654471], [13.5412931, -1.8647072], [13.5369225, -1.8637609], [13.5324055, -1.8627184], [13.530457, -1.8606538], [13.5297274, -1.8580374], [13.5299635, -1.8573618], [13.5303068, -1.857008], [13.5308003, -1.8569115], [13.5351562, -1.8572224], [13.5407996, -1.8573511], [13.5446901, -1.8565013], [13.5471254, -1.8551264], [13.5489279, -1.8509229], [13.5493999, -1.8479633], [13.5489477, -1.8439662], [13.5479088, -1.8401591], [13.545649, -1.8378348], [13.5429897, -1.8371081], [13.5364139, -1.8391356], [13.5328884, -1.8399446], [13.5305247, -1.8393512], [13.5291218, -1.8375271], [13.5291226, -1.835162], [13.5302322, -1.8327619], [13.533379, -1.8298585], [13.5373235, -1.8248595], [13.5397696, -1.8214066], [13.5415935, -1.8180823], [13.5429668, -1.8162379], [13.5450268, -1.8158947], [13.5470438, -1.8161521], [13.5491681, -1.8170743], [13.5511637, -1.8197552], [13.5523224, -1.8202055], [13.5541248, -1.820227], [13.5573634, -1.8193416], [13.5598392, -1.8174857], [13.5623431, -1.8148867], [13.5663382, -1.8102166], [13.5691235, -1.8060408], [13.5689745, -1.8040516], [13.5674564, -1.8021199], [13.5659899, -1.8013008], [13.5642314, -1.8007103], [13.5620802, -1.8003035], [13.5575948, -1.7998316], [13.5531639, -1.7994151], [13.5479854, -1.7983154], [13.5449335, -1.7979893], [13.5414253, -1.798153], [13.5374021, -1.7979983], [13.5336905, -1.7986024], [13.5312085, -1.7979767], [13.5308647, -1.7975254], [13.5306609, -1.7970106], [13.5306716, -1.7963351], [13.5308747, -1.7952878], [13.5322809, -1.7933968], [13.5376775, -1.787027], [13.5402417, -1.7848394], [13.5443723, -1.7830914], [13.5462821, -1.7822013], [13.5477734, -1.7809574], [13.54846, -1.7790486], [13.5490501, -1.7775687], [13.5496562, -1.77655], [13.5502303, -1.7756814], [13.5513166, -1.773928], [13.5514437, -1.773309]]}}, {"type": "Feature", "properties": {"name": "Iko\u00ef Komo", "osm_id": 542929603}, "geometry": {"type": "LineString", "coordinates": [[9.5771445, 0.3589572], [9.5782925, 0.3564145], [9.5794941, 0.3536036], [9.579816, 0.3521231], [9.5809318, 0.3500417], [9.5810592, 0.3491435], [9.581361, 0.3470163], [9.583008, 0.3442867], [9.5830454, 0.3424888], [9.5827609, 0.3407278], [9.5827342, 0.3405362], [9.5829059, 0.3378755], [9.5826699, 0.3336055], [9.5827772, 0.3321249], [9.5824768, 0.3292496], [9.5818545, 0.3249582], [9.578786, 0.3219756], [9.5766403, 0.3195295], [9.5743658, 0.3166542], [9.5714904, 0.3140149], [9.5685293, 0.3110753], [9.5649888, 0.3079425], [9.5620061, 0.302664], [9.5612551, 0.298351], [9.5615555, 0.2924503], [9.5613026, 0.2897632], [9.5602512, 0.2870167], [9.5581054, 0.2852143], [9.5517218, 0.2838195], [9.5461749, 0.2827252], [9.5357036, 0.2797212], [9.4963072, 0.258178], [9.4734285, 0.2496772]]}}, {"type": "Feature", "properties": {"name": "Nyanga", "osm_id": 583700762}, "geometry": {"type": "LineString", "coordinates": [[10.3673829, -2.9587708], [10.369328, -2.9594775], [10.3703937, -2.9611899], [10.3701946, -2.9620086], [10.3701551, -2.962171], [10.3698679, -2.9633518], [10.3687994, -2.9644768], [10.3680793, -2.964483], [10.3680337, -2.9644834], [10.3670229, -2.964492], [10.366429, -2.9642117], [10.3653751, -2.9637143], [10.3617662, -2.9623219], [10.3590485, -2.9609271], [10.3580985, -2.9592252], [10.3579829, -2.9590181], [10.35775, -2.9569921], [10.3581079, -2.9550296], [10.3596437, -2.9525069], [10.3619421, -2.9499393], [10.3632147, -2.9489117], [10.3633941, -2.9487669], [10.3642726, -2.9480575], [10.3676645, -2.9465345], [10.3683764, -2.9460433], [10.3697476, -2.9450972], [10.3698206, -2.9448849], [10.3701236, -2.9440041], [10.3706632, -2.9424356], [10.370373, -2.9403696], [10.3693183, -2.9385075], [10.3683682, -2.9377785], [10.3646231, -2.9374404], [10.3630832, -2.9373014], [10.3630691, -2.9372988], [10.3616402, -2.9370352], [10.3603332, -2.9374565], [10.3596996, -2.9376607], [10.3591943, -2.9378236], [10.3584984, -2.9385036], [10.3576148, -2.9393669], [10.3556251, -2.9422061], [10.3553711, -2.9423538], [10.3539084, -2.9432045], [10.3537928, -2.9432717], [10.3534429, -2.9432915], [10.3512374, -2.943416], [10.3490575, -2.9426409], [10.3473474, -2.9409595], [10.34716, -2.9407753], [10.3458848, -2.9382561], [10.3454741, -2.9375027], [10.3450799, -2.9367797], [10.3434842, -2.9357974], [10.3411442, -2.9354306], [10.3375168, -2.935996], [10.3328369, -2.9373839], [10.3304475, -2.9391772], [10.32914, -2.9401585], [10.3265315, -2.9433446], [10.3257158, -2.9455584], [10.325291, -2.9467113], [10.3252112, -2.9471287], [10.3242979, -2.9519066], [10.3235109, -2.9542598], [10.3226386, -2.9559909], [10.3212512, -2.9577006], [10.3208839, -2.9578583], [10.3172826, -2.9594042], [10.314344, -2.960947], [10.3130576, -2.9619859], [10.3110912, -2.963574], [10.3100223, -2.9647148], [10.3092282, -2.9655623], [10.3083736, -2.9672475], [10.3072889, -2.9693864], [10.3072446, -2.9694738], [10.3069283, -2.9708507], [10.3068712, -2.9717435], [10.3068529, -2.9720304], [10.3072406, -2.9735563], [10.3072775, -2.9737015], [10.3084677, -2.9754847], [10.3089885, -2.9758002], [10.3108526, -2.9769297], [10.3133471, -2.9778468], [10.3145711, -2.9787498], [10.3148681, -2.980071], [10.3146609, -2.9812615], [10.3146586, -2.981265], [10.3142675, -2.981864], [10.3136899, -2.9824834], [10.3121717, -2.9829648], [10.309486, -2.9834824], [10.3047885, -2.9842169], [10.3008778, -2.9853225], [10.300063, -2.9855529], [10.2964211, -2.9852923], [10.2953822, -2.9849048], [10.2924208, -2.9838003], [10.2881949, -2.983063], [10.2840763, -2.9837401], [10.2813751, -2.9838084], [10.2776268, -2.9825023], [10.2774386, -2.9824367], [10.277322, -2.9823213], [10.2730627, -2.9781081], [10.2695024, -2.9759559], [10.2675932, -2.974327], [10.2662688, -2.9731971], [10.2630448, -2.9712953], [10.2577972, -2.9663451]]}}, {"type": "Feature", "properties": {"name": "Ogoou\u00e9", "osm_id": 596290096}, "geometry": {"type": "LineString", "coordinates": [[9.0372868, -1.0505745], [9.034342, -1.047047], [9.0238095, -1.0422058], [9.0146471, -1.0352547], [9.0076709, -1.0312947], [9.0029741, -1.0281533], [8.9944125, -1.0248923], [8.989727, -1.0199131], [8.9869023, -1.0169113], [8.9845602, -1.0142435], [8.9747787, -1.0072354], [8.9640284, -0.9992544], [8.9575743, -0.9954139], [8.954115, -0.9933555], [8.9510035, -0.9922604], [8.9475919, -0.9916606], [8.94418, -0.9915953], [8.9407039, -0.9919609], [8.9355326, -0.9934413], [8.9293742, -0.9955215], [8.9251686, -0.9985035], [8.9219069, -1.0014858], [8.9190317, -1.0047038], [8.9157392, -1.0086499], [8.9085357, -1.0164318], [8.9065647, -1.0182417], [8.9041615, -1.0200437], [8.9016694, -1.0215692]]}}, {"type": "Feature", "properties": {"name": "Ogoou\u00e9", "osm_id": 653997478}, "geometry": {"type": "LineString", "coordinates": [[10.8905301, -0.123882], [10.8880849, -0.1234864], [10.8847867, -0.1231689], [10.8829887, -0.1221131], [10.8799614, -0.1220685], [10.878702, -0.1217403], [10.8773616, -0.1212641], [10.8760211, -0.120541], [10.8751237, -0.1195621], [10.8734822, -0.1177811], [10.8717656, -0.1162361], [10.8696842, -0.1149916], [10.8682573, -0.1148092], [10.8673131, -0.1147448], [10.8666372, -0.114541], [10.8661973, -0.1141869], [10.8658433, -0.1134252], [10.8655429, -0.1126312], [10.8647511, -0.1108054], [10.8637281, -0.1093239], [10.862689, -0.1080393], [10.8614552, -0.1071488], [10.8597003, -0.1062605], [10.8577492, -0.1057436], [10.8564019, -0.1053785]]}}, {"type": "Feature", "properties": {"name": "Ogoou\u00e9", "osm_id": 653997480}, "geometry": {"type": "LineString", "coordinates": [[10.8829887, -0.1221131], [10.8820438, -0.1210641], [10.8817434, -0.1204847], [10.8811712, -0.1185657], [10.881046, -0.1160537], [10.8811426, -0.1144981], [10.8810782, -0.1131033], [10.8807126, -0.111405], [10.8798307, -0.1093768], [10.878896, -0.1080187], [10.8779436, -0.1071898], [10.8768835, -0.1065549]]}}, {"type": "Feature", "properties": {"name": "Komo", "osm_id": 654931837}, "geometry": {"type": "LineString", "coordinates": [[10.6407904, 0.7786351], [10.6405943, 0.7782964], [10.6400672, 0.7778955], [10.6394115, 0.777283], [10.6392907, 0.7770414], [10.6389284, 0.7760062], [10.6386954, 0.7746086], [10.6384452, 0.7735389], [10.6385315, 0.7732197], [10.6384366, 0.7727366], [10.6381433, 0.7724174], [10.6378068, 0.7719602], [10.6377464, 0.7716237], [10.6375307, 0.7714685], [10.6372632, 0.7712183], [10.6367715, 0.771063], [10.6367111, 0.7706662], [10.6364436, 0.7703038], [10.6360812, 0.7702521], [10.6357016, 0.7703556], [10.6354773, 0.7702693], [10.6353479, 0.7699588], [10.6351149, 0.7697517], [10.6349769, 0.769976], [10.6347526, 0.7702003], [10.6344506, 0.7702003], [10.6340451, 0.770045], [10.6340537, 0.7695015], [10.6343126, 0.7691823], [10.6344075, 0.768682], [10.6341832, 0.7682075], [10.6335878, 0.7673879], [10.63326, 0.7669135], [10.6330012, 0.7666719], [10.6325698, 0.7667237], [10.6318106, 0.7664649], [10.6314654, 0.7662923], [10.6309996, 0.7658006], [10.6307666, 0.7651018], [10.6302748, 0.7649724], [10.6302058, 0.764843], [10.6301109, 0.7645152], [10.6297744, 0.7642219], [10.6294983, 0.7632557], [10.6292913, 0.7630055], [10.6284717, 0.762833], [10.6282301, 0.7626604], [10.6277901, 0.762393], [10.6276693, 0.7620738], [10.6273328, 0.7614095], [10.6271689, 0.7604088], [10.6267116, 0.7598135], [10.6261681, 0.7594512], [10.6254951, 0.7592614], [10.6252449, 0.7591148], [10.6247704, 0.7584246], [10.6240888, 0.7571651], [10.6235194, 0.7563455], [10.6232864, 0.7561557], [10.6224582, 0.7558538], [10.6221907, 0.7556554], [10.621975, 0.7551119], [10.6222597, 0.7548272], [10.6223892, 0.7546201], [10.6219923, 0.7543872], [10.6209052, 0.7544476], [10.6204824, 0.7543613], [10.6203185, 0.7542061], [10.6203358, 0.7537229], [10.6202064, 0.7534469], [10.6193091, 0.75305], [10.6189899, 0.7527654], [10.6186102, 0.7523513], [10.6183946, 0.7521356], [10.6180408, 0.7515231], [10.6175663, 0.7509106], [10.6172212, 0.7507467], [10.6171177, 0.7505569], [10.617411, 0.7500479], [10.6174365, 0.7498792], [10.6171735, 0.749754], [10.6167852, 0.7497289], [10.6161214, 0.749253], [10.6153823, 0.7485642], [10.6141423, 0.747224], [10.6133783, 0.7465853], [10.6128772, 0.7463598], [10.6127019, 0.7459215], [10.6127269, 0.7455207], [10.6124639, 0.7453078], [10.6120881, 0.7451575], [10.6116497, 0.7451825], [10.6115119, 0.7449822], [10.6114869, 0.7447317], [10.6120631, 0.7443935], [10.6123512, 0.7441681], [10.6121507, 0.743905], [10.6117249, 0.7437297], [10.6112113, 0.743617], [10.611036, 0.7432913], [10.6109733, 0.7427778], [10.6108982, 0.7425023], [10.6105099, 0.7424898], [10.610297, 0.7426776], [10.6099337, 0.7425273], [10.609583, 0.7422518], [10.60932, 0.7422518], [10.6089192, 0.7423771], [10.6086937, 0.7424146], [10.6086108, 0.74204], [10.6083979, 0.7416142], [10.6080096, 0.7413511], [10.6081474, 0.7411758], [10.6088363, 0.7413511], [10.6093373, 0.7411883], [10.6096755, 0.740775], [10.609688, 0.7402991], [10.6092872, 0.739748], [10.6086108, 0.7394098], [10.6074084, 0.7390967], [10.6065692, 0.7388337], [10.6052164, 0.7379069], [10.6042018, 0.73693], [10.6038762, 0.7362537], [10.6033125, 0.7355398], [10.6026737, 0.7351265], [10.6021226, 0.734375], [10.6014462, 0.7341245], [10.6010329, 0.733874], [10.6007698, 0.733636], [10.6005945, 0.73311], [10.6004817, 0.7324086], [10.600607, 0.7322834], [10.6009828, 0.7325714], [10.601346, 0.7328846], [10.601584, 0.7327217], [10.601847, 0.732584], [10.6026236, 0.7327217], [10.6028866, 0.7328345], [10.6037133, 0.7323961], [10.6038762, 0.7319076], [10.6041768, 0.7317323], [10.6051913, 0.7316321], [10.6064063, 0.73058], [10.6064439, 0.7302795], [10.6061433, 0.7298536], [10.6060932, 0.7293902], [10.6062936, 0.729265], [10.606757, 0.7293025], [10.6071704, 0.729002], [10.6078593, 0.7282004], [10.6085106, 0.7274865], [10.6086735, 0.72671], [10.6091244, 0.7255828], [10.6096379, 0.7249064], [10.6100763, 0.7250317], [10.6107652, 0.7255201], [10.6111535, 0.7258833], [10.6114291, 0.7259209], [10.611905, 0.7256078], [10.6124938, 0.7254199], [10.61312, 0.7254826], [10.6139091, 0.7257456], [10.6145479, 0.7257957], [10.6154999, 0.7254074], [10.6164017, 0.7247937], [10.6169403, 0.7246685], [10.6173411, 0.7243553], [10.6178923, 0.7244054], [10.618506, 0.7244305], [10.6189945, 0.7241299], [10.6191824, 0.7235287], [10.6192075, 0.7222512], [10.6195081, 0.7215624], [10.6199089, 0.7212868], [10.6202847, 0.7212618], [10.6209109, 0.721387], [10.6213368, 0.7218755], [10.6219506, 0.722126], [10.6223639, 0.7221385], [10.6232156, 0.7215749], [10.6236165, 0.7209111], [10.6237793, 0.7201972], [10.6241801, 0.7194582], [10.6247813, 0.7186066], [10.6252949, 0.7184563], [10.6258335, 0.7184688], [10.6260088, 0.7181933], [10.6259894, 0.717794], [10.625925, 0.7167963], [10.6268477, 0.715509], [10.6262469, 0.7138139], [10.6279421, 0.7101235], [10.6276417, 0.7092438], [10.6278938, 0.7084805]]}}, {"type": "Feature", "properties": {"name": "Komo", "osm_id": 654931845}, "geometry": {"type": "LineString", "coordinates": [[10.6278938, 0.7084805], [10.6281785, 0.7082045], [10.6287041, 0.7074661], [10.6292928, 0.7062763], [10.6300569, 0.7058755], [10.6307208, 0.7052242], [10.6309963, 0.7047858], [10.6317059, 0.7036901], [10.6323764, 0.7023872], [10.6326888, 0.7017777], [10.6330088, 0.7011911], [10.6330165, 0.7005435], [10.6329708, 0.6996825], [10.6332451, 0.6988825], [10.6338013, 0.698174], [10.6345327, 0.697694], [10.6346242, 0.6971378], [10.634929, 0.6965588], [10.6352033, 0.6960712], [10.6351728, 0.6952179], [10.6351118, 0.6945245], [10.635028, 0.6939988], [10.6346394, 0.6934122], [10.6342432, 0.6925741], [10.6337944, 0.6920423], [10.6332083, 0.6919837], [10.6325244, 0.6921009], [10.6319578, 0.6921595], [10.6313619, 0.6919349], [10.6307269, 0.6916907], [10.6302873, 0.6919056], [10.6298672, 0.6920716], [10.6290563, 0.6919837], [10.6282553, 0.6918176], [10.6275421, 0.6913488], [10.6267996, 0.6908701], [10.6260963, 0.6900495], [10.6253049, 0.6896393], [10.623947, 0.6892192], [10.6232534, 0.6888969], [10.6229115, 0.6884377], [10.6229017, 0.6874316], [10.6228431, 0.686191], [10.6225305, 0.6851848], [10.6221983, 0.6844424], [10.6215145, 0.6834167], [10.6209576, 0.6830162], [10.6199612, 0.6825668], [10.6190136, 0.6824985], [10.6180952, 0.6826938], [10.6175091, 0.6825571], [10.6162977, 0.6820491], [10.6157506, 0.6821663], [10.6150277, 0.6825571], [10.6144709, 0.6827817], [10.6145588, 0.6831236], [10.6152817, 0.6834949], [10.6156139, 0.6838856], [10.6156334, 0.6844815], [10.6154282, 0.6852825], [10.6151254, 0.6857123], [10.6148714, 0.6855756], [10.6143243, 0.684882], [10.6136795, 0.6846085], [10.6130445, 0.684247], [10.6125463, 0.6836805], [10.6123314, 0.6836511], [10.6117843, 0.6839149], [10.6116866, 0.6843056], [10.6120676, 0.6848429], [10.6127026, 0.685556], [10.612898, 0.6867185], [10.6128394, 0.6870311], [10.6126049, 0.6870994], [10.6118429, 0.6863277], [10.6114131, 0.6858686], [10.6111786, 0.6855169], [10.6102896, 0.6856439], [10.6088731, 0.6857025], [10.6073686, 0.6854486], [10.6063135, 0.6849797], [10.6058055, 0.6845108], [10.6054245, 0.6836707], [10.6051803, 0.6823031], [10.6051998, 0.681756], [10.605532, 0.6816779], [10.6061768, 0.6815118], [10.6064015, 0.6808476], [10.6064015, 0.6798903], [10.6062256, 0.6793921], [10.6057469, 0.6787278], [10.605278, 0.6785324], [10.6050631, 0.678044], [10.6048579, 0.677116], [10.6047016, 0.6764517], [10.6042132, 0.6753772], [10.6041741, 0.674879], [10.6042425, 0.6743906], [10.6046528, 0.6739803], [10.6053268, 0.6739217], [10.6061768, 0.6738044], [10.6073198, 0.6732769], [10.6078864, 0.6728178], [10.6081502, 0.6723294], [10.608072, 0.6718117], [10.6076128, 0.6714404], [10.6072416, 0.6712451], [10.6069095, 0.6705613], [10.6070462, 0.6697505], [10.6075249, 0.6680019], [10.6080525, 0.6660775], [10.6082869, 0.6648662], [10.6082478, 0.6643582], [10.6078278, 0.6635963], [10.6077692, 0.6630199], [10.6077887, 0.6622873], [10.607564, 0.6617891], [10.6069388, 0.6617012], [10.6067141, 0.6613397], [10.606675, 0.6608513], [10.6071537, 0.660314], [10.6076226, 0.6598158], [10.607564, 0.6590832], [10.6074565, 0.6577644], [10.6073002, 0.6567192], [10.6074761, 0.6561135], [10.6080622, 0.6554102], [10.6081208, 0.6548632], [10.6080329, 0.654238], [10.6083065, 0.6538472], [10.6084432, 0.6532416], [10.6083358, 0.6527629], [10.6086582, 0.6518544], [10.6092932, 0.6515809], [10.6101626, 0.6512878], [10.610485, 0.6507213], [10.6105729, 0.6498519], [10.6105632, 0.6493439], [10.6102212, 0.6488066], [10.6099282, 0.6487675], [10.6096155, 0.6488457], [10.6095569, 0.6490704], [10.6095862, 0.6495197], [10.6094006, 0.6498519], [10.6090587, 0.6498226], [10.6086679, 0.6495979], [10.608326, 0.6494123], [10.6082283, 0.6489531], [10.6082869, 0.648494], [10.6085409, 0.6481619], [10.6092345, 0.6477711], [10.6096253, 0.6476051], [10.610104, 0.6475758], [10.6101138, 0.6472436], [10.609977, 0.6466966], [10.6099965, 0.6461398], [10.6105534, 0.645876], [10.6107488, 0.6455146], [10.6105632, 0.6450164], [10.6102115, 0.6449676], [10.6099282, 0.6447819], [10.6098988, 0.6444205], [10.6095765, 0.6440786], [10.6090294, 0.6441177], [10.6086386, 0.6441275], [10.6083358, 0.6439125], [10.6080134, 0.6428185], [10.607818, 0.6424375], [10.6079255, 0.641949], [10.6077496, 0.640855], [10.6077496, 0.6394483], [10.6076324, 0.6387547], [10.6074468, 0.6384519], [10.6069876, 0.6385398], [10.6063331, 0.6386375], [10.6057762, 0.6384519], [10.6050435, 0.6379439], [10.6043499, 0.6375727], [10.604135, 0.6368987], [10.6035684, 0.6362246], [10.6030213, 0.6357753], [10.6022691, 0.6355701], [10.6014094, 0.6355701], [10.6008232, 0.6352087], [10.6004422, 0.6346421], [10.6002566, 0.6339388], [10.600198, 0.6333331], [10.6002859, 0.6328642], [10.6006767, 0.6325614], [10.6012531, 0.6324735], [10.6027185, 0.6325614], [10.6033437, 0.6329912], [10.6037442, 0.6333136], [10.604262, 0.6333526], [10.6047895, 0.6329814], [10.6053171, 0.6329131], [10.6061084, 0.6332647], [10.6066945, 0.6338118], [10.6073491, 0.6342318], [10.6078668, 0.6342611], [10.6085605, 0.6340365], [10.6091466, 0.6334894], [10.6093225, 0.6330205], [10.6093615, 0.6322586], [10.6092248, 0.6318776], [10.6087363, 0.6312426], [10.6082967, 0.6304416], [10.6081404, 0.6296406], [10.6082967, 0.6288688], [10.6085312, 0.6278334], [10.6086972, 0.6270616], [10.6088047, 0.6246976], [10.6090196, 0.6239064], [10.6093029, 0.6233105], [10.6094104, 0.6225681], [10.6094006, 0.6217182], [10.6092541, 0.6204873], [10.6092052, 0.6197449], [10.6091857, 0.6193835], [10.6088145, 0.6191686], [10.6086191, 0.618768], [10.6084139, 0.6182112], [10.608199, 0.6173223], [10.6079255, 0.616404], [10.607691, 0.6152904], [10.6074761, 0.6142647], [10.6071439, 0.6132292], [10.6070951, 0.6127017], [10.6069388, 0.6122621], [10.6068802, 0.611803], [10.6070462, 0.6112852], [10.6076128, 0.6101716], [10.607691, 0.6095659], [10.6075542, 0.6089407], [10.6071928, 0.6085598], [10.6066066, 0.6082569], [10.6058739, 0.6079834], [10.6050533, 0.6077587], [10.6046039, 0.6076122], [10.6038615, 0.6071433], [10.6032306, 0.6065688], [10.603213, 0.6063649], [10.6033987, 0.606116], [10.6034891, 0.6058275], [10.6031776, 0.6047793], [10.6031551, 0.6043459], [10.6030208, 0.6037829], [10.6031678, 0.6033531], [10.60355, 0.6031851], [10.6037931, 0.6030307], [10.6039678, 0.6025507], [10.603682, 0.6021357], [10.6033936, 0.6017582], [10.6034928, 0.6013371], [10.6037911, 0.6011594], [10.6045677, 0.6009541], [10.6052425, 0.6009209], [10.6054861, 0.6009087], [10.6056186, 0.6007218], [10.6054322, 0.6004502], [10.6051982, 0.600401], [10.6048139, 0.6005485], [10.604501, 0.6005689], [10.604258, 0.6002461], [10.6043465, 0.5990958], [10.6044792, 0.5988082], [10.6045013, 0.5983547], [10.6042358, 0.5977573]]}}, {"type": "Feature", "properties": {"name": "Komo", "osm_id": 655018221}, "geometry": {"type": "LineString", "coordinates": [[10.5994915, 0.4867728], [10.599658, 0.48649], [10.5995836, 0.4860633], [10.5992531, 0.48593], [10.5987684, 0.4855211], [10.5985102, 0.4845009], [10.5984481, 0.484167], [10.5985658, 0.4838331], [10.5985225, 0.4836704], [10.5982404, 0.4835953], [10.5976617, 0.483619], [10.5967671, 0.4836248], [10.5962874, 0.4834922], [10.5959692, 0.4831377], [10.5959276, 0.4827833], [10.5959367, 0.4824663], [10.5957633, 0.4822588], [10.5952314, 0.4819498], [10.5949693, 0.4817126], [10.5948586, 0.4813104], [10.5949608, 0.4809374], [10.5947338, 0.4801913], [10.5943192, 0.4797897], [10.5938491, 0.4796709]]}}, {"type": "Feature", "properties": {"name": "Komo", "osm_id": 655018222}, "geometry": {"type": "LineString", "coordinates": [[10.6056265, 0.5245825], [10.6052591, 0.5219645], [10.6047226, 0.5172011], [10.6046797, 0.5150125], [10.6040789, 0.5127381], [10.6037356, 0.5104636], [10.6036926, 0.5064512], [10.6034995, 0.5027606], [10.6040031, 0.4998796], [10.603635, 0.4981355], [10.5994915, 0.4867728]]}}, {"type": "Feature", "properties": {"name": "Komo", "osm_id": 655018223}, "geometry": {"type": "LineString", "coordinates": [[10.6023623, 0.5418763], [10.6028239, 0.541645], [10.6032345, 0.5413945], [10.6032406, 0.5409282], [10.6031524, 0.5405471], [10.6026057, 0.540184], [10.6025732, 0.5399973], [10.6026701, 0.5396778], [10.6033493, 0.5393445], [10.6035701, 0.5387124], [10.6033953, 0.53844], [10.6031215, 0.5382845], [10.6030276, 0.538111], [10.6030286, 0.5374763], [10.6030651, 0.537105], [10.6031822, 0.5367305], [10.6034026, 0.5365523], [10.603587, 0.5364909], [10.6038377, 0.5364902], [10.6040524, 0.5363007], [10.6039963, 0.5359935], [10.6037223, 0.5357928], [10.6035339, 0.5354273], [10.6035347, 0.5352716], [10.6037521, 0.5351402], [10.6042229, 0.5350391], [10.604352, 0.5348481], [10.6042547, 0.5346987], [10.6040396, 0.5346014], [10.6037167, 0.5346299], [10.6035203, 0.5345252], [10.6034873, 0.5342439], [10.603601, 0.5336993], [10.6038104, 0.5332574], [10.6040675, 0.5329489], [10.6039743, 0.5324941], [10.6037104, 0.5323541], [10.6037938, 0.5321638], [10.6044244, 0.5319194], [10.6044347, 0.531594], [10.6040626, 0.531235], [10.6036815, 0.5308939], [10.6035667, 0.5306434], [10.6037327, 0.5304839], [10.6042805, 0.5305065], [10.604459, 0.5303361], [10.6040965, 0.5297236], [10.6039408, 0.5293987], [10.604043, 0.5290907], [10.6043192, 0.5290321], [10.604566, 0.5288429], [10.6045735, 0.5284564], [10.6042812, 0.5282775], [10.604031, 0.5282654], [10.6040063, 0.5278781], [10.6041439, 0.5276715], [10.6044554, 0.5276491], [10.6048809, 0.5279436], [10.6052106, 0.527974], [10.6053574, 0.5277374], [10.6051611, 0.5274034], [10.604586, 0.5270007], [10.6045505, 0.5268138], [10.604731, 0.5266378], [10.6051834, 0.52647], [10.6055133, 0.5264207], [10.6054246, 0.5261539], [10.6051728, 0.5260436], [10.604655, 0.5259654], [10.6047073, 0.5257073], [10.6049179, 0.5255552], [10.6052553, 0.5254261], [10.6053899, 0.5252263], [10.6056265, 0.5245825]]}}, {"type": "Feature", "properties": {"name": "Komo", "osm_id": 655018224}, "geometry": {"type": "LineString", "coordinates": [[10.6039212, 0.5645322], [10.6042356, 0.5643842], [10.6043298, 0.5640341], [10.6042589, 0.5634069], [10.6042683, 0.5623843], [10.6042064, 0.5617269], [10.6043523, 0.5611426], [10.6042284, 0.5604948], [10.6040839, 0.5603423], [10.6040981, 0.5601899], [10.6040155, 0.5597421], [10.603916, 0.5596407], [10.6037053, 0.5596504], [10.6034585, 0.5599399], [10.6033144, 0.5599471], [10.6032802, 0.5598187], [10.6034343, 0.5596571], [10.6035359, 0.5590799], [10.6037392, 0.5585765], [10.6038079, 0.5578276], [10.6039957, 0.5575074], [10.6044191, 0.5573593], [10.6047417, 0.5575394], [10.6048628, 0.5575028], [10.604851, 0.5573341], [10.6040651, 0.5566316], [10.6035414, 0.5563065], [10.6033883, 0.5564031], [10.6031371, 0.5571263], [10.6030503, 0.5572203], [10.6029338, 0.5572193], [10.6028679, 0.5571086], [10.602678, 0.556678], [10.6024571, 0.5564362], [10.6023813, 0.5557243], [10.6024404, 0.5554253], [10.6023566, 0.5553327], [10.6017832, 0.5554705], [10.6014305, 0.555762], [10.6011697, 0.5555986], [10.6012516, 0.5551923], [10.6011136, 0.5542688], [10.6009302, 0.5531293], [10.6007865, 0.5525219], [10.6010709, 0.5520692], [10.6015827, 0.5515916], [10.6019357, 0.5507806], [10.601816, 0.5499524], [10.6021322, 0.5489313], [10.6018466, 0.5484914], [10.6017442, 0.548194], [10.6017838, 0.5475571], [10.6016808, 0.547083], [10.6011363, 0.5466891], [10.6011187, 0.5464232], [10.6012928, 0.545771], [10.6017489, 0.545006], [10.6016542, 0.544537], [10.6023623, 0.5418763]]}}, {"type": "Feature", "properties": {"name": "Komo", "osm_id": 655018225}, "geometry": {"type": "LineString", "coordinates": [[10.6009398, 0.5743651], [10.6008909, 0.5738169], [10.6008251, 0.573134], [10.600664, 0.5727369], [10.6007229, 0.5724668], [10.6009675, 0.5723019], [10.6010104, 0.5711218], [10.6016327, 0.5689332], [10.6031133, 0.5682037], [10.6050659, 0.5676673], [10.6056024, 0.5667661], [10.6053663, 0.5657576], [10.6044007, 0.5649423], [10.6039212, 0.5645322]]}}, {"type": "Feature", "properties": {"name": "Komo", "osm_id": 655018226}, "geometry": {"type": "LineString", "coordinates": [[10.6047943, 0.5876327], [10.6048296, 0.5870859], [10.6049663, 0.5866695], [10.6051776, 0.5865328], [10.6054658, 0.5865042], [10.6055703, 0.5863787], [10.6055074, 0.5861889], [10.6053095, 0.5859197], [10.6052229, 0.585523], [10.6052954, 0.585332], [10.605488, 0.5851138], [10.6056238, 0.5847981], [10.6055214, 0.5844983], [10.6052403, 0.584397], [10.6048719, 0.5842957], [10.6045259, 0.5839699], [10.6043505, 0.5833861], [10.6044454, 0.5829433], [10.6048978, 0.5822138], [10.6049612, 0.5818733], [10.6048791, 0.581499], [10.6048216, 0.5811961], [10.6046291, 0.5808296], [10.6046412, 0.5803985], [10.604924, 0.5798803], [10.6049447, 0.5793542], [10.6048565, 0.5789725], [10.604554, 0.5787734], [10.6040591, 0.5787385], [10.6033737, 0.5786084], [10.6030192, 0.5782688], [10.6028632, 0.5779768], [10.6028342, 0.5775895], [10.6026164, 0.5771315], [10.6026863, 0.5768533], [10.6028656, 0.5765661], [10.6028787, 0.5761378], [10.60238, 0.5757829], [10.6021706, 0.5756983], [10.6018217, 0.5755896], [10.601709, 0.5753741], [10.6015783, 0.5752484], [10.6013335, 0.5750351], [10.6009398, 0.5743651]]}}, {"type": "Feature", "properties": {"name": "Komo", "osm_id": 655018227}, "geometry": {"type": "LineString", "coordinates": [[10.6049711, 0.5903966], [10.6052161, 0.5894886], [10.6047943, 0.5876327]]}}, {"type": "Feature", "properties": {"name": "Komo", "osm_id": 655018228}, "geometry": {"type": "LineString", "coordinates": [[10.6051746, 0.5938333], [10.6055228, 0.5925585], [10.6055939, 0.591855], [10.605538, 0.5915484], [10.6051071, 0.5911775], [10.6048269, 0.5909545], [10.6048009, 0.5907474], [10.6049711, 0.5903966]]}}, {"type": "Feature", "properties": {"name": "Komo", "osm_id": 655018987}, "geometry": {"type": "LineString", "coordinates": [[10.5938491, 0.4796709], [10.5873786, 0.472413], [10.5830871, 0.4622853], [10.5758773, 0.4380818], [10.5775424, 0.4354812], [10.575019, 0.4265808], [10.5741607, 0.4143932], [10.5775939, 0.4083852], [10.5753623, 0.4097584], [10.5736457, 0.4083852], [10.576564, 0.4052953], [10.5763923, 0.3986007], [10.5782806, 0.3963692], [10.5787956, 0.3915628], [10.5803405, 0.386413], [10.5827438, 0.3786884], [10.5846321, 0.3750836], [10.5822288, 0.3740537], [10.5839454, 0.3731954], [10.5844604, 0.3713072], [10.5821773, 0.3697365], [10.5833789, 0.3676766], [10.5837737, 0.361351], [10.5813705, 0.3574029], [10.5820056, 0.3558322], [10.5811988, 0.3517382], [10.5796024, 0.3548023], [10.5741607, 0.3434986], [10.5754825, 0.338838], [10.574504, 0.3366322], [10.5777656, 0.333714], [10.5799972, 0.3338857], [10.581834, 0.3314567], [10.5801174, 0.3299118], [10.5815421, 0.3290793], [10.5813705, 0.3189514], [10.5840656, 0.3185823], [10.5784522, 0.3045321], [10.576564, 0.3028155], [10.577079, 0.2968074], [10.5741607, 0.2976657], [10.5703842, 0.2938892], [10.564376, 0.2890827], [10.5612861, 0.2906277], [10.5615779, 0.288027], [10.5595695, 0.2868512], [10.5575096, 0.2892544], [10.5549346, 0.2887394], [10.5556213, 0.2854779], [10.5521881, 0.2811864], [10.5540763, 0.2794698], [10.5512782, 0.2754959], [10.5516216, 0.2725777], [10.546815, 0.2681145], [10.5480167, 0.2638231], [10.543605, 0.259214], [10.5386268, 0.260244], [10.5307304, 0.258699], [10.5234691, 0.257815], [10.5257522, 0.2518326], [10.521804, 0.250631], [10.5227825, 0.2473437], [10.5200874, 0.2439363], [10.5132209, 0.2470262], [10.5130493, 0.2497727], [10.5065261, 0.2538926], [10.5015565, 0.2502877], [10.5018999, 0.2520043], [10.5009815, 0.2530085], [10.4938318, 0.2502877], [10.4928018, 0.2523476], [10.4909135, 0.2537209], [10.4874803, 0.2449662], [10.4807254, 0.2403057], [10.4730607, 0.2387865], [10.472374, 0.2352612], [10.4711124, 0.2337826], [10.4610444, 0.2252254], [10.4481098, 0.2162733], [10.4354669, 0.2089176], [10.4194423, 0.2009955], [10.4146358, 0.1965323], [10.411091, 0.1963864], [10.4070827, 0.1929275], [10.4033662, 0.1924382], [10.4033662, 0.1953565], [10.4030229, 0.1975881], [10.3971864, 0.1955281], [10.3931781, 0.1944724], [10.3933498, 0.1840011], [10.3889467, 0.1795637], [10.3879363, 0.1807986], [10.3872301, 0.1864301], [10.3855134, 0.1874601], [10.3844835, 0.1912366], [10.3820802, 0.1915799], [10.3815652, 0.1948415], [10.3783037, 0.1969014], [10.376587, 0.208231], [10.3649141, 0.2250537], [10.367489, 0.2283152], [10.3676607, 0.2322634], [10.3642274, 0.23501], [10.3601076, 0.2380998], [10.3614808, 0.2403314], [10.3602792, 0.2413614], [10.356846, 0.2537209], [10.3528978, 0.2525193], [10.3470613, 0.2571541], [10.3442546, 0.256785], [10.3376199, 0.2525193], [10.3256036, 0.2477128], [10.3164455, 0.249747], [10.3129656, 0.2481466], [10.3107807, 0.2499186], [10.3022577, 0.2494294], [10.3003016, 0.248182], [10.2941425, 0.2487717], [10.288808, 0.2451122], [10.2876064, 0.241679], [10.2827295, 0.2388603], [10.2797351, 0.239832], [10.2773119, 0.2396133], [10.2711195, 0.240927], [10.2681709, 0.2410369], [10.2664791, 0.2424674], [10.2646728, 0.2413665], [10.2632809, 0.2382348], [10.2602807, 0.2356261], [10.2587206, 0.235103], [10.2573168, 0.2354703], [10.2554285, 0.2371248], [10.2543434, 0.2408904], [10.2543071, 0.2429386], [10.254032, 0.2434361], [10.2522676, 0.2442019], [10.2518526, 0.2449745], [10.2521823, 0.2463114], [10.2519745, 0.2469945], [10.2477318, 0.2498095], [10.2459689, 0.2517618], [10.2455158, 0.25415], [10.2457539, 0.2561828], [10.2451677, 0.2584013], [10.2450762, 0.2598274], [10.2445451, 0.2607981], [10.2452594, 0.2639298], [10.2451127, 0.2659938], [10.2407274, 0.2681725], [10.2400214, 0.2695157], [10.241102, 0.2711457], [10.2418993, 0.2744299], [10.2417796, 0.2756144], [10.2405507, 0.2785792], [10.2386197, 0.2779938], [10.2366882, 0.2782699], [10.2347606, 0.2793211], [10.2328055, 0.2821526], [10.2311489, 0.2856154], [10.2306993, 0.2860718], [10.2302231, 0.2875187], [10.2306993, 0.2881963], [10.2305345, 0.289112], [10.2296554, 0.290101], [10.2296188, 0.2909801], [10.2299484, 0.2921339], [10.2288616, 0.2930256], [10.228758, 0.2940202], [10.2289778, 0.2946429], [10.2285748, 0.2954487], [10.2263919, 0.2959168], [10.2256693, 0.2954366], [10.2249302, 0.29587], [10.2251748, 0.297192], [10.2248204, 0.2981226], [10.2255529, 0.2989285], [10.2265419, 0.2992764], [10.2279922, 0.3007559], [10.2289228, 0.3010895], [10.2293074, 0.3006683], [10.229061, 0.299124], [10.229747, 0.2991299], [10.2300981, 0.299689], [10.2297287, 0.3012544], [10.229106, 0.3020785], [10.228062, 0.3024448], [10.226825, 0.3027997], [10.226194, 0.3035437], [10.226194, 0.3044227], [10.2267068, 0.3054667], [10.2267434, 0.3064007], [10.2262489, 0.3072431], [10.2253149, 0.3080673], [10.2244582, 0.3076337], [10.2237552, 0.3065091], [10.2234834, 0.3051736], [10.2239229, 0.3034704], [10.2233003, 0.3030675], [10.222879, 0.3035437], [10.2226409, 0.3048257], [10.2204432, 0.30706], [10.2197656, 0.3069501], [10.2193192, 0.3062071], [10.2187157, 0.3055669], [10.2181414, 0.305679], [10.217695, 0.3068965], [10.2170155, 0.3077939], [10.21542, 0.3080751], [10.2148023, 0.3100819], [10.2149305, 0.3107778], [10.2157037, 0.3114582], [10.2157638, 0.3119682], [10.2150587, 0.3122429], [10.2133805, 0.3133785], [10.2118171, 0.3131403], [10.2114007, 0.3137699], [10.2116339, 0.3147795], [10.2119636, 0.3151183], [10.2120185, 0.3161439], [10.2118171, 0.3168948], [10.2120371, 0.3178253], [10.212028, 0.3190525], [10.2122211, 0.3194816], [10.2132815, 0.3195248], [10.2136035, 0.3199482], [10.2135551, 0.3219054], [10.2139255, 0.3227623], [10.2139049, 0.3232223], [10.2134849, 0.3235679], [10.2128649, 0.3235156], [10.2123624, 0.3237124], [10.2124123, 0.3243029], [10.2125859, 0.3246958], [10.2140236, 0.325361], [10.214603, 0.3260538], [10.2141954, 0.3275343], [10.213058, 0.3294164], [10.2122428, 0.3298088], [10.2111912, 0.3295451], [10.2100754, 0.3281504], [10.209067, 0.327427], [10.2087235, 0.327614], [10.2083104, 0.3283757], [10.2080208, 0.3285473], [10.2075515, 0.3285589], [10.2073758, 0.3281109], [10.2080585, 0.3248199], [10.207994, 0.3242881], [10.2076507, 0.3232796], [10.2076336, 0.322788], [10.2079296, 0.3213055], [10.2083124, 0.3187181], [10.2073955, 0.3177929], [10.203621, 0.3153208], [10.2022485, 0.3144528], [10.2016258, 0.312886], [10.2014344, 0.3124046], [10.2003273, 0.3115336], [10.2000117, 0.3110382], [10.2001077, 0.3090662], [10.2004685, 0.3042687], [10.2003658, 0.3033779], [10.2000984, 0.302982], [10.1991419, 0.3027016], [10.1936245, 0.3033436], [10.1910197, 0.3047012], [10.1903504, 0.3049711], [10.189814, 0.3049228], [10.1895672, 0.304719], [10.1894975, 0.3043971], [10.1895483, 0.3033841], [10.1894896, 0.2981942], [10.1890795, 0.297437], [10.1883065, 0.2971531], [10.1871478, 0.2965544], [10.1863865, 0.2956235], [10.1862574, 0.2945482], [10.18556, 0.2923917], [10.1848519, 0.2906268], [10.1846883, 0.289959], [10.1844986, 0.2887627], [10.1844462, 0.2841957], [10.1846909, 0.2834011], [10.1854545, 0.2830263], [10.186075, 0.2830256], [10.1875985, 0.2834015], [10.1891971, 0.284077], [10.1898135, 0.2845463], [10.1912892, 0.285461], [10.192405, 0.2855683], [10.1933829, 0.2852553], [10.1942611, 0.284549], [10.19486, 0.2838747], [10.1952481, 0.2830256], [10.1953018, 0.282414], [10.1952452, 0.2820853], [10.194658, 0.2814055], [10.1937705, 0.2811277], [10.1929103, 0.2808412], [10.1911604, 0.2793778], [10.188607, 0.2781118], [10.1857357, 0.2761067], [10.1832539, 0.2742109], [10.1813543, 0.2721359], [10.180119, 0.2702976], [10.1797128, 0.269207], [10.1796174, 0.2681891], [10.1795733, 0.2674797], [10.1797532, 0.2663203], [10.1807749, 0.2631882], [10.1809995, 0.2608364], [10.180975, 0.2570986], [10.1805322, 0.2549187], [10.1784885, 0.2530453], [10.1756273, 0.2523981], [10.1748419, 0.2521483], [10.1740945, 0.2515466], [10.1729023, 0.2498094], [10.1722326, 0.2481828], [10.1718754, 0.2480392], [10.170552, 0.2477317], [10.1689852, 0.2473911], [10.1675886, 0.2467098], [10.1669755, 0.2453133], [10.1676568, 0.2400338], [10.1675886, 0.2383307], [10.1671118, 0.2371726], [10.1659537, 0.2352651], [10.1664305, 0.2330171], [10.1679293, 0.2307009], [10.168587, 0.2297252], [10.1691463, 0.2291614]]}}, {"type": "Feature", "properties": {"name": "Ogoou\u00e9", "osm_id": 671537477}, "geometry": {"type": "LineString", "coordinates": [[8.9016694, -1.0215692], [8.8999987, -1.0224896], [8.8967478, -1.0241845], [8.8931579, -1.025307], [8.8882613, -1.0260081], [8.8844783, -1.0260042], [8.8770861, -1.020233], [8.8731658, -1.0178662]]}}, {"type": "Feature", "properties": {"name": "Ntem", "osm_id": 697586544}, "geometry": {"type": "LineString", "coordinates": [[11.7447295, 2.2250682], [11.7445239, 2.2251545], [11.744248, 2.225573], [11.7442426, 2.225837], [11.7442667, 2.2260541], [11.7443123, 2.2262578], [11.7444981, 2.2264785], [11.7448032, 2.2266786], [11.7457702, 2.2271234], [11.7465293, 2.2276575], [11.7469269, 2.2283019], [11.7472119, 2.2293347], [11.7468936, 2.2298076], [11.7457096, 2.2302453], [11.7447478, 2.230496], [11.7439862, 2.230465], [11.7425251, 2.2301248], [11.7412188, 2.2311139], [11.7397031, 2.2316628], [11.736916, 2.2300887], [11.7327965, 2.230078], [11.7283872, 2.2294868], [11.7262366, 2.2282489], [11.7253109, 2.2258424], [11.7237743, 2.2240791], [11.7213575, 2.2231617], [11.7198992, 2.2213963], [11.7160989, 2.2200836], [11.7159808, 2.2215764], [11.7148734, 2.2227419]]}}, {"type": "Feature", "properties": {"name": "Komo", "osm_id": 715534728}, "geometry": {"type": "LineString", "coordinates": [[9.8763469, 0.1693058], [9.8575208, 0.1647054], [9.8471138, 0.1620661], [9.8357198, 0.1598559], [9.8166349, 0.156654], [9.8036406, 0.1557361], [9.7915832, 0.1547136]]}}, {"type": "Feature", "properties": {"name": "Ntem", "osm_id": 791420914}, "geometry": {"type": "LineString", "coordinates": [[11.3887453, 2.301092], [11.3878333, 2.3012635], [11.3866576, 2.3014155], [11.3853764, 2.3012099], [11.3840461, 2.3007918], [11.3830697, 2.3005881], [11.3813732, 2.3005872], [11.3803661, 2.3007811], [11.3796043, 2.3011349], [11.3791001, 2.3012635], [11.3775478, 2.3013961], [11.3764768, 2.3014319], [11.3755856, 2.3013575], [11.3746798, 2.3012635], [11.3740253, 2.3011885], [11.3734871, 2.3008394], [11.3721626, 2.2996232], [11.3711607, 2.2990445], [11.3699583, 2.298821], [11.3675395, 2.2987899], [11.3664143, 2.2986923], [11.3650882, 2.298487], [11.3634038, 2.2982619], [11.3612741, 2.2981332], [11.3591927, 2.2976937], [11.3570952, 2.2977902], [11.3562101, 2.2978545], [11.354937, 2.2979096], [11.3531041, 2.2981493], [11.3525462, 2.2982136], [11.3515592, 2.2984816], [11.3508457, 2.2980475], [11.3494939, 2.2978819], [11.3482225, 2.2976723], [11.3466346, 2.2971952], [11.3458729, 2.296745], [11.3448965, 2.2958445], [11.3448322, 2.2942525], [11.3432819, 2.2937969], [11.3425917, 2.293645], [11.3412595, 2.2934217], [11.3385397, 2.2943758], [11.3356644, 2.2935718], [11.3337919, 2.2936737], [11.332081, 2.2944455], [11.329152, 2.2955711], [11.3275158, 2.2957051], [11.3260889, 2.2954585], [11.3249624, 2.2950672], [11.3240826, 2.2948421], [11.3235676, 2.2951155], [11.323294, 2.2955765], [11.3225484, 2.2963644], [11.3213529, 2.2979175], [11.3204563, 2.2984334], [11.3191688, 2.2990176], [11.3184017, 2.2997788], [11.3172913, 2.3010116], [11.3168085, 2.3026786], [11.3161647, 2.3039382], [11.315065, 2.304903], [11.3145447, 2.3061466], [11.3132787, 2.3068059], [11.312238, 2.3069881], [11.3114494, 2.3071382], [11.3106555, 2.3070417], [11.3095504, 2.3063234], [11.308853, 2.3053908], [11.3072813, 2.3045653], [11.3053005, 2.3034222], [11.3039768, 2.3027108], [11.2999579, 2.3016628], [11.297856, 2.3009098], [11.2969708, 2.3003309], [11.2961745, 2.2994597], [11.2952244, 2.297836], [11.2943326, 2.296758], [11.2930408, 2.2954656], [11.2914669, 2.2945366], [11.29026, 2.2936522], [11.289384, 2.2935637], [11.2882054, 2.29362], [11.287272, 2.2939738], [11.2864027, 2.2947983], [11.2849054, 2.2963111], [11.2835276, 2.2980475], [11.2828195, 2.2982297], [11.2813604, 2.2988515], [11.281355, 2.2988512], [11.2793208, 2.2987233], [11.27811, 2.2986875], [11.2771944, 2.2986604], [11.2755883, 2.298546], [11.2743384, 2.2977902], [11.2727237, 2.2962733], [11.2717849, 2.2949547], [11.2695801, 2.2938344], [11.268239, 2.2939416], [11.2652671, 2.2953889]]}}, {"type": "Feature", "properties": {"name": "Ntem", "osm_id": 791420916}, "geometry": {"type": "LineString", "coordinates": [[11.428206, 2.2970022], [11.4300474, 2.2983753], [11.4314289, 2.2998499], [11.4321113, 2.3001486], [11.4328515, 2.2999557], [11.4338064, 2.2999566], [11.4348793, 2.3002987], [11.4364208, 2.3011777], [11.4376726, 2.3013487], [11.4391214, 2.301049], [11.4415359, 2.3002879], [11.4424431, 2.299752], [11.4430091, 2.2992346], [11.4437478, 2.2979573], [11.4439221, 2.2965394], [11.4441473, 2.2954924], [11.4440715, 2.2947366], [11.4436865, 2.2939036], [11.4434288, 2.2933923], [11.4433405, 2.2928819], [11.4436436, 2.2923834], [11.4442794, 2.2920639], [11.4452752, 2.2917982], [11.4475146, 2.2922356], [11.4487874, 2.2922941], [11.4501826, 2.2920752], [11.451201, 2.2917698], [11.4515396, 2.2917435], [11.451844, 2.291828], [11.4527301, 2.2926322], [11.4541735, 2.2940175], [11.4555303, 2.294995], [11.4568247, 2.2955889], [11.4571486, 2.2962595], [11.4570331, 2.2977868], [11.456349, 2.2983864], [11.4547892, 2.2991607], [11.4531167, 2.2996445], [11.4522504, 2.3000132], [11.4516855, 2.300865], [11.4516036, 2.3014827], [11.4517716, 2.3022177], [11.4526094, 2.303004], [11.4539375, 2.3035098], [11.4549651, 2.3038489], [11.456691, 2.3040722], [11.4594854, 2.3033397], [11.4608958, 2.3030115], [11.4624763, 2.3028904], [11.4640939, 2.3028126], [11.4652955, 2.3031288], [11.4663899, 2.3032146], [11.4669424, 2.3032468], [11.4683855, 2.303295], [11.4687717, 2.303295], [11.4703917, 2.3033218], [11.4724356, 2.3034719], [11.4745921, 2.3034129], [11.4761818, 2.3031858], [11.477049, 2.3019764], [11.4776069, 2.3016923], [11.4778268, 2.3010652], [11.477741, 2.3008454], [11.4780575, 2.3006954], [11.4789622, 2.2999663], [11.4797902, 2.2995215], [11.4804822, 2.2991999], [11.480906, 2.2988944], [11.48145, 2.2983566], [11.4821881, 2.2980153], [11.4827671, 2.2974785], [11.483261, 2.29682], [11.4834756, 2.2962197], [11.4843124, 2.2958873], [11.4854282, 2.2958445], [11.4866888, 2.2956944], [11.4876491, 2.2954103], [11.488663, 2.2952495], [11.4900202, 2.2952763], [11.4913881, 2.2960535], [11.4917636, 2.2970559], [11.4923483, 2.2984602], [11.4933997, 2.2992642], [11.4945316, 2.2993017], [11.4958781, 2.2998645], [11.4964735, 2.3001808], [11.4977664, 2.3006257], [11.4988714, 2.3010813], [11.5000784, 2.3016334], [11.5008938, 2.3018478], [11.5019378, 2.3020151], [11.5025729, 2.3022444]]}}, {"type": "Feature", "properties": {"name": "Ogoou\u00e9", "osm_id": 801649707}, "geometry": {"type": "LineString", "coordinates": [[11.7548426, -0.0961525], [11.7535472, -0.0958943], [11.7515301, -0.0957012], [11.7468309, -0.0956153], [11.7430114, -0.0959479], [11.7414772, -0.0961518], [11.7403185, -0.0963771], [11.7395568, -0.096774], [11.7383337, -0.0978898], [11.7367458, -0.1000141], [11.7361772, -0.1007008], [11.7354798, -0.1011085], [11.732347, -0.1016878], [11.7290425, -0.1020741], [11.7264676, -0.1024818], [11.7243433, -0.1024818], [11.7235708, -0.1022779], [11.7229485, -0.1019882], [11.7189498, -0.0986114], [11.7173695, -0.0969457], [11.7132101, -0.0920923], [11.7086042, -0.0867778], [11.7040014, -0.0811099], [11.6990232, -0.0759601], [11.6955471, -0.0726556], [11.6910839, -0.0702953], [11.6879725, -0.0697589], [11.6844535, -0.068407], [11.6776299, -0.0640511], [11.6718707, -0.0616958], [11.665957, -0.0601458], [11.6604852, -0.0596523], [11.6579103, -0.0588798], [11.6549277, -0.0589441], [11.6490697, -0.0605106], [11.6387615, -0.0632896], [11.6343283, -0.0639653], [11.6254133, -0.0642682], [11.6190259, -0.0634188], [11.6172266, -0.0634288], [11.6160679, -0.0641799], [11.6150379, -0.066154], [11.6141375, -0.0695837], [11.6107498, -0.0758119], [11.6087293, -0.0785136], [11.6069367, -0.0804363], [11.6048884, -0.0818395], [11.6021633, -0.0829768], [11.5979385, -0.0843197], [11.5948677, -0.0846934], [11.5919924, -0.0863027], [11.5910075, -0.0877091], [11.5901685, -0.0910663], [11.589726, -0.095031], [11.5896258, -0.0988891], [11.5895676, -0.1015805], [11.5890956, -0.1028787], [11.587857, -0.1046741], [11.5863314, -0.1056767], [11.5849542, -0.1067089], [11.5822828, -0.1091122], [11.5795335, -0.1118614], [11.5783055, -0.1126079], [11.5766823, -0.1133715], [11.5752232, -0.1135217], [11.5742898, -0.1134788], [11.5735602, -0.1132213], [11.5730667, -0.1127385], [11.5725732, -0.1117407], [11.5719509, -0.1100992], [11.5708565, -0.1082324], [11.5697408, -0.1064729], [11.5679383, -0.103898], [11.5672946, -0.102353], [11.5661262, -0.0983379], [11.5641832, -0.0919675], [11.5621178, -0.0877155], [11.5593767, -0.0848436], [11.5567159, -0.0817107], [11.5557718, -0.0803375], [11.5535616, -0.078063], [11.552124, -0.077033], [11.5494418, -0.0755739], [11.5469526, -0.0748872], [11.5434766, -0.0745225], [11.5399575, -0.0748657], [11.5321254, -0.07699], [11.5255594, -0.0789213], [11.5212679, -0.0800371], [11.5175342, -0.0816893], [11.5138864, -0.0832343], [11.5069771, -0.0845217], [11.5029216, -0.0847363], [11.4991879, -0.0849723], [11.4954328, -0.0860881], [11.4913988, -0.0882983], [11.4888024, -0.0894355], [11.4865923, -0.0901651], [11.4840603, -0.0904762], [11.4824295, -0.0898325], [11.480627, -0.0882768], [11.4779663, -0.0864743], [11.475842, -0.0860881], [11.4735308, -0.0866633], [11.4689505, -0.0898066], [11.4649629, -0.0955295], [11.4630587, -0.1007931], [11.4622915, -0.104413], [11.4619589, -0.1094555], [11.4616585, -0.1114189], [11.4609289, -0.1124703], [11.4593625, -0.1133608], [11.457839, -0.1139616], [11.4520883, -0.1154207], [11.4460356, -0.1159624], [11.4410805, -0.1153349], [11.436789, -0.1141333], [11.4336991, -0.1128243], [11.428914, -0.1100349], [11.4252448, -0.1068806], [11.4220691, -0.1045632], [11.4189577, -0.1034044], [11.4139795, -0.1034903], [11.4093876, -0.1038336], [11.4077568, -0.1042198], [11.4065552, -0.1048206], [11.4046883, -0.1063441], [11.4021563, -0.1085114], [11.3988733, -0.1104855], [11.3960302, -0.1119339], [11.3937986, -0.1128565], [11.3925004, -0.1129746], [11.3912432, -0.1128394], [11.389151, -0.1123672], [11.3870319, -0.1121514], [11.3850072, -0.1110718], [11.3825778, -0.1090587], [11.3781452, -0.1057004], [11.3733601, -0.1027822], [11.3715791, -0.1019668], [11.3687896, -0.1001], [11.3665795, -0.0993061], [11.3639402, -0.0994777], [11.3611722, -0.1012587], [11.3589298, -0.1027608], [11.3573327, -0.1037195], [11.355312, -0.1050428], [11.3535502, -0.1065682], [11.3522211, -0.1093395], [11.3505091, -0.1138166], [11.3488952, -0.1156361], [11.3464016, -0.1176249], [11.3437736, -0.1192417], [11.3415263, -0.120201], [11.3374994, -0.1213303], [11.3339512, -0.1218935], [11.3304631, -0.1216937], [11.3243929, -0.1204246]]}}, {"type": "Feature", "properties": {"name": "Ogoou\u00e9", "osm_id": 801649709}, "geometry": {"type": "LineString", "coordinates": [[11.7648596, -0.1027358], [11.7642438, -0.1027929], [11.7637074, -0.1027393], [11.7605639, -0.1012265], [11.7589974, -0.1001536], [11.7574914, -0.098893], [11.7559465, -0.0975412], [11.7548426, -0.0961525]]}}, {"type": "Feature", "properties": {"name": "Ogoou\u00e9", "osm_id": 801649710}, "geometry": {"type": "LineString", "coordinates": [[11.7704021, -0.0969457], [11.7703056, -0.0993811], [11.7698336, -0.1006686], [11.7687607, -0.101484], [11.7675698, -0.1019131], [11.7663896, -0.1023423], [11.7657459, -0.1025569], [11.7648596, -0.1027358]]}}, {"type": "Feature", "properties": {"name": "Ntem", "osm_id": 908813882}, "geometry": {"type": "LineString", "coordinates": [[11.7718734, 2.2120488], [11.7719921, 2.214057], [11.7714379, 2.2154882], [11.7679702, 2.2161557], [11.7615745, 2.2140172], [11.760044, 2.2149969], [11.761441, 2.2164073], [11.7621825, 2.2185057], [11.761135, 2.2197571], [11.7604082, 2.2200586], [11.7602929, 2.2204391], [11.7603252, 2.2207232], [11.7605692, 2.2209484], [11.7608434, 2.2212502], [11.7609099, 2.2215005], [11.7609769, 2.2218945], [11.7612639, 2.2223179], [11.7614222, 2.2226342], [11.7615616, 2.223264], [11.7616515, 2.2236232], [11.7617226, 2.2239609], [11.7618084, 2.2243415], [11.7619971, 2.224757], [11.7620337, 2.225041], [11.7620069, 2.225242], [11.7618942, 2.2254806], [11.7616582, 2.2256226], [11.7612907, 2.2257835], [11.7608267, 2.2258585], [11.7605236, 2.2258772], [11.76025, 2.2257888], [11.7599845, 2.225644], [11.7594105, 2.2253492], [11.7590345, 2.2252311], [11.7586219, 2.2252661], [11.7581499, 2.2254028], [11.7577824, 2.2256065], [11.7575249, 2.2255904], [11.7572269, 2.225445], [11.7570126, 2.2252018], [11.7567283, 2.2248561], [11.7563287, 2.224454], [11.7558888, 2.2241324], [11.7553641, 2.2239002], [11.7551431, 2.2238537], [11.7548963, 2.2238939], [11.754663, 2.2241298], [11.7544484, 2.2243871], [11.7541212, 2.2244889], [11.7534885, 2.224561], [11.7524502, 2.2248239], [11.751506, 2.2249954], [11.7509442, 2.2249971], [11.7503795, 2.2252206], [11.7496687, 2.2254752], [11.7490807, 2.2256638], [11.748746, 2.2257754], [11.7483165, 2.2257539], [11.7478153, 2.2255127], [11.747236, 2.2252125], [11.7465924, 2.225022], [11.7460451, 2.2249526], [11.7454147, 2.2250008], [11.7447295, 2.2250682]]}}, {"type": "Feature", "properties": {"name": "Ntem", "osm_id": 908813883}, "geometry": {"type": "LineString", "coordinates": [[12.3143006, 1.9703233], [12.3117901, 1.9828471], [12.3076273, 1.9958855], [12.3083354, 2.0035413], [12.3022843, 2.0111326], [12.3015762, 2.0208255], [12.2980786, 2.0313117], [12.2967483, 2.0346999], [12.2965552, 2.0392675], [12.2922851, 2.0398679], [12.291813, 2.0424841], [12.2886802, 2.0441568], [12.2875215, 2.0461082], [12.2851182, 2.0473948], [12.283981, 2.0462797], [12.2820498, 2.046151], [12.2800971, 2.0485957], [12.2776295, 2.0478666], [12.2755695, 2.0494963], [12.2736813, 2.0512762], [12.2726942, 2.0552647], [12.2744108, 2.0572161], [12.2728015, 2.0612261], [12.2725011, 2.0652146], [12.2676088, 2.066394], [12.2627164, 2.0663297], [12.2603131, 2.0665441], [12.2566653, 2.0657293], [12.2529746, 2.065858], [12.2519447, 2.067166], [12.2496916, 2.0685384], [12.2480823, 2.073063], [12.2489835, 2.0748428], [12.2469665, 2.0750144], [12.2416664, 2.07688], [12.2395636, 2.0782309], [12.2382761, 2.076687], [12.2368599, 2.0770944], [12.2374822, 2.0810186], [12.2348, 2.0803324], [12.2332121, 2.0817477], [12.2316457, 2.0811473], [12.2300364, 2.0824768], [12.2264744, 2.0814046], [12.2230841, 2.0806112], [12.2181917, 2.0820908], [12.2149516, 2.082391], [12.2137715, 2.0836776], [12.213235, 2.0862937], [12.2100807, 2.0899176], [12.205875, 2.0924694], [12.2021843, 2.0951284], [12.1978713, 2.0926624], [12.1952535, 2.0955358], [12.1911551, 2.0967366], [12.1876146, 2.0925659], [12.1834947, 2.0902393], [12.1799112, 2.0915152], [12.1779801, 2.0929411], [12.176242, 2.0960933], [12.1752657, 2.1002748], [12.172047, 2.1013684], [12.1643866, 2.1028908], [12.1634638, 2.1033449], [12.1630025, 2.1051247], [12.1624339, 2.1058752], [12.161243, 2.1063362], [12.1597302, 2.1071082], [12.158003, 2.1083481], [12.1557392, 2.1087234], [12.1540761, 2.1090863], [12.153022, 2.1093168], [12.1523997, 2.1095312], [12.1519679, 2.109802], [12.1518365, 2.1101584], [12.1520725, 2.1103595], [12.1521825, 2.1105953], [12.1521959, 2.1109143], [12.1523648, 2.1111287], [12.1529175, 2.1114359], [12.1530595, 2.1115067], [12.1530166, 2.111772], [12.1525365, 2.1122786], [12.1521369, 2.1125145], [12.1517399, 2.1125467], [12.1514368, 2.1122491], [12.1510398, 2.1118498], [12.1506, 2.1117238], [12.150152, 2.1118149], [12.1498463, 2.1120267], [12.149401, 2.1121607], [12.1487412, 2.1120508], [12.1483093, 2.112292], [12.1479124, 2.1123966], [12.1476093, 2.1122063], [12.1472526, 2.111957], [12.1469066, 2.1119463], [12.1466383, 2.1120669], [12.146228, 2.1124743], [12.1459436, 2.1128442], [12.1455708, 2.1130318], [12.1453911, 2.1129889], [12.1451846, 2.1130801], [12.1450531, 2.1132623], [12.1450478, 2.1135625], [12.1449727, 2.113777], [12.1447152, 2.1138413], [12.1444792, 2.1137394], [12.1442968, 2.1137341], [12.1442538, 2.1139217], [12.1442968, 2.1141254], [12.1441948, 2.1142702], [12.1439642, 2.1143184], [12.1433687, 2.11449], [12.1425801, 2.1148062], [12.1419364, 2.1155299], [12.1415342, 2.1160462], [12.142371, 2.1170433], [12.1424031, 2.1172454], [12.1423709, 2.1175831], [12.1421778, 2.1177439], [12.1419847, 2.1179316], [12.141813, 2.1182478], [12.1417702, 2.1185443], [12.1395868, 2.1195398], [12.1387607, 2.1199204], [12.1382511, 2.1200115], [12.1377575, 2.1199043], [12.1373659, 2.1198668], [12.1367007, 2.1200437], [12.1354696, 2.1219655], [12.1343029, 2.1223488], [12.1340024, 2.1229921], [12.1341231, 2.1232735], [12.1341231, 2.1236273], [12.1338898, 2.1238445], [12.1336082, 2.1238873], [12.133002, 2.1236005], [12.1326667, 2.1235684], [12.1318889, 2.123882], [12.1313846, 2.1241929], [12.1311969, 2.1245655], [12.1311861, 2.1249407], [12.1311834, 2.1255438], [12.1312639, 2.1258011], [12.1311539, 2.1262863], [12.1306953, 2.1271091], [12.1304297, 2.1273879], [12.1301535, 2.1281304], [12.1298289, 2.1287844], [12.1293917, 2.1292213], [12.1285093, 2.1295831], [12.1281096, 2.1300897], [12.1276858, 2.1303872], [12.1272513, 2.1303604], [12.1254623, 2.1300844], [12.1252048, 2.1297761], [12.1250197, 2.1294116], [12.1250519, 2.1291891], [12.1249768, 2.1290149], [12.1247542, 2.1286745], [12.1245074, 2.1284386], [12.1242285, 2.1283019], [12.1240032, 2.1282697], [12.1237859, 2.1282831], [12.1236572, 2.1284118], [12.1236518, 2.1285887], [12.1236464, 2.128771], [12.1235257, 2.1288996], [12.1233648, 2.12898], [12.1221793, 2.1285941], [12.1209669, 2.1270609], [12.119894, 2.1274898], [12.1203446, 2.1285619], [12.1195078, 2.1293553], [12.1194434, 2.1301916], [12.1195936, 2.1311136], [12.1189284, 2.1312637], [12.1183705, 2.1307705], [12.1165037, 2.1318856], [12.1156454, 2.1329148], [12.1147227, 2.1339226], [12.1119547, 2.1340298], [12.1106028, 2.1342871], [12.1086502, 2.1348232], [12.1077275, 2.1357667], [12.1064615, 2.1361956], [12.1046591, 2.1363028], [12.1038222, 2.1364529], [12.1038651, 2.1377609], [12.1034574, 2.1388759], [12.1027493, 2.1394763], [12.1021271, 2.140527], [12.1015906, 2.1406556], [12.1012473, 2.1400124], [12.1007108, 2.1393476], [12.0991874, 2.139755], [12.0990586, 2.1406342], [12.0979214, 2.1414705], [12.0967197, 2.1415348], [12.0952821, 2.1400767], [12.0950031, 2.140334], [12.0949602, 2.1420709], [12.0934152, 2.1422853], [12.0934152, 2.1426284], [12.0931363, 2.1435718], [12.092514, 2.144065], [12.0921707, 2.1441079], [12.0916128, 2.1441937], [12.0913124, 2.1435718], [12.0906043, 2.1436791], [12.0903682, 2.1439578], [12.0898962, 2.1439578], [12.0893168, 2.1430572], [12.0884371, 2.1436791], [12.0889735, 2.1442795], [12.088995, 2.1447726], [12.0884585, 2.1448798], [12.0881581, 2.1442151], [12.0864844, 2.1450299], [12.0850253, 2.1462736], [12.0840382, 2.1471957], [12.0833194, 2.1473886], [12.0829868, 2.1468418], [12.0821822, 2.1469919], [12.0815384, 2.1471099], [12.0807445, 2.1465952], [12.0800149, 2.1465309], [12.0796394, 2.1470563], [12.0785344, 2.1477853], [12.0772898, 2.1480105], [12.0755196, 2.1484715], [12.0747685, 2.1485251], [12.0745432, 2.1479354], [12.0738673, 2.1472707], [12.0735025, 2.1465738], [12.0734918, 2.1459841], [12.0730734, 2.1455982], [12.0726764, 2.1461557], [12.0719039, 2.1465524], [12.0711529, 2.1470241], [12.0701659, 2.1470134], [12.0693934, 2.1473886], [12.0689642, 2.1473886], [12.0683741, 2.1478282], [12.0673871, 2.1481606], [12.0668721, 2.1484179], [12.0662069, 2.1492005], [12.0655954, 2.1495329], [12.0644808, 2.1508887], [12.063245, 2.1514004], [12.0623902, 2.151305], [12.061651, 2.1513278], [12.0611079, 2.1504502], [12.0607499, 2.1497577], [12.0610018, 2.1491355], [12.061077, 2.1487008], [12.0615679, 2.1469115], [12.061694, 2.1462727], [12.0615802, 2.1451344], [12.061658, 2.1431379], [12.0619046, 2.1408467], [12.0619777, 2.1378392], [12.0620432, 2.13738], [12.0621653, 2.1363815], [12.062188, 2.1353841], [12.0619272, 2.1346746], [12.0619448, 2.1334935], [12.0620384, 2.1312412], [12.0618857, 2.1299328], [12.0616125, 2.1295345], [12.0612501, 2.1295303], [12.0606695, 2.1299619], [12.0600743, 2.129808], [12.0594617, 2.1293535], [12.0588835, 2.1286697], [12.0579779, 2.1280473], [12.0576384, 2.1282374], [12.0573014, 2.1287076], [12.0570351, 2.1292168], [12.0571479, 2.129817], [12.0571207, 2.1307036], [12.0570217, 2.1309548], [12.0566548, 2.1311027], [12.056035, 2.1312938], [12.0557061, 2.1312959], [12.0554592, 2.131375], [12.0550489, 2.1314245], [12.0545124, 2.1317033], [12.0542121, 2.1322286], [12.0539009, 2.1330435], [12.053386, 2.1337832], [12.0522702, 2.1348232], [12.0511329, 2.1356702], [12.0498454, 2.1363671], [12.0490622, 2.1368281], [12.0484722, 2.1372462], [12.0477641, 2.1379538], [12.0473885, 2.1384899], [12.0473134, 2.1391439], [12.0476568, 2.1395084], [12.0478069, 2.139948], [12.047646, 2.1404841], [12.0472919, 2.1406127], [12.0467985, 2.1404413], [12.0462191, 2.1405699], [12.0458758, 2.1408486], [12.0458329, 2.141256], [12.046659, 2.1422638], [12.0467877, 2.1427892], [12.0464873, 2.1431751], [12.0450067, 2.1426927]]}}, {"type": "Feature", "properties": {"name": "Nyanga", "osm_id": 916157349}, "geometry": {"type": "LineString", "coordinates": [[10.7251454, -2.7917181], [10.7220447, -2.793167], [10.7200385, -2.7943693], [10.7184506, -2.79447], [10.7148242, -2.7941398], [10.711348, -2.7946113], [10.7089449, -2.7945408], [10.7071423, -2.7949114], [10.705812, -2.7958675], [10.7044172, -2.797719], [10.7034967, -2.8015298], [10.7026577, -2.8063132], [10.7023519, -2.8075188], [10.701204, -2.8091262], [10.7009196, -2.8103853], [10.7001922, -2.8111784], [10.6972075, -2.8128822], [10.6963169, -2.8136429], [10.6956326, -2.8148326], [10.6958139, -2.8166232], [10.695727, -2.8183173], [10.6946305, -2.8202483], [10.6918935, -2.8221751], [10.6893068, -2.8231159], [10.6859873, -2.8232531], [10.680728, -2.8231693], [10.677799, -2.8235337], [10.6770996, -2.8238917], [10.6762326, -2.8247553], [10.6754708, -2.8262877], [10.6749987, -2.826577], [10.6746326, -2.8263578]]}}, {"type": "Feature", "properties": {"name": "Nyanga", "osm_id": 916161106}, "geometry": {"type": "LineString", "coordinates": [[10.6746326, -2.8263578], [10.6741726, -2.8260627], [10.6736576, -2.8253125], [10.6731105, -2.8248839], [10.6719209, -2.8239852], [10.6710505, -2.8223871], [10.6702996, -2.8216584], [10.6699133, -2.8203404], [10.6700742, -2.819183], [10.6697996, -2.8183366], [10.6686838, -2.8168171], [10.6669564, -2.8148625], [10.6656368, -2.8123828], [10.665007, -2.809691], [10.6645274, -2.8068277], [10.6632828, -2.8033228], [10.6603431, -2.798662], [10.6569767, -2.7932098], [10.6556547, -2.7907643], [10.6535518, -2.7883575], [10.6521463, -2.7874316], [10.6495553, -2.7871261], [10.6483161, -2.7862206], [10.647136, -2.7841675], [10.6429389, -2.7797107], [10.640673, -2.7778364], [10.6372526, -2.7762183], [10.6357635, -2.7757682], [10.634454, -2.7761749], [10.6332733, -2.7773102], [10.6317273, -2.7791309], [10.6302231, -2.7796003], [10.6286996, -2.7791555], [10.6273477, -2.7796753], [10.6258007, -2.7813363], [10.6205436, -2.784146], [10.619181, -2.7845125], [10.6176879, -2.7856591], [10.616413, -2.7863494], [10.6154591, -2.7869816], [10.6140976, -2.7881603], [10.6125119, -2.7899489], [10.6112588, -2.7905372], [10.6094818, -2.7904868], [10.6086919, -2.7909187], [10.6077129, -2.7914181], [10.6066561, -2.7913881], [10.6048859, -2.7917995], [10.6015985, -2.7941484], [10.6000214, -2.7955823], [10.5992489, -2.7976634], [10.5979829, -2.7990094], [10.5966418, -2.800231], [10.5956225, -2.8019091]]}}, {"type": "Feature", "properties": {"name": "Ivindo", "osm_id": 975391718}, "geometry": {"type": "LineString", "coordinates": [[12.5507186, 0.2525898], [12.5470452, 0.2524122], [12.5445672, 0.2524457], [12.5432389, 0.2525908], [12.5424803, 0.2527263], [12.540426, 0.2532828], [12.5394772, 0.2535619], [12.5385051, 0.2536847], [12.5321333, 0.2538851], [12.5273446, 0.2540047], [12.524896, 0.2541694], [12.5237712, 0.2540876], [12.5229423, 0.2538666], [12.5223436, 0.2535258], [12.5216161, 0.2528811], [12.52106, 0.2521597], [12.5207596, 0.2515826], [12.5204741, 0.2508089], [12.5202346, 0.2500261], [12.5199952, 0.2496485], [12.5196765, 0.2493539], [12.5192123, 0.2492065], [12.5187426, 0.2491328], [12.5179874, 0.2491144], [12.5165691, 0.2491236], [12.5152798, 0.2490775], [12.5136773, 0.2488289], [12.5079491, 0.2476456], [12.5056493, 0.247079], [12.5052363, 0.2470575], [12.5048339, 0.2470736], [12.5044852, 0.2471487], [12.5041902, 0.2472345], [12.5039139, 0.2473927], [12.5037396, 0.2475671], [12.5036216, 0.2477281], [12.5034714, 0.2481894], [12.5034606, 0.2485971], [12.503297, 0.2539443], [12.503289, 0.254691], [12.503171, 0.255442], [12.5029135, 0.2562359], [12.5025809, 0.256826], [12.5021624, 0.257341], [12.5014865, 0.2578989], [12.5009179, 0.2581778], [12.5003256, 0.2583461], [12.4998236, 0.2584139], [12.4992549, 0.2583817], [12.4976349, 0.2579204], [12.4954864, 0.2572583], [12.4944913, 0.2568368], [12.4934935, 0.2562896], [12.492528, 0.2556137], [12.4914578, 0.2546839], [12.4883598, 0.2511076], [12.4868524, 0.2496753], [12.4862301, 0.2490852], [12.4857473, 0.2487205], [12.4851375, 0.2483108], [12.4847442, 0.2481465], [12.4843848, 0.2481089], [12.48402, 0.2481143], [12.4833655, 0.2482323], [12.4824428, 0.2485005], [12.4803882, 0.2493734], [12.4788165, 0.2500347], [12.4768746, 0.2509038], [12.4731609, 0.2526367], [12.4722934, 0.2528027], [12.4715692, 0.252851], [12.4709308, 0.2527706], [12.470448, 0.252497], [12.4699759, 0.2520517], [12.4696491, 0.2516128], [12.4693429, 0.2511183], [12.468785, 0.2498309], [12.4677443, 0.2478246], [12.4653895, 0.2436237], [12.4650192, 0.2432059], [12.4644452, 0.2428143], [12.4628228, 0.242112], [12.4595851, 0.241205], [12.4585712, 0.2410441], [12.4581429, 0.2410617], [12.4577343, 0.2411352], [12.4572408, 0.2413337], [12.4564952, 0.2418219], [12.4547665, 0.2431474], [12.4539524, 0.243635], [12.4532819, 0.2439033], [12.4524772, 0.2440535], [12.4518219, 0.2440183], [12.4512809, 0.243973], [12.4506265, 0.2438282], [12.4493712, 0.243399], [12.4479926, 0.2429323], [12.4471344, 0.2427714], [12.4456966, 0.2427177], [12.4443294, 0.2429686], [12.4431538, 0.2434258], [12.4422616, 0.2438973], [12.4417591, 0.2443163], [12.4412119, 0.24496], [12.4407935, 0.2458398], [12.4404368, 0.2466096], [12.4402882, 0.2470657], [12.4402893, 0.2472748], [12.4403053, 0.2474867], [12.440418, 0.2478997], [12.4407291, 0.249155], [12.4408257, 0.2497182], [12.4407853, 0.2500121], [12.4406594, 0.2502708], [12.4401069, 0.2507965], [12.4390984, 0.2513597], [12.4369633, 0.2522341], [12.4345708, 0.2530495], [12.433115, 0.2535625], [12.4320334, 0.2539024], [12.4298823, 0.2546803], [12.4276829, 0.2553776], [12.4248183, 0.2562574], [12.4234128, 0.2567402], [12.4228227, 0.2569226], [12.4222318, 0.2569677], [12.4215567, 0.2569226], [12.4210417, 0.2567938], [12.4204663, 0.2565087], [12.4200547, 0.2561716], [12.4194968, 0.2553669], [12.4187243, 0.2536611], [12.4183488, 0.2527598], [12.4180591, 0.2523092], [12.4175918, 0.2517562], [12.4171257, 0.2514187], [12.4166965, 0.2511613], [12.4162888, 0.2510325], [12.4154413, 0.2509467], [12.4148622, 0.2510063], [12.4137783, 0.2513866], [12.4127376, 0.2519552], [12.4107098, 0.2533499], [12.409873, 0.2538542], [12.4091227, 0.2542277], [12.4081135, 0.2546374], [12.4070835, 0.2549378], [12.4057746, 0.2551094], [12.4040762, 0.2550729], [12.4028134, 0.2548949], [12.402057, 0.2547554], [12.4016869, 0.2546803], [12.4012148, 0.254514], [12.4005711, 0.254176], [12.399804, 0.2538542], [12.3991603, 0.2536289], [12.39845, 0.2535176], [12.3976958, 0.2534679], [12.3969072, 0.253484], [12.3957109, 0.2537308], [12.3951155, 0.2538703], [12.3948365, 0.2539078], [12.3945469, 0.2538864], [12.3942465, 0.2538005], [12.3938993, 0.2536353], [12.3935544, 0.253307], [12.3932326, 0.2528403], [12.3928678, 0.2521858], [12.3919505, 0.2505819], [12.3910874, 0.2492172], [12.3907006, 0.2487258], [12.3902392, 0.2482269], [12.3895955, 0.2475939], [12.3887908, 0.2467839], [12.388308, 0.2464406], [12.3878628, 0.2462743], [12.3874853, 0.2462556], [12.3870689, 0.2463011], [12.3865431, 0.2464406], [12.386055, 0.2466337], [12.3841721, 0.2478085], [12.3832548, 0.2484898], [12.3827452, 0.2488327], [12.3824608, 0.2489672], [12.3822463, 0.2490316], [12.3815006, 0.249155], [12.3803135, 0.2493169], [12.3799396, 0.2494017], [12.3795372, 0.2495788], [12.3790008, 0.249847], [12.3784429, 0.2502386], [12.3762544, 0.2523363], [12.375825, 0.2526043], [12.3750955, 0.2528993], [12.3743606, 0.2531139], [12.3737812, 0.2533177], [12.3732957, 0.2535199], [12.372762, 0.2537469], [12.3722631, 0.2539507], [12.3717213, 0.2541224], [12.3710078, 0.2542672], [12.3705281, 0.2542783], [12.3699725, 0.2541868], [12.3694682, 0.2540258], [12.3688728, 0.2537683], [12.3681432, 0.2533982], [12.3675799, 0.2530602], [12.3668699, 0.2525766], [12.3660994, 0.2519391], [12.3655415, 0.2513812], [12.3650157, 0.2508072], [12.3645598, 0.2501742], [12.3641682, 0.2494339], [12.3637872, 0.2484801], [12.3634493, 0.2473096], [12.3633206, 0.2468161], [12.3631597, 0.2463119], [12.3629558, 0.2458613], [12.3627734, 0.2456413], [12.3624998, 0.2454697], [12.3620975, 0.2452712], [12.3615833, 0.2451491], [12.3611534, 0.245121], [12.3605794, 0.2452551], [12.3598552, 0.2455018], [12.3592865, 0.2456306], [12.3587179, 0.2456252], [12.3583208, 0.24551], [12.3579884, 0.2453409], [12.357645, 0.2450566], [12.3572528, 0.2445467], [12.3567545, 0.2438067], [12.3562878, 0.2430342], [12.3558533, 0.2421169], [12.3557031, 0.24172], [12.3556066, 0.2413445], [12.3555864, 0.2411223], [12.3555422, 0.2402448], [12.355451, 0.2392416], [12.3553812, 0.2385604], [12.3553276, 0.2381044], [12.3553383, 0.2376001], [12.3553973, 0.2372032], [12.3558211, 0.2347999], [12.3558426, 0.2341347], [12.3557997, 0.2335661], [12.3556816, 0.2330404], [12.3554242, 0.2325576], [12.3551559, 0.2322894], [12.3546839, 0.2319675], [12.3543727, 0.2317422], [12.3540079, 0.2313667], [12.3539007, 0.2311414], [12.353847, 0.2307552], [12.3538792, 0.230326], [12.3539865, 0.2299398], [12.3541474, 0.2295858], [12.3543897, 0.2293261], [12.3551988, 0.2288669], [12.3562932, 0.2282983], [12.3568404, 0.227955], [12.357291, 0.2275795], [12.3576236, 0.2272147], [12.3583102, 0.2259702], [12.358557, 0.2254605], [12.3588252, 0.2250529], [12.3592222, 0.2244842], [12.3594475, 0.2241999], [12.3597854, 0.2238995], [12.3603862, 0.2235026], [12.3607832, 0.2233416], [12.3610246, 0.2232343], [12.3610944, 0.2231002], [12.3611104, 0.2229178], [12.3610514, 0.2227462], [12.3609441, 0.2225852], [12.3607081, 0.2223707], [12.3604828, 0.2221668], [12.3601878, 0.2218664], [12.360059, 0.2216518], [12.3599249, 0.2212388], [12.3598581, 0.2209041], [12.3598337, 0.2206594], [12.3597479, 0.2201981], [12.3596191, 0.219093], [12.3595977, 0.2182991], [12.3596191, 0.2178378], [12.3596895, 0.2174444], [12.3600644, 0.2164591], [12.3608637, 0.2148659], [12.3620224, 0.2128811], [12.3631489, 0.2109928], [12.3638356, 0.2099736], [12.3642111, 0.2092387], [12.3647368, 0.2079351], [12.3649406, 0.2062293], [12.3646831, 0.2044268], [12.3642218, 0.2032467], [12.3632455, 0.2022596], [12.3618829, 0.2012296], [12.3603809, 0.2000817], [12.3585248, 0.1987406], [12.3568725, 0.1975604], [12.3556924, 0.1958224], [12.355628, 0.1944491], [12.3558426, 0.1932475], [12.3565936, 0.1921853], [12.3584819, 0.1910802], [12.3609717, 0.1894924], [12.3623872, 0.1882693], [12.3632669, 0.1866814], [12.3635673, 0.1844499], [12.3637175, 0.1821324], [12.3639536, 0.179343], [12.364254, 0.1767895], [12.3643398, 0.1758561], [12.3645651, 0.1746115], [12.3648216, 0.1726627], [12.3649728, 0.1696441], [12.3652258, 0.1665423], [12.3654127, 0.1622734], [12.3656531, 0.1583236], [12.365756, 0.1576279], [12.3660028, 0.1564799], [12.3663139, 0.154774], [12.3663568, 0.1538513], [12.3662151, 0.1530176], [12.3656702, 0.1517592], [12.3652458, 0.1509408], [12.3649835, 0.1498173], [12.3648441, 0.1479827], [12.3645866, 0.1456223], [12.3642072, 0.1440923], [12.3638034, 0.1434551], [12.3631596, 0.1428758], [12.360692, 0.1406656], [12.3592651, 0.1396357], [12.3583531, 0.1387237], [12.3573446, 0.1373826], [12.3566984, 0.1362267], [12.3561859, 0.1351296], [12.3556387, 0.1335954], [12.3545053, 0.131408], [12.3541045, 0.1307844], [12.3534071, 0.1300119], [12.3521733, 0.1290463], [12.351551, 0.1286816], [12.350688, 0.1282906], [12.3492122, 0.1278447], [12.3463905, 0.1273619], [12.3441052, 0.1267504], [12.3430727, 0.1262151], [12.3418522, 0.1255166], [12.3400712, 0.1244437], [12.338376, 0.1236498], [12.3371617, 0.1232598], [12.3360371, 0.1230704], [12.3338377, 0.1230382], [12.3306706, 0.1230166], [12.3290312, 0.1230704], [12.3276687, 0.123124], [12.3266923, 0.1229309], [12.326113, 0.1226842], [12.3257043, 0.1223197], [12.3255229, 0.1219546], [12.3255551, 0.1212894], [12.325868, 0.120255], [12.3268425, 0.1182532], [12.3278618, 0.1160859], [12.3281575, 0.114994], [12.3281407, 0.1140475], [12.3279369, 0.1129746], [12.327379, 0.1117086], [12.3266494, 0.1111721], [12.3256086, 0.110421], [12.3244178, 0.1098418], [12.3215403, 0.1087391], [12.3203087, 0.1082324], [12.3196167, 0.1078569], [12.3189568, 0.1073205], [12.3185599, 0.1069021], [12.3184078, 0.1065778], [12.3183238, 0.1060652], [12.3183668, 0.1056146], [12.318474, 0.1050782], [12.3186135, 0.104531], [12.3188817, 0.1039624], [12.3200238, 0.1026401], [12.3204696, 0.1020526], [12.3207915, 0.1014733], [12.3213326, 0.1001532], [12.321521, 0.0991559], [12.3215425, 0.097922], [12.3214565, 0.0973331], [12.3211241, 0.0962805], [12.3208558, 0.0954544], [12.32077, 0.094918], [12.3207486, 0.0943708], [12.3206992, 0.0936332], [12.3205447, 0.0931155], [12.320373, 0.0927293], [12.3201092, 0.0925222], [12.3198473, 0.0924504], [12.3195255, 0.0925684], [12.3191902, 0.0927367], [12.3186457, 0.093019], [12.3179161, 0.0933945], [12.3172675, 0.0935798], [12.3168969, 0.0935769], [12.3165321, 0.0934159], [12.3161673, 0.093137], [12.3157434, 0.0926337], [12.3153584, 0.0919781], [12.3149872, 0.0915599], [12.3145473, 0.0912595], [12.3138285, 0.0904548], [12.3135817, 0.0897681], [12.3135032, 0.0889926], [12.3133671, 0.0879121], [12.3131558, 0.087019], [12.3127019, 0.0855839], [12.3120046, 0.0836634], [12.3114681, 0.0823974], [12.3107371, 0.0809302], [12.3103416, 0.0803268], [12.3098373, 0.0797152], [12.3087323, 0.0784492], [12.3080242, 0.0777519], [12.3072195, 0.0768936], [12.3068869, 0.0764429], [12.3065728, 0.0759001], [12.3062924, 0.0753086], [12.3054519, 0.0709854], [12.3048592, 0.0695765], [12.3040867, 0.0681603], [12.3036146, 0.0673664], [12.3029494, 0.0664544], [12.3022903, 0.065666], [12.3015976, 0.0651562], [12.3008037, 0.0648451], [12.2995551, 0.064482], [12.2988939, 0.0644159], [12.2981107, 0.0645125], [12.2974348, 0.0647485], [12.296664, 0.0652584], [12.2953641, 0.0661915], [12.2940284, 0.0671786], [12.2935241, 0.0675273], [12.2931486, 0.0677794], [12.2927422, 0.0679327], [12.292285, 0.0680315], [12.2916841, 0.0680852], [12.2909331, 0.0680637], [12.289934, 0.0678107], [12.2882402, 0.0669587], [12.287682, 0.0664975], [12.2874892, 0.0662398], [12.2873282, 0.0657785], [12.2866536, 0.063024], [12.2861159, 0.0615728], [12.2856867, 0.0608861], [12.2851501, 0.0602201], [12.284528, 0.0597167], [12.2838026, 0.0592584], [12.2818881, 0.0582181], [12.2786951, 0.0569153], [12.2748506, 0.0547171], [12.2724034, 0.0532086], [12.2719216, 0.0530863], [12.2714925, 0.053097], [12.2709024, 0.0533116], [12.2702211, 0.0537783], [12.269851, 0.053966], [12.2694339, 0.0541084], [12.2686332, 0.0543469], [12.2677106, 0.0545454], [12.2658223, 0.0547761], [12.2641915, 0.0549424], [12.2625292, 0.0549941], [12.2614288, 0.0549799], [12.2602057, 0.0548404], [12.257896, 0.0543119], [12.2527653, 0.0533545], [12.2502977, 0.0527322], [12.2478327, 0.0519779], [12.2447056, 0.0509821], [12.2422242, 0.0503987], [12.2419453, 0.0502217], [12.2416824, 0.0499105], [12.2414303, 0.0494599], [12.2411448, 0.0487588]]}}, {"type": "Feature", "properties": {"name": "Ivindo", "osm_id": 975391719}, "geometry": {"type": "LineString", "coordinates": [[12.2411448, 0.0487588], [12.2420204, 0.0474], [12.2421813, 0.0472391], [12.2429752, 0.0460482], [12.2467052, 0.0420933], [12.2485435, 0.0400937], [12.2503865, 0.03821], [12.2581994, 0.028646], [12.2592723, 0.027439], [12.2601843, 0.0264144], [12.2606349, 0.0258189], [12.2608746, 0.0253166], [12.2611177, 0.0241721], [12.2614127, 0.022831], [12.2618043, 0.0218761], [12.262152, 0.0211607], [12.2624481, 0.0206745], [12.2652355, 0.0177618], [12.2672224, 0.0154173], [12.2690785, 0.013057], [12.2697329, 0.0118017], [12.2705912, 0.0103104], [12.2721147, 0.0082934], [12.2727585, 0.0075531], [12.2733164, 0.006491], [12.2734773, 0.0060618], [12.2736275, 0.0055039], [12.2736919, 0.0048173], [12.2736597, 0.0041843], [12.2733915, 0.0019205], [12.2731876, -0.0005257], [12.2732198, -0.0020492], [12.2733056, -0.0047529], [12.2734237, -0.006609], [12.2737241, -0.0081968], [12.274003, -0.0093019], [12.2745287, -0.0107825], [12.2749257, -0.0122952], [12.2752368, -0.0137651], [12.2753656, -0.014559], [12.2756553, -0.0157177], [12.2761595, -0.0169194], [12.2776937, -0.0190329], [12.2785091, -0.0205028], [12.2792387, -0.0225198], [12.2797108, -0.0240433], [12.2802579, -0.0252557], [12.2833693, -0.0296867], [12.2846675, -0.0314033], [12.2855365, -0.0325352], [12.2866738, -0.0334096], [12.2880685, -0.0346756], [12.288841, -0.035727], [12.2893774, -0.0371432], [12.2903323, -0.0392246], [12.2911692, -0.0411022], [12.291491, -0.0422287], [12.2917378, -0.044074], [12.2919631, -0.046134], [12.2923493, -0.0497496], [12.2925746, -0.0519597], [12.2927785, -0.0530648], [12.2930574, -0.0538373], [12.293508, -0.0543523], [12.2946346, -0.055232], [12.2959328, -0.0562727], [12.29707, -0.0573671], [12.2974563, -0.0583005], [12.297349, -0.0591266], [12.2968769, -0.0604677], [12.2962654, -0.0613153], [12.2956216, -0.0618517], [12.2948062, -0.0625062], [12.2936368, -0.0634181], [12.2930574, -0.0638473], [12.2925961, -0.0643837], [12.2922635, -0.0651669], [12.2921884, -0.0656175], [12.2922099, -0.0660145], [12.2923279, -0.0665617], [12.2925317, -0.0670981], [12.2927785, -0.0676453], [12.292875, -0.0682783], [12.292875, -0.0686967], [12.2928321, -0.0691151], [12.2926819, -0.0694048], [12.2923171, -0.0697589], [12.2918773, -0.0699734], [12.2908795, -0.0701451], [12.2894096, -0.0703919], [12.2862768, -0.0708961], [12.2815776, -0.0719261], [12.2776508, -0.0725162], [12.2764707, -0.0729561], [12.2755694, -0.0734389], [12.2750974, -0.0738251], [12.2749364, -0.0740611], [12.2748721, -0.074501], [12.2749579, -0.0750696], [12.2751725, -0.0758099], [12.2754943, -0.0768399], [12.2755265, -0.0779986], [12.27543, -0.0783956], [12.2747862, -0.0801444], [12.2736275, -0.0824403], [12.2731018, -0.0831914], [12.2725654, -0.08376], [12.2722435, -0.0842106], [12.2719324, -0.0845968], [12.2717607, -0.0849616], [12.2716749, -0.0855302], [12.2716749, -0.0860238], [12.2718251, -0.0864261], [12.2724205, -0.0872254], [12.2733217, -0.0882822], [12.2738045, -0.0889527], [12.2742176, -0.0896072], [12.2748989, -0.0909483], [12.2755104, -0.0925254], [12.2759986, -0.0935339], [12.2769535, -0.0948965], [12.2772324, -0.0953257], [12.2772847, -0.0957054], [12.2771895, -0.096141], [12.2768676, -0.0963771], [12.2763955, -0.0964522], [12.2760522, -0.0964415], [12.2755158, -0.0963342], [12.2746146, -0.0963449], [12.2740888, -0.0963663], [12.2734344, -0.0965917], [12.2730696, -0.0968599], [12.2728014, -0.0972676], [12.272619, -0.0977396], [12.2722328, -0.0982332], [12.2712564, -0.0989627], [12.2704303, -0.0992202], [12.2691214, -0.0993704], [12.2682309, -0.099585], [12.2672224, -0.0999069], [12.2664606, -0.1004648], [12.2658813, -0.1009476], [12.2656238, -0.1013231], [12.2655916, -0.1017093], [12.2656882, -0.1020955], [12.2659778, -0.1029109], [12.2661068, -0.1038836], [12.266053, -0.1045846], [12.2657525, -0.1055073], [12.264698, -0.107496], [12.2646421, -0.1080769], [12.2644704, -0.1085167], [12.2641593, -0.108962], [12.2639018, -0.1095735], [12.2637516, -0.11011], [12.2636872, -0.110625], [12.2637141, -0.1111399], [12.2637677, -0.1117408], [12.2638106, -0.1121377], [12.2637945, -0.1126527], [12.2637248, -0.1131516], [12.2636282, -0.1135915], [12.2633921, -0.1143049], [12.2630811, -0.1150238], [12.2629523, -0.1152062], [12.2627807, -0.1153993], [12.2624803, -0.1155978], [12.2620833, -0.1158284], [12.2611285, -0.1160645], [12.2583604, -0.1161932], [12.2555993, -0.1161457], [12.252006, -0.1158603], [12.2481573, -0.1154207], [12.2445094, -0.1147663], [12.2415268, -0.1141225], [12.2383599, -0.113523], [12.234714, -0.1130389], [12.2332334, -0.1128029], [12.2315045, -0.1125086], [12.229988, -0.112186], [12.2286308, -0.111789], [12.2277671, -0.1114135], [12.2271448, -0.1111882], [12.2265874, -0.1111127], [12.2259915, -0.111156], [12.2253531, -0.111274], [12.224586, -0.111494], [12.2236526, -0.1120197], [12.2223973, -0.1129156], [12.2211689, -0.11379], [12.2199355, -0.1147472], [12.2182935, -0.1160698], [12.2165947, -0.1175268], [12.213031, -0.1210426], [12.2093189, -0.1245509], [12.2068727, -0.1266967], [12.2054243, -0.1280807], [12.2050059, -0.1286279], [12.2047589, -0.1291468], [12.2045982, -0.1296525], [12.2044855, -0.1301246], [12.2042549, -0.1310312], [12.2041154, -0.1317232], [12.2039652, -0.1321845], [12.2037935, -0.1324742], [12.2033, -0.1330267], [12.2030103, -0.1332413], [12.2026659, -0.1334041], [12.2014117, -0.1337348], [12.200371, -0.1339762], [12.1997541, -0.1341479], [12.1993732, -0.1343356], [12.198056, -0.1352763], [12.1973616, -0.1356768], [12.1969002, -0.1359879], [12.1963855, -0.1363475], [12.1949368, -0.1372646], [12.1942932, -0.138037], [12.1939357, -0.1390636], [12.1938962, -0.1398502], [12.193982, -0.1405798], [12.1943253, -0.1414113], [12.1954036, -0.1429294], [12.1955752, -0.1434229], [12.195704, -0.144292], [12.1956618, -0.1450766], [12.195586, -0.1456009], [12.1953928, -0.1461051], [12.1947276, -0.1467274], [12.1914715, -0.1489498], [12.1833658, -0.1529716], [12.1796965, -0.1544629], [12.1777874, -0.1552457], [12.1764994, -0.155643], [12.1751261, -0.1558683], [12.174375, -0.1559112], [12.1733773, -0.1558147], [12.1715212, -0.1555035], [12.1666082, -0.1543687]]}}, {"type": "Feature", "properties": {"name": "Ivindo", "osm_id": 975602465}, "geometry": {"type": "LineString", "coordinates": [[12.9886837, 0.9389577], [12.9879695, 0.9387419], [12.9872131, 0.9385917], [12.9867035, 0.9385112], [12.9858184, 0.938463], [12.9846489, 0.9384093], [12.9839516, 0.9382592], [12.9831308, 0.9379427], [12.9821867, 0.9374868], [12.9809529, 0.9367949], [12.9802501, 0.9363711], [12.9798371, 0.9358884], [12.979719, 0.93547], [12.979762, 0.935116], [12.9799551, 0.9347406], [12.9803091, 0.9341559], [12.9810548, 0.9333031], [12.9818058, 0.9323269], [12.9826641, 0.9311898], [12.983458, 0.9302404], [12.9840696, 0.9296558], [12.9846704, 0.9292428], [12.9852068, 0.9289049], [12.9862153, 0.9283899], [12.9870576, 0.9279501], [12.9877946, 0.9276862], [12.9884167, 0.9274672]]}}, {"type": "Feature", "properties": {"name": "Ivindo", "osm_id": 1000266039}, "geometry": {"type": "LineString", "coordinates": [[13.2527008, 1.3906544], [13.2531542, 1.3904092], [13.2538059, 1.3902724], [13.2546937, 1.3898917], [13.2556915, 1.3891945], [13.256228, 1.3886743], [13.2566357, 1.388138], [13.2569092, 1.3874945], [13.2568985, 1.3870923], [13.2567698, 1.3866471], [13.2564694, 1.3862288], [13.2557452, 1.3854191], [13.2537389, 1.3836279], [13.2524782, 1.3824319], [13.2512927, 1.3812253], [13.2505095, 1.3803083], [13.24956, 1.3789193], [13.2481331, 1.3766615], [13.2473338, 1.3754709], [13.2464433, 1.374082], [13.2454401, 1.3725857], [13.2445979, 1.3716043], [13.24404, 1.3705425], [13.2434714, 1.3691052], [13.2431066, 1.3669064], [13.2429135, 1.3645575], [13.243171, 1.3629486], [13.243686, 1.3620262], [13.2447481, 1.3610931], [13.2462287, 1.3602457], [13.2484066, 1.3593662], [13.2508421, 1.3583043], [13.2520571, 1.3572344], [13.2523549, 1.3569475], [13.2525426, 1.3561431], [13.2525759, 1.3551614], [13.2522021, 1.3519849], [13.2497722, 1.3492941], [13.2463328, 1.3472452], [13.2440936, 1.3466239], [13.2420657, 1.3458511], [13.2413256, 1.3451759], [13.2408379, 1.3443611], [13.2405746, 1.3437923], [13.2404267, 1.3431278], [13.2410697, 1.3410355], [13.2418299, 1.3393732], [13.2431743, 1.337159], [13.2440078, 1.3360482], [13.2449503, 1.3350845], [13.2464754, 1.3346752], [13.2480517, 1.3347111], [13.2516881, 1.3354787], [13.2540715, 1.3367024], [13.2564561, 1.3381152], [13.2574725, 1.3385258], [13.2583642, 1.3386445], [13.2590496, 1.3384186], [13.2596688, 1.3377836], [13.2607372, 1.3353015], [13.2620323, 1.3322512], [13.2625687, 1.3307066], [13.2627812, 1.3293002], [13.2627812, 1.3278053], [13.2619009, 1.3265699], [13.2594788, 1.3257942], [13.2582235, 1.3251077], [13.2574774, 1.3242924], [13.2570004, 1.3230912], [13.2568636, 1.3219081], [13.2571399, 1.3207851], [13.2573545, 1.3195624], [13.2573652, 1.318286], [13.2573116, 1.3173314], [13.25681, 1.31661], [13.255552, 1.3158619], [13.2543826, 1.3149716], [13.2529664, 1.3139098], [13.2516146, 1.3124725], [13.2504022, 1.3112175], [13.2479453, 1.3091689], [13.2458854, 1.3074849], [13.2444477, 1.3061227], [13.2433426, 1.3048248], [13.2420444, 1.3030336], [13.2410413, 1.3019395], [13.2398933, 1.3012691], [13.2386595, 1.3008937], [13.2371414, 1.3005934], [13.2359612, 1.3005451], [13.2349312, 1.3008454], [13.2337028, 1.3015534], [13.2324475, 1.3023095], [13.2314014, 1.3027922], [13.2304144, 1.302878], [13.2293951, 1.3026581], [13.2286334, 1.3022184], [13.2279977, 1.3016633], [13.2274237, 1.3007409], [13.2270133, 1.2999552], [13.2267076, 1.2990435], [13.2265359, 1.2979762], [13.2264554, 1.2968768], [13.2266915, 1.2956755], [13.2272923, 1.2940076], [13.2278663, 1.2926453], [13.2281828, 1.2917712], [13.2282847, 1.2911866], [13.2283115, 1.2903392], [13.2282364, 1.2893739], [13.2278824, 1.2880331], [13.2275659, 1.2871428], [13.2271689, 1.2865583], [13.2265761, 1.2861721], [13.2254684, 1.2855339], [13.2240522, 1.2846383], [13.2230866, 1.2839947], [13.2220459, 1.2836729], [13.2209408, 1.2836729], [13.2198894, 1.2838124], [13.2189774, 1.2841771], [13.2180548, 1.284767], [13.2169175, 1.2856573], [13.2160163, 1.2865583], [13.2148576, 1.2877596], [13.2135701, 1.2885962], [13.2122612, 1.2889287], [13.2107806, 1.2890253], [13.2097077, 1.2887679], [13.2083559, 1.2880063], [13.2071543, 1.2870409], [13.2056951, 1.2856144], [13.2047832, 1.2848528], [13.2035601, 1.2842736], [13.202455, 1.2840376], [13.2013822, 1.2840859], [13.2003844, 1.2842951], [13.1994188, 1.2846919], [13.1984317, 1.2850459], [13.1975949, 1.2851531], [13.1966561, 1.2851049], [13.1958997, 1.2848528], [13.1947893, 1.284397], [13.1940865, 1.2841663], [13.1933999, 1.2841288], [13.1928021, 1.2841995], [13.1919622, 1.2844667], [13.1913829, 1.2848421], [13.1911254, 1.2852282], [13.1909001, 1.2859737], [13.1908464, 1.2865851], [13.1908572, 1.2872126], [13.1910074, 1.2883656], [13.1911844, 1.2895884], [13.1911254, 1.2901086], [13.1909484, 1.2906288], [13.1904817, 1.2912027], [13.1899345, 1.2914547], [13.1893659, 1.2915781], [13.1886631, 1.2914869], [13.1881374, 1.2911812], [13.187837, 1.2908487], [13.1874454, 1.2900282], [13.1872308, 1.2893524], [13.1870162, 1.2881243], [13.1867212, 1.287116], [13.1863269, 1.2863437], [13.1857449, 1.2857163], [13.1846613, 1.2846758], [13.1837118, 1.2837427], [13.1825745, 1.2822035], [13.1818557, 1.2808949], [13.1810832, 1.2786746], [13.1807935, 1.2770549], [13.180905, 1.2753024], [13.1814051, 1.2735796], [13.1819415, 1.2717562], [13.1820917, 1.2703081], [13.1818557, 1.2689245], [13.1815553, 1.2680664], [13.1805897, 1.2666719], [13.1790447, 1.2651917], [13.1782293, 1.2640333], [13.1778645, 1.2630894], [13.1774837, 1.2620972], [13.1768453, 1.2612284], [13.1761242, 1.2604363], [13.1755364, 1.2594371], [13.1752574, 1.2585039], [13.1752092, 1.2574045], [13.1752843, 1.2567341], [13.1754988, 1.2560047], [13.1759763, 1.2552968], [13.1776231, 1.2534519], [13.1785619, 1.2520521], [13.1787604, 1.2515104], [13.1789213, 1.2507006], [13.1789133, 1.2500409], [13.1786746, 1.2496065], [13.1780791, 1.2492203], [13.1772476, 1.2485124], [13.1762606, 1.247665], [13.1755471, 1.2469893], [13.1749517, 1.2465549], [13.1743616, 1.2461473], [13.1737179, 1.2459113], [13.1726557, 1.2458684], [13.1713092, 1.2458791], [13.1705099, 1.24604], [13.1698769, 1.2463296], [13.1693995, 1.2466889], [13.1691259, 1.2470268], [13.1688148, 1.2476597], [13.1683373, 1.2485231], [13.1678599, 1.2493008], [13.167302, 1.2499336], [13.1668299, 1.2502661], [13.166272, 1.2505289], [13.1656605, 1.2505933], [13.1652099, 1.2505611], [13.164711, 1.2503198], [13.1641853, 1.2498585], [13.1633967, 1.2489951], [13.1626189, 1.2476758], [13.1615996, 1.245863], [13.1606877, 1.2445544], [13.159883, 1.2436427], [13.1587082, 1.2427095], [13.1571203, 1.2416797], [13.1551838, 1.2405535], [13.1533706, 1.2393897], [13.152582, 1.2387086], [13.1521904, 1.2382366], [13.1519866, 1.2377271], [13.1519866, 1.237223], [13.1520778, 1.2366276], [13.1523192, 1.2360752], [13.1527322, 1.2357374], [13.153215, 1.2354907]]}}, {"type": "Feature", "properties": {"name": "Komo", "osm_id": 1023659618}, "geometry": {"type": "LineString", "coordinates": [[9.7915832, 0.1547136], [9.7754452, 0.1586758], [9.7520992, 0.1655207], [9.7376582, 0.168954], [9.7339087, 0.1698632]]}}, {"type": "Feature", "properties": {"name": "Ntem", "osm_id": 1115544605}, "geometry": {"type": "LineString", "coordinates": [[11.3887453, 2.301092], [11.3907838, 2.3013171], [11.3928866, 2.3017459], [11.3941312, 2.3031181], [11.395365, 2.3037506], [11.3967276, 2.3034505], [11.3967168, 2.3026036], [11.3973039, 2.3017224], [11.3975644, 2.3008562], [11.3977039, 2.3000414], [11.3977575, 2.2996126], [11.398621, 2.2990883], [11.4002252, 2.2995805], [11.4018667, 2.2997413], [11.4025909, 2.299484], [11.4035404, 2.2985084], [11.4038408, 2.2979939], [11.4046347, 2.2977151], [11.4054233, 2.297758], [11.4072096, 2.2971041], [11.4079875, 2.2964716], [11.4082771, 2.2959409], [11.4085709, 2.2959241], [11.4092106, 2.2958873], [11.4108574, 2.2957319], [11.4120912, 2.2952817], [11.4126921, 2.2952066], [11.4130676, 2.2950351], [11.4146984, 2.2949172], [11.4148486, 2.2950351], [11.4159965, 2.2941614], [11.4181799, 2.2944348], [11.4187512, 2.2946611], [11.4192262, 2.2948494], [11.4194244, 2.2949279], [11.4211904, 2.2950335], [11.4213073, 2.2950404], [11.4222677, 2.2948277], [11.4228362, 2.2951959], [11.4229161, 2.2952059], [11.4243758, 2.2953889], [11.4250141, 2.2953192], [11.4255667, 2.2953674], [11.4263123, 2.2958284], [11.4266749, 2.2962731], [11.4268142, 2.2964439], [11.428206, 2.2970022]]}}, {"type": "Feature", "properties": {"name": "Ngouni\u00e9", "osm_id": 1137211637}, "geometry": {"type": "LineString", "coordinates": [[10.9352002, -1.6741391], [10.9364605, -1.6702003], [10.9366643, -1.6683771], [10.9366965, -1.6665647], [10.9366643, -1.6655888], [10.9364605, -1.6646129], [10.9359884, -1.6639909], [10.9350872, -1.6634118]]}}, {"type": "Feature", "properties": {"name": "Ogoou\u00e9", "osm_id": 1156260528}, "geometry": {"type": "LineString", "coordinates": [[13.276685, -1.190514], [13.2753038, -1.1901178], [13.2742309, -1.1897209], [13.2731929, -1.1891337], [13.2719564, -1.1868248], [13.2712698, -1.1853874], [13.2704758, -1.183521], [13.2696819, -1.1825127], [13.2677722, -1.1810324], [13.2631159, -1.1784795], [13.2609701, -1.1782435], [13.2591247, -1.1783293], [13.2547259, -1.1790588], [13.2521295, -1.1785653], [13.2497664, -1.1771969], [13.2476234, -1.1756691], [13.2457351, -1.1737813], [13.2434606, -1.1701342], [13.2410144, -1.1678173], [13.2338905, -1.1637197], [13.2270026, -1.1609308], [13.2243848, -1.159472], [13.2219171, -1.1567689], [13.2189345, -1.1519848], [13.2165313, -1.1478228], [13.2125509, -1.1438003], [13.2112527, -1.1435107], [13.209461, -1.1435965], [13.2073152, -1.1444868], [13.2041502, -1.1455488], [13.2018542, -1.1455193], [13.1992578, -1.1451841], [13.1947517, -1.1439532], [13.1908221, -1.1426572], [13.1848999, -1.1389886], [13.1820702, -1.1362809], [13.1812334, -1.1346933], [13.180933, -1.1331272], [13.1811974, -1.125933]]}}, {"type": "Feature", "properties": {"name": "Ogoou\u00e9", "osm_id": 1156260530}, "geometry": {"type": "LineString", "coordinates": [[13.3618426, -1.2785351], [13.3584308, -1.2758535], [13.3568859, -1.2746737], [13.3560276, -1.2736869], [13.3540106, -1.2705119], [13.352766, -1.2696324], [13.3504915, -1.2689459], [13.3484745, -1.2687099], [13.3476162, -1.268431], [13.3470797, -1.2680234], [13.3463073, -1.2665218], [13.3454275, -1.2635828], [13.3446121, -1.2613303], [13.3435392, -1.2599144], [13.3400202, -1.2571256], [13.3386683, -1.2565464], [13.336823, -1.256128], [13.3302355, -1.2564069], [13.3282882, -1.256305], [13.3277625, -1.2558867], [13.3272171, -1.2554193], [13.3268505, -1.2545781], [13.3267056, -1.2531408], [13.3272207, -1.2507166], [13.3280736, -1.2489789], [13.3280682, -1.247724], [13.3274002, -1.2458943], [13.3264321, -1.2435514], [13.3250535, -1.2411756], [13.3244365, -1.2398831], [13.3242863, -1.238966], [13.32434, -1.2380811], [13.3246565, -1.2355657], [13.3255309, -1.2305994], [13.3258259, -1.2287652], [13.3260459, -1.2271348], [13.3258957, -1.224952], [13.3253699, -1.2222329], [13.3245492, -1.2195298], [13.3242675, -1.2180433], [13.3235192, -1.2163655], [13.3224034, -1.2149121], [13.3213091, -1.2138716], [13.320145, -1.2128901], [13.3191901, -1.2123056], [13.3180046, -1.2117853], [13.3166474, -1.2116298], [13.3137882, -1.2114903], [13.3111918, -1.2115064], [13.309679, -1.2119462], [13.3079034, -1.211839], [13.3063745, -1.2115601], [13.3052881, -1.2117308], [13.3044084, -1.2121224], [13.3031559, -1.2133836], [13.302952, -1.213877], [13.3028527, -1.2145036], [13.3029199, -1.2157756], [13.3031881, -1.217288], [13.3030701, -1.2178136], [13.3026918, -1.218164], [13.3015144, -1.2186073], [13.3000767, -1.2186824], [13.2987195, -1.2185698], [13.2979256, -1.2184625], [13.2972872, -1.2181032], [13.2967508, -1.2175776], [13.2964905, -1.2170351], [13.2963431, -1.2161456], [13.2963324, -1.21466], [13.2957047, -1.2118872], [13.2950771, -1.2089535], [13.2945485, -1.207022], [13.2939076, -1.2056283], [13.2926953, -1.2037405], [13.2900131, -1.2002115], [13.2877922, -1.1983558], [13.2868159, -1.1975084], [13.2861936, -1.1970686], [13.2854319, -1.1967897], [13.2831466, -1.1963928], [13.2818162, -1.195878], [13.2806468, -1.1950628], [13.2795632, -1.1933572], [13.2786405, -1.191995], [13.277707, -1.1909705], [13.276685, -1.190514]]}}, {"type": "Feature", "properties": {"name": "Nyanga", "osm_id": 1158186742}, "geometry": {"type": "LineString", "coordinates": [[12.0372388, -2.7964338], [12.0364451, -2.7966153], [12.0355436, -2.796991], [12.0352328, -2.7973011], [12.0347822, -2.7980084], [12.0341339, -2.7988749], [12.0327392, -2.7999894], [12.0309153, -2.8016824], [12.0303512, -2.8024341], [12.029804, -2.8033664], [12.0295356, -2.8041065], [12.0294821, -2.804663], [12.0295787, -2.8053703], [12.0299432, -2.8068712], [12.0303404, -2.8079099], [12.0307801, -2.8093251], [12.0309412, -2.8103317], [12.0308876, -2.8112747], [12.0307544, -2.8124199], [12.0302651, -2.8142865], [12.029778, -2.8177778], [12.0287845, -2.8197303], [12.0266709, -2.8211447], [12.0254588, -2.8217763], [12.0239458, -2.8223771], [12.0227873, -2.8227086], [12.0217142, -2.8228807], [12.0206523, -2.8229122], [12.0193861, -2.8226664], [12.0169935, -2.8215733], [12.0149979, -2.8207483], [12.0134425, -2.8199868], [12.0126271, -2.8193974], [12.0117042, -2.8184443], [12.0099127, -2.815979], [12.0091615, -2.8152296], [12.0085823, -2.8148753], [12.0079491, -2.814758], [12.0072412, -2.8147467], [12.0062818, -2.8150989], [12.0056963, -2.8153361], [12.0051491, -2.8157326], [12.0045803, -2.8164726], [12.0038617, -2.8177043], [12.0037219, -2.8186372], [12.003808, -2.8199117], [12.0042476, -2.8210269], [12.0050418, -2.8219585], [12.0057283, -2.8224628], [12.0070588, -2.8231051], [12.008507, -2.8236737], [12.0138928, -2.8264383], [12.0167682, -2.8279599], [12.0177126, -2.8287737], [12.0185921, -2.8300603], [12.0199869, -2.8331893], [12.0209954, -2.8362754], [12.0211673, -2.838825], [12.020916, -2.8416525], [12.0205663, -2.8440978], [12.0200298, -2.8460266], [12.0194292, -2.847569], [12.018399, -2.8488555], [12.0171332, -2.8499264], [12.0155516, -2.8507394], [12.0139423, -2.8513822], [12.0122516, -2.8520695], [12.0113287, -2.8522416], [12.0105243, -2.852241], [12.0095692, -2.8520059], [12.0084641, -2.8514701], [12.0061252, -2.8505807], [12.003808, -2.8498729], [12.0011041, -2.8491127], [11.9991944, -2.848759], [11.9979393, -2.8486834], [11.9970059, -2.8487799], [11.9962719, -2.8492392], [11.9952569, -2.8500449], [11.9937977, -2.8520166], [11.9925854, -2.8535275], [11.991384, -2.854652], [11.990118, -2.8555628], [11.9888046, -2.8567614], [11.9880321, -2.8577473], [11.9870925, -2.8587132], [11.9857726, -2.8601711], [11.9836655, -2.8622692], [11.9803331, -2.8637072], [11.977844, -2.8651645], [11.9762411, -2.866984], [11.9765565, -2.868722], [11.9781873, -2.8705222], [11.9791315, -2.8722795], [11.9799318, -2.8749134], [11.9788739, -2.8802817], [11.9780373, -2.8823406], [11.9774577, -2.8833462], [11.9769323, -2.8840336], [11.9761491, -2.8845908], [11.9754365, -2.8849214], [11.9717288, -2.885823], [11.9697609, -2.8862823], [11.9683707, -2.8865088], [11.9665036, -2.8864644], [11.9649374, -2.8865624], [11.9625446, -2.8867216], [11.9612574, -2.8869374], [11.9599654, -2.887343], [11.9583928, -2.8879875], [11.9566868, -2.8891218], [11.9541977, -2.8901933], [11.9538116, -2.8903984], [11.9531464, -2.890377], [11.9525777, -2.8902147], [11.9518802, -2.8894646], [11.9506143, -2.8878252], [11.9495199, -2.8862287], [11.9486189, -2.8855444], [11.9476531, -2.8852], [11.945915, -2.8850928], [11.9429968, -2.8850928], [11.9414198, -2.8852765], [11.9399069, -2.8860358], [11.9383619, -2.8872359], [11.936817, -2.8886932], [11.935787, -2.8904076], [11.9347999, -2.8931507], [11.9340275, -2.8960223], [11.9315877, -2.9001798], [11.9304225, -2.901337], [11.9283196, -2.9021085], [11.9257876, -2.9023657], [11.9234273, -2.9024085], [11.9211957, -2.9027514], [11.9192216, -2.90378], [11.9171617, -2.9038229], [11.914973, -2.9034372], [11.9116256, -2.9036515], [11.9077632, -2.9041658], [11.9058749, -2.9048944], [11.9011116, -2.9069104], [11.8969488, -2.9090105], [11.8959832, -2.909632], [11.8953716, -2.9103392], [11.8949211, -2.9112071], [11.8946313, -2.9119678], [11.8939447, -2.9135216], [11.8933975, -2.9146466], [11.8910265, -2.9183111], [11.8895888, -2.9203255], [11.8868851, -2.9233257], [11.8834305, -2.9262616], [11.8811559, -2.9288974], [11.8789243, -2.9317261], [11.8759203, -2.9333119], [11.873517, -2.9337833], [11.8704271, -2.9338691], [11.8640756, -2.9326261], [11.8601703, -2.9309975], [11.8574667, -2.9308261], [11.8558359, -2.9312118], [11.8535184, -2.9328404], [11.8526601, -2.9337833], [11.8523597, -2.9348548], [11.851716, -2.9392693], [11.8518018, -2.9416694], [11.8524885, -2.9433837], [11.8544626, -2.9459553], [11.859312, -2.9504125], [11.8624878, -2.9535412], [11.8636465, -2.955127], [11.8649125, -2.9570985], [11.8654704, -2.9587485], [11.865685, -2.9603128], [11.865642, -2.9612128], [11.8649769, -2.9628415], [11.8639898, -2.9642129], [11.8620801, -2.9654344], [11.8600201, -2.9659701], [11.8574452, -2.9660772], [11.8533039, -2.9657986], [11.8494415, -2.9649843], [11.8454075, -2.9640415], [11.8439269, -2.96387], [11.8422317, -2.9640415], [11.8394637, -2.9648558], [11.8357944, -2.9665915], [11.8351722, -2.9671487], [11.8345713, -2.9682844], [11.8342495, -2.9693987], [11.8341422, -2.9701487], [11.8343568, -2.9711344], [11.8350649, -2.9728059], [11.837511, -2.9761702], [11.8404293, -2.9793845], [11.8442487, -2.9828131], [11.846652, -2.9850416], [11.8472099, -2.9860274], [11.8475961, -2.9870131], [11.847639, -2.9883416], [11.847403, -2.9899274], [11.8468666, -2.9914702], [11.8439054, -2.9977701], [11.8404131, -3.0066253], [11.8388843, -3.010627], [11.8367385, -3.0140984], [11.8361592, -3.0148591], [11.8355477, -3.0153841], [11.8350648, -3.0155126], [11.834456, -3.0155716], [11.8338632, -3.0154269], [11.8317174, -3.0144841], [11.8310094, -3.0139698], [11.8305587, -3.0134127], [11.830194, -3.0127484], [11.8300437, -3.012127], [11.8300438, -3.0112806], [11.8300974, -3.0109377], [11.8302154, -3.0106914], [11.8304407, -3.0105199], [11.8306982, -3.0101235], [11.8310844, -3.0089664], [11.8318033, -3.0059129], [11.8324041, -3.0025272], [11.8322324, -2.9995272], [11.8316316, -2.9969559], [11.8301296, -2.9941273], [11.8282413, -2.992413], [11.825838, -2.9912559], [11.8237352, -2.9907416], [11.8210744, -2.9906559], [11.8190574, -2.9911702], [11.8176841, -2.9920702], [11.8150234, -2.9946416], [11.813178, -2.9978987], [11.8123626, -3.0005558], [11.8123626, -3.0025701], [11.812706, -3.0045843], [11.8146371, -3.0074985], [11.8161821, -3.0099413], [11.8172764, -3.0136055], [11.8180918, -3.0164769], [11.8188643, -3.018384], [11.8206882, -3.0212553], [11.8221902, -3.0227553], [11.8227052, -3.0236552], [11.8228769, -3.0245552], [11.8227481, -3.0252837], [11.8222332, -3.0262266], [11.820817, -3.0274265], [11.8174696, -3.0294836], [11.8148517, -3.0312835], [11.8131351, -3.0323549], [11.8127489, -3.0329977], [11.8125343, -3.0336405], [11.8126201, -3.0348833], [11.8131351, -3.0393403], [11.812706, -3.0412687], [11.812529, -3.0416973], [11.8122661, -3.0421526], [11.8119013, -3.0425062], [11.8114614, -3.0427686], [11.8109196, -3.0430365], [11.8102598, -3.0431115], [11.8087577, -3.0428115], [11.8075132, -3.042533], [11.8067622, -3.0426401], [11.8054211, -3.0431544], [11.8028676, -3.0437329], [11.8016553, -3.0436151], [11.798501, -3.0434543], [11.7958402, -3.04384], [11.793952, -3.0446114], [11.7934155, -3.0451471], [11.7929005, -3.0462613], [11.7924714, -3.0470756], [11.7911625, -3.0489612]]}}, {"type": "Feature", "properties": {"name": "Ivindo", "osm_id": 1160157812}, "geometry": {"type": "LineString", "coordinates": [[13.153215, 1.2354907], [13.1539875, 1.2353512], [13.1545991, 1.2353941], [13.1552964, 1.2354102], [13.1560367, 1.2353083], [13.1567824, 1.2350455], [13.157825, 1.2346031], [13.1586438, 1.2340104], [13.1597114, 1.2331523], [13.1606716, 1.2324068], [13.1615084, 1.2319402], [13.1622434, 1.2317686], [13.1633484, 1.2316184], [13.1647003, 1.2313986], [13.1663793, 1.2309534], [13.1684715, 1.2302026], [13.1706977, 1.2292211], [13.173219, 1.2281056], [13.1743401, 1.2276711], [13.1755954, 1.2272904], [13.1770009, 1.2269257], [13.1787577, 1.2265046], [13.1813461, 1.2260568], [13.1825906, 1.2258584], [13.1835025, 1.2255849], [13.1842911, 1.2251504], [13.1851923, 1.2244479], [13.1867909, 1.2231017], [13.1878585, 1.2222168], [13.1886792, 1.2213587], [13.1893873, 1.2204094], [13.1900847, 1.219385], [13.1911066, 1.2177573], [13.1918335, 1.2165103], [13.1919754, 1.2162425]]}}, {"type": "Feature", "properties": {"name": "Nyanga", "osm_id": 1213410520}, "geometry": {"type": "LineString", "coordinates": [[10.4557442, -3.0091057], [10.4534291, -3.0088333], [10.4511952, -3.0077986], [10.4498415, -3.0067904], [10.4480839, -3.0044772], [10.4467078, -3.002591], [10.4444575, -3.0002773], [10.4425478, -2.9985844], [10.4411615, -2.9979592], [10.4399729, -2.9977487], [10.4385566, -2.9979416], [10.4374098, -2.998447], [10.4366684, -2.9990558], [10.4361941, -2.9997712], [10.4359388, -3.0008558], [10.4359783, -3.0016259], [10.4367896, -3.0035335], [10.4369902, -3.0046058], [10.4369259, -3.0056879], [10.4362843, -3.0073063], [10.4355955, -3.00827], [10.4346728, -3.0094271], [10.4324412, -3.0110556], [10.429425, -3.0123203], [10.4266691, -3.012427], [10.4247118, -3.0118932], [10.4221415, -3.0106485], [10.4205297, -3.00914], [10.4186439, -3.0061486], [10.4183006, -3.0040486], [10.4184012, -3.0018851], [10.4190087, -3.0002773], [10.4201454, -2.9990232], [10.4218197, -2.9983487], [10.4241172, -2.9975899], [10.4250491, -2.9971273], [10.4255533, -2.9962809], [10.4261488, -2.9950059], [10.4261348, -2.994107], [10.4259932, -2.9930988], [10.425564, -2.9920916], [10.4249011, -2.9909266], [10.4233432, -2.9898416], [10.4219733, -2.9895088], [10.4205215, -2.9894988], [10.4191058, -2.9898869], [10.416509, -2.9914809], [10.4137248, -2.9922139], [10.4104561, -2.9913161], [10.405405, -2.9891375], [10.4027682, -2.9887008], [10.399906, -2.9888212], [10.3969093, -2.9898599], [10.3947387, -2.9916379], [10.3922678, -2.9948605], [10.3899685, -2.9969474], [10.3864005, -2.9985951], [10.3827469, -2.9988161], [10.378797, -2.9979844], [10.3764325, -2.9960606], [10.3753781, -2.9935051], [10.3755683, -2.9907354], [10.3761146, -2.9885567], [10.3773905, -2.9860566], [10.379114, -2.983883], [10.380891, -2.9822345], [10.3840435, -2.9807654], [10.3936647, -2.9795692], [10.3961676, -2.9781851], [10.3975725, -2.9760416], [10.3978792, -2.973461], [10.3967785, -2.9730094], [10.3942551, -2.9737663], [10.391331, -2.9743287], [10.3883211, -2.9753839], [10.3850264, -2.9758229], [10.3821469, -2.97493], [10.3803515, -2.9730117], [10.3799021, -2.9703309], [10.3806102, -2.9672773], [10.3805029, -2.9656701], [10.3800148, -2.9638575], [10.3782976, -2.961354], [10.375765, -2.9590433], [10.3734186, -2.9570101], [10.370729, -2.9533912], [10.3680352, -2.9520267], [10.366002, -2.9518828], [10.3641191, -2.952446], [10.3628782, -2.9537463], [10.3624807, -2.9557812], [10.3630527, -2.957244], [10.3645903, -2.9583319], [10.3673829, -2.9587708]]}}, {"type": "Feature", "properties": {"name": "Ngouni\u00e9", "osm_id": 1215854994}, "geometry": {"type": "LineString", "coordinates": [[11.6298017, -2.4051402], [11.6288565, -2.4063923], [11.6266893, -2.4082575], [11.624844, -2.4090078], [11.6233634, -2.4099726], [11.6220984, -2.4116362], [11.6209075, -2.4125795], [11.6199312, -2.412751], [11.6191587, -2.4122579], [11.6178498, -2.4098139], [11.6173777, -2.407863], [11.6175483, -2.4070569], [11.6189645, -2.40457], [11.6196083, -2.4035838], [11.61978, -2.4025119], [11.6208089, -2.4005608], [11.6212937, -2.3971435], [11.6209054, -2.3951368], [11.6201651, -2.3943757], [11.6188562, -2.3943435], [11.6180622, -2.3952654], [11.6177404, -2.3970234], [11.6160667, -2.398567], [11.6152513, -2.4008717], [11.6143072, -2.4021473], [11.6133201, -2.4045807], [11.6122472, -2.4059635], [11.6094577, -2.4066495], [11.6067347, -2.4052903], [11.6052542, -2.4030178], [11.6043079, -2.4005394], [11.6045246, -2.3961787], [11.6068614, -2.3910206], [11.6079557, -2.3897127], [11.6092453, -2.3875817], [11.6091702, -2.3865419], [11.6085372, -2.3861453], [11.6070244, -2.3860274], [11.6061983, -2.3865098], [11.6043937, -2.3890696], [11.6035139, -2.38982], [11.6017877, -2.3898907], [11.6005121, -2.390133], [11.5993962, -2.3910977], [11.5970359, -2.3946136], [11.5954051, -2.3955141], [11.5929782, -2.3977523], [11.5890536, -2.3991158], [11.5860689, -2.3986099], [11.5844166, -2.3972807], [11.5823803, -2.3963073], [11.5822709, -2.3950724], [11.5831077, -2.3917923], [11.5853296, -2.3896013], [11.5865646, -2.3890395], [11.5891373, -2.38714], [11.5909633, -2.3850304], [11.5910374, -2.3841557], [11.5908969, -2.3833882], [11.59006, -2.3829594], [11.5876353, -2.3826164], [11.5857374, -2.3825156], [11.5843759, -2.3835297], [11.5819297, -2.3848161], [11.581007, -2.3858237], [11.5784513, -2.3876331], [11.5763281, -2.3886151], [11.5753422, -2.3887394], [11.5748465, -2.3880405], [11.574825, -2.3854035], [11.5756082, -2.3826486], [11.5764344, -2.3813944], [11.578151, -2.3794113], [11.5798032, -2.378007], [11.582893, -2.3763348], [11.587088, -2.3739978], [11.5886652, -2.3728615], [11.5902746, -2.370396], [11.5923774, -2.3676304], [11.592592, -2.3660867], [11.5914569, -2.36402], [11.5900397, -2.362528], [11.5884292, -2.3620776], [11.5872716, -2.3626352], [11.5859423, -2.3646632], [11.5846763, -2.3657137], [11.5824124, -2.3681042], [11.5803954, -2.3688116], [11.5792358, -2.3701068], [11.5784085, -2.3703747], [11.5771103, -2.3718325], [11.575914, -2.3723363], [11.5751469, -2.3733547], [11.573484, -2.3745553], [11.5719498, -2.3751127], [11.5701493, -2.3758974], [11.5671871, -2.3760625], [11.5659845, -2.376592], [11.5649759, -2.3767635], [11.5631525, -2.3765416], [11.5598701, -2.3771559], [11.557897, -2.3781271], [11.5564787, -2.3781571], [11.5545475, -2.3778355], [11.5507731, -2.3788561], [11.5484536, -2.3787788], [11.5469944, -2.378007], [11.5461147, -2.3763133], [11.546179, -2.3743195], [11.5465224, -2.3721541], [11.5459666, -2.3705161], [11.5451073, -2.36926], [11.5433907, -2.3692386], [11.5420378, -2.3699673], [11.5412653, -2.3719183], [11.540216, -2.3753614], [11.5394854, -2.3755631], [11.5383192, -2.3744696], [11.5375681, -2.3727115], [11.5349717, -2.3671158], [11.5339369, -2.3664624], [11.5328377, -2.3665593], [11.5320985, -2.367139], [11.5304197, -2.3686696], [11.5289822, -2.3697741], [11.5279696, -2.3701338], [11.5269407, -2.3707291], [11.5256784, -2.370877], [11.5240095, -2.3711873], [11.5225987, -2.3716292]]}}, {"type": "Feature", "properties": {"name": "Ngouni\u00e9", "osm_id": 1215854995}, "geometry": {"type": "LineString", "coordinates": [[11.7306947, -2.5484809], [11.7293751, -2.5485667], [11.7282808, -2.5481807], [11.7275298, -2.5484916], [11.7262422, -2.5489739], [11.7249656, -2.5499386], [11.7240429, -2.550378], [11.7230343, -2.5502708], [11.7221867, -2.5496598], [11.7218005, -2.5483201], [11.7213821, -2.5464551], [11.7207598, -2.5454262], [11.7193866, -2.5445151], [11.7181795, -2.5430842], [11.7179596, -2.541932], [11.71848, -2.5407905], [11.7194402, -2.539917], [11.7216396, -2.5390327], [11.7243003, -2.5377733], [11.7246168, -2.5369855], [11.724118, -2.5357368], [11.7229136, -2.5346784], [11.7213016, -2.5338772], [11.7199015, -2.5334323], [11.71929, -2.5339254], [11.7184638, -2.534397], [11.7174339, -2.53444], [11.7167579, -2.5339255], [11.7164576, -2.5329072], [11.716715, -2.531964], [11.7171978, -2.5311279], [11.7186999, -2.5299811], [11.7193973, -2.5298632], [11.7206096, -2.5292523], [11.7223156, -2.5288771], [11.722809, -2.5282554], [11.7230343, -2.5273444], [11.7228412, -2.5263368], [11.7220044, -2.5259403], [11.7204058, -2.5255758], [11.7193221, -2.5252436], [11.718657, -2.5252436], [11.717627, -2.5259724], [11.716758, -2.5263368], [11.7161679, -2.5264441], [11.7157388, -2.5258438], [11.7157387, -2.5251257], [11.7163503, -2.5222316], [11.7161464, -2.521042], [11.7154715, -2.519972], [11.7143986, -2.5193397], [11.7133675, -2.5183193], [11.7131315, -2.517419], [11.7133247, -2.5153074], [11.7142688, -2.5127564], [11.7144512, -2.5115666], [11.7149876, -2.5097766], [11.7143117, -2.5088012], [11.7136905, -2.5076565], [11.7136047, -2.5061665], [11.7131959, -2.5042994], [11.7122421, -2.5022864], [11.7112003, -2.5009659], [11.7099778, -2.4987268], [11.7092381, -2.4982562], [11.7073498, -2.4961875], [11.7062715, -2.4945583], [11.7055795, -2.494301], [11.7038093, -2.4946119], [11.7021345, -2.4946741], [11.700847, -2.4955316], [11.6992007, -2.4955809], [11.6983268, -2.4949227], [11.6979717, -2.4934521], [11.6974148, -2.4920715], [11.6970716, -2.4900779], [11.6959021, -2.4883093], [11.6937027, -2.4860369], [11.6933915, -2.4853081], [11.6926512, -2.4844184], [11.6918358, -2.4828106], [11.6904894, -2.4808384], [11.6898082, -2.4805168], [11.6887996, -2.4803238], [11.6864071, -2.4807633], [11.6855917, -2.4806132], [11.6845714, -2.4808577], [11.6836808, -2.4815544], [11.6822861, -2.4822404], [11.6808914, -2.4839125], [11.6801248, -2.4847282], [11.679251, -2.4848579], [11.6779409, -2.4843841], [11.6776625, -2.4838171], [11.6779742, -2.483443], [11.6781019, -2.4825941], [11.6785751, -2.4817066], [11.6785096, -2.4809326], [11.677706, -2.4794771], [11.6771041, -2.4778028], [11.6772875, -2.4769045], [11.6781137, -2.4754468], [11.678456, -2.4738475], [11.6780697, -2.4728721], [11.6772125, -2.4723277], [11.6757737, -2.4720575], [11.6750023, -2.471513], [11.6734515, -2.4700166], [11.6721903, -2.469485], [11.6714082, -2.4685439], [11.6710434, -2.4674398], [11.6703235, -2.4655297], [11.6703567, -2.4640419], [11.6708063, -2.4613386], [11.6704737, -2.4604489], [11.6699266, -2.4599237], [11.6688547, -2.459615], [11.6675447, -2.4596664], [11.6645943, -2.4602239], [11.6611026, -2.4606376], [11.6596172, -2.460301], [11.6575465, -2.4602474], [11.6559468, -2.4595593], [11.6547141, -2.4596793], [11.6528258, -2.4594971], [11.6515378, -2.4586332], [11.6502498, -2.4586804], [11.6488121, -2.4591198], [11.6472565, -2.4591305], [11.6460286, -2.4599891], [11.6448328, -2.4601402], [11.643084, -2.4597865], [11.6423105, -2.4602238], [11.6416131, -2.4602989], [11.6391036, -2.4597543], [11.6377732, -2.4592613], [11.6363142, -2.4578035], [11.6360019, -2.4567938], [11.6368173, -2.4553253], [11.6367959, -2.4543391], [11.6369783, -2.4532244], [11.6362595, -2.45301], [11.6351447, -2.451758], [11.6338883, -2.4503303], [11.6342854, -2.4489475], [11.6352617, -2.4468572], [11.6369031, -2.4459033], [11.6382765, -2.4453673], [11.640669, -2.4458497], [11.6414474, -2.4455184], [11.6422794, -2.4455409], [11.643363, -2.446227], [11.6459058, -2.4467093], [11.6469668, -2.44645], [11.647794, -2.4453266], [11.6480622, -2.4439385], [11.6484699, -2.4433758], [11.649296, -2.441532], [11.6494248, -2.4404816], [11.6490053, -2.4391074], [11.6483567, -2.4384063], [11.6469357, -2.4377267], [11.6459535, -2.4367931], [11.6448317, -2.4364811], [11.6428045, -2.4354211], [11.6408525, -2.434972], [11.6396497, -2.4341658], [11.6385339, -2.4339943], [11.6365169, -2.4330832], [11.6348872, -2.433021], [11.6333519, -2.4319148], [11.63169, -2.4305664], [11.6312813, -2.4298782], [11.6311739, -2.428742], [11.6312823, -2.4281224], [11.6322045, -2.4270976], [11.6326546, -2.4260729], [11.6331481, -2.4254511], [11.6343508, -2.4230843], [11.6343723, -2.4222483], [11.6351222, -2.4208204], [11.6359816, -2.4199972], [11.6373109, -2.4195985], [11.6390275, -2.4184623], [11.640595, -2.4181964], [11.6414307, -2.4179477], [11.6414843, -2.4171759], [11.6411088, -2.4157609], [11.640552, -2.4154308], [11.6396509, -2.4151736], [11.6381058, -2.4142303], [11.6365598, -2.4135957], [11.6346715, -2.4135527], [11.6328906, -2.4140459], [11.6314754, -2.4139087], [11.6308961, -2.4131798], [11.6311954, -2.4112803], [11.6315602, -2.4085147], [11.6321825, -2.4077643], [11.6335772, -2.4062851], [11.6343246, -2.4051248]]}}, {"type": "Feature", "properties": {"name": "Ngouni\u00e9", "osm_id": 1215854996}, "geometry": {"type": "LineString", "coordinates": [[11.9314316, -2.364703], [11.931092, -2.3647384], [11.9309505, -2.3649765], [11.9310613, -2.3656579], [11.930893, -2.3674324], [11.9305934, -2.3687448], [11.9291448, -2.3721533], [11.9284208, -2.3732625], [11.9271252, -2.3737105], [11.9267511, -2.3734841], [11.9266052, -2.370916], [11.9264168, -2.370163], [11.9262713, -2.3690027], [11.9260933, -2.3686607], [11.9257561, -2.368656], [11.9255999, -2.3689573], [11.925808, -2.3699129], [11.9257371, -2.370654], [11.9252452, -2.371279], [11.9251609, -2.3718826], [11.9248208, -2.372318], [11.9248062, -2.3725992], [11.9246665, -2.3740235], [11.9247706, -2.3751379], [11.9239998, -2.3763489], [11.9235159, -2.3764147], [11.9232055, -2.3759644], [11.9227887, -2.3762997], [11.9215146, -2.3759538], [11.9207764, -2.375475], [11.9208119, -2.3750752], [11.920571, -2.374573], [11.9204116, -2.373959], [11.919961, -2.3728656], [11.9194138, -2.372008], [11.9188881, -2.3715042], [11.9179225, -2.3712362], [11.9167959, -2.3704536], [11.9161951, -2.3704643], [11.9155084, -2.3712255], [11.9151866, -2.3720723], [11.9152724, -2.3728441], [11.9149828, -2.3739054], [11.914382, -2.3743878], [11.9139421, -2.3749667], [11.9134808, -2.3751596], [11.9130623, -2.3749773], [11.9129336, -2.3745807], [11.9129979, -2.3738947], [11.9128477, -2.3734659], [11.9123354, -2.3731925], [11.9120538, -2.3728227], [11.9121611, -2.3723617], [11.9120967, -2.3719973], [11.9115388, -2.3712147], [11.9107717, -2.3703464], [11.9104123, -2.3701106], [11.9100207, -2.3701856], [11.9094682, -2.3698212], [11.9089343, -2.3698024], [11.9083526, -2.3697051], [11.9077515, -2.3698855], [11.9070434, -2.3702821], [11.9071305, -2.3708331], [11.9071293, -2.3713112], [11.906625, -2.3719196], [11.9061744, -2.372008], [11.9057399, -2.372284], [11.9054582, -2.3726271], [11.9051095, -2.3727852], [11.9048762, -2.3730371], [11.9050425, -2.3733801], [11.9053375, -2.3735516], [11.9053054, -2.3740983], [11.9049943, -2.3745378], [11.9045866, -2.374838], [11.904211, -2.3752668], [11.9039696, -2.3752507], [11.9035136, -2.3748916], [11.9029021, -2.3748701], [11.902312, -2.3750309], [11.9020127, -2.3754893], [11.902163, -2.3758216], [11.9028496, -2.3759609], [11.9032358, -2.3761861], [11.9031286, -2.3766684], [11.9027852, -2.3768507], [11.9018518, -2.3768614], [11.9016265, -2.3772902], [11.9011866, -2.377794], [11.9008219, -2.3780406], [11.9002854, -2.3779119], [11.9000722, -2.3779885], [11.89991, -2.3780394], [11.8995679, -2.3782496], [11.8993413, -2.3781493], [11.8988799, -2.3779655], [11.8971097, -2.3778905], [11.8963909, -2.3782442], [11.8964016, -2.378748], [11.8968093, -2.3794341], [11.8967771, -2.380163], [11.8960153, -2.3812886], [11.8960046, -2.3827464], [11.8957364, -2.3853299], [11.8954253, -2.3871843], [11.8962943, -2.3896177], [11.8976944, -2.3929086], [11.8984079, -2.3941842], [11.8984199, -2.3967573], [11.8988061, -2.3979686], [11.8999005, -2.3991477], [11.9005549, -2.4002733], [11.9005013, -2.4009486], [11.900158, -2.4017847], [11.9001687, -2.4025565], [11.8999005, -2.403457], [11.8994928, -2.4036606], [11.8987096, -2.4031354], [11.8980551, -2.4031032], [11.8975938, -2.403607], [11.8972397, -2.4045289], [11.8966604, -2.4049577], [11.8956626, -2.4053221], [11.8946541, -2.4059653], [11.8936134, -2.4070372], [11.8932486, -2.4089667], [11.8921865, -2.4105317], [11.8919397, -2.4114429], [11.8922294, -2.4117001], [11.8928087, -2.4115501], [11.8932486, -2.4121932], [11.8932701, -2.4132009], [11.8927014, -2.4141763], [11.8927765, -2.4149695], [11.8925191, -2.4152697], [11.8915213, -2.4154841], [11.8900407, -2.416363], [11.8897832, -2.4171777], [11.8891287, -2.4177673], [11.8889678, -2.4191072], [11.8888498, -2.4194931], [11.8891915, -2.4198448], [11.889331, -2.4207238], [11.888934, -2.4213133], [11.8884405, -2.4214527], [11.888183, -2.4219136], [11.8878694, -2.4228138], [11.8875929, -2.4236072], [11.886681, -2.4249257], [11.8854364, -2.4258476], [11.8847712, -2.4262335], [11.883988, -2.4261584], [11.8828508, -2.4265765], [11.8815097, -2.4265979], [11.8810805, -2.4270803], [11.8806514, -2.4290633], [11.8801793, -2.4296743], [11.879557, -2.4298029], [11.8771323, -2.4296958], [11.8749758, -2.4299316], [11.8733128, -2.4301031], [11.8715426, -2.4310785], [11.8687316, -2.4329758], [11.8675407, -2.4340049], [11.8668219, -2.4342621], [11.8664357, -2.4342192], [11.8661031, -2.4336404], [11.8656417, -2.4335011], [11.864719, -2.4338977], [11.8640002, -2.4346587], [11.8636032, -2.4347981], [11.8633779, -2.434573], [11.8630561, -2.4338762], [11.8625196, -2.4336618], [11.8619617, -2.4337583], [11.8615004, -2.4341013], [11.8612751, -2.4348302], [11.8612644, -2.4359022], [11.8610283, -2.4382068], [11.860567, -2.4386462], [11.8601056, -2.4384426], [11.8592044, -2.4373278], [11.8587109, -2.4371992], [11.8578526, -2.4375315], [11.8569728, -2.4375315], [11.8555244, -2.4378102], [11.8547627, -2.4384104], [11.8543657, -2.438314], [11.8538615, -2.4384962], [11.8532285, -2.4391608], [11.8526276, -2.439418], [11.8519732, -2.4393108], [11.8513295, -2.4385498], [11.8506535, -2.4384319], [11.847746, -2.4376279], [11.846362, -2.4366632], [11.8450785, -2.4345274], [11.8448254, -2.4342109], [11.8446203, -2.4340468]]}}, {"type": "Feature", "properties": {"name": "Ngouni\u00e9", "osm_id": 1218061015}, "geometry": {"type": "LineString", "coordinates": [[12.0678062, -2.2925672], [12.0675594, -2.2932319], [12.0670552, -2.293264], [12.0665402, -2.2935964], [12.066272, -2.294186], [12.0659179, -2.2945397], [12.0653815, -2.2944004], [12.0650596, -2.2946362], [12.0650918, -2.2951508], [12.0655317, -2.2955367], [12.0663149, -2.2956761], [12.0666046, -2.2959334], [12.0665724, -2.2962335], [12.0656819, -2.2967052], [12.0653171, -2.2974878], [12.0653708, -2.2986992], [12.0649309, -2.2994282], [12.0649953, -2.3002429], [12.0645768, -2.3008861], [12.0638151, -2.301808], [12.0630211, -2.3020439], [12.06271, -2.3017866], [12.0628817, -2.3008861], [12.0622165, -2.300736], [12.0617766, -2.3011541], [12.06109, -2.3008325], [12.0606608, -2.3014864], [12.0609827, -2.3022583], [12.0607144, -2.3029444], [12.0603926, -2.3027621], [12.0605642, -2.302194], [12.0602531, -2.301926], [12.0594163, -2.3018509], [12.058279, -2.3011434], [12.0575494, -2.3007039], [12.0559723, -2.3014436], [12.0545561, -2.3014543], [12.0530862, -2.3021511], [12.0522601, -2.3021618], [12.0507688, -2.3020546], [12.0495994, -2.3030087], [12.0498891, -2.3036198], [12.0495994, -2.3040057], [12.0490737, -2.3038342], [12.0484299, -2.3041236], [12.0483334, -2.3051527], [12.0479686, -2.3056566], [12.0474214, -2.3057102], [12.0469279, -2.3053671], [12.0463378, -2.3057102], [12.0461661, -2.3064499], [12.0457048, -2.3069001], [12.0449323, -2.3068144], [12.0442564, -2.3066428], [12.0439238, -2.3060532], [12.0431299, -2.3058281], [12.0420999, -2.3059568], [12.0413489, -2.3063105], [12.041027, -2.3068251], [12.0412094, -2.3075005], [12.0404691, -2.3078328], [12.0395465, -2.3077577], [12.0384092, -2.3075541], [12.0373041, -2.3081544], [12.0362312, -2.3080043], [12.0358235, -2.3081865], [12.034858, -2.3081865], [12.0342786, -2.3085832], [12.0342571, -2.3091085], [12.0332486, -2.3095266], [12.0327658, -2.3104699], [12.0321436, -2.3115741], [12.0315213, -2.3117135], [12.0309312, -2.312228], [12.0309419, -2.3134287], [12.0302875, -2.3144149], [12.0300836, -2.3155405], [12.0295686, -2.3173415], [12.0292039, -2.3178989], [12.0292146, -2.3184135], [12.0297296, -2.3198393], [12.0296223, -2.3217153], [12.0291502, -2.3226694], [12.0287318, -2.3229695], [12.0285065, -2.3225622], [12.0285279, -2.3217474], [12.0283026, -2.3210185], [12.0279808, -2.3210185], [12.0278628, -2.3214794], [12.0279164, -2.3220798], [12.0275516, -2.322798], [12.0273478, -2.3236878], [12.0268435, -2.3243953], [12.0262534, -2.3253172], [12.0257384, -2.3275791], [12.0253844, -2.328083], [12.0246763, -2.3282116], [12.023818, -2.3284689], [12.023303, -2.3290049], [12.0224661, -2.3295838], [12.0225305, -2.3302591], [12.0231635, -2.3310738], [12.0230026, -2.33191], [12.0225734, -2.3325317], [12.0213289, -2.3332607], [12.021007, -2.3330034], [12.0208783, -2.3321137], [12.020535, -2.3317492], [12.0200522, -2.331835], [12.019741, -2.3325425], [12.0196015, -2.3342148], [12.0191724, -2.3345149], [12.0187218, -2.3342684], [12.0176811, -2.3330249], [12.0170588, -2.3332178], [12.0165867, -2.3337645], [12.0158786, -2.3342791], [12.0152778, -2.3343327], [12.0141728, -2.3352117], [12.0131535, -2.3350617], [12.01266, -2.3346543], [12.0118553, -2.3344828], [12.0112438, -2.3347186], [12.0107503, -2.3354261], [12.0104284, -2.3359836], [12.0100529, -2.3362516], [12.0097632, -2.3364338], [12.0092053, -2.3365946], [12.0084757, -2.3379239], [12.0082719, -2.3387386], [12.00795, -2.3390923], [12.0074672, -2.3388136], [12.0071454, -2.337956], [12.0064587, -2.3375701], [12.005579, -2.3377202], [12.0053215, -2.3381168], [12.0058472, -2.3385563], [12.0060403, -2.3393925], [12.0067055, -2.3398642], [12.0063514, -2.3406467], [12.0058579, -2.340829], [12.0053429, -2.3403894], [12.005418, -2.3399714], [12.0049299, -2.3397248], [12.004785, -2.3392424], [12.005064, -2.3388672], [12.0046751, -2.3386609], [12.0043089, -2.338965], [12.003857, -2.3391406], [12.0033447, -2.3389717], [12.0029826, -2.3382455], [12.0022745, -2.3385242], [12.0015342, -2.3382133], [12.0012016, -2.3382669], [12.0014054, -2.338953], [12.0015235, -2.3394568], [12.0008583, -2.3396819], [12.0001716, -2.3396605], [11.9999034, -2.3395211], [11.9999785, -2.3388351], [11.9996888, -2.3384813], [11.9992489, -2.3386421], [11.9986481, -2.3395319], [11.9979937, -2.3394354], [11.9976289, -2.3389637], [11.9977469, -2.3377416], [11.9974465, -2.3374844], [11.9971032, -2.3376452], [11.9968993, -2.338224], [11.9968445, -2.3393045], [11.9965131, -2.3394793], [11.9966418, -2.3396676], [11.9970603, -2.3398711], [11.9969422, -2.3403101], [11.9962771, -2.3403097], [11.9959805, -2.3411395], [11.9952993, -2.3415213], [11.994146, -2.3411206], [11.9924186, -2.3411419], [11.9901655, -2.3420413], [11.988406, -2.3432093], [11.986228, -2.3438991], [11.9838784, -2.3434955], [11.9822477, -2.3425369], [11.9805095, -2.3421739], [11.9796942, -2.3412548], [11.9795439, -2.3400961], [11.979501, -2.3389782], [11.97875, -2.3379022], [11.9767545, -2.3370191], [11.9743933, -2.3370684], [11.9718603, -2.3374394], [11.9694339, -2.337538], [11.9680249, -2.3391503], [11.9666338, -2.3402525], [11.9656941, -2.3415754], [11.9655676, -2.3426978], [11.9660939, -2.343836], [11.9634874, -2.3459176], [11.9611496, -2.3472077], [11.9603003, -2.347924], [11.9597784, -2.3490416], [11.9602689, -2.3497009], [11.9609604, -2.3504301], [11.96156, -2.3519313], [11.9622185, -2.3532931], [11.9613965, -2.3545156], [11.9603425, -2.3547308], [11.95872, -2.3552033], [11.9575191, -2.3550994], [11.956158, -2.3548703], [11.955324, -2.3553768], [11.9547181, -2.35654], [11.9541823, -2.3571724], [11.953175, -2.3580085], [11.9525741, -2.3580835], [11.9521941, -2.3583089], [11.9521783, -2.3599831], [11.9520261, -2.3613346], [11.9516259, -2.3620904], [11.9514917, -2.3629479], [11.9512272, -2.3631166], [11.9511772, -2.3633711], [11.9508577, -2.363588], [11.950332, -2.3634628], [11.9499027, -2.3635981], [11.9494561, -2.3639151], [11.9485731, -2.3646303], [11.9480319, -2.365266], [11.9474071, -2.3659618], [11.9469322, -2.3664312], [11.9466348, -2.3673082], [11.946682, -2.3687796], [11.9459354, -2.3696575], [11.9454827, -2.370093], [11.9449431, -2.3700772], [11.9442149, -2.3701546], [11.9437805, -2.3695554], [11.9433843, -2.3696308], [11.9425165, -2.3703884], [11.9411818, -2.3707444], [11.9409033, -2.3712067], [11.9401549, -2.3715089], [11.9391968, -2.3725587], [11.9385035, -2.3738747], [11.9380612, -2.3740568], [11.9374562, -2.373777], [11.9369733, -2.3730414], [11.9366912, -2.3723146], [11.9366881, -2.372038], [11.9371067, -2.3719359], [11.9375753, -2.3710621], [11.9375292, -2.3686523], [11.9373629, -2.3683791], [11.9370356, -2.368395], [11.9359925, -2.3695009], [11.9356546, -2.3695395], [11.935269, -2.3691797], [11.9346329, -2.3688821], [11.933566, -2.3686468], [11.932652, -2.3686115], [11.9322004, -2.3674971], [11.9316061, -2.3650307], [11.9314316, -2.364703]]}}, {"type": "Feature", "properties": {"name": "Nyanga", "osm_id": 1218076214}, "geometry": {"type": "LineString", "coordinates": [[12.5027999, -2.213835], [12.5035219, -2.2143184], [12.5038451, -2.2150011], [12.503596, -2.216074], [12.5028483, -2.2165367], [12.5020371, -2.2164467], [12.5012965, -2.2159903], [12.5007096, -2.215975], [12.5000314, -2.2169739], [12.5002256, -2.2176739], [12.5009131, -2.2178535], [12.5015083, -2.218218], [12.5021784, -2.2188316], [12.5024386, -2.2197155], [12.5020968, -2.2204927], [12.502216, -2.2210209], [12.502629, -2.2210312], [12.5030063, -2.2206783], [12.503704, -2.2203504], [12.5042522, -2.220457], [12.504464, -2.2207876], [12.5042867, -2.221085], [12.5034533, -2.2213257], [12.5032429, -2.2216659], [12.5037067, -2.2225161], [12.5045443, -2.2233039], [12.5049291, -2.2242847], [12.5060651, -2.2244534], [12.5064907, -2.2246347], [12.5063799, -2.2249154], [12.5058885, -2.2251091], [12.5037232, -2.2253968], [12.5032914, -2.2257729], [12.5028402, -2.2261659], [12.502663, -2.2265865], [12.5018378, -2.2270818], [12.5003121, -2.2276489], [12.5000684, -2.2281476], [12.5000989, -2.2286837], [12.5007579, -2.2297558], [12.5019216, -2.2300137], [12.5026864, -2.230421], [12.5033295, -2.2314758], [12.5034243, -2.2327921], [12.5028041, -2.2338779], [12.502294, -2.2339589], [12.5016717, -2.2335666], [12.5013187, -2.2324753], [12.5018002, -2.2317078], [12.501534, -2.2314383], [12.501201, -2.2311735], [12.5000312, -2.2312926], [12.4982938, -2.2313769], [12.4978827, -2.2322381], [12.4971227, -2.2329747], [12.495509, -2.2330044], [12.4943689, -2.2334201], [12.4929492, -2.2333613], [12.4918037, -2.2336511], [12.4915685, -2.2341975], [12.4910861, -2.2345689], [12.4908903, -2.2350523], [12.4913242, -2.2369406], [12.491896, -2.2377346], [12.4927418, -2.238584], [12.4925736, -2.2401667], [12.4919022, -2.2410512], [12.4918464, -2.2416142], [12.4922268, -2.2418908], [12.4921995, -2.2421301], [12.4918481, -2.2428302], [12.4920925, -2.2431843], [12.492008, -2.2435723], [12.4916245, -2.2441097], [12.4915609, -2.2446878], [12.4912454, -2.2447452], [12.4906501, -2.2445274], [12.4904515, -2.2436462], [12.4896277, -2.2433522], [12.4870887, -2.2435231], [12.4867344, -2.2437915], [12.4868202, -2.2445848], [12.4870201, -2.2454651], [12.487519, -2.2460715], [12.4878151, -2.2465313], [12.4876751, -2.2471157], [12.4869015, -2.2477541], [12.4869254, -2.2482431], [12.4874425, -2.2482083], [12.488316, -2.2485245], [12.4883129, -2.2489131], [12.4876494, -2.2495135], [12.4867136, -2.2507011], [12.4865862, -2.2511251], [12.4867828, -2.251325], [12.4876508, -2.2511388], [12.4882889, -2.251024], [12.4892372, -2.2512618], [12.4903129, -2.2520516], [12.4916227, -2.2552295], [12.492247, -2.2561161], [12.4926443, -2.2569453], [12.492892, -2.2584967], [12.4931572, -2.2594906], [12.4928989, -2.2603351], [12.4931259, -2.2609049], [12.494239, -2.2614015], [12.4951541, -2.2612604], [12.4958325, -2.2614678], [12.4957701, -2.2619776], [12.4952218, -2.2623255], [12.4948093, -2.2628165], [12.4947906, -2.2640886], [12.4946349, -2.264626], [12.4939871, -2.2648694], [12.4921542, -2.2650617], [12.4911021, -2.2655139], [12.4900561, -2.266703], [12.488898, -2.2671822], [12.4878862, -2.2678254], [12.4858843, -2.2681962], [12.4850177, -2.2692281], [12.4847284, -2.2700996], [12.4851174, -2.2702905], [12.4857335, -2.269901], [12.4862872, -2.2699723], [12.486839, -2.2704226], [12.4874405, -2.2702503], [12.4874723, -2.2705284], [12.4872424, -2.2710326], [12.4872244, -2.2715866], [12.4874901, -2.2725079], [12.4887016, -2.2738857], [12.4890892, -2.2748962], [12.4890282, -2.2752717], [12.4884635, -2.2756534], [12.4879529, -2.2764239], [12.4880529, -2.2772941], [12.4878792, -2.2776897], [12.4872369, -2.2779317], [12.4856034, -2.2778348], [12.4837303, -2.2781295], [12.4820129, -2.2785583], [12.4809434, -2.278514], [12.480261, -2.2788253], [12.4800499, -2.2791476], [12.480088, -2.2795695], [12.4804881, -2.279741], [12.4813257, -2.2804569], [12.4814281, -2.2811977], [12.4809698, -2.2822697], [12.4803539, -2.2825822], [12.4787175, -2.2827814], [12.4773443, -2.2832974], [12.4753825, -2.2847222], [12.474473, -2.2849761], [12.4735884, -2.2845202], [12.4727937, -2.2835131], [12.4723781, -2.283244], [12.4717879, -2.2836598], [12.4716794, -2.2840928], [12.4721889, -2.2849186], [12.4727439, -2.2858371], [12.4725958, -2.2862985], [12.4720738, -2.2864112], [12.4714536, -2.2858896], [12.4711567, -2.2853273], [12.4707975, -2.2850514], [12.4698819, -2.2854228], [12.4698013, -2.2858939], [12.4701136, -2.2863628], [12.4702119, -2.2868233], [12.4699462, -2.2873765], [12.4685631, -2.2888594], [12.4683897, -2.2892969], [12.468154, -2.2914651], [12.4678322, -2.2917174], [12.4670446, -2.2918418], [12.465836, -2.2916363], [12.4654374, -2.2916674], [12.4653132, -2.2920783], [12.4645913, -2.2923772], [12.4634713, -2.292427], [12.4624374, -2.2929624], [12.4613789, -2.2928993], [12.4610183, -2.2934339], [12.4612516, -2.2948449], [12.4616843, -2.2957454], [12.4628221, -2.29687], [12.4633493, -2.2970904], [12.463839, -2.2967755], [12.4646939, -2.2967931], [12.4654567, -2.2970276], [12.4662395, -2.2981136], [12.4673838, -2.2988634], [12.4680357, -2.3017528], [12.4679849, -2.3039895], [12.4675727, -2.3042339], [12.4666984, -2.3041748], [12.4650757, -2.3048727], [12.4637147, -2.3049854], [12.4631365, -2.3051561], [12.4630069, -2.3059369], [12.4632461, -2.3063778], [12.4637495, -2.3063632], [12.4640834, -2.3065082], [12.4645268, -2.3072963], [12.4652641, -2.3079012], [12.466432, -2.3093184], [12.4665905, -2.3119434], [12.4675056, -2.3142797], [12.4680371, -2.3160057], [12.468465, -2.3160463], [12.4691173, -2.3150907], [12.4695246, -2.3149975], [12.4701397, -2.3155831], [12.4699743, -2.3160818], [12.4700173, -2.3166061], [12.4706517, -2.3171567], [12.4709485, -2.3171124], [12.4727661, -2.3140968], [12.4732371, -2.3135152], [12.4736335, -2.3134814], [12.4737781, -2.3141362], [12.473519, -2.314574], [12.4735972, -2.3151029], [12.4748468, -2.3180598], [12.4753293, -2.3201569], [12.4750766, -2.3212454], [12.4733017, -2.3230657], [12.4724933, -2.3243913], [12.471473, -2.3251192], [12.4696568, -2.3255292], [12.4681616, -2.3254822], [12.4671649, -2.3261448], [12.4666745, -2.3268057], [12.4660096, -2.3270184], [12.464954, -2.3269457], [12.4644378, -2.3275322], [12.4643686, -2.3283497], [12.4649566, -2.3286548], [12.4659433, -2.3283621], [12.4671941, -2.3281505], [12.4682504, -2.3284894], [12.4700375, -2.32834], [12.4706536, -2.3284851], [12.4709332, -2.3291906], [12.4705739, -2.3303616], [12.4705885, -2.3313085], [12.4711387, -2.3319157], [12.4729227, -2.3324855], [12.4740765, -2.3325559], [12.4746447, -2.3329751], [12.4755902, -2.3347664], [12.4761979, -2.3383504], [12.4765744, -2.3385689], [12.4781389, -2.3383677], [12.4785444, -2.3378178], [12.479004, -2.3358633], [12.4795633, -2.3345562], [12.4802264, -2.3337566], [12.4809145, -2.3333554], [12.4819168, -2.3335243], [12.4851657, -2.3336197], [12.4870334, -2.332799], [12.4884899, -2.3323644], [12.4891598, -2.3317938], [12.4899918, -2.3296415], [12.4907813, -2.3287852], [12.4916705, -2.3284892], [12.4924769, -2.3286692], [12.4926713, -2.329394], [12.4924421, -2.330567], [12.4926442, -2.3308582], [12.493569, -2.3304272], [12.4946805, -2.3296029], [12.4952468, -2.32838], [12.495676, -2.328178], [12.4958366, -2.3283967], [12.495802, -2.3290122], [12.4960041, -2.3301009], [12.4957017, -2.3305124], [12.4952249, -2.3305131], [12.4947199, -2.3307634], [12.494632, -2.3310649], [12.4952441, -2.3319696], [12.4958068, -2.3324544], [12.496382, -2.3326155], [12.4973373, -2.3323618], [12.4978439, -2.3315602], [12.4983134, -2.3308304], [12.4986708, -2.330636], [12.4992111, -2.3307702], [12.4993944, -2.3312628], [12.4992227, -2.3317095], [12.4980211, -2.3331481], [12.4973562, -2.3333509], [12.4970651, -2.333753], [12.4971309, -2.3342582], [12.4975616, -2.3345217], [12.4987162, -2.3360266], [12.49931, -2.33614], [12.5002286, -2.3357976], [12.5008978, -2.3357166], [12.5020435, -2.3359567], [12.5024041, -2.3366076], [12.5021735, -2.3376693], [12.5016813, -2.3386936], [12.5010071, -2.3392192], [12.5008687, -2.3397834], [12.5011739, -2.3401548], [12.5016287, -2.3399784], [12.5020066, -2.3394786], [12.5023971, -2.3394271], [12.5026795, -2.3398469], [12.5027705, -2.3410854], [12.5024877, -2.3417636], [12.5028192, -2.3419745], [12.5047631, -2.3420685], [12.5055923, -2.34228], [12.5063749, -2.3431466], [12.5064722, -2.3440631], [12.5057943, -2.3449248], [12.505739, -2.3454392], [12.5062011, -2.34659], [12.5075268, -2.3473121], [12.5085908, -2.34847], [12.5093999, -2.3488248], [12.5104833, -2.3487189], [12.511028, -2.3489215], [12.5110618, -2.3494603], [12.510443, -2.3501892], [12.5092177, -2.3505928], [12.5089768, -2.3501747], [12.5084453, -2.3499859], [12.5076783, -2.3503373], [12.507205, -2.3511436], [12.5072063, -2.3517521], [12.50767, -2.3524673], [12.5082778, -2.3526858], [12.5092082, -2.3528546], [12.5094034, -2.3531852], [12.5084059, -2.3541002], [12.5073337, -2.3541686], [12.5054386, -2.3538132], [12.505053, -2.3540981], [12.5050911, -2.3545823], [12.5054913, -2.3551023], [12.5067871, -2.3554218], [12.507583, -2.3562331], [12.5077809, -2.357393], [12.5075677, -2.3581439], [12.5066817, -2.3585284], [12.5060075, -2.3583278], [12.5057864, -2.3575989], [12.5055653, -2.3570816], [12.5045249, -2.356844], [12.5039146, -2.3570412], [12.5038655, -2.3574853], [12.5043156, -2.3580747], [12.5045737, -2.3599333], [12.5051808, -2.3612068], [12.5050739, -2.3617118], [12.5047356, -2.361626], [12.5040341, -2.3612553], [12.5036529, -2.3608625], [12.5037629, -2.3598527], [12.5033348, -2.3593522], [12.5028026, -2.3593473], [12.5014709, -2.3603321], [12.5004838, -2.3623171], [12.4995868, -2.3638399], [12.4985209, -2.3647818], [12.4978881, -2.3657901], [12.4979088, -2.3677157], [12.498266, -2.3682343], [12.4993127, -2.3685553], [12.5007076, -2.3682329], [12.5012551, -2.3686327], [12.5012661, -2.3697171], [12.5016398, -2.3700892], [12.5021755, -2.3700131], [12.5031626, -2.3695254], [12.503913, -2.3698844], [12.5045256, -2.3706535], [12.5043158, -2.3713603], [12.5034228, -2.3719855], [12.5012041, -2.3721404], [12.5003313, -2.3725692], [12.5002622, -2.372977], [12.5017698, -2.3737317], [12.5029847, -2.3743206], [12.5039254, -2.3767025], [12.504575, -2.3780114], [12.5048632, -2.3783741], [12.5053399, -2.3784021], [12.5055955, -2.3780348], [12.5059322, -2.3770511], [12.5066929, -2.3767149], [12.507945, -2.377137], [12.5090102, -2.3769614], [12.5096203, -2.376959], [12.5098934, -2.3773774], [12.5097314, -2.3781754], [12.5093077, -2.3787493], [12.5086848, -2.3787521], [12.5080868, -2.3783066], [12.5075575, -2.3783776], [12.5074395, -2.3787598], [12.507677, -2.3791756], [12.5082993, -2.3797223], [12.5089859, -2.3806228], [12.5096618, -2.3809872], [12.5104142, -2.3812284], [12.5105121, -2.3816411], [12.5102358, -2.3818448], [12.509576, -2.3817805], [12.5087942, -2.3815393], [12.5083664, -2.381684], [12.5083047, -2.3821664], [12.5086963, -2.3825952], [12.5096297, -2.382831], [12.5101232, -2.3833884], [12.5107991, -2.3850285], [12.5107026, -2.3855967], [12.509576, -2.3860576], [12.5093829, -2.3868937], [12.5094795, -2.3875047], [12.5101447, -2.3879978], [12.5110137, -2.388105], [12.5115823, -2.3878906], [12.5121295, -2.3870973], [12.5125479, -2.3868186], [12.5129341, -2.3870331], [12.5132131, -2.3879764], [12.513374, -2.3886731], [12.5132185, -2.3893967], [12.5126445, -2.3897451], [12.5120973, -2.3896057], [12.5115461, -2.3893659], [12.5110593, -2.3893618], [12.5108367, -2.3896754], [12.5110352, -2.3900667], [12.5123441, -2.3909456], [12.5134223, -2.391353], [12.5138247, -2.3918997], [12.5135779, -2.3921677], [12.5132775, -2.3923713], [12.5128698, -2.3925214], [12.512438, -2.3924464], [12.5117701, -2.3916853], [12.511121, -2.3913638], [12.5099193, -2.3912994], [12.5080847, -2.3918676], [12.5071835, -2.3919051], [12.506926, -2.3922535], [12.506969, -2.3926715], [12.5073767, -2.3928216], [12.5081921, -2.3930842]]}}, {"type": "Feature", "properties": {"name": "Nyanga", "osm_id": 1218076215}, "geometry": {"type": "LineString", "coordinates": [[12.5051772, -2.1306365], [12.5049787, -2.1312074], [12.504394, -2.1316068], [12.5039327, -2.1315103], [12.5035035, -2.130867], [12.5029778, -2.1306633], [12.502731, -2.1310975], [12.5028491, -2.1317462], [12.5033748, -2.1328397], [12.5031281, -2.1335688], [12.5026237, -2.1342227], [12.5021517, -2.1341316], [12.5017762, -2.1334616], [12.5014329, -2.1335474], [12.5011861, -2.1341156], [12.50139, -2.1344908], [12.5013846, -2.1351126], [12.5019586, -2.1355737], [12.5021625, -2.135831], [12.5018942, -2.1362384], [12.5013846, -2.1363939], [12.5008857, -2.1368281], [12.5007248, -2.1376965], [12.5004029, -2.1382326], [12.4996626, -2.1384684], [12.4994695, -2.1387686], [12.4996948, -2.1389831], [12.4999523, -2.138758], [12.5007355, -2.1385114], [12.500875, -2.1387794], [12.5007891, -2.1390903], [12.500124, -2.1391653], [12.4993622, -2.1396693], [12.4986541, -2.1402589], [12.4982517, -2.1401061], [12.4979674, -2.1402857], [12.4980854, -2.140752], [12.4984784, -2.1411702], [12.4989357, -2.1412345], [12.4991422, -2.1413846], [12.4991691, -2.1416634], [12.498858, -2.1419208], [12.4978709, -2.142044], [12.4975276, -2.1427034], [12.4968409, -2.1432395], [12.496798, -2.1440865], [12.4965619, -2.1445475], [12.4961972, -2.1446761], [12.4955105, -2.1445046], [12.4944806, -2.1440972], [12.4940327, -2.1442875], [12.4939924, -2.1446171], [12.4942553, -2.1446975], [12.4946951, -2.14518], [12.4954784, -2.145566], [12.4956178, -2.1458233], [12.4954033, -2.1461664], [12.4948025, -2.1461664], [12.4945235, -2.1457483], [12.4941158, -2.1455874], [12.4938369, -2.1459734], [12.4940837, -2.1471742], [12.4939013, -2.1477397], [12.4933219, -2.1478979], [12.4934077, -2.1484071], [12.4932038, -2.1490718], [12.4929571, -2.1495757], [12.4920988, -2.1496615], [12.4918628, -2.150144], [12.4912941, -2.1507229], [12.4903392, -2.1508837], [12.4901354, -2.1514627], [12.4898672, -2.1516208], [12.4896312, -2.1512429], [12.4892664, -2.151066], [12.4884188, -2.1513233], [12.4873138, -2.1518915], [12.4867987, -2.1524919], [12.4859404, -2.1527171], [12.4849642, -2.1526635], [12.4844706, -2.1528243], [12.4840897, -2.1532156], [12.4842131, -2.1536605], [12.484138, -2.1539607], [12.4833173, -2.1543413], [12.4831617, -2.1547327], [12.483269, -2.1552044], [12.4830114, -2.1556225], [12.4825931, -2.1556011], [12.4820673, -2.1557833], [12.4818313, -2.1560514], [12.4818205, -2.1565017], [12.4821103, -2.1567054], [12.4820995, -2.1571342], [12.4817884, -2.1571343], [12.48137, -2.1567589], [12.4809301, -2.1568233], [12.4809622, -2.1571127], [12.48137, -2.1575524], [12.4820459, -2.1577775], [12.4821102, -2.1581205], [12.4816919, -2.1586244], [12.4812734, -2.1588282], [12.4804795, -2.1587424], [12.4801469, -2.1589676], [12.4801469, -2.1594179], [12.4805224, -2.159643], [12.4812197, -2.1596001], [12.4818206, -2.1591391], [12.4822389, -2.158989], [12.4824428, -2.1592999], [12.4821746, -2.1599218], [12.4814558, -2.1606079], [12.480973, -2.1612511], [12.4804043, -2.1614549], [12.4801254, -2.1612619], [12.4800074, -2.1604793], [12.4796748, -2.1604042], [12.4792028, -2.1606507], [12.4784088, -2.1614978], [12.4781406, -2.1621517], [12.4781728, -2.1634705], [12.4775183, -2.1643925], [12.4771321, -2.1644139], [12.4766708, -2.1636313], [12.4763462, -2.1633498], [12.4759573, -2.1634007], [12.4758661, -2.1638671], [12.4752764, -2.1644026], [12.4752982, -2.1648844], [12.4755293, -2.1654197], [12.4758754, -2.1654902], [12.4761744, -2.1648054], [12.4765109, -2.1647556], [12.4767752, -2.1655912], [12.4763863, -2.1659563], [12.4752843, -2.1659896], [12.475168, -2.1664643], [12.4754504, -2.1667398], [12.4760153, -2.1667429], [12.4763164, -2.1668756], [12.4762894, -2.1675051], [12.4765385, -2.1677597], [12.4772875, -2.167613], [12.4774869, -2.1682112], [12.4773692, -2.1689777], [12.4768493, -2.169392], [12.4762995, -2.1692872], [12.4759989, -2.1687092], [12.4756718, -2.1686241], [12.4754213, -2.1688449], [12.4753715, -2.1694487], [12.4759045, -2.1698817], [12.4765205, -2.169946], [12.4770009, -2.1699264], [12.4773568, -2.1702555], [12.477545, -2.1708391], [12.4778648, -2.1711074], [12.4784054, -2.1708328], [12.4788962, -2.1709317], [12.4791259, -2.1714463], [12.4790726, -2.1722778], [12.4794263, -2.1722826], [12.4801718, -2.1719], [12.4806293, -2.1719774], [12.4813593, -2.1726982], [12.4813789, -2.1729708], [12.4811588, -2.1735643], [12.4809792, -2.1741713], [12.4812481, -2.1742926], [12.4822359, -2.1738934], [12.4825729, -2.1733982], [12.4827841, -2.1724568], [12.4831786, -2.1724568], [12.4832547, -2.1727957], [12.4853313, -2.1746516], [12.4856864, -2.1753827], [12.4864233, -2.1760125], [12.4873595, -2.1759077], [12.4878156, -2.1760768], [12.4881721, -2.1766942], [12.4881775, -2.1775864], [12.4885659, -2.178238], [12.4890291, -2.178491], [12.4891433, -2.1789308], [12.4889729, -2.1792624], [12.4883707, -2.1793868], [12.48829, -2.1796303], [12.4885707, -2.179824], [12.4895525, -2.1798854], [12.4898863, -2.1800464], [12.4899808, -2.1804929], [12.4896547, -2.1808345], [12.4894242, -2.1814529], [12.4895703, -2.1819547], [12.4892428, -2.1823818], [12.4883291, -2.1825651], [12.4877408, -2.1831337], [12.4875248, -2.183861], [12.4879444, -2.1842896], [12.4888158, -2.1841241], [12.4898859, -2.1847626], [12.4899136, -2.1853775], [12.4895052, -2.1860173], [12.4893813, -2.1864462], [12.4896686, -2.1868632], [12.4901697, -2.1867789], [12.4904133, -2.1863431], [12.4904534, -2.1857402], [12.4906804, -2.1852246], [12.4916427, -2.1850538], [12.4921082, -2.1852457], [12.4923618, -2.1855747], [12.4920842, -2.1860706], [12.4914053, -2.1864496], [12.4914969, -2.1870386], [12.4919126, -2.18703], [12.4931356, -2.1864876], [12.4934443, -2.1859515], [12.4937631, -2.1855382], [12.4941816, -2.1852619], [12.4949181, -2.1853755], [12.4951637, -2.1858571], [12.4949731, -2.1863013], [12.4949907, -2.1867166], [12.4953915, -2.1871924], [12.4963827, -2.1879782], [12.4967475, -2.1888605], [12.4970375, -2.1893941], [12.4981388, -2.189908], [12.4990331, -2.1901646], [12.4996989, -2.1906086], [12.5001419, -2.1915444], [12.5011865, -2.1923144], [12.5013214, -2.192773], [12.5010404, -2.1931568], [12.5000471, -2.1932045], [12.4991463, -2.1926676], [12.4990804, -2.1922056], [12.4988489, -2.1919538], [12.4983575, -2.1909897], [12.4977622, -2.1903886], [12.4968603, -2.1903721], [12.4954462, -2.1912166], [12.4941385, -2.1928893], [12.4942113, -2.1932647], [12.4945297, -2.1934521], [12.4955244, -2.1931588], [12.496353, -2.1931402], [12.4968852, -2.1932612], [12.49717, -2.1937082], [12.4970542, -2.1940301], [12.4964927, -2.1941649], [12.496189, -2.1946996], [12.4962703, -2.1953175], [12.496577, -2.1960211], [12.4963367, -2.1970842], [12.4964544, -2.1976091], [12.4967756, -2.1981186], [12.4968492, -2.1985827], [12.4966049, -2.1987856], [12.4962508, -2.1986248], [12.4959719, -2.1982282], [12.4952582, -2.1978836], [12.4946052, -2.1972989], [12.4945315, -2.1968873], [12.4947367, -2.1962185], [12.4945865, -2.1959539], [12.4941158, -2.1959768], [12.4938652, -2.1965404], [12.4938729, -2.1972536], [12.4935821, -2.1983624], [12.4937434, -2.1990326], [12.4933813, -2.1995687], [12.4927846, -2.1995517], [12.4924496, -2.1997464], [12.4925352, -2.2001103], [12.4930071, -2.2003496], [12.4934049, -2.2007618], [12.4934617, -2.201191], [12.4931322, -2.2012964], [12.4922712, -2.2011415], [12.4912729, -2.2004906], [12.4908625, -2.2007189], [12.4908224, -2.2015115], [12.4912827, -2.2022779], [12.4913727, -2.2027302], [12.4910813, -2.2030671], [12.4906542, -2.2029813], [12.49027, -2.2023581], [12.4898365, -2.2021701], [12.4894902, -2.2023681], [12.4894705, -2.2027393], [12.4899641, -2.2031723], [12.4902286, -2.2036354], [12.4898824, -2.204086], [12.489202, -2.2041675], [12.4881977, -2.2041461], [12.4869004, -2.2053137], [12.4857153, -2.205896], [12.4855054, -2.206567], [12.4849092, -2.2070513], [12.483991, -2.2073722], [12.4837496, -2.2078895], [12.4831779, -2.2085009], [12.4825065, -2.208689], [12.4817826, -2.2093031], [12.4808403, -2.2106983], [12.4810446, -2.21106], [12.4815484, -2.2110309], [12.4829634, -2.2105163], [12.4835615, -2.2105633], [12.4846743, -2.2115082], [12.4871517, -2.2118382], [12.4880854, -2.2118417], [12.4900326, -2.2112475], [12.4910031, -2.2108975], [12.4915067, -2.2110621], [12.4914121, -2.2115006], [12.4912107, -2.211807], [12.4913076, -2.2124825], [12.4916911, -2.2125727], [12.4931476, -2.2122269], [12.4937594, -2.2123997], [12.4937725, -2.2127463], [12.4931627, -2.2130499], [12.4927883, -2.2136675], [12.4930848, -2.2142849], [12.4940543, -2.2143793], [12.4947564, -2.2140115], [12.4950721, -2.2140047], [12.4954296, -2.2145889], [12.4959792, -2.2146124], [12.4962629, -2.2141407], [12.4963722, -2.2137187], [12.496825, -2.2131378], [12.497016, -2.2121708], [12.4970065, -2.2114352], [12.4972586, -2.2112101], [12.4979873, -2.2113826], [12.4985224, -2.211827], [12.4989695, -2.2119689], [12.4998374, -2.2119605], [12.5007629, -2.2128058], [12.5007663, -2.2133398], [12.5010895, -2.2137624], [12.501824, -2.2141103], [12.5023057, -2.2138543], [12.5027999, -2.213835]]}}, {"type": "Feature", "properties": {"name": "Nyanga", "osm_id": 1218076216}, "geometry": {"type": "LineString", "coordinates": [[12.3397291, -2.6288275], [12.3387649, -2.6292401], [12.3377376, -2.6302368], [12.3376357, -2.6310084], [12.3368632, -2.6337307], [12.336638, -2.6345293], [12.3361765, -2.6356384], [12.335869, -2.6362288], [12.3356348, -2.6365281], [12.3353934, -2.6366941], [12.3351091, -2.6367103], [12.3336392, -2.6361958], [12.3330973, -2.635893], [12.3329472, -2.6355421], [12.3328828, -2.6352258], [12.3331082, -2.6341434], [12.3331135, -2.6338272], [12.333017, -2.6335218], [12.332164, -2.6317051], [12.3318797, -2.6314158], [12.3316544, -2.6313087], [12.3313969, -2.6313192], [12.3311448, -2.6314373], [12.3309463, -2.6316194], [12.3307747, -2.6319088], [12.3306512, -2.6323643], [12.3305762, -2.6331146], [12.3305225, -2.6335486], [12.330391, -2.6341059], [12.3301201, -2.6346203], [12.3298413, -2.6348347], [12.329353, -2.6350382], [12.3286074, -2.6350383], [12.3278134, -2.6349471], [12.327159, -2.6347543], [12.3267889, -2.6347489], [12.3260593, -2.6348347], [12.325421, -2.634899], [12.3247288, -2.634915], [12.3232055, -2.6347061], [12.3227869, -2.6347275], [12.3223311, -2.6348347], [12.3205714, -2.6354455], [12.3202121, -2.6357671], [12.3200405, -2.6360404], [12.3199974, -2.6362601], [12.3200458, -2.6364691], [12.320153, -2.6366727], [12.3203838, -2.6367853], [12.3207055, -2.6368388], [12.3210864, -2.6369138], [12.3213816, -2.6370372], [12.3216122, -2.637289], [12.3217303, -2.6374766], [12.3218723, -2.6377578], [12.3218751, -2.63805], [12.3218321, -2.6385804], [12.3217624, -2.6388216], [12.3215747, -2.6390252], [12.3214244, -2.6391538], [12.3211991, -2.6391538], [12.3209792, -2.6389717], [12.3206305, -2.638484], [12.3204857, -2.6383393], [12.3202711, -2.6382643], [12.3200619, -2.6383179], [12.3189568, -2.6391324], [12.3183667, -2.6396468], [12.3183024, -2.639813], [12.3183292, -2.6400702], [12.3183989, -2.6402255], [12.3194236, -2.641008], [12.3196568, -2.6412034], [12.3197561, -2.6414206], [12.3198741, -2.6418385], [12.3201853, -2.6421547], [12.3206412, -2.6425726], [12.3210422, -2.6429933], [12.3211831, -2.6431729], [12.3212715, -2.6433818], [12.3211724, -2.6436605], [12.3209684, -2.6438158], [12.3201476, -2.6440676], [12.3196918, -2.644116], [12.3191606, -2.644073], [12.318576, -2.6438535], [12.3180662, -2.6435854], [12.3176104, -2.6431461], [12.3165106, -2.6419725], [12.3159152, -2.6415974], [12.3154538, -2.6413615], [12.3151374, -2.6413349], [12.3148584, -2.6414205], [12.3147136, -2.6415385], [12.3145956, -2.6418064], [12.314566, -2.6420046], [12.3147029, -2.6422566], [12.3148959, -2.6426262], [12.3148905, -2.6432907], [12.3145366, -2.6438427], [12.3143756, -2.64425], [12.3142361, -2.6447268], [12.3142575, -2.6462166], [12.3141396, -2.647074], [12.3139732, -2.6477599], [12.3137373, -2.6480279], [12.3134905, -2.6481726], [12.3132168, -2.6482207], [12.3116505, -2.64791], [12.311248, -2.6477921], [12.3108458, -2.6474706], [12.309966, -2.646656], [12.3094672, -2.6465382], [12.3091507, -2.6465274], [12.3088931, -2.6466346], [12.3079276, -2.6470847], [12.3074394, -2.6473259], [12.307037, -2.647701], [12.3067743, -2.6480386], [12.3064577, -2.6482475], [12.3062485, -2.6483012], [12.3056209, -2.6482744], [12.3052883, -2.6483118], [12.3042369, -2.6493031], [12.3037004, -2.6495871], [12.3032283, -2.6495603], [12.3022788, -2.6487512], [12.3012863, -2.6487458], [12.2990548, -2.6501284], [12.2987758, -2.6507018], [12.2987007, -2.6520254], [12.2980463, -2.6537615], [12.2946452, -2.657652], [12.2926711, -2.6594096], [12.2910082, -2.6599562], [12.2894739, -2.6600526], [12.2879772, -2.6596132], [12.287296, -2.6598812], [12.2870546, -2.6604117], [12.2880899, -2.6621211], [12.2883152, -2.6630213], [12.287886, -2.6635036], [12.2850107, -2.6648754], [12.2822856, -2.6672439], [12.2806441, -2.6685193], [12.2794747, -2.6683692], [12.2777473, -2.6681602], [12.2764706, -2.6686371], [12.2748076, -2.6687229], [12.2728442, -2.6680477], [12.2711705, -2.6681013], [12.2705483, -2.6686693], [12.2703605, -2.6710003], [12.269765, -2.6720881], [12.2686922, -2.6731384], [12.2674799, -2.6744137], [12.2664016, -2.6746441], [12.2661387, -2.6741458], [12.2656345, -2.6738028], [12.2648298, -2.6739422], [12.2636604, -2.6745317], [12.263238, -2.6749985], [12.2626519, -2.6756462], [12.2622335, -2.6771895], [12.2628343, -2.6788506], [12.2641325, -2.6805439], [12.2648326, -2.6814361], [12.2656184, -2.6818996], [12.2662031, -2.6825051], [12.2668897, -2.682816], [12.2675228, -2.6823444], [12.2676515, -2.6812513], [12.2681772, -2.6811227], [12.2689712, -2.6819158], [12.2706342, -2.6821891], [12.2718358, -2.6820551], [12.2729623, -2.6812191], [12.2734451, -2.681187], [12.2737025, -2.6815084], [12.2737562, -2.6828052], [12.274754, -2.6832232], [12.2752046, -2.6827302], [12.2756552, -2.6827517], [12.2761488, -2.683116], [12.2768569, -2.6834161], [12.2775435, -2.6836305], [12.278316, -2.6843807], [12.2787666, -2.6854524], [12.2787881, -2.6864169], [12.2790456, -2.6882817], [12.2791743, -2.6898249], [12.2791099, -2.6911324], [12.278831, -2.6920541], [12.2784447, -2.6925042], [12.2777152, -2.69274], [12.2769427, -2.6928471], [12.2762775, -2.6926971], [12.2756123, -2.6921612], [12.275269, -2.6916254], [12.2748613, -2.6908752], [12.2740459, -2.690275], [12.2735524, -2.689975], [12.2731662, -2.6899107], [12.2724795, -2.6901464], [12.2721362, -2.6905537], [12.2720504, -2.6911753], [12.2720933, -2.6917111], [12.271986, -2.6923327], [12.271868, -2.6928043], [12.271471, -2.693533], [12.2709131, -2.6940046], [12.2705912, -2.6946047], [12.2702801, -2.6950441], [12.2699475, -2.6950441], [12.2697329, -2.6948191], [12.2697437, -2.6945619], [12.269851, -2.6941225], [12.2698402, -2.6939081], [12.2697115, -2.693608], [12.2694433, -2.6934366], [12.269057, -2.6932329], [12.2681987, -2.6924506], [12.2673297, -2.6917862], [12.2670615, -2.6915932], [12.266525, -2.6914432], [12.2660744, -2.6915504], [12.2651946, -2.6919362], [12.2643471, -2.692322], [12.2634566, -2.6927721], [12.2628665, -2.6928257], [12.2623086, -2.6926435], [12.2614717, -2.6920969], [12.2607636, -2.6915611], [12.2600555, -2.6913467], [12.2589826, -2.6909609], [12.2577166, -2.6907252], [12.2569442, -2.6903608], [12.2565794, -2.6901464], [12.2556245, -2.6902536], [12.2552383, -2.690618], [12.2549486, -2.6915397], [12.2541546, -2.6929007], [12.2535109, -2.6931686], [12.2529316, -2.6926221], [12.2525024, -2.6918826], [12.2518694, -2.6917058], [12.2517944, -2.6907358], [12.2514617, -2.6902965], [12.2500133, -2.6905966], [12.2483825, -2.6908966], [12.2468805, -2.691754], [12.2463441, -2.6920755], [12.2455609, -2.6923756], [12.2453999, -2.6927614], [12.2460866, -2.6932329], [12.2460866, -2.6938974], [12.2455716, -2.6944332], [12.2440052, -2.6952049], [12.2429108, -2.6955692], [12.2418165, -2.6963837], [12.2413444, -2.6973483], [12.2402286, -2.6974126], [12.2394132, -2.6970482], [12.2380399, -2.6972197], [12.2373962, -2.6974769], [12.2367739, -2.6976055], [12.2358942, -2.6979484], [12.235111, -2.6990951], [12.2338557, -2.6990737], [12.2331476, -2.6986235], [12.2325468, -2.6984414], [12.2316026, -2.6990201], [12.2307443, -2.6990951], [12.2297144, -2.699004], [12.2288775, -2.6983235], [12.2281909, -2.6985486], [12.2270322, -2.6988058], [12.2260451, -2.6981842], [12.224586, -2.6973911], [12.2234434, -2.6969249], [12.2220218, -2.6960301], [12.2213888, -2.6960837], [12.221024, -2.6963837], [12.2209382, -2.6969196], [12.2211313, -2.6975197], [12.2209382, -2.6982913], [12.2203588, -2.6989344], [12.2190499, -2.6994488], [12.2176552, -2.6996202], [12.2166466, -2.6994702], [12.2158098, -2.6989129], [12.213943, -2.6964266], [12.2130632, -2.6960622], [12.2115826, -2.6961051], [12.2101235, -2.6965338], [12.2096085, -2.6973268], [12.2095656, -2.6983556], [12.209351, -2.6996202], [12.2082138, -2.7013992], [12.2071624, -2.7017636], [12.2064113, -2.7027496], [12.205596, -2.702921], [12.2036218, -2.7019565], [12.2028494, -2.7017422], [12.2022486, -2.702621], [12.2016477, -2.7033712], [12.2008753, -2.7038856], [12.199738, -2.7035855], [12.1985578, -2.7037999], [12.1974634, -2.704893], [12.1964121, -2.7055788], [12.1939873, -2.705836], [12.192421, -2.7062219], [12.1907902, -2.7075507], [12.1890306, -2.7076365], [12.186799, -2.7069934], [12.1845674, -2.7070792], [12.182765, -2.707315], [12.1809839, -2.7089011], [12.1774005, -2.7133378], [12.1752548, -2.7157169], [12.173109, -2.7166386], [12.1730876, -2.7166601], [12.1696973, -2.7168958], [12.1666073, -2.7168529], [12.1639681, -2.7175388], [12.1617579, -2.7189534], [12.1593332, -2.721354], [12.1577024, -2.7229829], [12.1555137, -2.7251262], [12.1537541, -2.7268838], [12.1512651, -2.7279555], [12.1489477, -2.7291986], [12.1483898, -2.7303989], [12.1486473, -2.7327565], [12.1493768, -2.7346426], [12.1505785, -2.7370432], [12.1503639, -2.7383292], [12.1495485, -2.7393579], [12.1471452, -2.7403439], [12.1428108, -2.7410083], [12.1404075, -2.7402581], [12.1392917, -2.7392293], [12.1379184, -2.7371289], [12.1344423, -2.7298845], [12.1334982, -2.7267338], [12.1319747, -2.7232187], [12.1311808, -2.7219327], [12.1301937, -2.7212468], [12.1289491, -2.7209896], [12.1271038, -2.7210325], [12.1251511, -2.7212896], [12.1231556, -2.7217612], [12.1203231, -2.7220398], [12.117834, -2.7217183], [12.1159029, -2.7206681], [12.1141433, -2.7197679], [12.1120405, -2.7189963], [12.1106242, -2.7187605], [12.1092725, -2.7191464], [12.1086073, -2.7211611], [12.1081566, -2.7238616], [12.1093369, -2.7266481], [12.1092081, -2.7272375], [12.1078133, -2.7279126], [12.1070086, -2.7280626], [12.1066921, -2.728652], [12.1067404, -2.7291128], [12.1064722, -2.7295415], [12.1067243, -2.7307204], [12.106204, -2.7313848], [12.1036291, -2.7327136], [12.1026635, -2.732928], [12.1018589, -2.7337853], [12.1019715, -2.734214], [12.1022129, -2.7347284], [12.1021485, -2.7352213], [12.1007215, -2.7358107], [12.0998954, -2.7359286], [12.0979213, -2.7369146], [12.0959043, -2.740151], [12.0956039, -2.7418442], [12.0962261, -2.7431516], [12.096033, -2.7442447], [12.0951103, -2.7459379], [12.0948636, -2.747749], [12.0947885, -2.7488314], [12.0953679, -2.7495816], [12.0950299, -2.750171], [12.094692, -2.7505835], [12.0944452, -2.7511033], [12.0943272, -2.751473], [12.0943111, -2.7518106], [12.0943164, -2.7520892], [12.0941287, -2.7522446], [12.0935171, -2.7526089], [12.0927608, -2.7528286], [12.0919239, -2.7530323], [12.090733, -2.7532305], [12.0898747, -2.7535037], [12.0892954, -2.7538146], [12.0884854, -2.7544093], [12.0874929, -2.7551541], [12.0872784, -2.7554381], [12.0870423, -2.7558614], [12.0869135, -2.7561936], [12.0868868, -2.7565151], [12.0869672, -2.756917], [12.0869887, -2.7571045], [12.0869457, -2.757351], [12.0866454, -2.7576725], [12.0861518, -2.7581118], [12.0857549, -2.7581815], [12.0855456, -2.7581601], [12.0853794, -2.7579725], [12.0852023, -2.7577582], [12.0850521, -2.7577207], [12.0848322, -2.7577368], [12.0845532, -2.7578118], [12.0841777, -2.7581225], [12.0801705, -2.7584923], [12.0798111, -2.7589048], [12.0803475, -2.7602122], [12.0813989, -2.7619483], [12.0816427, -2.7627453], [12.082107, -2.764263], [12.0822787, -2.7674136], [12.0822787, -2.7721288], [12.0831156, -2.7738863], [12.0847463, -2.774765], [12.0869993, -2.775858], [12.0883298, -2.7777227], [12.0888662, -2.7810018], [12.0880508, -2.7828236], [12.0866346, -2.783788], [12.0845532, -2.7838309], [12.0818495, -2.7830379], [12.0808195, -2.7833165], [12.0799183, -2.7850312], [12.0770216, -2.7855241], [12.0738887, -2.7853097], [12.0730573, -2.7855295], [12.0724081, -2.7858241], [12.0719253, -2.7862206], [12.0714211, -2.7866118], [12.0711422, -2.7868206], [12.0709759, -2.7871422], [12.070874, -2.7877209], [12.0708042, -2.7879191], [12.0704609, -2.7881549], [12.0698494, -2.7884121], [12.0686691, -2.7888032], [12.0684975, -2.7889479], [12.0683956, -2.7891783], [12.0683526, -2.7897462], [12.0682669, -2.7903249], [12.068138, -2.7906357], [12.0677626, -2.7910643], [12.0671511, -2.7918252], [12.0668792, -2.7922888], [12.0665288, -2.7928861], [12.0661747, -2.7934004], [12.0658314, -2.7935398], [12.0654666, -2.7935719], [12.0644903, -2.793379], [12.0629024, -2.7928861], [12.0615291, -2.7924466], [12.0608103, -2.7923717], [12.0599627, -2.7925002], [12.059319, -2.792661], [12.0586645, -2.7929771], [12.058171, -2.7934969], [12.0574415, -2.7941184], [12.0571625, -2.7946542], [12.0569909, -2.7953936], [12.0566797, -2.7970117], [12.0565081, -2.7974725], [12.0561218, -2.7981691], [12.055596, -2.7986727], [12.0545125, -2.7993907], [12.0535791, -2.8001033], [12.0533001, -2.8002373], [12.052989, -2.8003444], [12.0523131, -2.8003552], [12.0510471, -2.8002266], [12.0504141, -2.800098], [12.0498133, -2.8000551], [12.0491695, -2.8002587], [12.0487189, -2.8006337], [12.0478606, -2.8021554], [12.0467448, -2.8037522], [12.0464444, -2.8043844], [12.0461118, -2.8052845], [12.0461118, -2.8057024], [12.0463371, -2.8061739], [12.0467662, -2.806549], [12.0476567, -2.8073635], [12.0480859, -2.8080707], [12.0481396, -2.8090351], [12.0478821, -2.8097852], [12.0473671, -2.8106425], [12.0467448, -2.8110711], [12.0460796, -2.8112426], [12.045114, -2.8111783], [12.0442343, -2.8108782], [12.0437192, -2.8105675], [12.0432042, -2.8098602], [12.0429682, -2.8093245], [12.0425498, -2.8087993], [12.0419919, -2.8083814], [12.0412087, -2.8080064], [12.0404362, -2.8077278], [12.0393848, -2.8072991], [12.0384407, -2.806699], [12.0380652, -2.8062382], [12.0379901, -2.8057346], [12.0380545, -2.8051666], [12.0382476, -2.8045558], [12.0386445, -2.8039343], [12.0390415, -2.8035271], [12.0397711, -2.8029484], [12.0401788, -2.8023912], [12.0405864, -2.8014053], [12.0409405, -2.800023], [12.0410478, -2.7988656], [12.0409512, -2.798019], [12.0406723, -2.7974833], [12.0402216, -2.7970975], [12.0393204, -2.796701], [12.0381081, -2.7964331], [12.0372388, -2.7964338]]}}, {"type": "Feature", "properties": {"name": "Nyanga", "osm_id": 1219313070}, "geometry": {"type": "LineString", "coordinates": [[12.450104, -2.0328214], [12.4499629, -2.0331111], [12.4493873, -2.0332883], [12.4489421, -2.0335658], [12.4487114, -2.0338861], [12.449044, -2.0339692], [12.4492585, -2.0343981], [12.4491952, -2.0351208], [12.4494429, -2.0357417], [12.4493484, -2.0358898], [12.4490413, -2.0357463], [12.4488669, -2.0360921], [12.4489955, -2.0363248], [12.4491509, -2.0364878], [12.4491077, -2.0366423], [12.448871, -2.0367153], [12.4488804, -2.0368078], [12.4492318, -2.0369392], [12.4490474, -2.037297], [12.4487396, -2.0375316], [12.4488428, -2.0379471], [12.4487597, -2.0381669], [12.4490545, -2.0384345], [12.4490113, -2.0386485], [12.4486568, -2.0387013], [12.4485164, -2.0389034], [12.4485895, -2.039093], [12.4484569, -2.0391506], [12.4483205, -2.0389228], [12.4482943, -2.0385422], [12.4480811, -2.0384457], [12.4479658, -2.0385958], [12.4481213, -2.0388531], [12.4481106, -2.0391962], [12.4478149, -2.0394388], [12.4476479, -2.0395313], [12.4474534, -2.0397162], [12.4476331, -2.0400432], [12.4473546, -2.0401713], [12.4469311, -2.0399992], [12.4467817, -2.0400838], [12.4468368, -2.0404031], [12.4467004, -2.040452], [12.446524, -2.0402282], [12.4463645, -2.0402952], [12.4463564, -2.0405578], [12.446211, -2.0406677], [12.44591, -2.040531], [12.4458552, -2.0406436], [12.4460138, -2.040783], [12.4459769, -2.0409653], [12.445828, -2.0410618], [12.4456054, -2.0407937], [12.4453854, -2.0409171], [12.4455303, -2.0411369], [12.4454754, -2.0413335], [12.4456513, -2.0414979], [12.4459815, -2.0413764], [12.4461163, -2.041541], [12.4459245, -2.0417949], [12.4455839, -2.041874], [12.4454069, -2.0421501], [12.445246, -2.0421662], [12.4450958, -2.0418445], [12.4448932, -2.0420817], [12.4447551, -2.0424155], [12.4450367, -2.0427291], [12.4450669, -2.0429864], [12.4448986, -2.0432276], [12.4445513, -2.0433456], [12.4444038, -2.0434742], [12.4446076, -2.0436565], [12.444452, -2.044332], [12.4446773, -2.0444071], [12.4448356, -2.0447287], [12.4450367, -2.0450504], [12.4451467, -2.0454525], [12.4452084, -2.0458867], [12.4455236, -2.045941], [12.4456724, -2.0458559], [12.4459594, -2.0459216], [12.4461364, -2.0463102], [12.4465502, -2.0463424], [12.446803, -2.0468731], [12.4470833, -2.0469696], [12.4471396, -2.0470769], [12.4468781, -2.0473061], [12.4468473, -2.0475889], [12.4471289, -2.047822], [12.4477009, -2.0479837], [12.4479242, -2.0478398], [12.4480704, -2.0475091], [12.4484271, -2.0474481], [12.4486899, -2.0476478], [12.4487865, -2.0479292], [12.4486436, -2.0482482], [12.4487476, -2.0485082], [12.4490628, -2.0486208], [12.4490172, -2.0482884], [12.4492639, -2.048153], [12.4493766, -2.0484358], [12.4494624, -2.0487656], [12.4499238, -2.048771], [12.450006, -2.0484615], [12.4502385, -2.0485165], [12.4506605, -2.0488732], [12.4507321, -2.0491791], [12.4503925, -2.0493191], [12.4506145, -2.0493848], [12.4508223, -2.0492909], [12.4510342, -2.0492856], [12.4512166, -2.0494973], [12.451179, -2.0500951], [12.4510181, -2.0508295], [12.4505609, -2.0509234], [12.4506294, -2.0511996], [12.4508736, -2.0513445], [12.4512226, -2.0513341], [12.4513842, -2.0515063], [12.4511388, -2.0518186], [12.4511307, -2.0520894], [12.4513828, -2.0519554], [12.4515438, -2.0521377], [12.4513748, -2.052395], [12.4514097, -2.0527917], [12.4520802, -2.0534243], [12.4517205, -2.0536974], [12.4518382, -2.0538901], [12.4520844, -2.0537394], [12.452271, -2.0537758], [12.4522686, -2.0539771], [12.4524785, -2.0540475], [12.4526944, -2.0538451], [12.4530083, -2.0539121], [12.4531531, -2.0541105], [12.4534321, -2.0538853], [12.4538612, -2.0539496], [12.4542743, -2.0538102], [12.4545372, -2.0538826], [12.4545372, -2.0543731], [12.4546713, -2.054609], [12.4549952, -2.0545303], [12.4551635, -2.054607], [12.4551353, -2.0548355], [12.4548107, -2.0549709], [12.454859, -2.0553274], [12.4552453, -2.0555955], [12.4557656, -2.0557174], [12.4559212, -2.0555553], [12.4560714, -2.0555526], [12.4561357, -2.0558581], [12.4564951, -2.0560833], [12.4567365, -2.0560619], [12.4568371, -2.0557308], [12.4570879, -2.0557536], [12.4572891, -2.056153], [12.4572686, -2.0564758], [12.4574145, -2.0566861], [12.4575989, -2.056474], [12.4575493, -2.0560606], [12.4576754, -2.0559521], [12.457874, -2.0561425], [12.4578741, -2.0565663], [12.4576599, -2.0571458], [12.4578108, -2.0574363], [12.4580481, -2.0575026], [12.4581152, -2.0572922], [12.4583458, -2.0570751], [12.4585843, -2.0572015], [12.4588013, -2.0573762], [12.4589135, -2.0572431], [12.4587838, -2.0570198], [12.4588569, -2.056766], [12.4589818, -2.0566982], [12.4591136, -2.056852], [12.459066, -2.0571704], [12.4590244, -2.057507], [12.4587803, -2.0577513], [12.4586248, -2.0580789], [12.458775, -2.0582518], [12.4589359, -2.0581259], [12.4590647, -2.0578203], [12.459349, -2.0576739], [12.4595904, -2.0578169], [12.4594402, -2.0584247], [12.4595475, -2.0585038], [12.4597406, -2.0584046], [12.4601403, -2.0585466], [12.4603897, -2.058812], [12.4603092, -2.0592717], [12.4606633, -2.0597154], [12.4609637, -2.0597878], [12.461366, -2.0601576], [12.4617402, -2.0601375], [12.4619159, -2.0602783], [12.4618381, -2.0606455], [12.4620993, -2.0609676], [12.4619582, -2.0610806], [12.4617081, -2.06106], [12.4615727, -2.0613297], [12.4616667, -2.061569], [12.4618763, -2.0615651], [12.4622095, -2.0612999], [12.4623824, -2.0613164], [12.4626745, -2.061746], [12.4626688, -2.0618976], [12.4624212, -2.0618792], [12.4622909, -2.0619817], [12.4622985, -2.0623262], [12.4624107, -2.0624441], [12.4625478, -2.0624066], [12.4625784, -2.0622163], [12.4627426, -2.0621197], [12.4629014, -2.0621946], [12.4628865, -2.0624518], [12.4626313, -2.0627731], [12.4626789, -2.0629118], [12.4630853, -2.0629212], [12.4631792, -2.0630579], [12.4629814, -2.0632733], [12.4630571, -2.0634084], [12.4632731, -2.0634104], [12.4633938, -2.0632536], [12.4635923, -2.0632938], [12.463762, -2.0636256], [12.4637385, -2.0638555], [12.4638418, -2.0640473], [12.4638015, -2.064238], [12.4634528, -2.0643298], [12.4633563, -2.0645455], [12.4634743, -2.0647734], [12.4638283, -2.0646608], [12.4641455, -2.064674], [12.4642481, -2.0644514], [12.4644533, -2.0644564], [12.4644881, -2.0646166], [12.4643862, -2.0647332], [12.4643862, -2.0648913], [12.4647617, -2.0649717], [12.4646759, -2.065154], [12.4644962, -2.0653109], [12.464413, -2.0654786], [12.46459, -2.0656209], [12.4647724, -2.0655732], [12.4649333, -2.0653599], [12.465137, -2.0652763], [12.465405, -2.0654093], [12.4654903, -2.0658255], [12.465618, -2.0660144], [12.4654658, -2.0663173], [12.4656227, -2.0664728], [12.465958, -2.0663227], [12.4662583, -2.066387], [12.46652, -2.0667703], [12.4668943, -2.0669498], [12.4668704, -2.0672124], [12.4666617, -2.067684], [12.4669202, -2.0679303], [12.467169, -2.0679618], [12.4672052, -2.0676817], [12.4675458, -2.0678184], [12.4678255, -2.0683066], [12.4682392, -2.068457], [12.4683264, -2.0688544], [12.4686617, -2.0688664], [12.4691928, -2.0691693], [12.4694744, -2.0690594], [12.4698096, -2.0691693], [12.47022, -2.0697081], [12.4702924, -2.0701236], [12.4706491, -2.0707374], [12.4708288, -2.0712494], [12.4710488, -2.071244], [12.4711671, -2.0710123], [12.4714355, -2.0710701], [12.4715755, -2.071368], [12.4717911, -2.0713633], [12.4718253, -2.0711287], [12.4719903, -2.0710778], [12.4722129, -2.0712118], [12.4723577, -2.0716729], [12.4726957, -2.0719074], [12.47298, -2.0718418], [12.4731731, -2.0719034], [12.4732053, -2.072209], [12.4729156, -2.0723591], [12.4728908, -2.0725562], [12.4729733, -2.0727103], [12.4733314, -2.0728577], [12.4734897, -2.073174], [12.4736975, -2.0731887], [12.4739322, -2.072989], [12.4741012, -2.0731686], [12.4741221, -2.0735069], [12.4744703, -2.073561], [12.474555, -2.0736799], [12.4743491, -2.0739178], [12.4743771, -2.0740719], [12.4745833, -2.074155], [12.4748455, -2.074096], [12.4748548, -2.0743426], [12.4746054, -2.0742997], [12.4742343, -2.0744144], [12.4739437, -2.0743682], [12.4738775, -2.0742007], [12.4737559, -2.0741768], [12.473652, -2.0744185], [12.4737984, -2.0747946], [12.4740589, -2.0748713], [12.4743439, -2.0746817], [12.4745062, -2.0747528], [12.4746162, -2.075045], [12.4748559, -2.0751877], [12.4749723, -2.0755931], [12.4752157, -2.0759322], [12.475048, -2.0761922], [12.4747664, -2.076294], [12.4746636, -2.0759921], [12.4744912, -2.0759154], [12.4744038, -2.0763195], [12.4749156, -2.0773635], [12.4751345, -2.0774359], [12.4751325, -2.0777522], [12.4750104, -2.0778916], [12.4746698, -2.0778058], [12.4746322, -2.0781275], [12.4750238, -2.0787198], [12.4754154, -2.0787975], [12.4757098, -2.0791393], [12.475929, -2.0791647], [12.4762281, -2.0790656], [12.4762147, -2.0792854], [12.4759411, -2.0793497], [12.4754315, -2.0795722], [12.4753511, -2.0797947], [12.4756488, -2.0800895], [12.4756783, -2.0804862], [12.4754396, -2.0815048], [12.4756032, -2.0817514], [12.4757419, -2.0822596], [12.4755963, -2.0824677], [12.4754017, -2.0823799], [12.4752592, -2.082451], [12.4751352, -2.0830005], [12.4753377, -2.0831774], [12.4754638, -2.0835312], [12.475906, -2.0833566], [12.4763107, -2.0834072], [12.4764441, -2.0836049], [12.4762603, -2.083818], [12.475807, -2.0838904], [12.4757266, -2.0843273], [12.4758446, -2.0850268], [12.4756891, -2.0853539], [12.4753873, -2.085386], [12.4753913, -2.0857291], [12.4756569, -2.0861151], [12.4760699, -2.0863188], [12.4763274, -2.0860401], [12.4766825, -2.0859456], [12.4767908, -2.0860334], [12.4767499, -2.0862733], [12.4765608, -2.0862813], [12.4764293, -2.0864153], [12.476306, -2.0868549], [12.47666, -2.0878467], [12.4767136, -2.0882514], [12.4764991, -2.0887687], [12.4765983, -2.0891842], [12.4764615, -2.0894014], [12.4764454, -2.0895702], [12.4766922, -2.0897002], [12.4769175, -2.0895729], [12.4772742, -2.0891119], [12.4775559, -2.0890528], [12.4778241, -2.0892673], [12.4781191, -2.0902001], [12.4779636, -2.090629], [12.4776149, -2.0906826], [12.4773333, -2.0911731], [12.4769658, -2.0912455], [12.4769685, -2.0914733], [12.4771053, -2.0916207], [12.4775612, -2.0917869], [12.4778508, -2.0921086], [12.477891, -2.0924902], [12.4781564, -2.0924966], [12.4782152, -2.0921555], [12.4785367, -2.0923525], [12.4786324, -2.0929396], [12.4783519, -2.0930629], [12.4779946, -2.0929023], [12.4779452, -2.0931063], [12.4781362, -2.093332], [12.4783786, -2.093301], [12.4785737, -2.0934106], [12.4786099, -2.0935975], [12.4784463, -2.0938214], [12.4781513, -2.0937436], [12.4779388, -2.0937838], [12.4778979, -2.0940008], [12.4780844, -2.0942634], [12.4781463, -2.0946276], [12.4782702, -2.0947557], [12.4783032, -2.0949905], [12.4781441, -2.0952242], [12.4782334, -2.0955308], [12.4784121, -2.0955542], [12.4786622, -2.0952045], [12.4789479, -2.0950088], [12.4791652, -2.0950999], [12.4791263, -2.0954735], [12.4787601, -2.0958042], [12.4785536, -2.096294], [12.4786233, -2.0966733], [12.4789452, -2.0967779], [12.4795363, -2.0971431], [12.4794407, -2.0976852], [12.4794857, -2.0979653], [12.4793609, -2.0981395], [12.4791759, -2.0980376], [12.4789613, -2.0980805], [12.4788288, -2.0990087], [12.4788947, -2.0992293], [12.4787477, -2.0993702], [12.4784751, -2.0993517], [12.4783913, -2.0998295], [12.4787065, -2.1004205], [12.4791866, -2.1007342], [12.4795688, -2.100826], [12.4794092, -2.1013734], [12.4792295, -2.1022218], [12.4793851, -2.1023531], [12.4795283, -2.1020842], [12.4796823, -2.1021531], [12.4795717, -2.102441], [12.4794044, -2.1027058], [12.4790696, -2.1029137], [12.4789902, -2.1031474], [12.4792176, -2.1034432], [12.4802088, -2.1039918], [12.4802816, -2.1045208], [12.4801267, -2.1047641], [12.4799135, -2.1047038], [12.4797552, -2.1047976], [12.4797832, -2.1049827], [12.4800633, -2.1051946], [12.48013, -2.105404], [12.4798343, -2.1055226], [12.4798545, -2.1057491], [12.4800664, -2.1059341], [12.4800677, -2.1063201], [12.4806431, -2.10669], [12.4809569, -2.1065506], [12.4812733, -2.1065533], [12.4817025, -2.1066524], [12.4820619, -2.1071189], [12.4820459, -2.107608], [12.4822604, -2.1079471], [12.4825394, -2.108057], [12.4829793, -2.1078372], [12.4833092, -2.1077353], [12.4835747, -2.1078693], [12.4837946, -2.1083089], [12.4838161, -2.1088665], [12.4836457, -2.1093972], [12.4837651, -2.1095741], [12.4836605, -2.1100458], [12.4839558, -2.1107142], [12.4841707, -2.1108786], [12.4843644, -2.1108429], [12.4847733, -2.1105357], [12.4848722, -2.1105966], [12.4847267, -2.1108258], [12.4846717, -2.1112091], [12.4845403, -2.1114074], [12.4845041, -2.1115857], [12.4847951, -2.1116889], [12.484948, -2.1115522], [12.4851572, -2.1116755], [12.4853503, -2.1121097], [12.4858761, -2.1123831], [12.4859234, -2.1127584], [12.4861317, -2.112887], [12.4864732, -2.1127369], [12.4868021, -2.1127155], [12.4868055, -2.1128763], [12.4863724, -2.1132301], [12.4861607, -2.113273], [12.486145, -2.1134767], [12.4863602, -2.1137769], [12.4865654, -2.1136697], [12.4867719, -2.113273], [12.487067, -2.1130157], [12.4873996, -2.1131658], [12.4876949, -2.1131457], [12.4878508, -2.1133507], [12.4877228, -2.1137716], [12.4878636, -2.1139377], [12.4880486, -2.113852], [12.4883437, -2.113852], [12.4884818, -2.1140158], [12.4885019, -2.1143619], [12.4885743, -2.1146038], [12.4889552, -2.1146373], [12.4894594, -2.1144899], [12.4897384, -2.1146776], [12.490299, -2.1144577], [12.490999, -2.1146561], [12.4911719, -2.1149112], [12.4909533, -2.1151342], [12.4909021, -2.1153121], [12.490993, -2.1155071], [12.491282, -2.1155004], [12.4915489, -2.1152189], [12.4919325, -2.115235], [12.4921484, -2.1156408], [12.4921444, -2.1159715], [12.4922007, -2.1162362], [12.49241, -2.1162296], [12.4926032, -2.1160555], [12.4924639, -2.1158254], [12.4924642, -2.1155794], [12.4927116, -2.1155272], [12.4931528, -2.1157229], [12.4932628, -2.1161035], [12.4934651, -2.1162633], [12.4937692, -2.1162945], [12.4939163, -2.1164211], [12.4940601, -2.1167602], [12.4942297, -2.1167736], [12.4945047, -2.1164144], [12.4950009, -2.1164894], [12.4953476, -2.1164725], [12.4956782, -2.116284], [12.4958887, -2.1163894], [12.4958485, -2.116654], [12.4954998, -2.1167863], [12.4954998, -2.1170724], [12.4957787, -2.1173552], [12.4960792, -2.1173954], [12.4959934, -2.1170577], [12.4960886, -2.116879], [12.4963877, -2.1169148], [12.4964386, -2.1172542], [12.4965191, -2.1176437], [12.4968303, -2.1176399], [12.4968411, -2.1172679], [12.4970451, -2.1172529], [12.4972922, -2.1175553], [12.4976577, -2.1178062], [12.4979058, -2.1174933], [12.4982732, -2.1175214], [12.498579, -2.1179636], [12.4986494, -2.1184598], [12.4988807, -2.118747], [12.4991181, -2.1187745], [12.4994856, -2.118422], [12.4996519, -2.1184891], [12.4996905, -2.1189714], [12.4998365, -2.1191588], [12.5001391, -2.1191799], [12.500476, -2.1192972], [12.5007744, -2.1195317], [12.5011137, -2.1195826], [12.5014811, -2.1198131], [12.5017305, -2.1198051], [12.5019317, -2.1200222], [12.5021966, -2.1206602], [12.5021771, -2.1212177], [12.502385, -2.1215607], [12.5024575, -2.1220325], [12.5021078, -2.1223441], [12.5016991, -2.1223662], [12.5014932, -2.1226248], [12.5016823, -2.1228205], [12.5015884, -2.1230617], [12.5012069, -2.123379], [12.5008629, -2.1234497], [12.5007382, -2.1235857], [12.5008911, -2.123831], [12.5008428, -2.124075], [12.5005089, -2.124146], [12.5005183, -2.1243832], [12.5010198, -2.1246861], [12.5013685, -2.1247665], [12.5014758, -2.1249702], [12.5014342, -2.1254915], [12.5013283, -2.1258413], [12.5009876, -2.1260478], [12.5009179, -2.1262783], [12.501111, -2.1263747], [12.5014034, -2.1261522], [12.5016313, -2.1262192], [12.5016582, -2.126439], [12.5014383, -2.126691], [12.5013498, -2.1269644], [12.501567, -2.1272646], [12.5017815, -2.1273075], [12.5021108, -2.1272311], [12.502263, -2.1273584], [12.5022778, -2.1277203], [12.5023717, -2.1279507], [12.5026184, -2.1280526], [12.5030744, -2.1278972], [12.5034285, -2.1279374], [12.5036752, -2.1283743], [12.503879, -2.1284011], [12.5040078, -2.1281331], [12.5042116, -2.1281867], [12.5044504, -2.1284841], [12.5043886, -2.1286744], [12.5045174, -2.1292159], [12.5045442, -2.1299342], [12.5049627, -2.1304381], [12.5051772, -2.1306365]]}}, {"type": "Feature", "properties": {"name": "Nyanga", "osm_id": 1219340484}, "geometry": {"type": "LineString", "coordinates": [[12.4511955, -1.8710214], [12.4502771, -1.8714588], [12.4493245, -1.8717806], [12.4483423, -1.8718846], [12.447143, -1.87207], [12.4465037, -1.8722297], [12.4455125, -1.8724716], [12.4449411, -1.8729285], [12.4440174, -1.8733941], [12.4432283, -1.873876], [12.442211, -1.8743512], [12.4417056, -1.8750127], [12.4416046, -1.8758513], [12.4415419, -1.8769583], [12.4416334, -1.8778943], [12.4418638, -1.8786946], [12.4425343, -1.8791438], [12.4433044, -1.879547], [12.4438696, -1.8799415], [12.4447714, -1.8801685], [12.4450984, -1.8803428], [12.4457, -1.880949], [12.445878, -1.881081], [12.4465974, -1.8819262], [12.4471984, -1.8821016], [12.447445, -1.882305], [12.447645, -1.882544], [12.4480517, -1.8830914], [12.4482391, -1.8835991], [12.4484565, -1.8841986], [12.4482478, -1.8847982], [12.447651, -1.8854806], [12.4475163, -1.8862958], [12.4473641, -1.8872625], [12.4471925, -1.8878724], [12.4474724, -1.8888756], [12.4472344, -1.8895188], [12.4471837, -1.8903001], [12.4472897, -1.8911608], [12.44759, -1.8919095], [12.4479962, -1.8925083], [12.4480928, -1.893169], [12.448195, -1.8940464], [12.4484069, -1.8949347], [12.4486884, -1.8956187], [12.4486478, -1.8964606], [12.4481777, -1.8970114], [12.4480052, -1.8978007], [12.448123, -1.8986195], [12.4479653, -1.8994624], [12.447811, -1.9003602], [12.4472486, -1.9010667], [12.4471717, -1.9017917], [12.4469028, -1.9024862], [12.4464977, -1.9032778], [12.4463312, -1.9040286], [12.445946, -1.9049445], [12.4455129, -1.9058529], [12.4453818, -1.9066245], [12.4451861, -1.9073899], [12.4444396, -1.907946], [12.443486, -1.9081267], [12.4428609, -1.9083984], [12.4420044, -1.9090927], [12.4418421, -1.9098185], [12.4421546, -1.910703], [12.4426961, -1.910938], [12.4427297, -1.9114665], [12.4421625, -1.91192], [12.4421964, -1.9127435], [12.4429663, -1.9134399], [12.4432671, -1.914175], [12.4443142, -1.9145316], [12.4447075, -1.9147578], [12.444897, -1.9152736], [12.4452813, -1.9156045], [12.4448555, -1.9159354], [12.4443716, -1.9164282], [12.4444157, -1.9171637], [12.4445944, -1.9178812], [12.4452352, -1.9182814], [12.4457364, -1.9186086], [12.4458905, -1.9194943], [12.4465167, -1.9194794], [12.4469761, -1.9200883], [12.4468278, -1.9206005], [12.446986, -1.9209433], [12.4469255, -1.9216444], [12.4471546, -1.9220507]]}}, {"type": "Feature", "properties": {"name": "Nyanga", "osm_id": 1219340486}, "geometry": {"type": "LineString", "coordinates": [[12.4471546, -1.9220507], [12.447257, -1.9227304], [12.4475055, -1.9232394], [12.4483119, -1.9234375], [12.448801, -1.9238371], [12.4490627, -1.9243327], [12.4496936, -1.9245742], [12.4499694, -1.9253373], [12.4504919, -1.9254999], [12.450806, -1.9257725], [12.4507961, -1.9264487], [12.4510669, -1.9269272], [12.4516542, -1.9275023], [12.4522389, -1.9277638], [12.4528826, -1.9283101], [12.4533806, -1.9289018], [12.4538751, -1.9292017], [12.4544877, -1.9297286], [12.4549393, -1.9300679], [12.4550165, -1.9304141], [12.4552617, -1.9306573], [12.4556844, -1.9307494], [12.4558333, -1.9312068], [12.4561346, -1.9315884], [12.4569956, -1.9318571], [12.4575724, -1.9323028], [12.4580854, -1.9325286], [12.45856, -1.932889], [12.4588974, -1.9335181], [12.4592308, -1.9339126], [12.4596017, -1.9342427], [12.4603055, -1.9343547], [12.4604167, -1.9348731], [12.4606345, -1.9351712], [12.4604091, -1.935565], [12.4603232, -1.935932], [12.4606879, -1.9359476], [12.4606765, -1.9365849], [12.4608815, -1.9368238], [12.4610164, -1.937283], [12.4613659, -1.9376724], [12.4618288, -1.9377758], [12.4619762, -1.938205], [12.4622363, -1.9383555], [12.4627767, -1.9383546], [12.4631439, -1.938758], [12.462866, -1.9391223], [12.4624699, -1.9396172], [12.4626586, -1.9399244], [12.4624137, -1.9403994], [12.4619023, -1.940556], [12.4613625, -1.940912], [12.4612983, -1.9412543], [12.4613307, -1.9415966], [12.4612385, -1.9417352], [12.4610015, -1.9417506], [12.4609274, -1.9421994], [12.4610571, -1.9425195], [12.4614346, -1.9426773], [12.4613918, -1.9429706], [12.4615314, -1.9430976], [12.4614867, -1.9433843], [12.4620053, -1.9436335], [12.4622509, -1.9438282], [12.4623797, -1.9441632], [12.4619452, -1.9444016], [12.4621174, -1.9446562], [12.4621233, -1.9450449], [12.4617511, -1.9454411], [12.4619475, -1.9459124], [12.4623671, -1.9464099], [12.462586, -1.94688], [12.4619335, -1.9478527], [12.4613116, -1.9482856], [12.4612529, -1.9488256], [12.4613716, -1.9494018], [12.4611155, -1.9497285], [12.460667, -1.949635], [12.4602563, -1.9497052], [12.4600601, -1.9499095], [12.4601808, -1.9502162], [12.4598667, -1.9504391], [12.4594185, -1.9508978], [12.4590801, -1.9511291], [12.4591415, -1.9516077], [12.4589059, -1.9520339], [12.4582832, -1.9523138], [12.4582524, -1.9526407], [12.4580176, -1.9530913], [12.4578686, -1.9536121], [12.4574414, -1.9540728], [12.4573501, -1.954911], [12.4571775, -1.9554824], [12.4573248, -1.9562589], [12.4577853, -1.9568738], [12.4577457, -1.957564], [12.4573901, -1.9579663], [12.4573216, -1.9585151], [12.4570439, -1.9588924], [12.4566843, -1.9589521], [12.4565178, -1.9595694], [12.4567642, -1.9598819], [12.456783, -1.9605201], [12.4563915, -1.9610958], [12.4561072, -1.96165], [12.4562488, -1.9621004], [12.4561383, -1.9625079], [12.456306, -1.9629949], [12.4564099, -1.9635686], [12.4564589, -1.9640147], [12.4564139, -1.964691], [12.4565854, -1.9648123], [12.4566031, -1.96509], [12.4567745, -1.9653542], [12.4568083, -1.9657766], [12.4566275, -1.9662579], [12.4565043, -1.9667878], [12.4567941, -1.9670551], [12.4570003, -1.9674974], [12.4567719, -1.967811], [12.4565528, -1.9683555], [12.4563588, -1.9688825], [12.4562684, -1.9692729], [12.4563071, -1.9699087], [12.4565778, -1.9707346], [12.4563523, -1.9710821], [12.4557351, -1.9711561], [12.4554986, -1.9717866], [12.4555922, -1.9723493], [12.4559979, -1.9728251], [12.4557972, -1.9733178], [12.4557239, -1.9738031], [12.4559503, -1.9741121], [12.4558531, -1.9745788], [12.4561868, -1.9752884], [12.456155, -1.9756422], [12.4564046, -1.9759683], [12.456268, -1.97623], [12.4558833, -1.976366], [12.4552566, -1.9765829], [12.45441, -1.9764407], [12.4539388, -1.9760867], [12.4535384, -1.9758703], [12.4531827, -1.9760516], [12.4531917, -1.9764474], [12.4529246, -1.9767261], [12.4521027, -1.9766668], [12.4514239, -1.9768379], [12.4508348, -1.9771607], [12.450137, -1.97755], [12.4496939, -1.9781038], [12.4495786, -1.9785548], [12.448977, -1.97885], [12.448686, -1.97912], [12.448096, -1.979743], [12.4474871, -1.9797764], [12.4472752, -1.9802816], [12.4468191, -1.9807023], [12.4469048, -1.9811576], [12.4466949, -1.981586], [12.4467907, -1.9819393], [12.4469489, -1.9823248], [12.4465492, -1.9827961], [12.446324, -1.9830767], [12.4460023, -1.9827569], [12.445906, -1.9830072], [12.4460996, -1.983465], [12.4460912, -1.9837608], [12.4459003, -1.9839601], [12.4455186, -1.9838333], [12.4456028, -1.984148], [12.4455029, -1.9843591], [12.4453764, -1.9846521], [12.4452621, -1.9851818], [12.4456682, -1.9853416], [12.4461881, -1.9855855], [12.4462519, -1.9860707], [12.4457743, -1.9865774], [12.445597, -1.9871377], [12.4452747, -1.9875184], [12.4456064, -1.9875721], [12.4456841, -1.9879643], [12.4453381, -1.9881316], [12.4452742, -1.9883119], [12.4455214, -1.9884065], [12.4455975, -1.9887242], [12.4454063, -1.9891452], [12.4453297, -1.9898585], [12.4448707, -1.9901004], [12.4448858, -1.9902893], [12.4451531, -1.9903883], [12.4450602, -1.9906601], [12.4448073, -1.9908299], [12.4447797, -1.9909997], [12.4450249, -1.9910927], [12.4450325, -1.9912786], [12.4448759, -1.9915111], [12.4449598, -1.9916223], [12.4451599, -1.9916087], [12.4455492, -1.9917423], [12.445583, -1.9918691], [12.4453003, -1.9919423], [12.4452714, -1.9920994], [12.4451062, -1.9921563], [12.4450657, -1.9923451], [12.44536, -1.9922508], [12.4453908, -1.9924805], [12.4456133, -1.9925754], [12.4455004, -1.9928295], [12.4457103, -1.9930043], [12.4453462, -1.9932487], [12.445294, -1.9934374], [12.445608, -1.9936004], [12.4456567, -1.9939478], [12.4460386, -1.9939291], [12.4462488, -1.9941195], [12.446165, -1.9946182], [12.4463621, -1.9948865], [12.4465795, -1.994884], [12.4466263, -1.9950868], [12.4463128, -1.9952711], [12.4460636, -1.9949836], [12.4457477, -1.9948053], [12.4455666, -1.9951458], [12.445805, -1.995194], [12.445885, -1.9953656], [12.4461736, -1.9953977], [12.4463969, -1.995698], [12.4466824, -1.9956551], [12.4465776, -1.995966], [12.4466792, -1.9962663], [12.4466544, -1.9964583], [12.446458, -1.9965593], [12.4464944, -1.9967397], [12.4467066, -1.9968324], [12.446734, -1.9969858], [12.446529, -1.9971633], [12.4465118, -1.9973194], [12.4467886, -1.9973957], [12.446949, -1.9975204], [12.4471523, -1.9974735], [12.4473658, -1.9976479], [12.4476427, -1.9975891], [12.4478531, -1.9980398], [12.4481559, -1.9979763], [12.4482144, -1.9982138], [12.4486156, -1.998167], [12.4488987, -1.9984204], [12.4491323, -1.9986483], [12.4493313, -1.9988576], [12.4495363, -1.9988045], [12.4497639, -1.9985159], [12.4501868, -1.9985714], [12.450303, -1.9987895], [12.4501155, -1.9990128], [12.4501747, -1.9993058], [12.4503146, -1.9994843], [12.450251, -1.9995948], [12.4500059, -1.9995476], [12.4498913, -1.9998177], [12.4502413, -1.9999935], [12.4505443, -1.9999913], [12.4508403, -2.0002642], [12.4510129, -2.000119], [12.4511771, -2.0003484], [12.451411, -2.0003044], [12.4515248, -2.0004094], [12.4513447, -2.0005229], [12.4510381, -2.0005461], [12.4507147, -2.0008607], [12.4509368, -2.0011574], [12.4510913, -2.0009465], [12.4511752, -2.0010824], [12.4509982, -2.0015082], [12.4511967, -2.0016337], [12.4512934, -2.0014987], [12.4514009, -2.0015075], [12.4514444, -2.0017502], [12.451381, -2.0019999], [12.4516223, -2.0023583], [12.4515486, -2.0026399], [12.4515555, -2.0027125], [12.4520305, -2.0027397], [12.4520686, -2.0029764], [12.4522476, -2.003134], [12.4521853, -2.0038225], [12.4522753, -2.0041378], [12.452263, -2.0045735], [12.4520147, -2.0048644], [12.4521188, -2.0049744], [12.4523592, -2.0048835], [12.4525074, -2.0046695], [12.4527395, -2.0046383], [12.4528389, -2.0047797], [12.4525757, -2.0049331], [12.4523716, -2.0051347], [12.4524891, -2.0057845], [12.4526489, -2.005819], [12.4527689, -2.0062572], [12.4526368, -2.0063736], [12.4526327, -2.006487], [12.4529238, -2.0065414], [12.4529265, -2.0067574], [12.4527387, -2.0068999], [12.4526851, -2.0071205], [12.4527865, -2.0073146], [12.4527617, -2.0075209], [12.452576, -2.0075343], [12.4523977, -2.0077111], [12.4525776, -2.0078609], [12.4527764, -2.0077962], [12.4528735, -2.0079883], [12.4526387, -2.0082438], [12.4525987, -2.0085184], [12.4530147, -2.0089323], [12.4532137, -2.0087953], [12.4533245, -2.0089921], [12.4534246, -2.0092587], [12.453657, -2.009052], [12.4539082, -2.009132], [12.4540257, -2.0092686], [12.4539609, -2.0094051], [12.4537693, -2.0093716], [12.4536589, -2.009541], [12.4538705, -2.0098015], [12.4541088, -2.0098368], [12.4541648, -2.0100651], [12.4540116, -2.010333], [12.4541748, -2.0105097], [12.4543941, -2.0105201], [12.4543392, -2.0108305], [12.4546477, -2.0110651], [12.4547927, -2.0108588], [12.4550612, -2.0109181], [12.4551836, -2.0110827], [12.4549626, -2.0112527], [12.4548909, -2.0115229], [12.4545089, -2.0118305], [12.4545615, -2.0119986], [12.4548811, -2.0120507], [12.4551771, -2.0119995], [12.455281, -2.0121115], [12.4551721, -2.0124374], [12.4554341, -2.0129143], [12.4552507, -2.0130696], [12.4551953, -2.0132301], [12.4554157, -2.0133477], [12.4555342, -2.013133], [12.4557069, -2.0131538], [12.4559021, -2.0134743], [12.4560457, -2.0132198], [12.4562214, -2.0131986], [12.4563006, -2.0135741], [12.4562366, -2.0138431], [12.4564786, -2.0138502], [12.4566622, -2.0136662], [12.4568642, -2.0138945], [12.4568815, -2.0144047], [12.4570115, -2.0146683], [12.4573251, -2.0147559], [12.4574763, -2.0149829], [12.457381, -2.0152629], [12.4573823, -2.0154196], [12.4575351, -2.0154435], [12.4576261, -2.0155664], [12.4574326, -2.0159624], [12.4573568, -2.0162289], [12.4574948, -2.016258], [12.4575991, -2.0160267], [12.4578292, -2.0158535], [12.4579559, -2.0159626], [12.4578091, -2.0162325], [12.4578693, -2.0164828], [12.4575784, -2.0167753], [12.4573626, -2.0168641], [12.4574888, -2.0175135], [12.4576662, -2.017783], [12.4576777, -2.0183433], [12.4575203, -2.0185948], [12.4574542, -2.018814], [12.4576866, -2.0189202], [12.4577224, -2.0193684], [12.4578242, -2.01978], [12.4576738, -2.0202078], [12.4579484, -2.0207283], [12.4578774, -2.0212814], [12.4581015, -2.0216737], [12.4580029, -2.0219387], [12.4579043, -2.0220858], [12.4579003, -2.0223049], [12.4578278, -2.0227431], [12.4581012, -2.0228582], [12.4581135, -2.023049], [12.4578469, -2.0230897], [12.4578823, -2.0232461], [12.4581675, -2.0234088], [12.4581373, -2.0235842], [12.4579266, -2.023624], [12.4578808, -2.0238], [12.4580119, -2.0239519], [12.4582557, -2.0238626], [12.4582922, -2.0235802], [12.4584793, -2.023607], [12.4584893, -2.0238053], [12.4583807, -2.0239606], [12.4583243, -2.0241534], [12.4584583, -2.0243567], [12.4587478, -2.0243128], [12.4588233, -2.0245261], [12.4583544, -2.0252187], [12.4580572, -2.0253216], [12.457924, -2.0256239], [12.4580451, -2.0257516], [12.4578442, -2.026217], [12.4573997, -2.0263114], [12.4571291, -2.0266391], [12.4571529, -2.0270186], [12.4570399, -2.0273548], [12.4566158, -2.0275732], [12.4565507, -2.0277847], [12.4568175, -2.0279647], [12.4568269, -2.0281394], [12.4565881, -2.0281672], [12.4565398, -2.0283084], [12.456797, -2.0285479], [12.4565606, -2.0286303], [12.4563023, -2.028452], [12.4562899, -2.0282562], [12.4561966, -2.0280203], [12.4558726, -2.0279345], [12.4557075, -2.0282668], [12.4553855, -2.0285554], [12.4550857, -2.0287061], [12.4551388, -2.0289608], [12.455106, -2.0293443], [12.45518, -2.029618], [12.4547808, -2.0296292], [12.4546434, -2.0298273], [12.4543236, -2.0299717], [12.4543063, -2.0304428], [12.454117, -2.0304866], [12.4540349, -2.0302515], [12.45386, -2.0303068], [12.4538644, -2.030664], [12.4536156, -2.0307566], [12.4532994, -2.0306162], [12.4528812, -2.0307974], [12.4523346, -2.03116], [12.4519824, -2.0310013], [12.4517965, -2.0312285], [12.4518358, -2.0316325], [12.4515694, -2.0322081], [12.4510847, -2.0324711], [12.4506024, -2.0327562], [12.450104, -2.0328214]]}}, {"type": "Feature", "properties": {"name": "Ngouni\u00e9", "osm_id": 1219393913}, "geometry": {"type": "LineString", "coordinates": [[12.0772118, -2.2031453], [12.0767934, -2.2038957], [12.0768041, -2.2044532], [12.0765574, -2.2048714], [12.0759244, -2.2049035], [12.0756991, -2.2045176], [12.0755167, -2.204925], [12.0756347, -2.2053645], [12.074594, -2.2055146], [12.0742721, -2.2059434], [12.0737464, -2.2059113], [12.0732636, -2.2054824], [12.0721371, -2.2056325], [12.0714397, -2.2060185], [12.0714933, -2.2066832], [12.0712037, -2.2070262], [12.0704527, -2.2069941], [12.0700342, -2.2075408], [12.0693798, -2.2076266], [12.0691545, -2.2080983], [12.0693476, -2.208763], [12.0691652, -2.2094706], [12.0693369, -2.2101139], [12.0698733, -2.2107035], [12.0707745, -2.2107464], [12.0712895, -2.2107571], [12.0722551, -2.2101889], [12.0727594, -2.2095242], [12.0734675, -2.2094384], [12.074079, -2.209803], [12.073843, -2.2111431], [12.0732743, -2.2113468], [12.0734675, -2.211797], [12.0734889, -2.2125153], [12.0738537, -2.2130192], [12.0735426, -2.2137161], [12.0735533, -2.2146488], [12.073049, -2.2155279], [12.0725448, -2.2163855], [12.0720405, -2.2167179], [12.0712788, -2.2164177], [12.0703346, -2.2155815], [12.0696909, -2.2150883], [12.0692725, -2.2143486], [12.0690043, -2.213834], [12.0686931, -2.2141449], [12.0686288, -2.2146809], [12.0688004, -2.2152384], [12.0692725, -2.2155708], [12.0693261, -2.2161068], [12.0689935, -2.2164391], [12.0690364, -2.2168465], [12.0698089, -2.2171467], [12.0706565, -2.217404], [12.0710427, -2.2178221], [12.070914, -2.2183903], [12.0706672, -2.2196125], [12.0703132, -2.220245], [12.0698197, -2.2202021], [12.0690794, -2.2205345], [12.069133, -2.2211777], [12.0697124, -2.2216816], [12.0703454, -2.2222605], [12.0704205, -2.2235577], [12.0703024, -2.2245012], [12.0697124, -2.225123], [12.069766, -2.225466], [12.070399, -2.2256161], [12.0709462, -2.2253803], [12.0712573, -2.225584], [12.071901, -2.2264845], [12.0727486, -2.2268169], [12.0733065, -2.2273743], [12.0739824, -2.2274065], [12.0741756, -2.2270956], [12.0749802, -2.2267525], [12.0761497, -2.2264738], [12.0769972, -2.2269669], [12.0773513, -2.2277388], [12.0775122, -2.228886], [12.0779199, -2.229958], [12.078156, -2.2309443], [12.0780272, -2.2316305], [12.0780594, -2.2324131], [12.0784134, -2.2329705], [12.0783813, -2.2335173], [12.0777912, -2.2345679], [12.077877, -2.235179], [12.0775981, -2.2357794], [12.0778877, -2.236369], [12.0780487, -2.237559], [12.0777697, -2.2382666], [12.0779628, -2.2386418], [12.0777268, -2.2390277], [12.0767827, -2.2398961], [12.076611, -2.2408181], [12.0760638, -2.2418151], [12.0761067, -2.2423082], [12.0768041, -2.2428657], [12.0767934, -2.2435518], [12.0765037, -2.2440771], [12.0761497, -2.2441307], [12.0758707, -2.2438091], [12.075624, -2.2443988], [12.0753665, -2.2448705], [12.0751626, -2.2454172], [12.075463, -2.2463392], [12.0757849, -2.2473148], [12.0756025, -2.247958], [12.0753128, -2.2480223], [12.074991, -2.2477007], [12.0749158, -2.2479902], [12.0753021, -2.2484083], [12.0754737, -2.2490408], [12.07483, -2.2494374], [12.0748944, -2.2503058], [12.0744116, -2.2510777], [12.0745618, -2.2519675], [12.0744438, -2.252675], [12.0740575, -2.2533076], [12.074315, -2.2534791], [12.0742507, -2.2540151], [12.0738644, -2.2541759], [12.073961, -2.2546047], [12.0742614, -2.2547334], [12.0741326, -2.2550121], [12.0731992, -2.2553766], [12.0729203, -2.2558376], [12.0729739, -2.2563307], [12.0732314, -2.2565988], [12.0735962, -2.2565559], [12.0738108, -2.2560413], [12.0739717, -2.2561378], [12.0739288, -2.2566524], [12.0735747, -2.2569525], [12.0731885, -2.2572205], [12.0727486, -2.2570383], [12.0720083, -2.256856], [12.0718474, -2.257585], [12.07218, -2.2579924], [12.0728345, -2.258046], [12.0728666, -2.2586464], [12.0733387, -2.2588286], [12.0735533, -2.2591717], [12.0732207, -2.2593968], [12.0732421, -2.2602008], [12.0731456, -2.2605117], [12.0732314, -2.2613372], [12.0728023, -2.2618304], [12.072577, -2.2626666], [12.0723624, -2.2627523], [12.0722766, -2.2623128], [12.0720512, -2.2626129], [12.07218, -2.2633312], [12.072062, -2.2638136], [12.071547, -2.2645641], [12.0716328, -2.265218], [12.0713539, -2.265947], [12.071032, -2.2663437], [12.0710749, -2.2674479], [12.0707531, -2.2679625], [12.0704527, -2.2694848], [12.0699269, -2.2698278], [12.069766, -2.2711143], [12.0702381, -2.2713823], [12.0701737, -2.2717789], [12.0698518, -2.272122], [12.0701308, -2.2725186], [12.0700128, -2.2728831], [12.0696694, -2.2729903], [12.0695729, -2.2733227], [12.0697553, -2.274384], [12.06953, -2.2748235], [12.0689613, -2.2750379], [12.0688219, -2.275649], [12.0683283, -2.2760349], [12.0681781, -2.2770212], [12.0683176, -2.2775894], [12.0682425, -2.2784899], [12.0679421, -2.2788329], [12.0674524, -2.2787354], [12.0668731, -2.2789284], [12.0669052, -2.27925], [12.0674792, -2.2793572], [12.0677851, -2.2798289], [12.06771, -2.2799897], [12.0673022, -2.2799254], [12.0668731, -2.2800647], [12.0667872, -2.2804828], [12.0670876, -2.2806115], [12.067549, -2.2803971], [12.0678065, -2.2805472], [12.0676885, -2.2809117], [12.0669804, -2.281244], [12.0665405, -2.2812547], [12.0666585, -2.2815549], [12.0670018, -2.281587], [12.0672164, -2.2818872], [12.0669374, -2.2825304], [12.0671949, -2.2828091], [12.0669696, -2.2830879], [12.066637, -2.2831951], [12.0667765, -2.2836453], [12.0672915, -2.2839133], [12.0673451, -2.2841492], [12.067152, -2.2842993], [12.0665727, -2.2845137], [12.0664225, -2.2850497], [12.0666522, -2.2854515], [12.0669374, -2.2859502], [12.0667443, -2.2862075], [12.0663044, -2.286111], [12.0660148, -2.2863254], [12.0657143, -2.287569], [12.0650813, -2.2884587], [12.0650921, -2.2893914], [12.0649462, -2.2904399], [12.0653914, -2.291276], [12.0663624, -2.2913564], [12.0668291, -2.2916298], [12.0668881, -2.2920318], [12.0668237, -2.2925839], [12.0669146, -2.2928063], [12.0671668, -2.2927312], [12.0673921, -2.2922971], [12.0677247, -2.2922596], [12.0678062, -2.2925672]]}}, {"type": "Feature", "properties": {"name": "Ngouni\u00e9 orientale", "osm_id": 1219393914}, "geometry": {"type": "LineString", "coordinates": [[12.1369814, -2.2179498], [12.1374535, -2.2191506], [12.1370028, -2.221016], [12.1367668, -2.2227528], [12.1369599, -2.2246396], [12.1365093, -2.2265479], [12.1349858, -2.2293782], [12.1345781, -2.2306647], [12.1346747, -2.2322192], [12.134621, -2.2343847], [12.1345567, -2.2364753], [12.1352004, -2.2381477], [12.1345352, -2.239595], [12.1328401, -2.2405491], [12.1325396, -2.2420714], [12.1322822, -2.2434008], [12.1316384, -2.2441727], [12.1309886, -2.2456306], [12.1307418, -2.2465526], [12.1304199, -2.2472387], [12.1305701, -2.2478819], [12.1297976, -2.2486753], [12.1289501, -2.2497794], [12.1291111, -2.2505727], [12.1286926, -2.2520629], [12.1278879, -2.2526204], [12.1277806, -2.2536174], [12.1271905, -2.2556329], [12.126225, -2.2569944], [12.1254846, -2.2572624], [12.1244011, -2.2568765], [12.1234033, -2.2569194], [12.1229044, -2.2563351], [12.1225021, -2.2563297], [12.1216759, -2.2567263], [12.1211569, -2.2567518], [12.1201551, -2.2568523], [12.1194819, -2.2566674], [12.1190467, -2.2548456], [12.1192249, -2.2537013], [12.119719, -2.2527754], [12.1194728, -2.2517798], [12.1186908, -2.2514718], [12.1180053, -2.251421], [12.11743, -2.2519209], [12.1164617, -2.2520522], [12.1157644, -2.2517628], [12.1144018, -2.2514304], [12.1142623, -2.2507229], [12.1131251, -2.2505406], [12.1123204, -2.2513125], [12.1117625, -2.2516448], [12.1107969, -2.2513661], [12.1097991, -2.2513661], [12.1089837, -2.2513018], [12.1086941, -2.2520629], [12.1087799, -2.2530171], [12.1083507, -2.2535745], [12.1076856, -2.2533601], [12.1072457, -2.2537889], [12.1070418, -2.2544322], [12.1061835, -2.2546788], [12.1063552, -2.2552255], [12.1058295, -2.256126], [12.1055934, -2.2572838], [12.1053038, -2.2576269], [12.1046922, -2.2574982], [12.1047244, -2.2569408], [12.1044884, -2.2567907], [12.1039734, -2.2572302], [12.1036837, -2.2578199], [12.1038768, -2.258774], [12.1036944, -2.2597067], [12.1033189, -2.2598353], [12.1030078, -2.2596209], [12.1029649, -2.2591814], [12.1026108, -2.2589026], [12.1016238, -2.2589241], [12.1014199, -2.2593636], [12.1017096, -2.2603606], [12.1014199, -2.2610039], [12.1016774, -2.2615828], [12.101613, -2.2622581], [12.1011195, -2.2626548], [12.1004543, -2.2628049], [12.1001539, -2.2635124], [12.0996818, -2.263223], [12.0994244, -2.2633731], [12.099242, -2.2641342], [12.0988128, -2.264756], [12.0991025, -2.2649811], [12.0987484, -2.26541], [12.0982549, -2.2655922], [12.0980189, -2.2652277], [12.0977721, -2.2656994], [12.097579, -2.2664391], [12.0974932, -2.2670716], [12.0970855, -2.2673932], [12.096828, -2.2673504], [12.0969031, -2.2669323], [12.0965383, -2.2668251], [12.0960233, -2.2674897], [12.0961735, -2.2680579], [12.0956478, -2.2684974], [12.0948646, -2.2693229], [12.0940814, -2.2694516], [12.094178, -2.2698589], [12.094532, -2.2699233], [12.094811, -2.2696874], [12.0949612, -2.2698268], [12.0948431, -2.2705022], [12.0942638, -2.2703199], [12.0942745, -2.270663], [12.0949182, -2.2709203], [12.0949504, -2.271124], [12.0943282, -2.271467], [12.0939956, -2.2714992], [12.0937166, -2.2711025], [12.0930514, -2.271467], [12.0926974, -2.2712633], [12.0922038, -2.2712633], [12.0916459, -2.2707809], [12.0910666, -2.2707273], [12.090498, -2.2708881], [12.0899293, -2.2718315], [12.0897148, -2.2725069], [12.0893392, -2.2729143], [12.089189, -2.273461], [12.0887706, -2.2737183], [12.0885346, -2.2743293], [12.0883522, -2.2743508], [12.0882664, -2.273922], [12.0880732, -2.273997], [12.0881162, -2.2744473], [12.088438, -2.2747474], [12.0883093, -2.2750691], [12.0879123, -2.2751441], [12.088084, -2.2754764], [12.087923, -2.2757873], [12.0883307, -2.2759052], [12.0881805, -2.276452], [12.0878587, -2.2762376], [12.0878801, -2.2765377], [12.0876763, -2.2767307], [12.0874617, -2.2766557], [12.0873651, -2.2768379], [12.0876655, -2.2770416], [12.087569, -2.2772239], [12.0869682, -2.2769987], [12.0867751, -2.2772024], [12.0869038, -2.2776741], [12.0866356, -2.2779528], [12.0861206, -2.2777813], [12.0859704, -2.2780064], [12.0857344, -2.27806], [12.0856056, -2.2777063], [12.0859811, -2.2773525], [12.0857558, -2.2772346], [12.0852408, -2.2775347], [12.0850263, -2.2775455], [12.0849941, -2.2773632], [12.0852623, -2.2772346], [12.0852301, -2.2770523], [12.0848546, -2.2770202], [12.0847258, -2.2777706], [12.0842967, -2.2773954], [12.0837817, -2.2774383], [12.0837388, -2.2779421], [12.0832238, -2.2781672], [12.0835671, -2.2783066], [12.0834062, -2.2784996], [12.08302, -2.2783388], [12.0827947, -2.2787033], [12.082505, -2.278253], [12.0823762, -2.2788319], [12.0826445, -2.2792607], [12.0824299, -2.2799575], [12.0817861, -2.2799683], [12.0816467, -2.2806544], [12.0818183, -2.2812869], [12.0814536, -2.2816728], [12.0808849, -2.2818122], [12.0797691, -2.280976], [12.0786962, -2.2811904], [12.0775804, -2.2809117], [12.0763252, -2.2812547], [12.0759067, -2.2818336], [12.0754561, -2.2822195], [12.0746515, -2.282048], [12.073997, -2.2822624], [12.0737502, -2.2828091], [12.072967, -2.2830021], [12.0725272, -2.283388], [12.0719693, -2.283238], [12.0715938, -2.2835167], [12.0710895, -2.2831415], [12.0704887, -2.2830986], [12.0705316, -2.2837097], [12.0702097, -2.2838276], [12.0696196, -2.2836561], [12.0690617, -2.2840527], [12.0683322, -2.284117], [12.0677099, -2.2844065], [12.0673666, -2.2845887], [12.0670769, -2.2845244], [12.0667872, -2.2846638], [12.0667872, -2.284846], [12.0669911, -2.2851676], [12.0666522, -2.2854515]]}}, {"type": "Feature", "properties": {"name": "Ngouni\u00e9 occidentale", "osm_id": 1219399748}, "geometry": {"type": "LineString", "coordinates": [[11.9383608, -2.1637032], [11.9384895, -2.1648932], [11.9383286, -2.1655258], [11.9384895, -2.166362], [11.938232, -2.1669946], [11.9373308, -2.1675843], [11.9371484, -2.1688708], [11.9368909, -2.1693854], [11.937481, -2.1694069], [11.9372772, -2.1698035], [11.9365798, -2.170018], [11.9363867, -2.1707577], [11.9366013, -2.1714439], [11.9366549, -2.1724838], [11.9370948, -2.1731485], [11.9367085, -2.174167], [11.9361614, -2.1746602], [11.9356142, -2.1751105], [11.9353889, -2.1758074], [11.9349276, -2.175936], [11.9344555, -2.1769867], [11.9341551, -2.1772226], [11.9344984, -2.1778229], [11.9337796, -2.1788522], [11.9333504, -2.1790666], [11.9328784, -2.1795383], [11.9325565, -2.1801172], [11.9327818, -2.1804389], [11.9326316, -2.1807069], [11.9322561, -2.1805675], [11.9320093, -2.1812966], [11.9316553, -2.1812001], [11.9315587, -2.1812858], [11.9320415, -2.1816504], [11.9316338, -2.1821006], [11.9317733, -2.1824008], [11.9312476, -2.1827332], [11.9306682, -2.182626], [11.9306897, -2.1831835], [11.9301532, -2.1834408], [11.9299279, -2.184009], [11.9287799, -2.184663], [11.9283615, -2.1846094], [11.928383, -2.1847809], [11.9288765, -2.185006], [11.9283722, -2.1856922], [11.9280289, -2.1855099], [11.9276534, -2.1856386], [11.9273101, -2.185467], [11.9267736, -2.18566], [11.9265269, -2.1864855], [11.9263445, -2.1866571], [11.9259261, -2.1864748], [11.9257008, -2.1867857], [11.9257222, -2.1873539], [11.9254755, -2.188158], [11.9247888, -2.1880079], [11.9242524, -2.1888549], [11.9238018, -2.1896054], [11.9240807, -2.1897233], [11.9244026, -2.1893695], [11.9246601, -2.1894874], [11.9243489, -2.1899055], [11.9235443, -2.1900985], [11.9237159, -2.1905917], [11.9235765, -2.1909455], [11.9229542, -2.1910634], [11.9226216, -2.1917067], [11.9227503, -2.1924571], [11.9234584, -2.1927359], [11.9238339, -2.1924571], [11.9244562, -2.1922534], [11.9251107, -2.1925644], [11.924939, -2.1932291], [11.924542, -2.1934756], [11.9243918, -2.1940546], [11.9237803, -2.1946764], [11.9234477, -2.1954054], [11.9232439, -2.1962953], [11.9223963, -2.196649], [11.9218813, -2.1977533], [11.920787, -2.1969492], [11.9204007, -2.1967777], [11.9196926, -2.1971958], [11.9200145, -2.1979999], [11.919757, -2.1988254], [11.9205938, -2.2000583], [11.9210766, -2.2002942], [11.9215809, -2.2006801], [11.9216345, -2.2012805], [11.9211088, -2.2016128], [11.9209908, -2.2022239], [11.9205295, -2.2027064], [11.9202291, -2.2037356], [11.9194029, -2.2042287], [11.9185232, -2.2049899], [11.9187699, -2.2055796], [11.9191776, -2.2056332], [11.9193064, -2.2061692], [11.9203042, -2.2061585], [11.9208513, -2.206523], [11.9222783, -2.2066838], [11.9228898, -2.2076701], [11.9228576, -2.2085278], [11.9221495, -2.2087744], [11.9213019, -2.2085814], [11.9207977, -2.2089352], [11.9200145, -2.2094176], [11.9193493, -2.2091603], [11.917976, -2.2089781], [11.9174181, -2.2083992], [11.9166993, -2.2080239], [11.9157873, -2.2088173], [11.9158624, -2.2096213], [11.9161628, -2.2109614], [11.916195, -2.2122908], [11.9159375, -2.2124195], [11.9153904, -2.2139847], [11.9159161, -2.2149389], [11.9157337, -2.2158823], [11.9151007, -2.2164291], [11.914929, -2.2171581], [11.9152723, -2.217469], [11.9165705, -2.2180265], [11.9177292, -2.2181122], [11.9184695, -2.2182302], [11.9183408, -2.2191307], [11.919124, -2.2202564], [11.9187163, -2.220964], [11.9181262, -2.2209747], [11.9172786, -2.2217144], [11.9170748, -2.2224649], [11.9166564, -2.2231724], [11.9159161, -2.2234083], [11.9146286, -2.2242231], [11.9142853, -2.2252415], [11.9143282, -2.2263351], [11.9140707, -2.2270105], [11.9136737, -2.2275465], [11.9132231, -2.2269569], [11.9127296, -2.2272249], [11.912279, -2.2265709], [11.9118284, -2.2267639], [11.9115172, -2.2275143], [11.9114314, -2.2285543], [11.9109164, -2.2291868], [11.9106804, -2.2303125], [11.9102298, -2.230752], [11.9103693, -2.231406], [11.909747, -2.231867], [11.9097363, -2.2328211], [11.9105195, -2.2337431], [11.9109808, -2.2351046], [11.9105195, -2.2359301], [11.910616, -2.2364125], [11.91038, -2.2367341], [11.910895, -2.2371522], [11.9110452, -2.2378598], [11.9107984, -2.238696], [11.911013, -2.2390498], [11.9105195, -2.2399396], [11.9103263, -2.2412047], [11.910777, -2.2416335], [11.911131, -2.2421159], [11.9105946, -2.242727], [11.9109701, -2.2434131], [11.911131, -2.2442493], [11.9109593, -2.2446889], [11.9111954, -2.2451713], [11.9121073, -2.2452892], [11.9124292, -2.2456215], [11.9129978, -2.2455465], [11.9132768, -2.2448711], [11.9138025, -2.2441957], [11.9147359, -2.2439062], [11.9153689, -2.2440349], [11.9157659, -2.2435954], [11.9165598, -2.243188], [11.9170211, -2.242534], [11.9180833, -2.2426091], [11.9187056, -2.2422446], [11.9189416, -2.2417836], [11.9200574, -2.2413119], [11.9205938, -2.2408294], [11.9212199, -2.2405008], [11.9214934, -2.2408921], [11.9219226, -2.2409618], [11.9221566, -2.2412671], [11.9223475, -2.241516], [11.9227337, -2.2424916], [11.922326, -2.2430276], [11.9219076, -2.243821], [11.9221007, -2.2451932], [11.9225728, -2.2464797], [11.922208, -2.2478841], [11.9223153, -2.2489133], [11.9222294, -2.2495994], [11.921972, -2.2503391], [11.9221973, -2.2510466], [11.9219398, -2.2516148], [11.922208, -2.2523974], [11.9219076, -2.253105], [11.9215106, -2.2539948], [11.9216501, -2.2546166], [11.9215321, -2.2560317], [11.9210278, -2.2568143], [11.9206738, -2.2578756], [11.9203519, -2.2583259], [11.9203626, -2.2586904], [11.9211136, -2.2589906], [11.9213926, -2.2593551], [11.9211351, -2.2600948], [11.9212209, -2.2611347], [11.9215106, -2.26166], [11.9213282, -2.2621102], [11.9215964, -2.2628821], [11.9215643, -2.263461], [11.9211029, -2.2640292], [11.9215643, -2.2643937], [11.9217359, -2.265991], [11.9218861, -2.2670738], [11.9211995, -2.2675026], [11.920942, -2.2682316], [11.9214784, -2.2686175], [11.9217466, -2.269175], [11.9221758, -2.2695502], [11.9220578, -2.2705472], [11.9222294, -2.2718873], [11.9215106, -2.2726055], [11.9215106, -2.2737848], [11.9216823, -2.2742136], [11.9223797, -2.2739992], [11.9227444, -2.2747496], [11.9225406, -2.2752856], [11.9225191, -2.2767222], [11.9227552, -2.2776119], [11.9225406, -2.2781265], [11.9222724, -2.28041], [11.9226693, -2.2816214], [11.9232165, -2.2817714], [11.9236886, -2.281557], [11.9244289, -2.2815142], [11.9258236, -2.2827577], [11.926639, -2.2839262], [11.92636, -2.2847088], [11.9270789, -2.285352], [11.9279908, -2.2866277], [11.9288384, -2.2871745], [11.9288384, -2.2883323], [11.9294178, -2.2892328], [11.9296323, -2.2900046], [11.9303726, -2.2905835], [11.9309091, -2.2904978], [11.9316923, -2.2906371], [11.9315099, -2.2912053], [11.9308769, -2.2913232], [11.9308447, -2.2919021], [11.9310593, -2.2924488], [11.9309627, -2.2931349], [11.9315635, -2.2938425], [11.9319712, -2.2949788], [11.9324433, -2.2954934], [11.9335376, -2.2959008], [11.9343316, -2.2971872], [11.9350182, -2.2987523], [11.9349002, -2.2995456], [11.9353937, -2.3004032], [11.9355117, -2.3013359], [11.9357478, -2.3018076], [11.935898, -2.3029654], [11.9360482, -2.3035443], [11.9373678, -2.3041446], [11.937915, -2.305088], [11.9382691, -2.3059563], [11.938151, -2.3065566], [11.9386017, -2.307575], [11.9388913, -2.3087543], [11.9392561, -2.3091187], [11.9397711, -2.310373], [11.9401466, -2.3107589], [11.9402753, -2.3112199], [11.9401681, -2.3127636], [11.9405436, -2.3132353], [11.9409298, -2.3131388], [11.9414663, -2.3137391], [11.9412195, -2.314661], [11.940844, -2.3149398], [11.9406294, -2.3152721], [11.9410156, -2.3157545], [11.941477, -2.3157974], [11.941713, -2.3163119], [11.9417559, -2.3173303], [11.9418203, -2.3182523], [11.9429468, -2.3204927], [11.9428825, -2.3221543], [11.9418847, -2.323623], [11.9411122, -2.3240089], [11.9403075, -2.3252524], [11.9403934, -2.3259171], [11.9401037, -2.3273857], [11.9396102, -2.327836], [11.9390844, -2.3278681], [11.9382261, -2.3273214], [11.9373786, -2.3270212], [11.9364988, -2.3270534], [11.9356727, -2.3277073], [11.9355117, -2.328447], [11.935147, -2.329058], [11.934353, -2.3295297], [11.9335913, -2.3303659], [11.9335376, -2.3309019], [11.9336095, -2.3311666]]}}, {"type": "Feature", "properties": {"name": "Nyanga", "osm_id": 1219547146}, "geometry": {"type": "LineString", "coordinates": [[12.5081921, -2.3930842], [12.5083852, -2.3933897], [12.5078808, -2.3942365], [12.5077307, -2.3954586], [12.5074611, -2.396883], [12.5076958, -2.3975784], [12.5083154, -2.3978973], [12.5090182, -2.3978062], [12.5096619, -2.3974926], [12.5100159, -2.3976186], [12.5103592, -2.3982135], [12.51015, -2.3987602], [12.5094687, -2.3989103], [12.5085139, -2.3986744], [12.5078916, -2.3988673], [12.5075265, -2.3994073], [12.507569, -2.4002046], [12.5081692, -2.4008343], [12.5082966, -2.4013864], [12.508015, -2.4018259], [12.5074303, -2.4019117], [12.5068402, -2.4016652], [12.5059283, -2.400411], [12.5052953, -2.400076], [12.5047803, -2.400277], [12.5044154, -2.400829], [12.5042867, -2.401633], [12.5046676, -2.4024476], [12.5052416, -2.4027692], [12.5067276, -2.4028496], [12.5073445, -2.4033588], [12.5085997, -2.4039698], [12.5097089, -2.4041986], [12.5099813, -2.4045989], [12.5098181, -2.4052923], [12.5092126, -2.4056715], [12.5084522, -2.4058082], [12.5077038, -2.405374], [12.5071299, -2.4054705], [12.5067812, -2.40576], [12.5068295, -2.4063067], [12.5072694, -2.4067998], [12.5086587, -2.4073036], [12.5090825, -2.4076359], [12.5092005, -2.4084559], [12.5094794, -2.4089114], [12.5099515, -2.4090722], [12.5104752, -2.4089583], [12.5108702, -2.4091231], [12.5110807, -2.4096457], [12.5108581, -2.4104121], [12.5109708, -2.4111518], [12.511357, -2.4120629], [12.5111961, -2.4129312], [12.5103807, -2.4141746], [12.5103002, -2.4148191], [12.5106275, -2.4152706], [12.5114536, -2.4152197], [12.5118505, -2.4154314], [12.5117969, -2.4159433], [12.5116038, -2.4167044], [12.5117754, -2.4173368], [12.5119927, -2.4177495], [12.5125748, -2.4178728], [12.5132453, -2.4175833], [12.5138394, -2.4175659], [12.5143155, -2.4178058], [12.5144309, -2.4183498], [12.5141465, -2.4189876], [12.5131273, -2.4199899], [12.5128269, -2.4206598], [12.5130388, -2.4215656], [12.5135511, -2.4222034], [12.5142753, -2.4226643], [12.5146039, -2.4233945], [12.5144925, -2.4239104], [12.5132399, -2.4242347], [12.5126659, -2.4247546], [12.5123977, -2.4254941], [12.5125962, -2.4261641], [12.513138, -2.4265554], [12.5138998, -2.4264161], [12.5144094, -2.4259873], [12.5149404, -2.4258371], [12.5153884, -2.4259122], [12.5156324, -2.4262874], [12.5155627, -2.4268448], [12.5151443, -2.427638], [12.5147111, -2.4285786], [12.5146642, -2.429069], [12.5145059, -2.4297711], [12.5138675, -2.4299748], [12.5132024, -2.4296747], [12.5128376, -2.4297497], [12.5128054, -2.4301463], [12.5134599, -2.4310896], [12.5141143, -2.4314541], [12.5153482, -2.4314648], [12.5162145, -2.4314407], [12.5167912, -2.4318346], [12.5169146, -2.4325795], [12.5164774, -2.4334934], [12.515772, -2.4336247], [12.5150692, -2.4333513], [12.5143665, -2.433421], [12.5141251, -2.4341445], [12.5142592, -2.4347502], [12.5147474, -2.4352808], [12.5153616, -2.4353076], [12.5158149, -2.4355809], [12.5159919, -2.4362563], [12.5157559, -2.4368351], [12.5152302, -2.4371995], [12.5144792, -2.4370066], [12.5141144, -2.4365564], [12.5133365, -2.435656], [12.5127089, -2.4355274], [12.5121295, -2.4360204], [12.5118076, -2.436953], [12.5117539, -2.4379284], [12.5122046, -2.4391504], [12.5124299, -2.4405439], [12.5127196, -2.4408976], [12.5132346, -2.441187], [12.5133633, -2.4418301], [12.5132024, -2.4421196], [12.5124728, -2.4426663], [12.5121295, -2.4434863], [12.5122905, -2.4441563], [12.5130897, -2.4448262], [12.5133097, -2.4453353], [12.5131863, -2.4457373], [12.5127089, -2.4460428], [12.5119257, -2.445957], [12.5106811, -2.4452603], [12.5102037, -2.4451263], [12.5097477, -2.445271], [12.5092005, -2.4469325], [12.5092287, -2.4477619], [12.5097075, -2.4484412], [12.5104075, -2.448878], [12.5106919, -2.4492585], [12.5106757, -2.4497408], [12.510327, -2.4500624], [12.5096243, -2.450057], [12.5087821, -2.4496444], [12.5080097, -2.4486207], [12.5070763, -2.4480365], [12.5057673, -2.4476399], [12.5049412, -2.4480579], [12.5042492, -2.4491084], [12.5032675, -2.4496766], [12.5018781, -2.4500249], [12.5010144, -2.4498374], [12.5002741, -2.4491621], [12.4998772, -2.4475327], [12.4995393, -2.4469753], [12.4990618, -2.4468252], [12.4984449, -2.4470932], [12.4981177, -2.4478757], [12.4981445, -2.4484652], [12.4985441, -2.4491888], [12.4985683, -2.4499123], [12.498402, -2.4503196], [12.4978467, -2.4505555], [12.4971413, -2.4504375], [12.4968195, -2.4500677], [12.4967658, -2.4494836], [12.496959, -2.448476], [12.4965513, -2.4476828], [12.4960658, -2.4474041], [12.4955803, -2.4473398], [12.4950922, -2.4475649], [12.4948615, -2.448267], [12.495422, -2.4495935], [12.4954247, -2.4502232], [12.4949097, -2.4507109], [12.4939871, -2.4507163], [12.4936196, -2.4502929], [12.4932307, -2.4495908], [12.4925816, -2.4491406], [12.4915516, -2.4487654], [12.4911653, -2.4473719], [12.4906021, -2.4468011], [12.4898779, -2.4464983], [12.4890518, -2.4466002], [12.4883436, -2.4465251], [12.4876986, -2.446101], [12.4869891, -2.4458699], [12.4863213, -2.4461151], [12.4860584, -2.4466269], [12.4861335, -2.4471147], [12.4865466, -2.4478972], [12.486509, -2.4481544], [12.4852269, -2.4489235], [12.4847924, -2.4494782], [12.4847388, -2.4503518], [12.4849426, -2.4511772], [12.484889, -2.4513487], [12.4843955, -2.4515416], [12.4828612, -2.4519758], [12.482314, -2.4524528], [12.4820405, -2.4532246], [12.4817025, -2.4537069], [12.4812734, -2.4538891], [12.4808174, -2.4537712], [12.4801576, -2.452785], [12.4797338, -2.4524474], [12.4793207, -2.4525599], [12.4789237, -2.4532138], [12.4788647, -2.4540928], [12.4793207, -2.4551647], [12.4793315, -2.4555506], [12.479133, -2.4565823], [12.4793851, -2.4577212], [12.4792456, -2.458241], [12.4787199, -2.4586912], [12.4778669, -2.4587448], [12.4772822, -2.4582517], [12.4769121, -2.457212], [12.4764668, -2.4568797], [12.4758338, -2.4569869], [12.4751472, -2.4575657], [12.474718, -2.4584661], [12.4747341, -2.4592915], [12.4750506, -2.4597095], [12.4756085, -2.4598221], [12.4761342, -2.4596345], [12.4765205, -2.4595595], [12.4769068, -2.459731], [12.4768745, -2.460149], [12.4766063, -2.4604384], [12.4758338, -2.4603634], [12.4753189, -2.4606528], [12.4747181, -2.4614674], [12.4740958, -2.4615103], [12.4733447, -2.46091], [12.4727761, -2.459672], [12.472186, -2.4595058], [12.4717676, -2.4598917], [12.4715128, -2.4615933], [12.471655, -2.4624482], [12.472111, -2.4630002], [12.4726045, -2.4640829], [12.4723899, -2.464801], [12.4715032, -2.4654051]]}}, {"type": "Feature", "properties": {"name": "Nyanga", "osm_id": 1219547148}, "geometry": {"type": "LineString", "coordinates": [[12.4324931, -2.5227471], [12.4324598, -2.5229176], [12.4320817, -2.5235822], [12.432543, -2.5250238], [12.4324571, -2.5255758], [12.4319904, -2.5256348], [12.4311053, -2.5251042], [12.4304455, -2.5252382], [12.4295792, -2.526034], [12.4287021, -2.5264226], [12.4284553, -2.527055], [12.428568, -2.527682], [12.4284446, -2.5280089], [12.4280047, -2.5285555], [12.4280154, -2.5290914], [12.4275916, -2.5296113], [12.4271678, -2.5303133], [12.4265402, -2.5306028], [12.4264088, -2.5310154], [12.4259569, -2.5312539], [12.4252904, -2.5312352], [12.4247753, -2.5315781], [12.4245393, -2.532232], [12.4243033, -2.5328644], [12.4240672, -2.5333681], [12.4237454, -2.5335932], [12.4234772, -2.5340541], [12.4234986, -2.5343864], [12.4237239, -2.5347937], [12.42396, -2.5352331], [12.4240029, -2.535769], [12.4240672, -2.5375268], [12.4240243, -2.5380735], [12.424078, -2.5383736], [12.4242282, -2.5387487], [12.4242604, -2.538947], [12.4241584, -2.5393597], [12.4240243, -2.5396544], [12.423917, -2.540126], [12.4239063, -2.5404797], [12.4240029, -2.5408281], [12.4241853, -2.5411818], [12.4244428, -2.5415355], [12.4244964, -2.5418892], [12.4243569, -2.5422214], [12.4241423, -2.5426609], [12.4239063, -2.5430467], [12.4234342, -2.5433683], [12.4227261, -2.543647], [12.4219108, -2.5439471], [12.4213099, -2.5443115], [12.421031, -2.5448153], [12.4210203, -2.5453083], [12.420913, -2.5456834], [12.4208701, -2.5458121], [12.4206769, -2.5458871], [12.4204194, -2.5458656], [12.4200976, -2.5455441], [12.4196899, -2.5451904], [12.4193144, -2.5451047], [12.4185097, -2.5451047], [12.417748, -2.5451368], [12.417233, -2.5448582], [12.4168467, -2.5448689], [12.4165678, -2.5452118], [12.4160313, -2.545244], [12.4158597, -2.5451689], [12.4157953, -2.5448474], [12.4159133, -2.5445526], [12.415672, -2.5443838], [12.4153125, -2.5445794], [12.4150765, -2.5446652], [12.4146473, -2.5442365], [12.4139285, -2.5443758], [12.4135637, -2.5446009], [12.4133277, -2.5441936], [12.4129844, -2.5437756], [12.4123728, -2.5439257], [12.4120617, -2.5447509], [12.4117505, -2.5459299], [12.411654, -2.5470017], [12.411088, -2.5472295], [12.4108439, -2.5476074], [12.4103772, -2.547677], [12.4102914, -2.5478753], [12.4104737, -2.5482772], [12.4118363, -2.5491025], [12.4123031, -2.5495313], [12.4123943, -2.5500886], [12.4112999, -2.5510291], [12.4110746, -2.551841], [12.4106025, -2.5523287], [12.40924, -2.5530361], [12.4090308, -2.5535131], [12.4092614, -2.5539793], [12.4102592, -2.5543223], [12.4108922, -2.5559515], [12.4106455, -2.5567446], [12.4107527, -2.5591883], [12.4105167, -2.5594911], [12.4105811, -2.5597617], [12.4113107, -2.5602387], [12.4117894, -2.5610774], [12.4116674, -2.5619053], [12.4112517, -2.5624466], [12.4105274, -2.5622001], [12.4100232, -2.5616428], [12.4095296, -2.5614231], [12.4081349, -2.5610533], [12.4077406, -2.5611203], [12.4074965, -2.5616267], [12.4070298, -2.5618893], [12.406268, -2.5626047], [12.4061608, -2.5631165], [12.4055814, -2.5638186], [12.4051523, -2.5647618], [12.4042028, -2.5650726], [12.4036824, -2.5655013], [12.4037039, -2.5665731], [12.4041759, -2.5676395], [12.4039076, -2.5682129], [12.402663, -2.5686737], [12.4006782, -2.5684406], [12.3997663, -2.5684648], [12.3991441, -2.5688989], [12.3985661, -2.5687636], [12.3982885, -2.568982], [12.3982482, -2.5695902], [12.3986398, -2.5713855], [12.3983662, -2.5731379], [12.397524, -2.5734433], [12.3965718, -2.5732183], [12.3947935, -2.5737542], [12.3942625, -2.5743329], [12.3940915, -2.5753245], [12.3933304, -2.5758231], [12.3925164, -2.5760485], [12.3918968, -2.5767351], [12.3908293, -2.5773581], [12.3905396, -2.5780467], [12.3895525, -2.5786952], [12.3884582, -2.5803832], [12.387278, -2.5813746], [12.3853951, -2.5835718], [12.3847138, -2.585008], [12.3845368, -2.5866371], [12.3842632, -2.588352], [12.3843383, -2.5904634], [12.3841881, -2.592189], [12.3830186, -2.5934591], [12.3827075, -2.5944505], [12.3826431, -2.5966851], [12.3823856, -2.5978588], [12.3810446, -2.5987591], [12.3791671, -2.5993378], [12.377901, -2.5992146], [12.3749398, -2.5984911], [12.3722147, -2.5983464], [12.3707556, -2.5989305], [12.3692213, -2.6006239], [12.3677676, -2.6030622], [12.3663246, -2.6035177], [12.365139, -2.6041287], [12.3646723, -2.6049432], [12.3653482, -2.6058864], [12.3659705, -2.6069581], [12.3660135, -2.6079012], [12.3649674, -2.6099216], [12.3639427, -2.6113631], [12.3627358, -2.613587], [12.3614081, -2.6146722], [12.3605525, -2.6156287], [12.3597102, -2.6169952], [12.3582994, -2.6181581], [12.3566471, -2.6186136], [12.3553704, -2.6193156], [12.3534499, -2.621995], [12.3525809, -2.6224987], [12.3518836, -2.6224559], [12.3512935, -2.6219843], [12.3512881, -2.6212555], [12.3520981, -2.6193692], [12.3525809, -2.6175633], [12.3526024, -2.6161646], [12.3520606, -2.6153474], [12.3512184, -2.614498], [12.3500275, -2.6141925], [12.3486435, -2.6142837], [12.3479032, -2.6150071], [12.3476886, -2.6158967], [12.3467337, -2.6183832], [12.3466908, -2.6200739], [12.3471522, -2.6215074], [12.347238, -2.6225952], [12.3476456, -2.6246315], [12.3474284, -2.6260088], [12.3469322, -2.6269251], [12.3448884, -2.6280291], [12.3442661, -2.6288007], [12.3435687, -2.6294437], [12.342453, -2.6295509], [12.340983, -2.6290365], [12.3397291, -2.6288275]]}}, {"type": "Feature", "properties": {"name": "Nyanga", "osm_id": 1220009371}, "geometry": {"type": "LineString", "coordinates": [[10.8364626, -2.938566], [10.8370309, -2.9359704], [10.8379629, -2.9349079], [10.8388735, -2.9337704], [10.8394501, -2.9317524], [10.8396271, -2.9302989], [10.8404337, -2.9291835], [10.8424073, -2.9273633], [10.8429797, -2.9264694], [10.8430832, -2.9258917], [10.8428031, -2.9251437], [10.840465, -2.9232708], [10.838687, -2.9226627], [10.8356974, -2.9226749], [10.8317579, -2.9227053], [10.8297668, -2.9229485], [10.8281837, -2.9233559], [10.8267102, -2.9230823], [10.8251575, -2.9223343], [10.8242684, -2.921483], [10.8235623, -2.9199264], [10.8228734, -2.9191181], [10.8192396, -2.9176733], [10.8144945, -2.9146093], [10.8122733, -2.9116362], [10.8112658, -2.9095206], [10.8102076, -2.9057731], [10.8093067, -2.9044996], [10.8072875, -2.9032524], [10.8051503, -2.9027616], [10.8037899, -2.9030552], [10.8023952, -2.9034388], [10.7996615, -2.9022601], [10.7967239, -2.9005951], [10.7937606, -2.898032], [10.7915891, -2.8954175], [10.7899862, -2.8938381], [10.7883254, -2.8926358], [10.7864199, -2.8919329], [10.7836648, -2.8914679], [10.7784763, -2.8903621], [10.7756074, -2.8894213], [10.7741868, -2.8882962], [10.7730231, -2.8866843], [10.772142, -2.8849252], [10.7715454, -2.8822893], [10.7718909, -2.8794776], [10.7724917, -2.8762994], [10.7730926, -2.8740599], [10.7736504, -2.8715632], [10.7748177, -2.8690687], [10.7751482, -2.8677057], [10.7750344, -2.8664155], [10.7743585, -2.865419], [10.7723523, -2.863876], [10.7691766, -2.8625001], [10.7661445, -2.8619965], [10.7628358, -2.8616171], [10.7615268, -2.8608757], [10.7606277, -2.8594698], [10.7600355, -2.8573031], [10.759939, -2.8550742], [10.7603574, -2.8535441], [10.7610226, -2.8503038], [10.7614947, -2.8479527], [10.7611584, -2.8465246], [10.7594763, -2.8438953], [10.7576198, -2.8412551], [10.7547179, -2.8384965], [10.7542192, -2.836756], [10.7535982, -2.8357498], [10.752579, -2.8354733], [10.7507658, -2.8353854], [10.7493067, -2.8353126], [10.747118, -2.8342752], [10.7444144, -2.8320914], [10.7416142, -2.8305398], [10.7393332, -2.8288574], [10.7371294, -2.8271665], [10.7345073, -2.8253159], [10.7315169, -2.8223531], [10.7299412, -2.8201818], [10.7289219, -2.818043], [10.72845, -2.8159942], [10.7283211, -2.8138144], [10.7285464, -2.8120099], [10.7291794, -2.8102482], [10.7302094, -2.8083473], [10.7319797, -2.8054433], [10.7332243, -2.8029593], [10.7334816, -2.8012147], [10.7329345, -2.7985507], [10.7319689, -2.7947851], [10.7311858, -2.7933255], [10.7297159, -2.7922131], [10.727892, -2.7915767], [10.7266688, -2.7915465], [10.7251454, -2.7917181]]}}, {"type": "Feature", "properties": {"name": "Nyanga", "osm_id": 1221395033}, "geometry": {"type": "LineString", "coordinates": [[11.009378, -2.9643502], [11.0072035, -2.9650748], [11.0045789, -2.9652223], [11.0030901, -2.9647501], [11.0020197, -2.9636136], [11.0016422, -2.9620375], [11.0017903, -2.9608686], [11.0028223, -2.9595969], [11.00541, -2.9574573], [11.0069533, -2.9568243], [11.0091205, -2.9559864], [11.0102202, -2.9549032], [11.0114808, -2.9528878], [11.0120494, -2.9515977], [11.0120066, -2.9499241], [11.0125001, -2.9484497], [11.0139163, -2.946864], [11.0162874, -2.945321], [11.018078, -2.9447403], [11.0200403, -2.9443847], [11.0227418, -2.9433839], [11.0250164, -2.9421152], [11.0263414, -2.9405273], [11.027087, -2.9384573], [11.026984, -2.9368179], [11.0262351, -2.9356907], [11.0253243, -2.9350628], [11.0243217, -2.9347917], [11.0230801, -2.9351705], [11.0215595, -2.9363422], [11.0197047, -2.9377245], [11.0178387, -2.9391151], [11.0147209, -2.9421324], [11.0122694, -2.9435382], [11.0084875, -2.9451261]]}}, {"type": "Feature", "properties": {"name": "Nyanga", "osm_id": 1425296676}, "geometry": {"type": "LineString", "coordinates": [[11.7911625, -3.0489612], [11.7903042, -3.0507182], [11.7901754, -3.0516824], [11.7904329, -3.0527967], [11.7908621, -3.0536752], [11.7913127, -3.0539966], [11.7919993, -3.0539323], [11.7927933, -3.0540609], [11.7938232, -3.0546394], [11.7945528, -3.0555179], [11.7950034, -3.0564607], [11.7953038, -3.0598676], [11.7962694, -3.0614104], [11.7965913, -3.0624817], [11.7965483, -3.0643459], [11.7958617, -3.0664671], [11.7914414, -3.0712453], [11.7887163, -3.0739665], [11.7871713, -3.0757664], [11.7851972, -3.077052], [11.7835664, -3.0775234], [11.7796182, -3.0776519], [11.7773866, -3.0785518], [11.7744684, -3.0794089], [11.7718505, -3.0800946], [11.7703485, -3.0812945], [11.7694044, -3.08318], [11.7692756, -3.0847227], [11.7695331, -3.0868654], [11.7700481, -3.0886223], [11.771121, -3.0900793], [11.7723226, -3.0911078], [11.7743825, -3.0920506], [11.7755413, -3.0923506], [11.7770862, -3.092222], [11.7796182, -3.0923934], [11.781249, -3.0932505], [11.7825365, -3.0944503], [11.7836952, -3.095993], [11.7839527, -3.0971929], [11.7838668, -3.0988213], [11.7829227, -3.1014353], [11.7808628, -3.1054634], [11.7788887, -3.1076489], [11.7765283, -3.1086345], [11.7750692, -3.1087631], [11.7740821, -3.108506], [11.773653, -3.1079917], [11.7733097, -3.1072632], [11.7710781, -3.1003212], [11.7696189, -3.0972358], [11.7676448, -3.0951788], [11.7658424, -3.0943218], [11.763997, -3.0940218], [11.7615938, -3.0946218], [11.7602634, -3.0955217], [11.7589759, -3.0965073], [11.7582893, -3.0971072], [11.7565727, -3.0983928], [11.7538261, -3.0998498], [11.7515087, -3.101521], [11.7501783, -3.102678], [11.7487192, -3.1037494], [11.7463588, -3.1043921], [11.7429256, -3.1055063], [11.7377328, -3.107906], [11.7357587, -3.1088916], [11.7343854, -3.1101772], [11.7333126, -3.1115056], [11.7321538, -3.1130911], [11.7306518, -3.1151909], [11.7305231, -3.1164764], [11.7299223, -3.1211901], [11.7294931, -3.1231613], [11.7276907, -3.1258181], [11.7262315, -3.1265894], [11.7236995, -3.1272751], [11.7215967, -3.1272751], [11.7187213, -3.126418], [11.7170476, -3.1252182], [11.7160177, -3.1239755], [11.7150306, -3.1220043], [11.7147731, -3.1208045], [11.715331, -3.1187904], [11.715846, -3.116305], [11.7159748, -3.1121912], [11.7156314, -3.1070061], [11.7143011, -3.1035351], [11.7132711, -3.1027637], [11.7110824, -3.1023352], [11.7085504, -3.1030209], [11.7056751, -3.1047778], [11.7011261, -3.1084631], [11.6971349, -3.1118484], [11.6942167, -3.113991], [11.6910839, -3.115148], [11.6885519, -3.1160479], [11.6877794, -3.116905], [11.687479, -3.1178048], [11.6876077, -3.1190047], [11.6880798, -3.1198617], [11.6891956, -3.1203759], [11.690998, -3.1214472], [11.6922426, -3.1229899], [11.6933155, -3.1250896], [11.6939163, -3.1272322], [11.6939592, -3.1295033], [11.6934013, -3.130746], [11.6927146, -3.1315173], [11.6918993, -3.131903], [11.6903114, -3.1323315], [11.6883373, -3.1331885], [11.6862773, -3.1346883], [11.6846895, -3.1364024], [11.6832304, -3.1384164], [11.68087, -3.1406018], [11.678853, -3.1421872], [11.6752481, -3.1435585], [11.669712, -3.1448868], [11.6648197, -3.1461724], [11.6633176, -3.1469008], [11.6624164, -3.1477578], [11.6619014, -3.148872], [11.6618156, -3.1497718], [11.6621589, -3.1508859], [11.664648, -3.155171], [11.6659355, -3.1570992], [11.6673946, -3.1587275], [11.6699695, -3.1607415], [11.6718578, -3.1618984], [11.6727054, -3.1621127], [11.6735315, -3.1621984], [11.6754198, -3.1621127], [11.6771793, -3.1615985], [11.6800117, -3.1603987], [11.6817284, -3.1600559], [11.6833162, -3.1600559], [11.6848182, -3.1603558], [11.6857195, -3.1608272], [11.6862988, -3.1617377], [11.6864705, -3.1626912], [11.6864877, -3.1634861], [11.6861873, -3.1649001], [11.6852689, -3.1662049], [11.6843047, -3.1673762]]}}, {"type": "Feature", "properties": {"name": "Nyanga", "osm_id": 1482116321}, "geometry": {"type": "LineString", "coordinates": [[10.5956225, -2.8019091], [10.5947643, -2.8038037], [10.594524, -2.805289], [10.5952984, -2.8072814], [10.5978646, -2.8099597], [10.5989992, -2.8113747], [10.5996952, -2.8136195], [10.5994399, -2.81677], [10.5996159, -2.8180494], [10.6000129, -2.8196011], [10.6005686, -2.8215107], [10.6007337, -2.8246374], [10.6000988, -2.8271798]]}}, {"type": "Feature", "properties": {"name": "Nyanga", "osm_id": 1482116322}, "geometry": {"type": "LineString", "coordinates": [[10.6000988, -2.8271798], [10.5990922, -2.82767], [10.5977104, -2.8280816], [10.5955625, -2.8279401], [10.5936507, -2.8283238], [10.5906744, -2.829869], [10.5876018, -2.8307584], [10.5845612, -2.8305719], [10.5823468, -2.8296568], [10.5791195, -2.8274257], [10.5765682, -2.8268086], [10.5740684, -2.8264935], [10.5691846, -2.8262642], [10.5656054, -2.8255398], [10.5632065, -2.8255762], [10.5615135, -2.8259824], [10.5591124, -2.8275029], [10.5565825, -2.8287717], [10.5558357, -2.8296611], [10.5544883, -2.8324407], [10.5538338, -2.8337845], [10.5531579, -2.8354969], [10.5524004, -2.8364956], [10.5511043, -2.8371171], [10.5491452, -2.8373571], [10.5465704, -2.8389216], [10.5448216, -2.8392152], [10.5436692, -2.839841], [10.54215, -2.8409147], [10.5406845, -2.8415169], [10.5386632, -2.8416562], [10.5374079, -2.8422842], [10.5369347, -2.8426378], [10.5364359, -2.8431704], [10.5359381, -2.8435657], [10.5352171, -2.8440758], [10.5340884, -2.8444358], [10.5333889, -2.8448816], [10.5325478, -2.8462103], [10.5310736, -2.8474576], [10.5284271, -2.8478266]]}}, {"type": "Feature", "properties": {"name": "Ogoou\u00e9", "osm_id": 1482152842}, "geometry": {"type": "LineString", "coordinates": [[11.3243929, -0.1204246], [11.3220026, -0.1199249], [11.319083, -0.1191436], [11.3161433, -0.1181566], [11.3145661, -0.1176631], [11.3132292, -0.1166145], [11.3120556, -0.1151418], [11.3082576, -0.1095199], [11.3061547, -0.1072776], [11.3051698, -0.1055799], [11.3031336, -0.1031162], [11.3008541, -0.1016618], [11.2992668, -0.101366], [11.2971613, -0.1017525], [11.2939667, -0.1052713], [11.2924862, -0.1071166], [11.2916279, -0.1077174], [11.2906257, -0.1083757]]}}, {"type": "Feature", "properties": {"name": "Ogoou\u00e9", "osm_id": 1482152843}, "geometry": {"type": "LineString", "coordinates": [[11.2906257, -0.1083757], [11.2878728, -0.108962], [11.2840551, -0.1079733], [11.2808346, -0.1072668], [11.2763715, -0.1078891], [11.2735176, -0.1084684], [11.2715649, -0.1080608], [11.2698054, -0.1067304], [11.268239, -0.1039838], [11.2658894, -0.100218], [11.2620197, -0.0966546], [11.2560771, -0.0923984], [11.2531456, -0.0901541], [11.2486262, -0.0876523]]}}, {"type": "Feature", "properties": {"name": "Ngouni\u00e9", "osm_id": 1482170254}, "geometry": {"type": "LineString", "coordinates": [[11.6343246, -2.4051248], [11.634972, -2.4041197], [11.6349516, -2.402932], [11.6334914, -2.4017828], [11.6320967, -2.4013326], [11.6307019, -2.4016328], [11.6303371, -2.4031764], [11.6298017, -2.4051402]]}}, {"type": "Feature", "properties": {"name": "Nyanga", "osm_id": 1482181497}, "geometry": {"type": "LineString", "coordinates": [[11.6843047, -3.1673762], [11.6837519, -3.1681032], [11.6826618, -3.1690972], [11.6816211, -3.16989], [11.678881, -3.1715311], [11.6748255, -3.1750233], [11.671006, -3.1771872], [11.668446, -3.1790597], [11.6668003, -3.1807866], [11.6656995, -3.1823377], [11.6646975, -3.1848787], [11.664176, -3.1871797], [11.6641974, -3.188508]]}}, {"type": "Feature", "properties": {"name": "Ngouni\u00e9 occidentale", "osm_id": 1482183607}, "geometry": {"type": "LineString", "coordinates": [[11.9336095, -2.3311666], [11.9339775, -2.3325206], [11.9349002, -2.3335818], [11.934986, -2.3348575], [11.9348251, -2.3356186], [11.9339883, -2.3362618], [11.9339131, -2.3376876], [11.9335484, -2.3384701], [11.9335055, -2.3393706], [11.9338488, -2.3404855], [11.9345998, -2.3418255], [11.9351148, -2.3435085], [11.9349217, -2.3441838], [11.934514, -2.3445054], [11.9337415, -2.3442803], [11.9332909, -2.3443232], [11.9330227, -2.3446019], [11.9333982, -2.3451701], [11.9336127, -2.3459526], [11.9334733, -2.347046], [11.933484, -2.3493401], [11.9335806, -2.350948], [11.933366, -2.3532206], [11.9328939, -2.3538853], [11.9327759, -2.3547857], [11.9333445, -2.3567582], [11.9332801, -2.3582697], [11.9333767, -2.3593523], [11.9331836, -2.360285], [11.9333338, -2.3607459], [11.9336449, -2.3612605], [11.9333767, -2.3620216], [11.9330334, -2.3624182], [11.9320141, -2.3630614], [11.931585, -2.3636081], [11.9314241, -2.3641548], [11.9314316, -2.364703]]}}, {"type": "Feature", "properties": {"name": "Ngouni\u00e9", "osm_id": 1482190106}, "geometry": {"type": "LineString", "coordinates": [[11.3170767, -2.0251181], [11.3154885, -2.0244989], [11.3138151, -2.0241316], [11.3117981, -2.0240351], [11.3101065, -2.0241603], [11.3072758, -2.0249248], [11.3047726, -2.0251231], [11.3035154, -2.0253861], [11.3025838, -2.0258363], [11.3019326, -2.0264064], [11.3013589, -2.0271017], [11.3009684, -2.0278085], [11.3005562, -2.0295895], [11.3003931, -2.0309371], [11.3009405, -2.0337601], [11.3011434, -2.0360229], [11.3009405, -2.0374485], [11.3008761, -2.0379417], [11.300447, -2.0387137], [11.3002735, -2.0403697], [11.2998386, -2.0438037], [11.2987294, -2.0468682], [11.2975985, -2.0517583], [11.2952715, -2.0536709], [11.2931837, -2.0550184], [11.2919658, -2.0551705], [11.2887689, -2.0545403], [11.2857242, -2.0538882], [11.2823532, -2.0539752], [11.2805844, -2.0534324], [11.2789893, -2.0524807], [11.2776557, -2.0509324], [11.2769723, -2.0496287], [11.2761307, -2.0486355], [11.2743718, -2.047781], [11.2724662, -2.04742], [11.2716508, -2.0475272], [11.2704921, -2.0481919], [11.2695803, -2.0480864], [11.2685024, -2.0477123], [11.2641256, -2.0433597], [11.2622309, -2.0411154], [11.2612223, -2.0395714], [11.2593341, -2.0360332], [11.2561968, -2.0311741], [11.2552357, -2.0288065], [11.2530684, -2.0255898], [11.2510943, -2.0226734], [11.2491683, -2.0188759], [11.2482404, -2.0176554], [11.2471822, -2.0169839], [11.2453007, -2.016669], [11.2419534, -2.0164331], [11.2367606, -2.0167977], [11.234199, -2.0173913], [11.2237787, -2.0224804], [11.2186935, -2.0254374], [11.2170625, -2.028978], [11.2155292, -2.0305151]]}}, {"type": "Feature", "properties": {"name": "Ngouni\u00e9", "osm_id": 1482190116}, "geometry": {"type": "LineString", "coordinates": [[11.0400113, -1.8316601], [11.0394134, -1.828143], [11.0370547, -1.8218785], [11.0347152, -1.8179107], [11.032184, -1.8139313], [11.0292418, -1.8102777], [11.0266256, -1.808517], [11.0231817, -1.8074917], [11.0193056, -1.8067697], [11.0145803, -1.8049905], [11.0116267, -1.8029408], [11.0092878, -1.7987586], [11.0078545, -1.7937538], [11.0064939, -1.7887502], [11.005522, -1.7865379], [11.0045671, -1.7850753], [11.001327, -1.7823086], [10.9992564, -1.7808544], [10.9973144, -1.7803998], [10.9938812, -1.7800566], [10.9912312, -1.7791386], [10.9900335, -1.7783968]]}}, {"type": "Feature", "properties": {"name": "Ngouni\u00e9", "osm_id": 1482195882}, "geometry": {"type": "LineString", "coordinates": [[11.3462741, -2.0962102], [11.3440704, -2.0949176], [11.339736, -2.0920442], [11.3355517, -2.0882702], [11.3317966, -2.0826949], [11.3314962, -2.0809365], [11.331979, -2.0791996], [11.3338995, -2.0774412], [11.3348651, -2.0755971], [11.3347578, -2.0741818], [11.3338136, -2.0716086], [11.3325262, -2.0658188], [11.3327193, -2.0625593], [11.334393, -2.0594929], [11.3366031, -2.056405], [11.3390064, -2.0531455], [11.3409376, -2.050079], [11.3408947, -2.0479989], [11.3402509, -2.0470125], [11.3390493, -2.0467766], [11.3371396, -2.0466909], [11.3359487, -2.0464335], [11.3315177, -2.0443535], [11.3287711, -2.0425522], [11.325531, -2.0386279], [11.3210893, -2.0330953], [11.3195228, -2.0301039], [11.3188577, -2.0276592], [11.318407, -2.0265656], [11.3170767, -2.0251181]]}}, {"type": "Feature", "properties": {"name": "Nyanga", "osm_id": 1482197280}, "geometry": {"type": "LineString", "coordinates": [[10.2577972, -2.9663451], [10.2554113, -2.9663291], [10.2511099, -2.9627809], [10.246499, -2.9599201]]}}, {"type": "Feature", "properties": {"name": "Nyanga", "osm_id": 1482198838}, "geometry": {"type": "LineString", "coordinates": [[12.4715032, -2.4654051], [12.471081, -2.4658836], [12.471081, -2.4664945], [12.4715906, -2.4670466], [12.4724006, -2.4674164], [12.472583, -2.467872], [12.4723202, -2.4681641], [12.4715772, -2.468353], [12.4712848, -2.4687992], [12.4711883, -2.4695602], [12.4703353, -2.4702301], [12.469536, -2.4711573], [12.4690639, -2.4712323], [12.4682378, -2.4705141], [12.4677014, -2.4697102], [12.467578, -2.4689277], [12.4672186, -2.4688313], [12.4664783, -2.469378], [12.465856, -2.4701283], [12.4653839, -2.471168], [12.4651801, -2.4716932], [12.4648153, -2.4721863], [12.4647134, -2.4729902], [12.4650192, -2.4734725], [12.4654591, -2.4737084], [12.4656361, -2.4743944], [12.4647537, -2.474389], [12.4643017, -2.4746222], [12.4645585, -2.4751353], [12.4645579, -2.4755628], [12.4646638, -2.4759674], [12.4649307, -2.4761684], [12.4655074, -2.4762059], [12.466253, -2.4767526], [12.466363, -2.4777146], [12.4669558, -2.4782049], [12.4669182, -2.4784354], [12.4659847, -2.4782532], [12.4655754, -2.4775739], [12.4652733, -2.4773019], [12.4645189, -2.4774439], [12.4642976, -2.477878], [12.4640268, -2.4780173], [12.4635493, -2.4778673], [12.4631953, -2.4779101], [12.4624523, -2.4782947], [12.4617737, -2.4781862], [12.4614894, -2.4784193], [12.4611354, -2.4784139], [12.4610173, -2.4789391], [12.4618488, -2.4801182], [12.462176, -2.4811366], [12.4621653, -2.482948], [12.4622833, -2.4838269], [12.4615859, -2.4854347], [12.4614143, -2.4861207], [12.4605345, -2.4873748], [12.4603521, -2.4880126], [12.46032, -2.4889398], [12.4598801, -2.4896847], [12.4593275, -2.4902394], [12.4592659, -2.4907847], [12.4594402, -2.4912228], [12.4599552, -2.4918231], [12.4598801, -2.4925198], [12.4593114, -2.4929378], [12.45826, -2.4932273], [12.4570155, -2.4928307], [12.4562323, -2.4926967], [12.4554491, -2.4927771], [12.4549341, -2.4925091], [12.4545908, -2.4921447], [12.4535608, -2.491941], [12.4528634, -2.4921072], [12.4525362, -2.4920509], [12.4521446, -2.4915873], [12.4519622, -2.4910942], [12.4516886, -2.4909871], [12.4509537, -2.490912], [12.450326, -2.4903707], [12.4503421, -2.4896793], [12.4500417, -2.4892935], [12.4492371, -2.4894114], [12.4488026, -2.4892238], [12.4487033, -2.4888835], [12.4492693, -2.4882859], [12.4493658, -2.4877607], [12.449178, -2.4875624], [12.4485155, -2.4877098], [12.447499, -2.4874713], [12.4468177, -2.4876642], [12.4460936, -2.4882966], [12.4454712, -2.4883717], [12.4446558, -2.4888004], [12.4441731, -2.4894328], [12.4436152, -2.4896686], [12.4424296, -2.4906065], [12.4409973, -2.4906869], [12.4403965, -2.4910085], [12.4402839, -2.4917052], [12.4406433, -2.4931093], [12.4405575, -2.4947493], [12.4411797, -2.4968823], [12.4417269, -2.4976326], [12.4428212, -2.4982007], [12.4431592, -2.4989135], [12.4429499, -2.4996049], [12.4422794, -2.4995834], [12.4420165, -2.4998192], [12.4415552, -2.5008803], [12.4413728, -2.5019415], [12.4415874, -2.5036243], [12.4410939, -2.504857], [12.4409008, -2.5063683], [12.4405253, -2.5070757], [12.4397045, -2.5074026], [12.4385082, -2.5085334], [12.4374622, -2.5083673], [12.4363169, -2.5083914], [12.4353432, -2.5079975], [12.4343454, -2.5071989], [12.4333154, -2.5065826], [12.432881, -2.5064379], [12.4324277, -2.506655], [12.4323727, -2.5071172], [12.4324894, -2.5076223], [12.432071, -2.509541], [12.4320978, -2.5101787], [12.4327978, -2.5110603], [12.4329829, -2.511556], [12.4329292, -2.5119258], [12.4320817, -2.5123171], [12.4318564, -2.5129602], [12.4309122, -2.5138069], [12.4305206, -2.5148306], [12.4306762, -2.5157256], [12.4311483, -2.5164437], [12.431733, -2.5162669], [12.4318966, -2.5157283], [12.4324826, -2.5152124], [12.4335944, -2.5151897], [12.4346995, -2.5152861], [12.4350106, -2.5159399], [12.4349892, -2.517194], [12.4342488, -2.5189947], [12.4339484, -2.5200933], [12.4332296, -2.5212778], [12.4326878, -2.5217493], [12.4324931, -2.5227471]]}}, {"type": "Feature", "properties": {"name": "Ngouni\u00e9", "osm_id": 1482935302}, "geometry": {"type": "LineString", "coordinates": [[11.2155292, -2.0305151], [11.2135649, -2.0315513], [11.2094021, -2.0331275], [11.2057114, -2.0345643], [11.2032223, -2.0356365], [11.2004435, -2.0376737], [11.1980295, -2.0394213], [11.1967814, -2.0400235], [11.1964738, -2.0401719], [11.1954117, -2.0404078], [11.1946499, -2.0404185], [11.1941135, -2.0402898], [11.1935449, -2.0399896], [11.1929655, -2.0393892], [11.1919355, -2.0377594], [11.1908948, -2.0363012], [11.1897683, -2.0352397], [11.18788, -2.0336314], [11.1859059, -2.0323019], [11.1839533, -2.0314012], [11.1785674, -2.0299859], [11.1727524, -2.0277986], [11.1704564, -2.0244747], [11.1692977, -2.0229951], [11.1689114, -2.0222767], [11.1686218, -2.0214082], [11.1679029, -2.0198535], [11.166991, -2.0186526], [11.1662936, -2.017752], [11.165564, -2.0164975], [11.1648452, -2.014857], [11.1629033, -2.0120799], [11.1610794, -2.0090348], [11.160264, -2.0076409], [11.1597919, -2.0069654], [11.1585903, -2.005593], [11.1578607, -2.0049282], [11.1569612, -2.0037607]]}}, {"type": "Feature", "properties": {"name": "Ogoou\u00e9", "osm_id": 1525201222}, "geometry": {"type": "LineString", "coordinates": [[13.3329284, -1.4818143], [13.3318019, -1.4818035], [13.3307075, -1.4811815], [13.3298921, -1.480243], [13.3293557, -1.4786986], [13.3294415, -1.4766179], [13.3306646, -1.4735075], [13.334248, -1.4686597], [13.3361578, -1.4656781], [13.337891, -1.4627625], [13.338502, -1.4591034], [13.3382821, -1.4564328], [13.3379388, -1.4553067], [13.3369732, -1.4538373], [13.3361256, -1.4520783], [13.335793, -1.4501263], [13.3358896, -1.4490859], [13.3370054, -1.4463188], [13.3374238, -1.4441094], [13.3375794, -1.4428116], [13.3381319, -1.4414065], [13.3393872, -1.4398192], [13.3405351, -1.4387627], [13.3406532, -1.436816], [13.3403635, -1.4360116], [13.3402991, -1.4341239], [13.3400631, -1.4322148], [13.3391833, -1.4305631], [13.3374882, -1.428847], [13.3355784, -1.4276243], [13.3318019, -1.425994], [13.3274245, -1.4233341], [13.3260512, -1.4222294], [13.3243453, -1.4199234], [13.3235407, -1.4183789], [13.3225536, -1.4170275], [13.3198499, -1.414153], [13.3189916, -1.4129946], [13.3184337, -1.4114073], [13.3185303, -1.4107423], [13.3188629, -1.4101845], [13.3197963, -1.4090905], [13.3201826, -1.4082754], [13.3203864, -1.407117], [13.3203435, -1.4042426], [13.3204293, -1.4020545], [13.3209228, -1.4002634], [13.3214807, -1.3996842], [13.3225322, -1.399416], [13.3254504, -1.3988583], [13.3271026, -1.3980431], [13.3287071, -1.3967417], [13.3299994, -1.3950614], [13.3309006, -1.3922513], [13.3313083, -1.3898916], [13.3311367, -1.3885188], [13.33045, -1.3869743], [13.3284974, -1.3838424], [13.3278966, -1.3813969], [13.3279824, -1.3794663], [13.3293772, -1.3738245], [13.3320164, -1.3673033], [13.3336901, -1.3659518], [13.3357715, -1.3648149], [13.3439898, -1.3624337], [13.3480453, -1.360975], [13.3514786, -1.3589371], [13.3525729, -1.357221], [13.3529591, -1.3555478], [13.3527231, -1.3535957], [13.3518648, -1.351665], [13.3467579, -1.3476106], [13.345921, -1.346581], [13.3452344, -1.3450793], [13.3438074, -1.3395448], [13.343389, -1.3364128], [13.3431744, -1.3339888], [13.3431744, -1.3332379], [13.3434319, -1.3324871], [13.3442902, -1.3309319], [13.3449232, -1.329634], [13.3452344, -1.3283469], [13.3457016, -1.3253937], [13.3458137, -1.3241852], [13.3457064, -1.3228767], [13.3450413, -1.3209889], [13.3444619, -1.3187686], [13.3444726, -1.318243], [13.3447838, -1.3175888], [13.3481097, -1.3147464], [13.352766, -1.312215], [13.354547, -1.3109386], [13.3554268, -1.3098231], [13.3561993, -1.3078066], [13.3572507, -1.303484], [13.3582377, -1.3001804], [13.3592677, -1.2970698], [13.3605444, -1.2940344], [13.3622503, -1.2908058], [13.3633876, -1.2882852], [13.36416, -1.2857431], [13.3642459, -1.2836836], [13.3639669, -1.2816564], [13.3633983, -1.2800368], [13.3618426, -1.2785351]]}}, {"type": "Feature", "properties": {"name": "Ogoou\u00e9", "osm_id": 1532927815}, "geometry": {"type": "LineString", "coordinates": [[13.6373135, -2.3053131], [13.6375844, -2.3046779], [13.6379546, -2.3042518], [13.6374718, -2.3035496], [13.63693, -2.3030458], [13.6367852, -2.3024856], [13.636415, -2.302164]]}}, {"type": "Feature", "properties": {"name": "Ogoou\u00e9", "osm_id": 1532927816}, "geometry": {"type": "LineString", "coordinates": [[13.636415, -2.302164], [13.6355916, -2.3016468], [13.6352241, -2.3014163], [13.6356747, -2.3009902], [13.6364096, -2.3006632], [13.6370426, -2.3003523], [13.6382872, -2.3000843], [13.6389095, -2.2997305], [13.6391455, -2.2991088], [13.6390328, -2.2983583], [13.6384964, -2.2973131], [13.6375523, -2.2948743], [13.6368924, -2.2935182], [13.635782, -2.2921835], [13.6348164, -2.2910311], [13.6342531, -2.2897125], [13.6342049, -2.2887208], [13.6347038, -2.2879758], [13.6351865, -2.2876917], [13.635723, -2.2876327], [13.6356264, -2.2882116], [13.635503, -2.288887], [13.6358303, -2.2892729], [13.636415, -2.2891497], [13.6369246, -2.2890478], [13.6373806, -2.2889406], [13.6380994, -2.2879704], [13.6385822, -2.2871021], [13.6392796, -2.2864857], [13.6399555, -2.286223], [13.640728, -2.2863356], [13.6417687, -2.2861105], [13.6427289, -2.2855155], [13.6431259, -2.285092], [13.6430937, -2.2846311], [13.6425626, -2.2842773], [13.641715, -2.2835537], [13.6407924, -2.2825888], [13.6398482, -2.2821922], [13.6387324, -2.2821815], [13.6382496, -2.2815704], [13.6383784, -2.2809165], [13.6392581, -2.2804769], [13.6396337, -2.2799034], [13.6397141, -2.2784079], [13.6396605, -2.2777486], [13.6398321, -2.2771804], [13.6402398, -2.2769178], [13.6407977, -2.2763818], [13.6411786, -2.2757278], [13.6412537, -2.274972], [13.6410445, -2.2744146], [13.6406261, -2.2740179], [13.6403042, -2.2739053], [13.6399502, -2.2740233], [13.6395585, -2.2742806], [13.6390436, -2.2744735], [13.6385822, -2.2740822], [13.6378473, -2.2730477], [13.6369783, -2.2718095], [13.6359912, -2.2695689], [13.6348057, -2.2666637], [13.6341941, -2.2640533], [13.6333358, -2.2616358], [13.6319089, -2.2583178], [13.6309326, -2.2558039], [13.6305034, -2.2544638], [13.6304551, -2.2527807], [13.6315495, -2.2514352], [13.6334592, -2.2495913], [13.6351061, -2.2478439], [13.6361736, -2.2468629], [13.6376059, -2.2458498], [13.6386895, -2.2458016], [13.6396551, -2.2466271], [13.6408728, -2.2468576], [13.6423051, -2.2463215], [13.64326, -2.2457587], [13.6436891, -2.2451422], [13.643378, -2.2441292], [13.6423856, -2.2435824], [13.6414951, -2.2434162], [13.6406583, -2.2427355], [13.6397409, -2.2415616], [13.6392528, -2.240527], [13.639226, -2.2394067], [13.6396176, -2.2377986], [13.640551, -2.2366033], [13.6418384, -2.2365014], [13.6433405, -2.2364317], [13.6437052, -2.2358421], [13.6436731, -2.2349791], [13.6438662, -2.2339553], [13.6440861, -2.2330065], [13.6435872, -2.2313555], [13.6429971, -2.2301601], [13.6425948, -2.2287289], [13.6435282, -2.2282251], [13.6443114, -2.2285413], [13.6448586, -2.2281071], [13.6449444, -2.2275175], [13.6444241, -2.2263865], [13.6446065, -2.2259201], [13.644982, -2.2255395], [13.6451214, -2.2248212], [13.6444724, -2.2233686], [13.6438984, -2.2213959], [13.6439949, -2.2203346], [13.6448318, -2.2190159], [13.6450169, -2.2184119], [13.6453789, -2.2172309], [13.645792, -2.2147651], [13.6457759, -2.2132642], [13.6452502, -2.2105465], [13.6450303, -2.2076518], [13.644864, -2.2050788], [13.64407, -2.203342], [13.6435604, -2.202345], [13.642509, -2.2010478], [13.6411142, -2.1999864], [13.639462, -2.199504], [13.6378956, -2.1997613], [13.6359751, -2.1989143], [13.6345696, -2.1981638], [13.6336791, -2.1972097], [13.6331534, -2.1951941], [13.6326599, -2.1937039], [13.6322307, -2.192664], [13.6304176, -2.1907556], [13.6274242, -2.1880647], [13.6259222, -2.1867138], [13.6248708, -2.1856846], [13.6241841, -2.184055], [13.6242056, -2.1823611], [13.6246562, -2.1809781], [13.6249995, -2.1800025], [13.6253536, -2.1792091], [13.6256003, -2.1779654], [13.6257934, -2.1753495], [13.6255145, -2.1737628], [13.6245489, -2.1724333], [13.6227894, -2.170525], [13.6209269, -2.1689974], [13.6196244, -2.167641], [13.6182618, -2.1654646], [13.6169958, -2.1640923], [13.6146354, -2.1629344], [13.6098933, -2.1598896], [13.6043143, -2.1552795], [13.6022758, -2.1523204], [13.6011386, -2.1494685], [13.6003876, -2.1475816], [13.600409, -2.1455981], [13.6006558, -2.1446332], [13.6012459, -2.1442365], [13.6027694, -2.1441079], [13.604958, -2.1433574], [13.6067819, -2.1421566], [13.6084986, -2.1404197], [13.6101937, -2.1376965], [13.6106229, -2.1354236], [13.6105156, -2.1341799], [13.6099148, -2.1330005], [13.6084771, -2.1316496], [13.60587, -2.1306418], [13.6049366, -2.1301165], [13.6041319, -2.1292159], [13.602426, -2.1262032], [13.600173, -2.1224077], [13.5970187, -2.1182907], [13.5942292, -2.1155246], [13.590678, -2.1131122], [13.5904527, -2.1124689], [13.5904312, -2.1118149], [13.5907263, -2.1112199], [13.5913324, -2.1105283], [13.5924697, -2.1084483], [13.5927486, -2.1069259], [13.5926628, -2.1042455], [13.5928988, -2.1015436], [13.5938, -2.0991634], [13.5940361, -2.0980484], [13.5939288, -2.0959684], [13.5931992, -2.0941242], [13.5920405, -2.0929234], [13.5888219, -2.0914224], [13.584773, -2.0894538], [13.5835004, -2.0882916], [13.5825991, -2.0867906], [13.5824489, -2.084925], [13.5833716, -2.0822231], [13.5861826, -2.079607], [13.58953, -2.0761868], [13.5913002, -2.0737101], [13.5914826, -2.0723377], [13.5914719, -2.0719302], [13.5913432, -2.0714478], [13.5908014, -2.0711047], [13.5895729, -2.0704989], [13.5887307, -2.0701183], [13.5883498, -2.0699976], [13.587867, -2.0698368], [13.5875827, -2.0696599], [13.5873789, -2.0694079], [13.587293, -2.0689228], [13.5873286, -2.0678959], [13.5874432, -2.0662798], [13.5873628, -2.0645751], [13.5871053, -2.0631169], [13.586719, -2.0617445], [13.5854959, -2.0603721], [13.5841441, -2.0594714], [13.5825562, -2.058678], [13.5804748, -2.0572842], [13.5777068, -2.0556115], [13.5732007, -2.053703], [13.5692739, -2.051816], [13.5685229, -2.050658], [13.5685015, -2.0498002], [13.5692096, -2.048921], [13.5707545, -2.0478274], [13.5720634, -2.0470769], [13.5728413, -2.0469696], [13.573705, -2.0470501], [13.5746383, -2.0473342], [13.5758185, -2.0475701], [13.5770631, -2.0470554], [13.5790372, -2.0458117], [13.5795951, -2.045104], [13.5800886, -2.0437959], [13.5798311, -2.0424664], [13.5786724, -2.0416301], [13.5769451, -2.0411476], [13.5762691, -2.0410297], [13.5758614, -2.0408152], [13.5755396, -2.0400111], [13.5753786, -2.0389496], [13.5754108, -2.037813], [13.5752499, -2.0373574], [13.5748798, -2.0369606], [13.5741985, -2.0367837], [13.5734421, -2.0364621], [13.5732436, -2.0360975], [13.5733187, -2.0353684], [13.5735118, -2.034843], [13.5739732, -2.0346393], [13.5752284, -2.0343605], [13.5766446, -2.0341783], [13.5770953, -2.0337815], [13.5771811, -2.0333741], [13.5770953, -2.0327737], [13.5770631, -2.0314227], [13.5772884, -2.0303612], [13.5778785, -2.0291496], [13.5793805, -2.0279702], [13.579874, -2.0273697], [13.580153, -2.0263189], [13.5795951, -2.0253754], [13.5785436, -2.0249036], [13.576591, -2.0246034], [13.57481, -2.0246892], [13.5736298, -2.0252038], [13.5724282, -2.025547], [13.5713768, -2.0254612], [13.5705828, -2.0244533], [13.5693812, -2.0224804], [13.5682332, -2.0202717], [13.5672355, -2.0190493], [13.5657763, -2.0179128], [13.5647464, -2.0169478], [13.5640061, -2.0159185], [13.5625148, -2.0133666], [13.560766, -2.010997], [13.5581159, -2.008949], [13.5568929, -2.0084558], [13.5558736, -2.0083164], [13.5545325, -2.0084344], [13.5529232, -2.0091527], [13.5516679, -2.0092385], [13.5503912, -2.0090026], [13.5480952, -2.0082842], [13.5473764, -2.0080591], [13.546679, -2.0080055], [13.543396, -2.0080912], [13.5418939, -2.007598], [13.541615, -2.0068046], [13.5418725, -2.0055822], [13.5435998, -2.0037594], [13.5448122, -2.0022905], [13.5455847, -2.0019903], [13.5463786, -2.0020653], [13.5477519, -2.0024621], [13.5489535, -2.0024084], [13.5510778, -2.002001], [13.553009, -2.0010574], [13.5542428, -2.0003176], [13.5548812, -1.9995134], [13.5548543, -1.9984197], [13.5546613, -1.9972885], [13.5546827, -1.9963075], [13.5563457, -1.9930264], [13.5572281, -1.992627], [13.5574293, -1.9917317]]}}, {"type": "Feature", "properties": {"name": "Ogoou\u00e9", "osm_id": 1189421}, "geometry": {"type": "MultiLineString", "coordinates": [[[13.8527888, -2.7695355], [13.8517964, -2.7694015], [13.8513029, -2.7693265], [13.8507771, -2.7693372], [13.849892, -2.7695301], [13.8495058, -2.7695944], [13.8491356, -2.7695569], [13.8488781, -2.7694122], [13.8486582, -2.7691175], [13.8486206, -2.7688121], [13.8486367, -2.7684317], [13.8485187, -2.7680406], [13.8482237, -2.7677887], [13.847993, -2.7677405], [13.8476604, -2.7678235], [13.8472313, -2.7681209], [13.8468826, -2.7683888], [13.8464963, -2.7684638], [13.8461101, -2.7683835], [13.8457239, -2.7681209], [13.8453913, -2.7679655], [13.8450319, -2.767912], [13.8447261, -2.7677887], [13.8444471, -2.7674887], [13.8438624, -2.7666099], [13.8434064, -2.7661009], [13.8430202, -2.7659455], [13.8424891, -2.7658544], [13.842017, -2.7659669], [13.8415879, -2.7661759], [13.8412553, -2.7665456], [13.8410407, -2.7669261], [13.8408154, -2.7672047], [13.8404936, -2.7673386], [13.8400483, -2.7674244], [13.8397264, -2.7674351], [13.8395065, -2.7672904], [13.8393348, -2.7670279], [13.8392866, -2.7666689], [13.8394636, -2.7659991], [13.8397211, -2.7650614], [13.8401073, -2.7643863], [13.8403702, -2.7637433], [13.8403809, -2.7633307], [13.8402468, -2.7629342], [13.8399893, -2.7626824], [13.8397747, -2.7626395], [13.8393885, -2.7627842], [13.8388789, -2.7632664], [13.8385194, -2.7634808], [13.83816, -2.7635183], [13.837806, -2.7634647], [13.8374788, -2.7632075], [13.8373768, -2.7628967], [13.8374144, -2.7625859], [13.837688, -2.7622805], [13.8380527, -2.7617876], [13.838219, -2.7613214], [13.8381547, -2.7611044], [13.8378918, -2.7609088], [13.8373983, -2.7606088], [13.8367385, -2.759939], [13.8360491, -2.7592799], [13.8357326, -2.7591004], [13.8351774, -2.7589236], [13.834869, -2.7588218], [13.8345766, -2.7584708], [13.8344049, -2.7580047], [13.8344103, -2.7576242], [13.8345015, -2.7572652], [13.8346517, -2.7570402], [13.8348824, -2.756858], [13.8356709, -2.756424], [13.8359338, -2.7562043], [13.8360156, -2.7560208], [13.8360357, -2.7558239], [13.835848, -2.7556203], [13.8355583, -2.7554702], [13.835113, -2.7553845], [13.8348743, -2.7552211], [13.8347053, -2.7550443], [13.8344908, -2.7545808], [13.8342333, -2.7539217], [13.8333911, -2.7521481], [13.8331175, -2.7510336], [13.832742, -2.750546], [13.8323718, -2.7503692], [13.8319293, -2.7502942], [13.8314813, -2.7504389], [13.8312721, -2.7506103], [13.8310897, -2.750905], [13.8308537, -2.7511462], [13.8306659, -2.7512319], [13.8304084, -2.7511837], [13.8301992, -2.7509479], [13.8301456, -2.7507068], [13.8301831, -2.7503478], [13.8303441, -2.7500156], [13.8306659, -2.7496137], [13.8312936, -2.7492172], [13.8321841, -2.7487135], [13.8323879, -2.748542], [13.8325864, -2.7481964], [13.8327232, -2.7477892], [13.8328439, -2.74724], [13.8329029, -2.7464202], [13.8328171, -2.7460558], [13.8324845, -2.7456593], [13.8320553, -2.7455093], [13.8316262, -2.7454503], [13.8313633, -2.7453325], [13.8312024, -2.7451342], [13.8311595, -2.7449145], [13.8311702, -2.7447538], [13.8314384, -2.7444912], [13.83183, -2.7442019], [13.832227, -2.74395], [13.8325328, -2.7437518], [13.8327473, -2.7437089], [13.8329834, -2.7437411], [13.8332891, -2.7439179], [13.8334984, -2.7442983], [13.8337934, -2.7448502], [13.8340402, -2.7451664], [13.8343352, -2.7453432], [13.8346463, -2.7454182], [13.8350648, -2.7454021], [13.8354778, -2.7451556], [13.8359499, -2.7447806], [13.8362342, -2.744309], [13.8363147, -2.7432159], [13.8363039, -2.7421657], [13.8361967, -2.7416781], [13.8356334, -2.7409976], [13.8351613, -2.740719], [13.8346624, -2.740569], [13.8339168, -2.7404457], [13.8334662, -2.7404618], [13.8331497, -2.7402475], [13.8329512, -2.7399581], [13.8328546, -2.739508], [13.8329244, -2.7391329], [13.8330638, -2.738656], [13.8330746, -2.7383935], [13.8330531, -2.7380774], [13.8328975, -2.7377719], [13.8326186, -2.737563], [13.8320768, -2.7373433], [13.8314867, -2.7371825], [13.8311648, -2.7372147], [13.830961, -2.7373593], [13.8308591, -2.7376648], [13.8309663, -2.7381416], [13.8310522, -2.738506], [13.8310683, -2.7389668], [13.8308537, -2.7394651], [13.8305989, -2.7397036], [13.8302851, -2.7398134], [13.8300812, -2.7398081], [13.829864, -2.7397116], [13.8296252, -2.739433], [13.8293838, -2.7391383], [13.828724, -2.7385435], [13.828209, -2.737863], [13.8278282, -2.7376005], [13.8274366, -2.7375469], [13.8269645, -2.7376487], [13.82653, -2.737997], [13.8260901, -2.7383024], [13.8258782, -2.738364], [13.8256556, -2.7383399], [13.825441, -2.7381631], [13.8252157, -2.7376862], [13.8251191, -2.7373593], [13.8249636, -2.7370057], [13.8246578, -2.736786], [13.824352, -2.7367324], [13.8240731, -2.7368396], [13.8238102, -2.7369896], [13.8234669, -2.7370646], [13.8232362, -2.7370325], [13.8229573, -2.736786], [13.8228607, -2.7363064], [13.8230029, -2.7358269], [13.823263, -2.7353312], [13.8232738, -2.7350847], [13.8231611, -2.7350124], [13.8229573, -2.7350285], [13.8227776, -2.7351062], [13.822327, -2.7356125], [13.8219461, -2.7358724], [13.8216108, -2.7358805], [13.8214257, -2.7357599], [13.8212192, -2.7353821], [13.8210475, -2.734707], [13.8210153, -2.7339568], [13.8214284, -2.732778], [13.8214177, -2.7324886], [13.8212621, -2.7322582], [13.8209456, -2.732001], [13.8205433, -2.7317385], [13.8200819, -2.7313634], [13.8197601, -2.7309133], [13.8192773, -2.7302381], [13.8185477, -2.7297023], [13.8176894, -2.7291772], [13.8170671, -2.728845], [13.8163912, -2.7287057], [13.8152861, -2.728845], [13.814578, -2.7287378], [13.8136232, -2.7281162], [13.8125718, -2.7271732], [13.8113594, -2.7258014], [13.8105547, -2.724494], [13.8088113, -2.7205449], [13.8082963, -2.7192964], [13.8081729, -2.7187713], [13.8082695, -2.7181283], [13.8086235, -2.7173459], [13.8091922, -2.7162742], [13.8099217, -2.7151704], [13.8106191, -2.7145703], [13.8114104, -2.7139219], [13.8115633, -2.713445], [13.8116142, -2.713303], [13.8115954, -2.7131208], [13.8114774, -2.7130163], [13.8112575, -2.7129681], [13.8108551, -2.7130217], [13.8102972, -2.713011], [13.8095516, -2.7128127], [13.8089025, -2.7124698], [13.8087094, -2.7121858], [13.8086718, -2.7119179], [13.8087952, -2.7116821], [13.8090956, -2.7114303], [13.8096321, -2.7110337], [13.8108605, -2.7100639], [13.8111126, -2.7096513], [13.8111985, -2.7091904], [13.8113487, -2.70754], [13.8117671, -2.7056646], [13.8119388, -2.7050216], [13.812046, -2.7045983], [13.8120836, -2.704116], [13.811751, -2.702905], [13.8117349, -2.7021923], [13.8119066, -2.7019458], [13.8124645, -2.7017315], [13.8129151, -2.7014207], [13.8135266, -2.7007991], [13.8141811, -2.6995667], [13.8141703, -2.6989344], [13.8139343, -2.6984735], [13.8133013, -2.6980449], [13.8124752, -2.6975626], [13.8119173, -2.6967374], [13.8108444, -2.6934687], [13.8102758, -2.6921077], [13.8094818, -2.6908645], [13.8085914, -2.6901572], [13.8079047, -2.689332], [13.8069928, -2.6884639], [13.8060486, -2.6880888], [13.8036561, -2.6875637], [13.8009041, -2.6869635], [13.7994182, -2.6866098], [13.7985545, -2.6863205], [13.7977982, -2.6861544], [13.7973744, -2.6858704], [13.7972778, -2.685581], [13.7973207, -2.6852059], [13.7975836, -2.6844557], [13.7978518, -2.6834805], [13.7980342, -2.6825909], [13.7980074, -2.6816746], [13.7977445, -2.6809405], [13.7972349, -2.6801474], [13.796736, -2.6796116], [13.7963444, -2.6794562], [13.7960011, -2.6794562], [13.7956256, -2.6796598], [13.795132, -2.6800296], [13.7947029, -2.6801474], [13.793968, -2.6801153], [13.7931204, -2.6799009], [13.7924015, -2.6799117], [13.7920582, -2.6799652], [13.7913716, -2.6805547], [13.7902558, -2.6813692], [13.7889147, -2.6817764], [13.7878954, -2.6818622], [13.7870157, -2.6816371], [13.7865972, -2.6812084], [13.7863666, -2.6805011], [13.7862647, -2.6799438], [13.7863666, -2.6795366], [13.7865329, -2.6793651], [13.786785, -2.679408], [13.7871391, -2.679767], [13.7874448, -2.6800081], [13.7878203, -2.6801796], [13.788346, -2.6802493], [13.788979, -2.6801903], [13.7895584, -2.679992], [13.7897408, -2.679692], [13.7897837, -2.6793919], [13.789655, -2.6792633], [13.7893653, -2.6792258], [13.7888932, -2.6792686], [13.7885821, -2.6792338], [13.7883863, -2.6791642], [13.7882173, -2.6789846], [13.7880456, -2.6783577], [13.7877345, -2.6767287], [13.7873053, -2.6758927], [13.786447, -2.675164], [13.7842584, -2.6732778], [13.7834859, -2.6725276], [13.78281, -2.6718631], [13.7825417, -2.671338], [13.7824988, -2.6706199], [13.7827241, -2.6696982], [13.783046, -2.6686051], [13.7830031, -2.6681121], [13.7828636, -2.6673726], [13.7821984, -2.6665045], [13.7817585, -2.6659794], [13.7815225, -2.6655828], [13.7813616, -2.6649719], [13.7814474, -2.6640074], [13.7815869, -2.6627535], [13.7811899, -2.6598384], [13.7812221, -2.6594311], [13.7814045, -2.659131], [13.781898, -2.6590346], [13.7830996, -2.6584344], [13.7849343, -2.6575556], [13.7854385, -2.6569876], [13.7858462, -2.6562802], [13.7861681, -2.6553157], [13.7863827, -2.654544], [13.7862217, -2.6537509], [13.7851113, -2.6520576], [13.7837326, -2.6510127], [13.7826544, -2.6507072], [13.7821662, -2.6507233], [13.7817961, -2.6509055], [13.7815332, -2.6513074], [13.7813508, -2.6524434], [13.781206, -2.6536652], [13.7808949, -2.6550477], [13.7806642, -2.6554496], [13.7804496, -2.6556104], [13.780235, -2.655605], [13.7800902, -2.6554764], [13.7800205, -2.6550424], [13.7800741, -2.6540725], [13.7800741, -2.6532258], [13.7799293, -2.6520147], [13.7795216, -2.6506161], [13.7789798, -2.6494158], [13.7781537, -2.6480332], [13.777703, -2.6471544], [13.7777004, -2.6467847], [13.7778693, -2.6465917], [13.7781201, -2.6464631], [13.7784246, -2.6464605], [13.7786821, -2.6466614], [13.7788886, -2.6468249], [13.7793472, -2.646924], [13.7798166, -2.6468677], [13.7800151, -2.6467793], [13.7803102, -2.6467793], [13.7805542, -2.6468597], [13.7807929, -2.6469936], [13.7815762, -2.6474759], [13.7823647, -2.647567], [13.7826544, -2.6474813], [13.7828743, -2.6473152], [13.7831533, -2.64679], [13.7832284, -2.6461309], [13.7831265, -2.6456111], [13.7827349, -2.644609], [13.7821555, -2.6429693], [13.7821555, -2.6412652], [13.7823808, -2.6399041], [13.7831318, -2.6380285], [13.7836361, -2.6357457], [13.7835395, -2.6351884], [13.7831533, -2.6345561], [13.7818122, -2.6336558], [13.7808788, -2.6328627], [13.780117, -2.6316087], [13.7793445, -2.629551], [13.7784648, -2.6270645], [13.7776065, -2.6244923], [13.7756109, -2.6199051], [13.7738836, -2.6169471], [13.7722421, -2.6152966], [13.7707722, -2.6141498], [13.7689537, -2.6129494], [13.7687015, -2.6124671], [13.7686318, -2.6118669], [13.7688035, -2.6115347], [13.7691253, -2.6111488], [13.7692487, -2.6108273], [13.7693828, -2.6104039], [13.7694526, -2.6095251], [13.7692434, -2.6083086], [13.7689376, -2.607344], [13.7687284, -2.6071243], [13.7684494, -2.6070761], [13.7679613, -2.6072261], [13.766942, -2.60818], [13.7667006, -2.6083354], [13.7663627, -2.6084265], [13.7657082, -2.6083408], [13.7624895, -2.6075477], [13.7603116, -2.6068725], [13.7597591, -2.6066099], [13.7594935, -2.6062616], [13.7593996, -2.6059507], [13.7595391, -2.6054899], [13.7598073, -2.6050076], [13.7604296, -2.6046646], [13.7614059, -2.6046378], [13.7622321, -2.6047825], [13.7627363, -2.6048361], [13.7629294, -2.6047664], [13.7630743, -2.6045789], [13.7631869, -2.6043163], [13.7631655, -2.6039894], [13.76279, -2.6033892], [13.7618565, -2.6026497], [13.7603545, -2.6006669], [13.7600756, -2.5998416], [13.7600648, -2.5990485], [13.7609339, -2.5972693], [13.7627685, -2.5939254], [13.7633693, -2.5931215], [13.7642491, -2.592532], [13.765676, -2.5916317], [13.7669206, -2.5907207], [13.7683689, -2.5896918], [13.7688839, -2.5889737], [13.7691522, -2.5881806], [13.7690771, -2.5872481], [13.7687337, -2.5861871], [13.7687015, -2.5853993], [13.7689161, -2.5845258], [13.7695491, -2.583529], [13.7697101, -2.582768], [13.7696671, -2.582559], [13.7695652, -2.5823822], [13.768959, -2.5821035], [13.7681973, -2.5819535], [13.7679827, -2.5817981], [13.767854, -2.5815569], [13.7678325, -2.5811282], [13.767972, -2.5806137], [13.76809, -2.5798313], [13.7677038, -2.5782451], [13.7666416, -2.5747081], [13.7660515, -2.5721251], [13.7657994, -2.5694831], [13.7656921, -2.5693062], [13.7654668, -2.5692151], [13.7648821, -2.5691991], [13.7628007, -2.5695313], [13.7553978, -2.570646], [13.7493682, -2.5711176], [13.7466323, -2.5710426], [13.7452912, -2.5707853], [13.7448728, -2.5706031], [13.7443793, -2.5701851], [13.7440467, -2.5696171], [13.7438428, -2.5694402], [13.7433493, -2.5691026], [13.7421799, -2.5684274], [13.7393153, -2.5668625], [13.7370515, -2.5649386], [13.7362254, -2.563765], [13.736161, -2.5633577], [13.7362897, -2.5629183], [13.7370193, -2.5621144], [13.7380278, -2.5611498], [13.7395191, -2.5598207], [13.7402487, -2.5589418], [13.740313, -2.5585238], [13.7402594, -2.5580737], [13.740136, -2.5579665], [13.7398893, -2.5579611], [13.7393153, -2.5582559], [13.7376094, -2.5589954], [13.7368047, -2.5592366], [13.7358928, -2.5594456], [13.7342513, -2.5591026], [13.7330603, -2.5584702], [13.7325883, -2.5579129], [13.7324595, -2.5572591], [13.7324166, -2.5558872], [13.732202, -2.554751], [13.7316871, -2.5542366], [13.7310541, -2.5541294], [13.7301636, -2.5542473], [13.7295735, -2.5545688], [13.7282002, -2.5557264], [13.7269556, -2.5564767], [13.7262475, -2.5564981], [13.7253356, -2.5562302], [13.7245309, -2.5556621], [13.7233078, -2.5539043], [13.7217951, -2.5525217], [13.7202501, -2.5515677], [13.7183028, -2.5510158], [13.7171334, -2.5509997], [13.7143171, -2.5515034], [13.7126756, -2.5517607], [13.7122625, -2.551541], [13.7120479, -2.5512355], [13.7118709, -2.5506996], [13.7121177, -2.5501101], [13.7139382, -2.5491291], [13.7162557, -2.5480144], [13.7184799, -2.5470554], [13.7199283, -2.5465195], [13.7204486, -2.5460479], [13.7206256, -2.5456781], [13.72069, -2.5452333], [13.720572, -2.5445794], [13.7197566, -2.5432933], [13.7179756, -2.5408495], [13.7167954, -2.5389845], [13.715744, -2.5371838], [13.7147784, -2.5365407], [13.7126434, -2.5358548], [13.711034, -2.5355761], [13.7102616, -2.5353617], [13.7100041, -2.5346758], [13.7099612, -2.5338504], [13.7103581, -2.5333252], [13.71205, -2.5318084], [13.7140918, -2.53086], [13.7159371, -2.5298096], [13.7164092, -2.5286306], [13.7163663, -2.5275802], [13.7167525, -2.5268835], [13.7175431, -2.5263206], [13.7184906, -2.5260153], [13.7189412, -2.5255973], [13.7192416, -2.5245147], [13.7189197, -2.5234], [13.7174573, -2.5219474], [13.7170281, -2.5205755], [13.717629, -2.518689], [13.7196031, -2.5169741], [13.721559, -2.514568], [13.7236371, -2.5119149], [13.724885, -2.5098733], [13.7258935, -2.50893], [13.7266874, -2.5083512], [13.7269771, -2.5074294], [13.7270093, -2.5065934], [13.7266981, -2.5052965], [13.7255394, -2.502381], [13.7231147, -2.4987474], [13.7224495, -2.4979649], [13.720926, -2.4971181], [13.7198317, -2.4968716], [13.719306, -2.4964214], [13.7189734, -2.4954032], [13.7188306, -2.494047], [13.7187448, -2.4918497], [13.7181902, -2.4888004], [13.7171998, -2.4870477], [13.7153363, -2.4863994], [13.7136807, -2.4867047], [13.7122216, -2.488677], [13.7098184, -2.4909922], [13.7085771, -2.4913515], [13.7069249, -2.4911586], [13.7053552, -2.490049], [13.7050118, -2.488677], [13.7055268, -2.4855042], [13.7050977, -2.4825887], [13.7036386, -2.4779582], [13.7016248, -2.4749947], [13.6998439, -2.4740085], [13.6979341, -2.4735155], [13.6956382, -2.473344], [13.6945009, -2.4727651], [13.6936855, -2.4712431], [13.6933389, -2.4650956], [13.6943688, -2.4615798], [13.6959386, -2.4594737], [13.6986604, -2.4572064], [13.7011206, -2.4545537], [13.7017, -2.4525921], [13.7015605, -2.4509628], [13.7008309, -2.4498159], [13.6989856, -2.448819], [13.6961102, -2.4480044], [13.6950159, -2.4480151], [13.6943078, -2.4484439], [13.6933389, -2.4494887], [13.6929955, -2.4522328], [13.6925053, -2.4539213], [13.6917543, -2.4554434], [13.6901021, -2.457137], [13.6877632, -2.4578016], [13.6865186, -2.4573728], [13.6855283, -2.4563489], [13.6854243, -2.4556578], [13.6857998, -2.4553362], [13.6869156, -2.4552183], [13.6876881, -2.4550361], [13.6880314, -2.4545859], [13.6880958, -2.4539159], [13.6879992, -2.453514], [13.6875164, -2.4529887], [13.6854424, -2.4500033], [13.6830425, -2.4471897], [13.681755, -2.4449387], [13.6809397, -2.4418731], [13.6806285, -2.4329762], [13.6801779, -2.4310039], [13.6793518, -2.429932], [13.678236, -2.4295461], [13.6768594, -2.4295941], [13.6733403, -2.4328527], [13.6716237, -2.43311], [13.6699748, -2.4327618], [13.6688804, -2.4320115], [13.6637273, -2.4259067], [13.6632123, -2.4242773], [13.6630406, -2.421962], [13.6638989, -2.4199896], [13.6655545, -2.4180122], [13.667829, -2.4161041], [13.6680007, -2.4154181], [13.667829, -2.4143033], [13.6666455, -2.4129578], [13.6649001, -2.4112268], [13.6643422, -2.410305], [13.664192, -2.4093402], [13.6645567, -2.4083112], [13.6655974, -2.4074], [13.6668634, -2.4068426], [13.6680007, -2.406178], [13.6689126, -2.4051918], [13.6694598, -2.4039055], [13.6697173, -2.4019117], [13.6695671, -2.3974953], [13.6689877, -2.3958445], [13.6677646, -2.3945796], [13.6663699, -2.3940008], [13.6647391, -2.3936792], [13.6635804, -2.3929288], [13.6626363, -2.3914066], [13.6621964, -2.3895629], [13.6616599, -2.3880193], [13.6615097, -2.3870974], [13.6617672, -2.3859611], [13.6627114, -2.3850714], [13.6643314, -2.3838172], [13.6652219, -2.3830347], [13.6654365, -2.3819306], [13.6653399, -2.3810194], [13.6652648, -2.3797438], [13.6651254, -2.3790577], [13.6653829, -2.3783502], [13.6660373, -2.3775892], [13.6670029, -2.3766244], [13.6689663, -2.3746627], [13.671509, -2.3717684], [13.6719918, -2.3709859], [13.6720025, -2.3704928], [13.6719382, -2.3700211], [13.6715197, -2.3682738], [13.6711872, -2.3670517], [13.6712623, -2.3660655], [13.6717129, -2.3651222], [13.6722922, -2.3636107], [13.6723995, -2.3625602], [13.6719811, -2.3615097], [13.6711764, -2.36077], [13.670361, -2.3602876], [13.669095, -2.3593228], [13.6687517, -2.3589262], [13.6684835, -2.3582401], [13.6682045, -2.356332], [13.6680973, -2.3553083], [13.6677754, -2.3549492], [13.6673677, -2.3546865], [13.6665469, -2.3544078], [13.6656403, -2.3543114], [13.6646694, -2.3542417], [13.6640417, -2.3539094], [13.6636233, -2.3534162], [13.663044, -2.3517976], [13.662647, -2.3507899], [13.6617136, -2.3492462], [13.658967, -2.3468343], [13.6568212, -2.3435754], [13.6562204, -2.3419675], [13.6561453, -2.3398449], [13.6564779, -2.3394108], [13.6568534, -2.3392661], [13.6573631, -2.3393465], [13.6578834, -2.3396252], [13.6583394, -2.3400245], [13.6586049, -2.3400218], [13.6587471, -2.3399655], [13.6588141, -2.3397806], [13.6586988, -2.3392661], [13.6582804, -2.3385264], [13.6577117, -2.3370899], [13.6560273, -2.3348173], [13.6551475, -2.3328341], [13.6550564, -2.3316817], [13.6552441, -2.3311511], [13.6555499, -2.3309796], [13.6558878, -2.3309581], [13.6561936, -2.3310653], [13.656435, -2.3313172], [13.6565155, -2.3320033], [13.6566925, -2.3325875], [13.6578083, -2.3336703], [13.6592138, -2.3340669], [13.6603832, -2.3341098], [13.6615097, -2.3339383], [13.6620355, -2.3335738], [13.6620569, -2.3329949], [13.6617029, -2.3325447], [13.6602008, -2.3318479], [13.6596215, -2.330926], [13.6594605, -2.3303792], [13.6594391, -2.328932], [13.6595034, -2.3270453], [13.6590314, -2.3240437], [13.656671, -2.3198843], [13.6561346, -2.3188767], [13.6554587, -2.3184693], [13.6536562, -2.3184264], [13.652519, -2.3180191], [13.6520898, -2.3175045], [13.6516285, -2.3164647], [13.6511886, -2.3159822], [13.6502874, -2.3156285], [13.6480772, -2.3151354], [13.6463928, -2.3145243], [13.6450088, -2.3138811], [13.6444294, -2.3130235], [13.645159, -2.3124553], [13.646146, -2.3121016], [13.6462855, -2.3112225], [13.6470365, -2.3107187], [13.6480772, -2.3104185], [13.6491448, -2.3100594], [13.6496544, -2.3089177], [13.6504, -2.3075616], [13.6504269, -2.3066718], [13.6498582, -2.3057124], [13.6490643, -2.3044903], [13.6480719, -2.3036327], [13.6471975, -2.3033486], [13.6467361, -2.3033164], [13.6461997, -2.3036005], [13.6459905, -2.3041472], [13.6459422, -2.3053854], [13.6456364, -2.3060018], [13.6445689, -2.30724], [13.6436623, -2.3082691], [13.6425412, -2.3089391], [13.6413985, -2.30925], [13.6402827, -2.3087569], [13.6388558, -2.3080655], [13.6378607, -2.3070953], [13.6373618, -2.3061573], [13.6373135, -2.3053131]], [[13.6373135, -2.3053131], [13.6375844, -2.3046779], [13.6379546, -2.3042518], [13.6374718, -2.3035496], [13.63693, -2.3030458], [13.6367852, -2.3024856], [13.636415, -2.302164]], [[13.636415, -2.302164], [13.6355916, -2.3016468], [13.6352241, -2.3014163], [13.6356747, -2.3009902], [13.6364096, -2.3006632], [13.6370426, -2.3003523], [13.6382872, -2.3000843], [13.6389095, -2.2997305], [13.6391455, -2.2991088], [13.6390328, -2.2983583], [13.6384964, -2.2973131], [13.6375523, -2.2948743], [13.6368924, -2.2935182], [13.635782, -2.2921835], [13.6348164, -2.2910311], [13.6342531, -2.2897125], [13.6342049, -2.2887208], [13.6347038, -2.2879758], [13.6351865, -2.2876917], [13.635723, -2.2876327], [13.6356264, -2.2882116], [13.635503, -2.288887], [13.6358303, -2.2892729], [13.636415, -2.2891497], [13.6369246, -2.2890478], [13.6373806, -2.2889406], [13.6380994, -2.2879704], [13.6385822, -2.2871021], [13.6392796, -2.2864857], [13.6399555, -2.286223], [13.640728, -2.2863356], [13.6417687, -2.2861105], [13.6427289, -2.2855155], [13.6431259, -2.285092], [13.6430937, -2.2846311], [13.6425626, -2.2842773], [13.641715, -2.2835537], [13.6407924, -2.2825888], [13.6398482, -2.2821922], [13.6387324, -2.2821815], [13.6382496, -2.2815704], [13.6383784, -2.2809165], [13.6392581, -2.2804769], [13.6396337, -2.2799034], [13.6397141, -2.2784079], [13.6396605, -2.2777486], [13.6398321, -2.2771804], [13.6402398, -2.2769178], [13.6407977, -2.2763818], [13.6411786, -2.2757278], [13.6412537, -2.274972], [13.6410445, -2.2744146], [13.6406261, -2.2740179], [13.6403042, -2.2739053], [13.6399502, -2.2740233], [13.6395585, -2.2742806], [13.6390436, -2.2744735], [13.6385822, -2.2740822], [13.6378473, -2.2730477], [13.6369783, -2.2718095], [13.6359912, -2.2695689], [13.6348057, -2.2666637], [13.6341941, -2.2640533], [13.6333358, -2.2616358], [13.6319089, -2.2583178], [13.6309326, -2.2558039], [13.6305034, -2.2544638], [13.6304551, -2.2527807], [13.6315495, -2.2514352], [13.6334592, -2.2495913], [13.6351061, -2.2478439], [13.6361736, -2.2468629], [13.6376059, -2.2458498], [13.6386895, -2.2458016], [13.6396551, -2.2466271], [13.6408728, -2.2468576], [13.6423051, -2.2463215], [13.64326, -2.2457587], [13.6436891, -2.2451422], [13.643378, -2.2441292], [13.6423856, -2.2435824], [13.6414951, -2.2434162], [13.6406583, -2.2427355], [13.6397409, -2.2415616], [13.6392528, -2.240527], [13.639226, -2.2394067], [13.6396176, -2.2377986], [13.640551, -2.2366033], [13.6418384, -2.2365014], [13.6433405, -2.2364317], [13.6437052, -2.2358421], [13.6436731, -2.2349791], [13.6438662, -2.2339553], [13.6440861, -2.2330065], [13.6435872, -2.2313555], [13.6429971, -2.2301601], [13.6425948, -2.2287289], [13.6435282, -2.2282251], [13.6443114, -2.2285413], [13.6448586, -2.2281071], [13.6449444, -2.2275175], [13.6444241, -2.2263865], [13.6446065, -2.2259201], [13.644982, -2.2255395], [13.6451214, -2.2248212], [13.6444724, -2.2233686], [13.6438984, -2.2213959], [13.6439949, -2.2203346], [13.6448318, -2.2190159], [13.6450169, -2.2184119], [13.6453789, -2.2172309], [13.645792, -2.2147651], [13.6457759, -2.2132642], [13.6452502, -2.2105465], [13.6450303, -2.2076518], [13.644864, -2.2050788], [13.64407, -2.203342], [13.6435604, -2.202345], [13.642509, -2.2010478], [13.6411142, -2.1999864], [13.639462, -2.199504], [13.6378956, -2.1997613], [13.6359751, -2.1989143], [13.6345696, -2.1981638], [13.6336791, -2.1972097], [13.6331534, -2.1951941], [13.6326599, -2.1937039], [13.6322307, -2.192664], [13.6304176, -2.1907556], [13.6274242, -2.1880647], [13.6259222, -2.1867138], [13.6248708, -2.1856846], [13.6241841, -2.184055], [13.6242056, -2.1823611], [13.6246562, -2.1809781], [13.6249995, -2.1800025], [13.6253536, -2.1792091], [13.6256003, -2.1779654], [13.6257934, -2.1753495], [13.6255145, -2.1737628], [13.6245489, -2.1724333], [13.6227894, -2.170525], [13.6209269, -2.1689974], [13.6196244, -2.167641], [13.6182618, -2.1654646], [13.6169958, -2.1640923], [13.6146354, -2.1629344], [13.6098933, -2.1598896], [13.6043143, -2.1552795], [13.6022758, -2.1523204], [13.6011386, -2.1494685], [13.6003876, -2.1475816], [13.600409, -2.1455981], [13.6006558, -2.1446332], [13.6012459, -2.1442365], [13.6027694, -2.1441079], [13.604958, -2.1433574], [13.6067819, -2.1421566], [13.6084986, -2.1404197], [13.6101937, -2.1376965], [13.6106229, -2.1354236], [13.6105156, -2.1341799], [13.6099148, -2.1330005], [13.6084771, -2.1316496], [13.60587, -2.1306418], [13.6049366, -2.1301165], [13.6041319, -2.1292159], [13.602426, -2.1262032], [13.600173, -2.1224077], [13.5970187, -2.1182907], [13.5942292, -2.1155246], [13.590678, -2.1131122], [13.5904527, -2.1124689], [13.5904312, -2.1118149], [13.5907263, -2.1112199], [13.5913324, -2.1105283], [13.5924697, -2.1084483], [13.5927486, -2.1069259], [13.5926628, -2.1042455], [13.5928988, -2.1015436], [13.5938, -2.0991634], [13.5940361, -2.0980484], [13.5939288, -2.0959684], [13.5931992, -2.0941242], [13.5920405, -2.0929234], [13.5888219, -2.0914224], [13.584773, -2.0894538], [13.5835004, -2.0882916], [13.5825991, -2.0867906], [13.5824489, -2.084925], [13.5833716, -2.0822231], [13.5861826, -2.079607], [13.58953, -2.0761868], [13.5913002, -2.0737101], [13.5914826, -2.0723377], [13.5914719, -2.0719302], [13.5913432, -2.0714478], [13.5908014, -2.0711047], [13.5895729, -2.0704989], [13.5887307, -2.0701183], [13.5883498, -2.0699976], [13.587867, -2.0698368], [13.5875827, -2.0696599], [13.5873789, -2.0694079], [13.587293, -2.0689228], [13.5873286, -2.0678959], [13.5874432, -2.0662798], [13.5873628, -2.0645751], [13.5871053, -2.0631169], [13.586719, -2.0617445], [13.5854959, -2.0603721], [13.5841441, -2.0594714], [13.5825562, -2.058678], [13.5804748, -2.0572842], [13.5777068, -2.0556115], [13.5732007, -2.053703], [13.5692739, -2.051816], [13.5685229, -2.050658], [13.5685015, -2.0498002], [13.5692096, -2.048921], [13.5707545, -2.0478274], [13.5720634, -2.0470769], [13.5728413, -2.0469696], [13.573705, -2.0470501], [13.5746383, -2.0473342], [13.5758185, -2.0475701], [13.5770631, -2.0470554], [13.5790372, -2.0458117], [13.5795951, -2.045104], [13.5800886, -2.0437959], [13.5798311, -2.0424664], [13.5786724, -2.0416301], [13.5769451, -2.0411476], [13.5762691, -2.0410297], [13.5758614, -2.0408152], [13.5755396, -2.0400111], [13.5753786, -2.0389496], [13.5754108, -2.037813], [13.5752499, -2.0373574], [13.5748798, -2.0369606], [13.5741985, -2.0367837], [13.5734421, -2.0364621], [13.5732436, -2.0360975], [13.5733187, -2.0353684], [13.5735118, -2.034843], [13.5739732, -2.0346393], [13.5752284, -2.0343605], [13.5766446, -2.0341783], [13.5770953, -2.0337815], [13.5771811, -2.0333741], [13.5770953, -2.0327737], [13.5770631, -2.0314227], [13.5772884, -2.0303612], [13.5778785, -2.0291496], [13.5793805, -2.0279702], [13.579874, -2.0273697], [13.580153, -2.0263189], [13.5795951, -2.0253754], [13.5785436, -2.0249036], [13.576591, -2.0246034], [13.57481, -2.0246892], [13.5736298, -2.0252038], [13.5724282, -2.025547], [13.5713768, -2.0254612], [13.5705828, -2.0244533], [13.5693812, -2.0224804], [13.5682332, -2.0202717], [13.5672355, -2.0190493], [13.5657763, -2.0179128], [13.5647464, -2.0169478], [13.5640061, -2.0159185], [13.5625148, -2.0133666], [13.560766, -2.010997], [13.5581159, -2.008949], [13.5568929, -2.0084558], [13.5558736, -2.0083164], [13.5545325, -2.0084344], [13.5529232, -2.0091527], [13.5516679, -2.0092385], [13.5503912, -2.0090026], [13.5480952, -2.0082842], [13.5473764, -2.0080591], [13.546679, -2.0080055], [13.543396, -2.0080912], [13.5418939, -2.007598], [13.541615, -2.0068046], [13.5418725, -2.0055822], [13.5435998, -2.0037594], [13.5448122, -2.0022905], [13.5455847, -2.0019903], [13.5463786, -2.0020653], [13.5477519, -2.0024621], [13.5489535, -2.0024084], [13.5510778, -2.002001], [13.553009, -2.0010574], [13.5542428, -2.0003176], [13.5548812, -1.9995134], [13.5548543, -1.9984197], [13.5546613, -1.9972885], [13.5546827, -1.9963075], [13.5563457, -1.9930264], [13.5572281, -1.992627], [13.5574293, -1.9917317]], [[13.5574293, -1.9917317], [13.5572684, -1.9914449], [13.5570645, -1.991268], [13.5564959, -1.990957], [13.5549188, -1.990185], [13.5532343, -1.9893433], [13.5523438, -1.9885552], [13.5515746, -1.987306], [13.5513031, -1.9862713], [13.5513031, -1.9853599], [13.5516035, -1.9843091], [13.5522687, -1.9829474], [13.5530305, -1.9813926], [13.5536849, -1.9804919], [13.5544038, -1.9799237], [13.5553606, -1.9795578], [13.560017, -1.978314], [13.5642025, -1.9773127], [13.5655993, -1.9768731], [13.5661894, -1.9764281], [13.5664737, -1.9759992], [13.5667527, -1.9753613], [13.5667634, -1.9748144], [13.566581, -1.9743373], [13.5662055, -1.9741443], [13.5657656, -1.9741121], [13.565036, -1.9743587], [13.5641456, -1.9748198], [13.5627079, -1.9755596], [13.5614312, -1.9757633], [13.5581267, -1.9758598], [13.5566997, -1.9757097], [13.5557556, -1.9754202], [13.5544252, -1.9747447], [13.5531592, -1.9736617], [13.551861, -1.9727825], [13.5502517, -1.9718068], [13.5493183, -1.97141], [13.5479772, -1.9709597], [13.5453594, -1.9701233], [13.5441148, -1.96948], [13.5391474, -1.9661882], [13.5381281, -1.9651159], [13.5377955, -1.963797], [13.5379457, -1.9626497], [13.5384714, -1.9614059], [13.539083, -1.9606553], [13.5401773, -1.9600334], [13.5417008, -1.9588325], [13.5421729, -1.9578139], [13.5421085, -1.9567309], [13.5418939, -1.9562162], [13.5413575, -1.9559052], [13.540349, -1.9555728], [13.5386753, -1.9550367], [13.5369909, -1.9541789], [13.5357678, -1.9528386], [13.5352099, -1.9518735], [13.5350275, -1.9507477], [13.5348987, -1.9483887], [13.535049, -1.9473271], [13.5352421, -1.946791], [13.5359287, -1.9460512], [13.5386967, -1.943542], [13.5404381, -1.941628], [13.5413146, -1.9402395], [13.5417652, -1.9389956], [13.5418081, -1.9381271], [13.5415399, -1.9370763], [13.540231, -1.9350282], [13.5383105, -1.9317364], [13.5369372, -1.9286268], [13.5358643, -1.9253992], [13.5348451, -1.922933], [13.5344696, -1.9224183], [13.53396, -1.9219465], [13.5332143, -1.9216409], [13.532517, -1.9212602], [13.5322005, -1.9208956], [13.5320771, -1.9205525], [13.5320878, -1.9200861], [13.5321093, -1.9196947], [13.5321414, -1.9192979], [13.532297, -1.9186331], [13.5324258, -1.9181077], [13.5323683, -1.9167551], [13.5322916, -1.9154699], [13.5324418, -1.9150195], [13.5329139, -1.9146549], [13.5343194, -1.914344], [13.5357034, -1.9143386], [13.5364705, -1.914537], [13.5370675, -1.9148463], [13.5374281, -1.9149337], [13.5376319, -1.9148721], [13.5377794, -1.9147434], [13.5379243, -1.9144083], [13.5381818, -1.913068], [13.5383963, -1.9122959], [13.5387289, -1.9117705], [13.5407674, -1.9098189], [13.5411644, -1.9089611], [13.5413956, -1.9082154], [13.5414433, -1.9073044], [13.5414112, -1.9064573], [13.5411912, -1.9057925], [13.5407191, -1.9049936]], [[13.5407191, -1.9049936], [13.5392719, -1.9040664], [13.5387035, -1.9035059], [13.5382783, -1.9026882], [13.5381818, -1.9016695], [13.5382099, -1.8989164], [13.5378986, -1.8965175], [13.5376091, -1.8946273], [13.5370123, -1.8935576], [13.5364705, -1.8932359], [13.5359019, -1.8931716], [13.5339613, -1.8934048], [13.5327382, -1.8938552], [13.5317188, -1.8939439], [13.5308003, -1.8933592], [13.5300922, -1.8926944], [13.5299206, -1.8919545], [13.5303455, -1.8910273], [13.5312188, -1.8903139], [13.5324633, -1.8890272], [13.533268, -1.8879227], [13.5339975, -1.8854778], [13.5343301, -1.8824539], [13.5347485, -1.8800841], [13.5359609, -1.8781647], [13.5374415, -1.8766313], [13.5398984, -1.8755161], [13.5415721, -1.8743473], [13.5436816, -1.8728005], [13.5446405, -1.8716075], [13.5450429, -1.8707175], [13.5453915, -1.869597], [13.5453701, -1.8678384], [13.5449731, -1.8663479], [13.5436213, -1.8654471], [13.5412931, -1.8647072], [13.5369225, -1.8637609], [13.5324055, -1.8627184], [13.530457, -1.8606538], [13.5297274, -1.8580374], [13.5299635, -1.8573618], [13.5303068, -1.857008], [13.5308003, -1.8569115], [13.5351562, -1.8572224], [13.5407996, -1.8573511], [13.5446901, -1.8565013], [13.5471254, -1.8551264], [13.5489279, -1.8509229], [13.5493999, -1.8479633], [13.5489477, -1.8439662], [13.5479088, -1.8401591], [13.545649, -1.8378348], [13.5429897, -1.8371081], [13.5364139, -1.8391356], [13.5328884, -1.8399446], [13.5305247, -1.8393512], [13.5291218, -1.8375271], [13.5291226, -1.835162], [13.5302322, -1.8327619], [13.533379, -1.8298585], [13.5373235, -1.8248595], [13.5397696, -1.8214066], [13.5415935, -1.8180823], [13.5429668, -1.8162379], [13.5450268, -1.8158947], [13.5470438, -1.8161521], [13.5491681, -1.8170743], [13.5511637, -1.8197552], [13.5523224, -1.8202055], [13.5541248, -1.820227], [13.5573634, -1.8193416], [13.5598392, -1.8174857], [13.5623431, -1.8148867], [13.5663382, -1.8102166], [13.5691235, -1.8060408], [13.5689745, -1.8040516], [13.5674564, -1.8021199], [13.5659899, -1.8013008], [13.5642314, -1.8007103], [13.5620802, -1.8003035], [13.5575948, -1.7998316], [13.5531639, -1.7994151], [13.5479854, -1.7983154], [13.5449335, -1.7979893], [13.5414253, -1.798153], [13.5374021, -1.7979983], [13.5336905, -1.7986024], [13.5312085, -1.7979767], [13.5308647, -1.7975254], [13.5306609, -1.7970106], [13.5306716, -1.7963351], [13.5308747, -1.7952878], [13.5322809, -1.7933968], [13.5376775, -1.787027], [13.5402417, -1.7848394], [13.5443723, -1.7830914], [13.5462821, -1.7822013], [13.5477734, -1.7809574], [13.54846, -1.7790486], [13.5490501, -1.7775687], [13.5496562, -1.77655], [13.5502303, -1.7756814], [13.5513166, -1.773928], [13.5514437, -1.773309]], [[13.5514437, -1.773309], [13.5514952, -1.7731201]], [[13.5514952, -1.7731201], [13.5516089, -1.7724857], [13.5516786, -1.7721774], [13.5516733, -1.7717619], [13.5515928, -1.7713544], [13.5514507, -1.7709402], [13.5513836, -1.7705367], [13.5513595, -1.7702069], [13.551448, -1.7698423], [13.5515311, -1.7696547], [13.5522178, -1.7689817], [13.552875, -1.7683544], [13.5533443, -1.7682364], [13.5537869, -1.768156], [13.5542428, -1.7678129], [13.5543126, -1.7674858], [13.5542697, -1.7670488], [13.5541865, -1.7664536], [13.5540068, -1.7656601], [13.5536849, -1.7651185], [13.5534409, -1.7649496], [13.5519859, -1.7642523], [13.5514389, -1.7638958], [13.5509759, -1.7634188], [13.5507882, -1.7630381], [13.5507667, -1.7627271], [13.5507882, -1.7623303], [13.5511476, -1.761451], [13.5512427, -1.7611628], [13.5511087, -1.7610247], [13.5508847, -1.7610355], [13.5507077, -1.7610569], [13.5497528, -1.7612955], [13.5483366, -1.7616172], [13.5456625, -1.7621668], [13.5447559, -1.7623947], [13.5443589, -1.7624376], [13.5439566, -1.7623866], [13.543801, -1.7623223], [13.5436454, -1.7621695], [13.5436133, -1.7619202], [13.5436293, -1.7615931], [13.5439915, -1.7605475], [13.5440719, -1.7589845], [13.5440934, -1.7575582], [13.5442006, -1.7563894], [13.544383, -1.7538156], [13.5442275, -1.7529417], [13.5439324, -1.7521374], [13.5434032, -1.7504763], [13.5429132, -1.7493385], [13.5425001, -1.7481588], [13.5421622, -1.7477084], [13.5416847, -1.7473224], [13.5401666, -1.7465288], [13.5386378, -1.7452259], [13.5373717, -1.743628], [13.5370177, -1.7430167], [13.5367924, -1.7422285], [13.536712, -1.7417352], [13.5369962, -1.7404966], [13.5370338, -1.7400248], [13.5369855, -1.739569], [13.5367978, -1.7391025], [13.5362828, -1.7380355], [13.5355425, -1.7361963], [13.5355961, -1.7356441], [13.5357517, -1.7352526], [13.5360897, -1.7350328], [13.5382354, -1.7341534], [13.5402471, -1.7335583], [13.5417116, -1.7332151], [13.5421836, -1.7328398], [13.5424518, -1.7324859], [13.5425001, -1.7321266], [13.5423875, -1.731762], [13.5419555, -1.7310805], [13.5416043, -1.7307379], [13.5409713, -1.7304483], [13.5400379, -1.7302446], [13.5378921, -1.7299765], [13.5374951, -1.7296762], [13.5372805, -1.7290756], [13.537302, -1.7283893], [13.5373878, -1.7273813], [13.5377419, -1.7252686], [13.5379565, -1.7233062], [13.5377848, -1.7210112], [13.5375059, -1.7200782], [13.5368407, -1.7193061], [13.5360896, -1.7188128], [13.5339975, -1.7179334], [13.5309076, -1.7165286], [13.529427, -1.7157993], [13.5285902, -1.7148235], [13.5283381, -1.7136974], [13.5282361, -1.7125821], [13.5282254, -1.7118154], [13.5287189, -1.7109199], [13.5297865, -1.7105875], [13.5303497, -1.7103194], [13.5306287, -1.7098422], [13.5315245, -1.7079601], [13.5327583, -1.7066571], [13.5341102, -1.7048286], [13.5343194, -1.7033219], [13.5345501, -1.702212], [13.534829, -1.7015953], [13.5353976, -1.701279], [13.5363257, -1.7013969], [13.538171, -1.7023192], [13.5391313, -1.7025069], [13.5398501, -1.7024962], [13.5410464, -1.7021369], [13.5418295, -1.7016382], [13.5421783, -1.7010752], [13.5423553, -1.7006141], [13.5425752, -1.6996596], [13.543058, -1.6985015], [13.5445976, -1.6951019], [13.5460192, -1.6923297], [13.5463464, -1.6912841], [13.5463679, -1.6900347], [13.5461587, -1.689284], [13.5445869, -1.687166], [13.5425484, -1.6848388], [13.5417974, -1.6843348], [13.5411966, -1.6841739], [13.540231, -1.6843563], [13.5387397, -1.6848496], [13.5376775, -1.684871], [13.5370016, -1.684678], [13.5363793, -1.6841418], [13.5354245, -1.6827369], [13.533783, -1.6808816], [13.5330212, -1.6805706], [13.5322005, -1.680635], [13.5315406, -1.6810425], [13.5295772, -1.6826779], [13.5284829, -1.6830908], [13.5271525, -1.6830157], [13.5250497, -1.6824152], [13.5221797, -1.6811604], [13.5201359, -1.6798253], [13.5173839, -1.6777019], [13.5160857, -1.6762112], [13.5154474, -1.6752621], [13.5140848, -1.6731602], [13.51291, -1.6713692], [13.5124969, -1.6702271], [13.5118532, -1.6692458], [13.5113704, -1.6684308], [13.5111344, -1.6678141], [13.5111505, -1.667294], [13.5114294, -1.6667846], [13.5118049, -1.666436], [13.5126632, -1.6650526], [13.5132855, -1.6640231], [13.514058, -1.6627469], [13.514294, -1.6618943], [13.5144711, -1.6617656], [13.5147178, -1.6616637], [13.5150719, -1.6615913], [13.5182583, -1.6616744], [13.5195512, -1.661594], [13.5219061, -1.6615994], [13.5237998, -1.6618192], [13.5254037, -1.6618943], [13.5274315, -1.6618299], [13.5288477, -1.6615726], [13.5294431, -1.6612776], [13.5300332, -1.660854], [13.5306864, -1.6599586], [13.5316479, -1.6581086], [13.5321736, -1.6578137], [13.5326511, -1.6576582], [13.5330588, -1.6575831], [13.5349309, -1.6575885], [13.5359878, -1.6575483], [13.5368862, -1.6578164], [13.5386217, -1.6579424], [13.5397643, -1.6566769], [13.5401613, -1.6558243], [13.5399735, -1.6548269], [13.5395872, -1.6540494], [13.5378384, -1.6520011], [13.536154, -1.6498455], [13.5352313, -1.6483226], [13.5345232, -1.6465531], [13.5338688, -1.6445369], [13.5329407, -1.6426172], [13.5324418, -1.6420488], [13.5316694, -1.6417056], [13.5306501, -1.6415233], [13.5287619, -1.6413303], [13.5278459, -1.6410327], [13.5272759, -1.6405849], [13.5270317, -1.6400021], [13.5270238, -1.6395393], [13.5271579, -1.6389709], [13.52749, -1.6386279], [13.5284722, -1.6381183], [13.5303873, -1.6376062], [13.5306931, -1.6374829], [13.53098, -1.6372711], [13.5312429, -1.6365499], [13.5313985, -1.636078], [13.5318866, -1.6352093], [13.5324526, -1.6343594], [13.5336649, -1.6328258], [13.5351201, -1.6317024], [13.5375702, -1.630327], [13.5383964, -1.6295656], [13.539036, -1.6283885], [13.5398622, -1.6252462], [13.5401452, -1.624265], [13.5403436, -1.6228413], [13.5403436, -1.6215061], [13.5400861, -1.6207071], [13.5397911, -1.6202138], [13.5392064, -1.6196615], [13.5382582, -1.6187525], [13.5366422, -1.617345], [13.5357785, -1.6168945], [13.5345876, -1.6166532], [13.5338581, -1.6166264], [13.5329622, -1.6169481], [13.5325652, -1.617227], [13.5322112, -1.6177364], [13.5318196, -1.6190662], [13.5312778, -1.6204443], [13.5302907, -1.6220959], [13.5294002, -1.6230182], [13.5285687, -1.623399], [13.5280806, -1.6234633], [13.5276729, -1.6233346], [13.527292, -1.6230343], [13.5264512, -1.6207258], [13.5248351, -1.6166639], [13.5243255, -1.6142295], [13.5243335, -1.6137361], [13.5244811, -1.6131892], [13.5248566, -1.6127388], [13.5253635, -1.6124251], [13.5263747, -1.6121274], [13.5283005, -1.6114411], [13.5297811, -1.6103793], [13.5306072, -1.6093927], [13.5312724, -1.607977], [13.5314387, -1.6069421], [13.5315192, -1.6057999], [13.5313904, -1.604513], [13.530993, -1.6036981]], [[13.530993, -1.6036981], [13.5278606, -1.6012741], [13.5267663, -1.600577], [13.5256398, -1.6001909], [13.5238802, -1.5999657], [13.5227752, -1.600073], [13.5211337, -1.6006843], [13.5182154, -1.6026254], [13.5168314, -1.6032367], [13.5155332, -1.6033118], [13.5140419, -1.6028721], [13.5116279, -1.6014779], [13.5101795, -1.6012098], [13.5088277, -1.6012098], [13.5072124, -1.6017072], [13.5067033, -1.601864], [13.5039139, -1.6038373], [13.5022402, -1.6045666], [13.5007381, -1.6048025], [13.4984422, -1.6046524], [13.495245, -1.603773], [13.4933138, -1.6028506], [13.4915972, -1.6012634], [13.49105, -1.600266], [13.4910178, -1.5992579], [13.4913504, -1.5974669], [13.4915221, -1.5956759], [13.4912217, -1.594657], [13.4907281, -1.5941101], [13.4903097, -1.5938098], [13.4884429, -1.5936274], [13.4850311, -1.5939706], [13.4809327, -1.5949358], [13.4785938, -1.5954077], [13.4757828, -1.5961585], [13.4735083, -1.5962657], [13.4705686, -1.5955364], [13.4666724, -1.5934435], [13.4636593, -1.5915683], [13.4579301, -1.5891123], [13.4541106, -1.5884367], [13.4517395, -1.5881686], [13.4485745, -1.5886726], [13.4455061, -1.5896593], [13.4410643, -1.5911822], [13.4378886, -1.5920187], [13.4358716, -1.5918471], [13.4339833, -1.591075], [13.4327173, -1.5901526], [13.4311294, -1.5883938], [13.4291446, -1.5846294], [13.427664, -1.5825917], [13.4266662, -1.5818088], [13.4256363, -1.5813691], [13.4242415, -1.5811975], [13.4222782, -1.5816372], [13.4200036, -1.5828598], [13.4167635, -1.5839967], [13.4155404, -1.5839216], [13.4148431, -1.5835248], [13.4142852, -1.5826561], [13.413974, -1.58153], [13.4139526, -1.5794601], [13.4140921, -1.578023], [13.4140813, -1.5763606], [13.413502, -1.5749128], [13.4129977, -1.5741084], [13.4118068, -1.5731217], [13.4109807, -1.5728107], [13.4101331, -1.5727464], [13.4078908, -1.5733791], [13.4048652, -1.5740655], [13.400681, -1.5748162], [13.3957672, -1.5764893], [13.3897161, -1.5778835], [13.3850383, -1.577669], [13.382163, -1.5767252], [13.3804464, -1.5753525], [13.3765411, -1.571277], [13.373065, -1.5654856], [13.3721208, -1.5613244], [13.3721637, -1.5575493], [13.3731508, -1.5528947], [13.3733225, -1.5501062], [13.3729577, -1.5480256], [13.3722818, -1.5467708], [13.3704901, -1.5455052], [13.369149, -1.5450333], [13.3669066, -1.5447974], [13.3621752, -1.5446579], [13.3597076, -1.5442504], [13.3580124, -1.5431994], [13.3574116, -1.5424701], [13.357197, -1.540797], [13.357476, -1.5393169], [13.3591604, -1.5370432], [13.361392, -1.5348982], [13.3688759, -1.5305939], [13.3706617, -1.5292354], [13.3719063, -1.5274765], [13.3726144, -1.5250098], [13.3723569, -1.5228433], [13.3715415, -1.5204838], [13.3703399, -1.5184782], [13.3677864, -1.5162259], [13.3589887, -1.510488], [13.3562421, -1.5079569], [13.354268, -1.503581], [13.3517098, -1.4955871], [13.3496332, -1.4881368], [13.3474445, -1.4829886], [13.3448052, -1.4802001], [13.3428794, -1.4786932], [13.3411413, -1.4781945], [13.3395803, -1.4781194], [13.3379173, -1.4784841], [13.3364421, -1.4793904], [13.3344412, -1.4808812], [13.3329284, -1.4818143]], [[13.3329284, -1.4818143], [13.3318019, -1.4818035], [13.3307075, -1.4811815], [13.3298921, -1.480243], [13.3293557, -1.4786986], [13.3294415, -1.4766179], [13.3306646, -1.4735075], [13.334248, -1.4686597], [13.3361578, -1.4656781], [13.337891, -1.4627625], [13.338502, -1.4591034], [13.3382821, -1.4564328], [13.3379388, -1.4553067], [13.3369732, -1.4538373], [13.3361256, -1.4520783], [13.335793, -1.4501263], [13.3358896, -1.4490859], [13.3370054, -1.4463188], [13.3374238, -1.4441094], [13.3375794, -1.4428116], [13.3381319, -1.4414065], [13.3393872, -1.4398192], [13.3405351, -1.4387627], [13.3406532, -1.436816], [13.3403635, -1.4360116], [13.3402991, -1.4341239], [13.3400631, -1.4322148], [13.3391833, -1.4305631], [13.3374882, -1.428847], [13.3355784, -1.4276243], [13.3318019, -1.425994], [13.3274245, -1.4233341], [13.3260512, -1.4222294], [13.3243453, -1.4199234], [13.3235407, -1.4183789], [13.3225536, -1.4170275], [13.3198499, -1.414153], [13.3189916, -1.4129946], [13.3184337, -1.4114073], [13.3185303, -1.4107423], [13.3188629, -1.4101845], [13.3197963, -1.4090905], [13.3201826, -1.4082754], [13.3203864, -1.407117], [13.3203435, -1.4042426], [13.3204293, -1.4020545], [13.3209228, -1.4002634], [13.3214807, -1.3996842], [13.3225322, -1.399416], [13.3254504, -1.3988583], [13.3271026, -1.3980431], [13.3287071, -1.3967417], [13.3299994, -1.3950614], [13.3309006, -1.3922513], [13.3313083, -1.3898916], [13.3311367, -1.3885188], [13.33045, -1.3869743], [13.3284974, -1.3838424], [13.3278966, -1.3813969], [13.3279824, -1.3794663], [13.3293772, -1.3738245], [13.3320164, -1.3673033], [13.3336901, -1.3659518], [13.3357715, -1.3648149], [13.3439898, -1.3624337], [13.3480453, -1.360975], [13.3514786, -1.3589371], [13.3525729, -1.357221], [13.3529591, -1.3555478], [13.3527231, -1.3535957], [13.3518648, -1.351665], [13.3467579, -1.3476106], [13.345921, -1.346581], [13.3452344, -1.3450793], [13.3438074, -1.3395448], [13.343389, -1.3364128], [13.3431744, -1.3339888], [13.3431744, -1.3332379], [13.3434319, -1.3324871], [13.3442902, -1.3309319], [13.3449232, -1.329634], [13.3452344, -1.3283469], [13.3457016, -1.3253937], [13.3458137, -1.3241852], [13.3457064, -1.3228767], [13.3450413, -1.3209889], [13.3444619, -1.3187686], [13.3444726, -1.318243], [13.3447838, -1.3175888], [13.3481097, -1.3147464], [13.352766, -1.312215], [13.354547, -1.3109386], [13.3554268, -1.3098231], [13.3561993, -1.3078066], [13.3572507, -1.303484], [13.3582377, -1.3001804], [13.3592677, -1.2970698], [13.3605444, -1.2940344], [13.3622503, -1.2908058], [13.3633876, -1.2882852], [13.36416, -1.2857431], [13.3642459, -1.2836836], [13.3639669, -1.2816564], [13.3633983, -1.2800368], [13.3618426, -1.2785351]], [[13.3618426, -1.2785351], [13.3584308, -1.2758535], [13.3568859, -1.2746737], [13.3560276, -1.2736869], [13.3540106, -1.2705119], [13.352766, -1.2696324], [13.3504915, -1.2689459], [13.3484745, -1.2687099], [13.3476162, -1.268431], [13.3470797, -1.2680234], [13.3463073, -1.2665218], [13.3454275, -1.2635828], [13.3446121, -1.2613303], [13.3435392, -1.2599144], [13.3400202, -1.2571256], [13.3386683, -1.2565464], [13.336823, -1.256128], [13.3302355, -1.2564069], [13.3282882, -1.256305], [13.3277625, -1.2558867], [13.3272171, -1.2554193], [13.3268505, -1.2545781], [13.3267056, -1.2531408], [13.3272207, -1.2507166], [13.3280736, -1.2489789], [13.3280682, -1.247724], [13.3274002, -1.2458943], [13.3264321, -1.2435514], [13.3250535, -1.2411756], [13.3244365, -1.2398831], [13.3242863, -1.238966], [13.32434, -1.2380811], [13.3246565, -1.2355657], [13.3255309, -1.2305994], [13.3258259, -1.2287652], [13.3260459, -1.2271348], [13.3258957, -1.224952], [13.3253699, -1.2222329], [13.3245492, -1.2195298], [13.3242675, -1.2180433], [13.3235192, -1.2163655], [13.3224034, -1.2149121], [13.3213091, -1.2138716], [13.320145, -1.2128901], [13.3191901, -1.2123056], [13.3180046, -1.2117853], [13.3166474, -1.2116298], [13.3137882, -1.2114903], [13.3111918, -1.2115064], [13.309679, -1.2119462], [13.3079034, -1.211839], [13.3063745, -1.2115601], [13.3052881, -1.2117308], [13.3044084, -1.2121224], [13.3031559, -1.2133836], [13.302952, -1.213877], [13.3028527, -1.2145036], [13.3029199, -1.2157756], [13.3031881, -1.217288], [13.3030701, -1.2178136], [13.3026918, -1.218164], [13.3015144, -1.2186073], [13.3000767, -1.2186824], [13.2987195, -1.2185698], [13.2979256, -1.2184625], [13.2972872, -1.2181032], [13.2967508, -1.2175776], [13.2964905, -1.2170351], [13.2963431, -1.2161456], [13.2963324, -1.21466], [13.2957047, -1.2118872], [13.2950771, -1.2089535], [13.2945485, -1.207022], [13.2939076, -1.2056283], [13.2926953, -1.2037405], [13.2900131, -1.2002115], [13.2877922, -1.1983558], [13.2868159, -1.1975084], [13.2861936, -1.1970686], [13.2854319, -1.1967897], [13.2831466, -1.1963928], [13.2818162, -1.195878], [13.2806468, -1.1950628], [13.2795632, -1.1933572], [13.2786405, -1.191995], [13.277707, -1.1909705], [13.276685, -1.190514]], [[13.276685, -1.190514], [13.2753038, -1.1901178], [13.2742309, -1.1897209], [13.2731929, -1.1891337], [13.2719564, -1.1868248], [13.2712698, -1.1853874], [13.2704758, -1.183521], [13.2696819, -1.1825127], [13.2677722, -1.1810324], [13.2631159, -1.1784795], [13.2609701, -1.1782435], [13.2591247, -1.1783293], [13.2547259, -1.1790588], [13.2521295, -1.1785653], [13.2497664, -1.1771969], [13.2476234, -1.1756691], [13.2457351, -1.1737813], [13.2434606, -1.1701342], [13.2410144, -1.1678173], [13.2338905, -1.1637197], [13.2270026, -1.1609308], [13.2243848, -1.159472], [13.2219171, -1.1567689], [13.2189345, -1.1519848], [13.2165313, -1.1478228], [13.2125509, -1.1438003], [13.2112527, -1.1435107], [13.209461, -1.1435965], [13.2073152, -1.1444868], [13.2041502, -1.1455488], [13.2018542, -1.1455193], [13.1992578, -1.1451841], [13.1947517, -1.1439532], [13.1908221, -1.1426572], [13.1848999, -1.1389886], [13.1820702, -1.1362809], [13.1812334, -1.1346933], [13.180933, -1.1331272], [13.1811974, -1.125933]], [[13.1811974, -1.125933], [13.1816196, -1.1232372], [13.1830787, -1.116844], [13.1849026, -1.1081338], [13.1862115, -1.1014403], [13.1856107, -1.0983509], [13.1847095, -1.0963343], [13.1818342, -1.0916573], [13.1756115, -1.0838053], [13.1662559, -1.0739365], [13.1608915, -1.0659342], [13.1596899, -1.0633168], [13.159647, -1.0601631], [13.1606769, -1.0582966], [13.1624579, -1.0570951], [13.1666851, -1.0555719], [13.1732619, -1.0533192], [13.1736374, -1.0528365], [13.1738198, -1.0523216], [13.173691, -1.0516995], [13.1731868, -1.0504015], [13.1723714, -1.0481273], [13.1721568, -1.0451452], [13.1722855, -1.0408115], [13.1723499, -1.0376792], [13.1719208, -1.0364992], [13.1713629, -1.0356839], [13.1700325, -1.0352763], [13.1647003, -1.0340642], [13.1637883, -1.0338925], [13.1632733, -1.0335493], [13.1629944, -1.0329915], [13.1630695, -1.0319509], [13.1635308, -1.0304491], [13.1644105, -1.0263514], [13.1643247, -1.022747], [13.1636381, -1.0207732], [13.1617391, -1.0160748], [13.1606984, -1.0128995], [13.1606984, -1.0111188], [13.1609344, -1.0093167], [13.161664, -1.0073214], [13.1629729, -1.005176], [13.1633806, -1.00376], [13.1634021, -1.0022153], [13.1629729, -1.001164], [13.1619215, -1.0003273], [13.160162, -0.9997909], [13.1583166, -0.9992331], [13.1572759, -0.9984929], [13.1565463, -0.9971735], [13.1560206, -0.995307], [13.1549692, -0.9937622], [13.1523084, -0.9909946], [13.1479027, -0.9877992], [13.1463003, -0.9861244], [13.1448963, -0.9832576], [13.1441618, -0.9765672], [13.1426842, -0.9738654], [13.1402707, -0.9726081], [13.1360006, -0.9719859], [13.1278895, -0.9736119], [13.1239592, -0.9728009], [13.1213196, -0.9713076], [13.1190677, -0.9692014], [13.1169219, -0.9629151], [13.1160625, -0.959057], [13.1152042, -0.9567828], [13.1134017, -0.9539293], [13.1086635, -0.9487719], [13.1025266, -0.9449101], [13.0995225, -0.9440948], [13.096776, -0.944009], [13.0902099, -0.9452748], [13.0872702, -0.9454894], [13.084352, -0.944953], [13.0801248, -0.9431508], [13.077228, -0.9427003], [13.0738377, -0.9429363], [13.0624437, -0.9444381], [13.0569076, -0.9440519], [13.0532169, -0.9431508], [13.0488395, -0.940705], [13.0386257, -0.9351267], [13.0283904, -0.9309216], [13.0203532, -0.9288916], [13.0156847, -0.9276006], [13.0124997, -0.9260596], [13.0100842, -0.9221725], [13.0092596, -0.91825], [13.0097961, -0.9159329], [13.0111571, -0.9132258], [13.0138635, -0.9096705], [13.0155372, -0.90642], [13.015623, -0.9034163], [13.0154729, -0.8989537], [13.0157304, -0.8951133], [13.016181, -0.8928605], [13.017168, -0.8920237], [13.0182838, -0.891423], [13.0221128, -0.8905516], [13.0251932, -0.8892346], [13.0274462, -0.8878615], [13.0292702, -0.8862952], [13.0303645, -0.883077], [13.0303859, -0.8799874], [13.0292916, -0.877799], [13.0268669, -0.8748811], [13.0233478, -0.8728643], [13.0170393, -0.8707188], [13.0113744, -0.8684445], [13.0080914, -0.8656768], [13.0020833, -0.8595621], [13.00043, -0.8578484], [12.9990363, -0.8568802], [12.996986, -0.8559604], [12.9931247, -0.855389], [12.9885971, -0.8537584], [12.9850646, -0.8514351], [12.9811835, -0.8490061], [12.9768677, -0.8465004], [12.9730832, -0.8449618], [12.9699558, -0.8434599], [12.9683894, -0.842135], [12.9664046, -0.8408423], [12.9655542, -0.8405787], [12.9646611, -0.8407941], [12.9632449, -0.841148], [12.9617643, -0.8419902], [12.959876, -0.8422262], [12.958212, -0.8421056], [12.9558849, -0.8413036], [12.9534602, -0.8413251], [12.9515719, -0.84184], [12.9486108, -0.8437281], [12.9458427, -0.8455732], [12.9432893, -0.8459594], [12.941401, -0.8458307], [12.9400599, -0.8455089], [12.9383727, -0.8445694], [12.9355741, -0.8417623], [12.9327203, -0.8384153], [12.9312826, -0.8366559], [12.9299828, -0.835837], [12.920351, -0.8324854], [12.9115533, -0.8296962], [12.9067897, -0.8282373], [12.9004586, -0.8270547], [12.8961225, -0.8250879], [12.891316, -0.8235002], [12.8870476, -0.8232571], [12.88458, -0.8233429], [12.8825398, -0.823629], [12.8808902, -0.823972], [12.8763831, -0.8249091], [12.8739799, -0.8253382], [12.8718753, -0.8252596], [12.8694738, -0.8244371], [12.8666182, -0.8222558], [12.8639803, -0.819981], [12.8608489, -0.817531], [12.8578663, -0.8165655], [12.8545175, -0.8165696], [12.851512, -0.8171923], [12.8494749, -0.8173205], [12.8472433, -0.8171918], [12.8444524, -0.8176858], [12.8403339, -0.8195519], [12.8380809, -0.8208821], [12.835762, -0.8218267], [12.8344975, -0.8224699], [12.8327808, -0.8230277], [12.8316436, -0.8232422], [12.8302596, -0.8232744], [12.8270074, -0.8223845], [12.8239631, -0.8207279], [12.8218817, -0.818754], [12.8199291, -0.8156429], [12.8182983, -0.8132184], [12.8162169, -0.8120169], [12.8138137, -0.811738], [12.8110456, -0.8121457], [12.8073334, -0.8132184], [12.8032565, -0.813905], [12.8004012, -0.8133298], [12.7982125, -0.812536], [12.7951884, -0.8111373], [12.7926993, -0.8092706], [12.7880215, -0.8047006], [12.7850389, -0.802834], [12.7809834, -0.8012033], [12.7724433, -0.7978563], [12.7691388, -0.797513], [12.7594184, -0.7968264], [12.7558136, -0.7969122], [12.7523374, -0.7977704], [12.7453851, -0.801611], [12.7407717, -0.8039497], [12.736212, -0.8059558], [12.7334654, -0.8054086], [12.7311158, -0.806181], [12.7306652, -0.8072538], [12.7301609, -0.8079404], [12.7294529, -0.8085841], [12.7286589, -0.8089917], [12.7271354, -0.8089059], [12.7240991, -0.8079618], [12.7227473, -0.8064492], [12.7205371, -0.8056768], [12.7188527, -0.8056554], [12.7172327, -0.8059772], [12.7144003, -0.8076186], [12.7121043, -0.809335], [12.7100873, -0.8120169], [12.7085638, -0.8134974], [12.706697, -0.8143341], [12.7045083, -0.8151709], [12.7022552, -0.8172735], [12.6999807, -0.821157], [12.6975238, -0.8285055], [12.696054, -0.8315843], [12.6937365, -0.8354677], [12.6924062, -0.8369482], [12.6900029, -0.8386431], [12.6886028, -0.8410676], [12.688179, -0.8427197], [12.6879001, -0.8444468], [12.6878893, -0.8459809], [12.6876533, -0.8468498], [12.6873636, -0.8474828], [12.6853476, -0.8491012], [12.6824283, -0.8513662], [12.679832, -0.8524604], [12.6773429, -0.8531255], [12.6743388, -0.8530826], [12.6713025, -0.852278], [12.6693977, -0.8522518], [12.6679996, -0.8522819], [12.6656484, -0.8512696], [12.6635563, -0.8511945], [12.662065, -0.8512589], [12.6599836, -0.8518167], [12.6580739, -0.8529109], [12.6553917, -0.856022], [12.6547694, -0.8571913], [12.6540184, -0.8580924], [12.6522696, -0.8591759], [12.6509607, -0.8600663], [12.6492977, -0.8617934], [12.6471734, -0.864411], [12.6424849, -0.8702897], [12.6414335, -0.870633], [12.6404786, -0.8706115]], [[12.6404786, -0.8706115], [12.6364875, -0.8700537], [12.6345563, -0.8690989], [12.6322174, -0.8677258], [12.6299965, -0.8666852], [12.6260376, -0.8658914], [12.6225829, -0.8653979], [12.620008, -0.8643681], [12.6187849, -0.8632953], [12.6179051, -0.8616218], [12.6170683, -0.8594119], [12.6167494, -0.8563273], [12.6167893, -0.8524604], [12.6165962, -0.849049], [12.6161456, -0.8476973], [12.6152015, -0.8465173], [12.6133132, -0.8445648], [12.6116824, -0.8419258], [12.6104808, -0.8391366], [12.609601, -0.8378278], [12.6079273, -0.8362401], [12.6006961, -0.8287951], [12.5979709, -0.8246542], [12.5959968, -0.8193976], [12.5940657, -0.8138299], [12.5924563, -0.8084124], [12.591598, -0.8070393], [12.5902247, -0.8062239], [12.5876973, -0.805647], [12.5850105, -0.8045182], [12.5842273, -0.8036278], [12.5838625, -0.8026516], [12.5830056, -0.7982146], [12.5822264, -0.795818], [12.5814593, -0.7945092], [12.5800109, -0.7930288], [12.5789594, -0.7922349], [12.5774574, -0.7903468], [12.5756979, -0.7863131], [12.574861, -0.7834381], [12.574743, -0.7817753], [12.5749683, -0.780091], [12.5753009, -0.7792435], [12.575891, -0.7785676], [12.5772857, -0.777452], [12.5799251, -0.7764221], [12.5808048, -0.7755853], [12.584238, -0.7701784], [12.5878429, -0.7684835], [12.5908255, -0.7661877], [12.5915122, -0.765072], [12.5921774, -0.7634628], [12.5922417, -0.761918], [12.5919413, -0.7602445], [12.5904608, -0.7566399], [12.5891089, -0.7531426], [12.5881648, -0.7503533], [12.5876713, -0.7490445], [12.5870919, -0.7471779], [12.5861907, -0.7441097], [12.5841093, -0.739089], [12.5823498, -0.7348193], [12.58044, -0.7300131], [12.5803159, -0.7268197], [12.5803756, -0.7253572], [12.5801396, -0.7231043], [12.5795603, -0.7214522], [12.5776291, -0.7194783], [12.5749039, -0.7155089], [12.5737927, -0.7127446], [12.571106, -0.7040902], [12.570033, -0.7016483], [12.5678014, -0.6977004], [12.5656557, -0.6938383], [12.5632095, -0.6878735], [12.5618362, -0.685685], [12.5567293, -0.6809176], [12.5536394, -0.6785186], [12.5507855, -0.6771025], [12.5434685, -0.6746095], [12.5368595, -0.6713093], [12.5307655, -0.6691167], [12.5244569, -0.6666319], [12.5199937, -0.663156], [12.5167751, -0.6585643], [12.5138998, -0.6527711], [12.5123548, -0.6478791], [12.5120115, -0.6442315], [12.5126981, -0.6402836], [12.5138568, -0.6353057], [12.5135994, -0.6318727], [12.5117969, -0.6279247], [12.5085353, -0.6244059], [12.5066042, -0.621874], [12.5050163, -0.6175398], [12.5038147, -0.6119611], [12.5024843, -0.6097726], [12.5009393, -0.6083994], [12.4976778, -0.6068545], [12.4932575, -0.6047947], [12.4895238, -0.6014475], [12.4861335, -0.5961692], [12.4825716, -0.5901184], [12.4793958, -0.5834669], [12.4772071, -0.5766008], [12.476263, -0.5719233], [12.475276, -0.5672457], [12.4734735, -0.5633835], [12.4708342, -0.5588991], [12.468903, -0.5567963], [12.46459, -0.5541572], [12.4587796, -0.5493329], [12.4552345, -0.5445446], [12.4484799, -0.5359439], [12.4462652, -0.5301256], [12.444334, -0.523517], [12.441802, -0.5124453], [12.4390983, -0.4968676], [12.4390125, -0.492705], [12.4393344, -0.4901945], [12.4405575, -0.4871691], [12.4426174, -0.4824271], [12.4436259, -0.4797021], [12.4443984, -0.4768912], [12.444849, -0.4741877], [12.4449992, -0.4725569], [12.4454927, -0.4710764], [12.4468875, -0.468523], [12.4501598, -0.4616139], [12.4550628, -0.4530525], [12.4605131, -0.4439977], [12.4644398, -0.438848], [12.4681306, -0.4351359], [12.4702334, -0.4334408], [12.4735379, -0.4322607], [12.47828, -0.4311449], [12.4791276, -0.4305119], [12.4798787, -0.4295249], [12.4807742, -0.4274568], [12.4825716, -0.4233131], [12.4835372, -0.4204807], [12.4838376, -0.4186784], [12.4831555, -0.4150985], [12.4825287, -0.4129493], [12.4789023, -0.405847], [12.4750614, -0.3997531], [12.4725723, -0.3942601], [12.4714243, -0.391578], [12.4711239, -0.3888958], [12.4702978, -0.3860635], [12.4688816, -0.3824158], [12.4680447, -0.3806348], [12.4667787, -0.3788968], [12.4649978, -0.3775021], [12.4613714, -0.3754422], [12.4590754, -0.3734896], [12.4570798, -0.3710005], [12.4554491, -0.3677819], [12.4539041, -0.3633188], [12.4516725, -0.3591132], [12.4464415, -0.3533876], [12.443638, -0.3507851], [12.4368667, -0.3449943], [12.4326227, -0.3399124], [12.4306655, -0.3379778], [12.4290132, -0.3368835], [12.4240686, -0.33466], [12.4186599, -0.3316908], [12.4175012, -0.3315406], [12.4164726, -0.3319778], [12.4158503, -0.3330078], [12.4159716, -0.3346554], [12.4158643, -0.3378525], [12.4150349, -0.3396166], [12.4135544, -0.3400243], [12.41168, -0.3397194], [12.4098422, -0.3385223], [12.4085333, -0.3369774], [12.4069594, -0.3343765], [12.4058604, -0.3330641], [12.4047231, -0.33212], [12.4031353, -0.3316908], [12.3975577, -0.3318061], [12.3943591, -0.3319483], [12.39187, -0.3316694], [12.3894453, -0.3305321], [12.3845361, -0.3268879], [12.3811841, -0.3251463], [12.3775377, -0.3238669], [12.3735344, -0.3225983], [12.3704767, -0.3210265], [12.3658848, -0.31828], [12.3633957, -0.3163488], [12.3603854, -0.3131122], [12.3584175, -0.3109845], [12.3552096, -0.3079697], [12.3535252, -0.3063175], [12.352345, -0.3051481], [12.348573, -0.3035208], [12.3455429, -0.3022728], [12.3439121, -0.3012428], [12.3419165, -0.2995477], [12.3401141, -0.2989684], [12.3377108, -0.298625], [12.3281407, -0.2981744], [12.326746, -0.2979813], [12.3257804, -0.297402], [12.3227978, -0.2934753], [12.3172402, -0.2863943], [12.3153734, -0.2843559], [12.3126268, -0.2830684], [12.3071765, -0.2815234], [12.2922681, -0.2791452], [12.2855043, -0.2757729], [12.2813415, -0.2704515], [12.2804403, -0.2635851], [12.2817492, -0.2580491], [12.2835731, -0.2543369], [12.2871995, -0.2480928], [12.2901821, -0.2423422], [12.2914481, -0.2375357], [12.2923064, -0.2318924], [12.2926283, -0.2295965], [12.2936368, -0.2273649], [12.2959341, -0.2241972], [12.2973918, -0.2205414], [12.2970485, -0.2175802], [12.2959327, -0.216164], [12.2914695, -0.214147], [12.2859335, -0.2124733], [12.2796249, -0.2111001], [12.2736168, -0.2086968], [12.2692609, -0.2054997], [12.2644114, -0.2014656], [12.260313, -0.1967021], [12.2560859, -0.1937838], [12.2529316, -0.1922604], [12.249434, -0.1918527], [12.2447991, -0.1920243], [12.2361946, -0.193977], [12.2325253, -0.1958652], [12.2308731, -0.1976677], [12.2295856, -0.2008005], [12.2281265, -0.2035041], [12.2254872, -0.2050061], [12.2210455, -0.2058644], [12.2159385, -0.2059073], [12.2033214, -0.2035041], [12.1944809, -0.2009721], [12.1830914, -0.1936586], [12.1762633, -0.1877328], [12.1749973, -0.1855656], [12.173903, -0.1824972], [12.1722982, -0.17204], [12.1715855, -0.16767], [12.1707907, -0.1637976]], [[12.1707907, -0.1637976], [12.1688916, -0.159257], [12.1666082, -0.1543687], [12.1653842, -0.1517484], [12.164011, -0.1483581], [12.1613962, -0.1416149], [12.1577882, -0.1366423], [12.1543121, -0.1342819], [12.1466042, -0.1313248], [12.1408874, -0.1295383], [12.135528, -0.1258224], [12.1304512, -0.1228665], [12.1264171, -0.1220511], [12.1190357, -0.122609], [12.1127271, -0.1244114], [12.1080493, -0.1247118], [12.1028566, -0.1235961], [12.0967626, -0.1206349], [12.0927715, -0.1185321], [12.0886516, -0.1171158], [12.0806264, -0.1163863], [12.0717001, -0.1161074], [12.0668721, -0.1169657], [12.0627951, -0.1188539], [12.0591167, -0.1196258], [12.0554224, -0.1248935], [12.0511865, -0.1284026], [12.0500064, -0.1289605], [12.0476675, -0.1289176], [12.045865, -0.1282524], [12.0413589, -0.1212357], [12.0351791, -0.1176952], [12.030952, -0.1146697], [12.0279479, -0.1138758], [12.025373, -0.1137685], [12.0224084, -0.114389], [12.016747, -0.1156997], [12.0093655, -0.115764], [12.001276, -0.1143908], [11.9952893, -0.1117729], [11.9871576, -0.1086924], [11.9808054, -0.1070522], [11.9727802, -0.1054215], [11.968317, -0.1053785], [11.9646914, -0.1060102], [11.9601452, -0.1074354], [11.957438, -0.108211], [11.9547987, -0.1092624], [11.9506092, -0.1120521], [11.9500841, -0.1124017], [11.9478893, -0.1135968], [11.9441986, -0.1148413], [11.9405078, -0.114498], [11.9371577, -0.1119594], [11.9356806, -0.1085208], [11.9349202, -0.1054059], [11.9351005, -0.1006793], [11.9351005, -0.0965595], [11.9338131, -0.0929546], [11.9317531, -0.0904011], [11.9292426, -0.0886201], [11.9270324, -0.0867319], [11.9245863, -0.0829339], [11.9207239, -0.0784921], [11.9184279, -0.0774622], [11.9157243, -0.077269], [11.9123614, -0.0788739], [11.9087076, -0.0823116], [11.9052743, -0.0837707], [11.9017982, -0.0840282], [11.8984079, -0.0829553], [11.8942823, -0.0789454], [11.8899948, -0.0733001], [11.8822772, -0.067369], [11.8769892, -0.0635817], [11.8743753, -0.0623667], [11.8727982, -0.0622272], [11.8714142, -0.062592], [11.8687443, -0.0645721], [11.8663102, -0.0688459], [11.8643383, -0.0731928], [11.8634055, -0.0758285], [11.8625414, -0.077386], [11.8615544, -0.0779664], [11.8607926, -0.0782239], [11.859945, -0.0780952], [11.8589044, -0.0774622], [11.8571019, -0.0763786], [11.8554497, -0.0760996], [11.8536936, -0.0763729], [11.8512976, -0.076915], [11.8491197, -0.0783956], [11.8480468, -0.0793504], [11.8473709, -0.0800264], [11.8450832, -0.0809897], [11.8431602, -0.0810956], [11.8398016, -0.0803986], [11.8381762, -0.0798762], [11.83698, -0.0797742], [11.8364903, -0.0799065], [11.8359722, -0.0803276], [11.8349713, -0.0818752], [11.8338203, -0.0838565], [11.8327904, -0.0849509], [11.8316638, -0.0856161], [11.829443, -0.0860238], [11.8258703, -0.0864851], [11.8239498, -0.0870752], [11.8228876, -0.0880837], [11.8222225, -0.0897574], [11.8215358, -0.0926113], [11.8210423, -0.0934159], [11.8203127, -0.093888], [11.8194222, -0.0941133], [11.8178451, -0.0938129], [11.812706, -0.0909376], [11.8086827, -0.0886309], [11.8059254, -0.0878477], [11.8040156, -0.0879657], [11.8009686, -0.088706], [11.79672, -0.0906586], [11.7933941, -0.0924503], [11.7918169, -0.0936198], [11.7896926, -0.0960445], [11.7886573, -0.0967901], [11.7877292, -0.0972997], [11.7869567, -0.0974822], [11.7852992, -0.0965219], [11.7834806, -0.0955027], [11.7812168, -0.0949877], [11.779114, -0.094816], [11.7764854, -0.0952023], [11.7745758, -0.0956582], [11.7726767, -0.096141], [11.771636, -0.0964522], [11.7704021, -0.0969457], [11.7681277, -0.0977933], [11.7661321, -0.0976324], [11.763643, -0.0968706], [11.7621088, -0.0961947], [11.7595553, -0.0962268], [11.7548426, -0.0961525]], [[11.7548426, -0.0961525], [11.7535472, -0.0958943], [11.7515301, -0.0957012], [11.7468309, -0.0956153], [11.7430114, -0.0959479], [11.7414772, -0.0961518], [11.7403185, -0.0963771], [11.7395568, -0.096774], [11.7383337, -0.0978898], [11.7367458, -0.1000141], [11.7361772, -0.1007008], [11.7354798, -0.1011085], [11.732347, -0.1016878], [11.7290425, -0.1020741], [11.7264676, -0.1024818], [11.7243433, -0.1024818], [11.7235708, -0.1022779], [11.7229485, -0.1019882], [11.7189498, -0.0986114], [11.7173695, -0.0969457], [11.7132101, -0.0920923], [11.7086042, -0.0867778], [11.7040014, -0.0811099], [11.6990232, -0.0759601], [11.6955471, -0.0726556], [11.6910839, -0.0702953], [11.6879725, -0.0697589], [11.6844535, -0.068407], [11.6776299, -0.0640511], [11.6718707, -0.0616958], [11.665957, -0.0601458], [11.6604852, -0.0596523], [11.6579103, -0.0588798], [11.6549277, -0.0589441], [11.6490697, -0.0605106], [11.6387615, -0.0632896], [11.6343283, -0.0639653], [11.6254133, -0.0642682], [11.6190259, -0.0634188], [11.6172266, -0.0634288], [11.6160679, -0.0641799], [11.6150379, -0.066154], [11.6141375, -0.0695837], [11.6107498, -0.0758119], [11.6087293, -0.0785136], [11.6069367, -0.0804363], [11.6048884, -0.0818395], [11.6021633, -0.0829768], [11.5979385, -0.0843197], [11.5948677, -0.0846934], [11.5919924, -0.0863027], [11.5910075, -0.0877091], [11.5901685, -0.0910663], [11.589726, -0.095031], [11.5896258, -0.0988891], [11.5895676, -0.1015805], [11.5890956, -0.1028787], [11.587857, -0.1046741], [11.5863314, -0.1056767], [11.5849542, -0.1067089], [11.5822828, -0.1091122], [11.5795335, -0.1118614], [11.5783055, -0.1126079], [11.5766823, -0.1133715], [11.5752232, -0.1135217], [11.5742898, -0.1134788], [11.5735602, -0.1132213], [11.5730667, -0.1127385], [11.5725732, -0.1117407], [11.5719509, -0.1100992], [11.5708565, -0.1082324], [11.5697408, -0.1064729], [11.5679383, -0.103898], [11.5672946, -0.102353], [11.5661262, -0.0983379], [11.5641832, -0.0919675], [11.5621178, -0.0877155], [11.5593767, -0.0848436], [11.5567159, -0.0817107], [11.5557718, -0.0803375], [11.5535616, -0.078063], [11.552124, -0.077033], [11.5494418, -0.0755739], [11.5469526, -0.0748872], [11.5434766, -0.0745225], [11.5399575, -0.0748657], [11.5321254, -0.07699], [11.5255594, -0.0789213], [11.5212679, -0.0800371], [11.5175342, -0.0816893], [11.5138864, -0.0832343], [11.5069771, -0.0845217], [11.5029216, -0.0847363], [11.4991879, -0.0849723], [11.4954328, -0.0860881], [11.4913988, -0.0882983], [11.4888024, -0.0894355], [11.4865923, -0.0901651], [11.4840603, -0.0904762], [11.4824295, -0.0898325], [11.480627, -0.0882768], [11.4779663, -0.0864743], [11.475842, -0.0860881], [11.4735308, -0.0866633], [11.4689505, -0.0898066], [11.4649629, -0.0955295], [11.4630587, -0.1007931], [11.4622915, -0.104413], [11.4619589, -0.1094555], [11.4616585, -0.1114189], [11.4609289, -0.1124703], [11.4593625, -0.1133608], [11.457839, -0.1139616], [11.4520883, -0.1154207], [11.4460356, -0.1159624], [11.4410805, -0.1153349], [11.436789, -0.1141333], [11.4336991, -0.1128243], [11.428914, -0.1100349], [11.4252448, -0.1068806], [11.4220691, -0.1045632], [11.4189577, -0.1034044], [11.4139795, -0.1034903], [11.4093876, -0.1038336], [11.4077568, -0.1042198], [11.4065552, -0.1048206], [11.4046883, -0.1063441], [11.4021563, -0.1085114], [11.3988733, -0.1104855], [11.3960302, -0.1119339], [11.3937986, -0.1128565], [11.3925004, -0.1129746], [11.3912432, -0.1128394], [11.389151, -0.1123672], [11.3870319, -0.1121514], [11.3850072, -0.1110718], [11.3825778, -0.1090587], [11.3781452, -0.1057004], [11.3733601, -0.1027822], [11.3715791, -0.1019668], [11.3687896, -0.1001], [11.3665795, -0.0993061], [11.3639402, -0.0994777], [11.3611722, -0.1012587], [11.3589298, -0.1027608], [11.3573327, -0.1037195], [11.355312, -0.1050428], [11.3535502, -0.1065682], [11.3522211, -0.1093395], [11.3505091, -0.1138166], [11.3488952, -0.1156361], [11.3464016, -0.1176249], [11.3437736, -0.1192417], [11.3415263, -0.120201], [11.3374994, -0.1213303], [11.3339512, -0.1218935], [11.3304631, -0.1216937], [11.3243929, -0.1204246]], [[11.3243929, -0.1204246], [11.3220026, -0.1199249], [11.319083, -0.1191436], [11.3161433, -0.1181566], [11.3145661, -0.1176631], [11.3132292, -0.1166145], [11.3120556, -0.1151418], [11.3082576, -0.1095199], [11.3061547, -0.1072776], [11.3051698, -0.1055799], [11.3031336, -0.1031162], [11.3008541, -0.1016618], [11.2992668, -0.101366], [11.2971613, -0.1017525], [11.2939667, -0.1052713], [11.2924862, -0.1071166], [11.2916279, -0.1077174], [11.2906257, -0.1083757]], [[11.2906257, -0.1083757], [11.2878728, -0.108962], [11.2840551, -0.1079733], [11.2808346, -0.1072668], [11.2763715, -0.1078891], [11.2735176, -0.1084684], [11.2715649, -0.1080608], [11.2698054, -0.1067304], [11.268239, -0.1039838], [11.2658894, -0.100218], [11.2620197, -0.0966546], [11.2560771, -0.0923984], [11.2531456, -0.0901541], [11.2486262, -0.0876523]], [[11.2486262, -0.0876523], [11.2463093, -0.0866675], [11.2436437, -0.0853727], [11.241095, -0.0841784], [11.2381782, -0.084219], [11.2357092, -0.0846719], [11.2332094, -0.0858843], [11.2295616, -0.0882017], [11.2265122, -0.0894423], [11.2235916, -0.0897958], [11.221144, -0.0895877], [11.2170625, -0.0882553], [11.2147236, -0.0879764], [11.2108988, -0.0879984], [11.2090295, -0.0878478], [11.2076041, -0.0873318], [11.2026, -0.084908], [11.1962168, -0.0814675], [11.1940598, -0.0803804], [11.1914098, -0.0787818], [11.1906266, -0.0778699], [11.1890216, -0.074972], [11.1867178, -0.0712096], [11.1855411, -0.068922], [11.1847257, -0.0660896], [11.1843687, -0.0645834], [11.1834002, -0.0618019], [11.1824083, -0.0605106], [11.1812435, -0.0598576], [11.1802512, -0.0599523], [11.1789477, -0.061096], [11.1768508, -0.0634718], [11.1738377, -0.0676041], [11.1710143, -0.0705957], [11.1695123, -0.0713253], [11.168139, -0.0713682], [11.1661863, -0.0706815], [11.1618948, -0.0693082], [11.1579465, -0.0670337], [11.1548352, -0.0661111], [11.1498891, -0.066524], [11.145532, -0.0667256], [11.14004, -0.0665497], [11.137385, -0.0670218], [11.1344732, -0.0679713], [11.1321544, -0.0692224], [11.1295379, -0.070632], [11.1283994, -0.0713682], [11.1271333, -0.0723981], [11.124182, -0.0765037], [11.1211297, -0.0803887], [11.1181614, -0.08438], [11.1152361, -0.0883672], [11.1100101, -0.0952935], [11.1079287, -0.0984692], [11.1046886, -0.1036834], [11.1020708, -0.1084041], [11.0999679, -0.1127814], [11.0984123, -0.1147985], [11.0964918, -0.1164721], [11.0932517, -0.1187467], [11.0905051, -0.1203131], [11.0875225, -0.1212143], [11.0850119, -0.1212572], [11.0767936, -0.1199483], [11.0680175, -0.1186394], [11.0643911, -0.1176738], [11.0588121, -0.1167725], [11.0561299, -0.116558], [11.0540271, -0.1161288], [11.0513449, -0.115013], [11.0492849, -0.114026], [11.0457764, -0.1134087], [11.0409808, -0.113232], [11.0379767, -0.1133792], [11.0307351, -0.1139157], [11.0287647, -0.1138019], [11.0261643, -0.1132642], [11.0225272, -0.1126312], [11.0191154, -0.1121806], [11.0172701, -0.1116549], [11.0138583, -0.1105284], [11.0104894, -0.1099276], [11.0086012, -0.1095628], [11.0060692, -0.108683], [11.0054898, -0.1078462], [11.0046744, -0.1060008], [11.0038161, -0.1032757], [11.0030007, -0.1019239], [11.0015416, -0.1011943], [10.9969926, -0.0998639], [10.9955334, -0.0995421], [10.9940958, -0.0994992], [10.9911005, -0.1000217], [10.9895682, -0.1002716], [10.9874631, -0.1002118], [10.9843508, -0.0990984], [10.9809894, -0.0967389], [10.9763491, -0.0945991], [10.9727136, -0.0929391], [10.9695519, -0.0921052], [10.9645486, -0.0919675], [10.9619736, -0.0921606], [10.9593987, -0.0928687], [10.9541423, -0.0957752], [10.9528807, -0.0973376], [10.9498715, -0.101087], [10.9470606, -0.105164], [10.9453439, -0.1077818], [10.9434557, -0.1082968], [10.9418084, -0.1088761], [10.9412026, -0.1094126], [10.9403533, -0.1102464], [10.9389381, -0.111334], [10.9376096, -0.1122183], [10.9357558, -0.1137772], [10.9352698, -0.1141859], [10.9319042, -0.1169352], [10.9302163, -0.1177381], [10.9288215, -0.1184355], [10.9270084, -0.1187145], [10.9252489, -0.1191222], [10.9240258, -0.1197123], [10.923543, -0.1201951], [10.922867, -0.1204633], [10.9222341, -0.1204311], [10.9208393, -0.1201199], [10.9182966, -0.1201736], [10.9155285, -0.1205491], [10.9128494, -0.1205757], [10.9101856, -0.1204204], [10.9074886, -0.1202446], [10.9065914, -0.1202916], [10.9055373, -0.1207791], [10.9045637, -0.1214825], [10.903305, -0.1226342], [10.9013343, -0.1252591], [10.9000254, -0.126686], [10.8991992, -0.1273512], [10.8980365, -0.1276904], [10.8956909, -0.1273512], [10.8941245, -0.1267933], [10.8915895, -0.1250868], [10.8905301, -0.123882], [10.8891587, -0.1218178], [10.8878474, -0.1173857], [10.8861119, -0.1133182], [10.8838981, -0.1094496], [10.881912, -0.1081098], [10.8786207, -0.1070347], [10.8768835, -0.1065549], [10.872719, -0.1054049], [10.8684826, -0.1046061], [10.8658433, -0.1045202], [10.8599424, -0.1050781], [10.8564019, -0.1053785], [10.8523464, -0.1061081], [10.849241, -0.1074759], [10.8461964, -0.1088169], [10.8428621, -0.1099705], [10.841167, -0.1113009], [10.8379698, -0.1158928], [10.837326, -0.1177381], [10.836854, -0.120356], [10.8365321, -0.1283382], [10.8355987, -0.1324795], [10.8344722, -0.1348399], [10.8329379, -0.1370607], [10.8314252, -0.1380156], [10.8295154, -0.1387988], [10.8241081, -0.1400219], [10.8193231, -0.1405691], [10.8161902, -0.1412235], [10.8140552, -0.1421355], [10.8119202, -0.1436053], [10.8096242, -0.1457832], [10.8069205, -0.1480148], [10.8052683, -0.1485727], [10.803895, -0.148165], [10.8021998, -0.1468347], [10.8015775, -0.14441], [10.8008158, -0.1397322], [10.7992902, -0.1359808], [10.7984369, -0.134819], [10.796429, -0.1321832], [10.7945868, -0.1303466], [10.7925845, -0.1294391], [10.7902921, -0.1289861], [10.7888202, -0.1296608], [10.7877816, -0.1310031], [10.787394, -0.1329516], [10.7871794, -0.1356553], [10.7862139, -0.1403759], [10.7847118, -0.1456116], [10.7840252, -0.1489375], [10.7826681, -0.158066], [10.7798409, -0.1676485], [10.7775715, -0.1734082], [10.7741975, -0.179815], [10.7716165, -0.1827963], [10.7702772, -0.1852355], [10.7674024, -0.1945877], [10.7655958, -0.1969944], [10.7630016, -0.1994805], [10.7608563, -0.2000042], [10.7585577, -0.1999985], [10.7554221, -0.1982685], [10.7533729, -0.195125], [10.752815, -0.1929041], [10.7518816, -0.1917239], [10.7506263, -0.1911446], [10.7473111, -0.1906403], [10.745573, -0.1905652], [10.7413271, -0.1902568], [10.7381058, -0.1893636], [10.7363462, -0.188398], [10.7353592, -0.1873251], [10.7342219, -0.1842567], [10.7325053, -0.1799866], [10.7303595, -0.1773259], [10.7279992, -0.1759741], [10.7265723, -0.1754484], [10.7250809, -0.1753733], [10.7214546, -0.1755878], [10.7166481, -0.1761672], [10.7059836, -0.1786455], [10.7016277, -0.1786992], [10.6985271, -0.179418], [10.6962311, -0.1801905], [10.6941497, -0.1805874], [10.6914675, -0.1808342], [10.6879592, -0.1807592], [10.6861139, -0.1802334], [10.6836677, -0.1786348], [10.6769085, -0.176017], [10.6712007, -0.1741931], [10.6593668, -0.1725623], [10.6570065, -0.1727447], [10.6543858, -0.1737089], [10.645988, -0.1805016], [10.6447005, -0.1815745], [10.6435118, -0.182998], [10.6386551, -0.188483], [10.6333812, -0.1925882], [10.6283005, -0.1951676], [10.6225347, -0.19947], [10.6200027, -0.2038045], [10.6195279, -0.2050675], [10.6136727, -0.2201766], [10.6116342, -0.2331584], [10.6111407, -0.23436], [10.6104897, -0.2356188], [10.6059694, -0.2407973], [10.6010341, -0.2456466], [10.5851554, -0.2591219], [10.5735683, -0.2662887], [10.5630111, -0.2719964], [10.5487632, -0.2783049], [10.5415964, -0.2814377], [10.5351162, -0.2846133], [10.525031, -0.2880465], [10.5055904, -0.2939687], [10.4990672, -0.2975736], [10.4920721, -0.3027234], [10.4797876, -0.3148836]], [[10.4797876, -0.3148836], [10.4685973, -0.3227216], [10.4624175, -0.3307895], [10.4588985, -0.3373984], [10.4562377, -0.345638], [10.4556369, -0.3545642], [10.4577827, -0.3702709], [10.4578256, -0.4009977], [10.4559803, -0.4137861], [10.4525041, -0.4229697], [10.4481697, -0.429128], [10.4453373, -0.4325182], [10.4394579, -0.4382901], [10.429759, -0.4461863], [10.4197597, -0.4532242], [10.411992, -0.4573868], [10.3959846, -0.4623648], [10.3656005, -0.4729216], [10.3504085, -0.477728], [10.3404521, -0.4823627], [10.3169345, -0.4966959], [10.3074473, -0.5059667], [10.2995109, -0.516286], [10.2961635, -0.5236242], [10.2957794, -0.5260201], [10.2958202, -0.5321425], [10.2994256, -0.5548239], [10.3001975, -0.5614095], [10.3000688, -0.5650357], [10.2995324, -0.5683186], [10.2978801, -0.5738543], [10.2914428, -0.5845397], [10.2870625, -0.5946247], [10.2864646, -0.5963623], [10.2862338, -0.5983203], [10.286293, -0.6047088], [10.2860355, -0.6119611], [10.2810466, -0.6262404], [10.2738475, -0.641056], [10.2671008, -0.6514172]], [[10.2671008, -0.6514172], [10.2571106, -0.6725967], [10.2502441, -0.6818229], [10.2450084, -0.6863716], [10.2329063, -0.6930444], [10.2300739, -0.6960697], [10.2295804, -0.6966383], [10.2273488, -0.7011763], [10.2255893, -0.710338], [10.2240228, -0.7173112], [10.2217912, -0.7230185], [10.2185726, -0.7306997], [10.2140665, -0.7386384], [10.2068138, -0.7543656], [10.2040887, -0.7583778], [10.2016639, -0.7600299], [10.1967716, -0.7617678], [10.1952052, -0.7625831], [10.1939392, -0.763613], [10.1907634, -0.7677325], [10.1871156, -0.7763148], [10.1847982, -0.780091], [10.1838541, -0.7827086], [10.1835966, -0.7852404], [10.1844017, -0.7984131], [10.1845622, -0.8071036], [10.1838755, -0.8099572], [10.1818156, -0.8140981], [10.1803994, -0.8158575], [10.1799273, -0.8167586], [10.1793909, -0.8183463], [10.1795214, -0.8196829], [10.180252, -0.8235583], [10.1805389, -0.8257055], [10.1806783, -0.8277438], [10.1804852, -0.8339015], [10.1790492, -0.8374793], [10.1770313, -0.8401074], [10.1745114, -0.8408866], [10.1734705, -0.840957], [10.163126, -0.8344379], [10.1539421, -0.8297392], [10.1487279, -0.8291813], [10.1441145, -0.8289238], [10.1331281, -0.8285591], [10.1257467, -0.8285376], [10.1126146, -0.829782], [10.1052331, -0.8314127], [10.0969505, -0.8329146], [10.0912427, -0.8334724], [10.089097, -0.8330433], [10.0860286, -0.8318847], [10.0763726, -0.8301254], [10.0703, -0.8290525], [10.0648928, -0.8296963], [10.0614595, -0.8313268], [10.0590562, -0.8330862], [10.0541853, -0.8352103], [10.0495719, -0.8355321], [10.0430917, -0.8351888], [10.0377166, -0.8341161], [10.0291169, -0.8322829], [10.0170421, -0.8315414], [10.0103473, -0.8316272], [10.0028801, -0.8323996], [9.9975586, -0.8319276], [9.9920225, -0.8304686], [9.9872911, -0.8286664], [9.9848771, -0.8275078], [9.9808216, -0.8258665], [9.9787187, -0.8245684], [9.9765301, -0.8220796], [9.9733543, -0.8178099], [9.9692344, -0.8137763], [9.9651575, -0.8113733], [9.9570894, -0.8084553], [9.945116, -0.8062454], [9.9393868, -0.806181], [9.9280357, -0.8090131], [9.9143457, -0.8170375], [9.9058485, -0.8256197], [9.8967329, -0.8330316], [9.8849022, -0.8388714], [9.8737907, -0.8451012], [9.8650789, -0.8478904], [9.85641, -0.8489202], [9.849801, -0.8487057], [9.8433637, -0.8469463], [9.8349094, -0.8438997], [9.8304462, -0.8429986], [9.8260259, -0.8430844], [9.8172712, -0.8462169], [9.8091173, -0.8486199], [9.8007542, -0.8521051], [9.7981627, -0.8532612], [9.794656, -0.8548256], [9.7865867, -0.8568157], [9.7759437, -0.8571591], [9.7612667, -0.8554856], [9.7463536, -0.8574595], [9.7389078, -0.8607207], [9.7333127, -0.8641887], [9.7294992, -0.867984], [9.7246599, -0.8727999], [9.7194242, -0.8790434], [9.7138881, -0.886896], [9.7062921, -0.8955638], [9.6908905, -0.9102805], [9.6859073, -0.9166755], [9.6787834, -0.9217818], [9.6637845, -0.9264375], [9.6525621, -0.9270168], [9.6447086, -0.9250858], [9.6382713, -0.9256866], [9.632349, -0.927875], [9.6195173, -0.9357274], [9.6146464, -0.939761], [9.610787, -0.9441445], [9.6049549, -0.9511842], [9.6012759, -0.9562652], [9.5913024, -0.9640679], [9.5840459, -0.9677741], [9.5736077, -0.9703475], [9.5618827, -0.9729209], [9.5453705, -0.9761089], [9.52991, -0.9809539], [9.5193529, -0.9841721], [9.5154047, -0.9860171], [9.5107916, -0.989251], [9.5034313, -0.9965727], [9.4981527, -1.0004345], [9.4874239, -1.0037814], [9.4830036, -1.0042105], [9.4768667, -1.0036527], [9.4712448, -1.0028803], [9.4542503, -0.9965298], [9.4484996, -0.9949851], [9.4418907, -0.994556], [9.4300031, -0.9960578], [9.4135236, -0.9962295], [9.4002199, -0.9959291], [9.3928599, -0.996444], [9.3842554, -0.9990615], [9.379878, -1.0019363], [9.3716383, -1.0086301], [9.3619394, -1.0179842], [9.3543863, -1.0248066], [9.3463924, -1.034121], [9.3396234, -1.0432572], [9.3320712, -1.0510243], [9.3215988, -1.0616856], [9.317313, -1.0656883], [9.3122005, -1.0669425], [9.3086385, -1.0680152], [9.3021583, -1.0683155], [9.2905283, -1.0672858], [9.2751541, -1.0654543], [9.2731095, -1.0654829], [9.2598438, -1.0657411], [9.2507886, -1.0672428], [9.2377604, -1.0721882], [9.2319488, -1.0747088], [9.2250823, -1.0760818], [9.2185592, -1.0749663], [9.2141389, -1.0727351], [9.2107915, -1.0683585], [9.20753, -1.0630808], [9.2051053, -1.05879], [9.2053842, -1.0538985], [9.2049336, -1.0500797], [9.2036676, -1.0479343], [9.2020583, -1.046647], [9.1990971, -1.0460248], [9.1948056, -1.0462394], [9.189806, -1.047591], [9.1865444, -1.047827], [9.1839051, -1.0474837], [9.1782617, -1.0457245], [9.1733479, -1.0453169], [9.1666745, -1.0462823], [9.1648721, -1.0471405], [9.1615462, -1.0484921], [9.1574478, -1.0496077], [9.1485643, -1.0500153], [9.1434145, -1.0496506], [9.1335225, -1.0481702], [9.1281366, -1.0477412], [9.1243601, -1.0469259], [9.1140174, -1.0427423], [9.1062069, -1.0385802], [9.0978384, -1.034032], [9.0865139, -1.0301396], [9.0834081, -1.0289903], [9.0826678, -1.0287328], [9.078623, -1.0272417], [9.0757477, -1.0256219], [9.0708661, -1.0223931], [9.0684521, -1.0202262], [9.06739, -1.0187458], [9.0669822, -1.0171904], [9.0669286, -1.0131785], [9.0668535, -1.0112798], [9.0666604, -1.0095205], [9.0656733, -1.0064847], [9.0639782, -1.0032773], [9.0632379, -1.0027516], [9.061811, -1.002226], [9.0597027, -1.0020651], [9.0571117, -1.0017326], [9.0550411, -1.0009817], [9.0537214, -1.0001235], [9.052434, -0.9988362], [9.0507173, -0.9954571], [9.0488505, -0.9913379], [9.0473914, -0.9883235], [9.0459752, -0.9843223], [9.0457606, -0.9826703], [9.045825, -0.9790445], [9.0457177, -0.9753757], [9.0454388, -0.9739705], [9.0449774, -0.9728763], [9.0432823, -0.9715675], [9.0408897, -0.9707415], [9.0376282, -0.970055], [9.0364694, -0.9696366], [9.0354609, -0.9689286], [9.0327437, -0.9662077], [9.027586, -0.9601108], [9.0247804, -0.9555517], [9.0239757, -0.9542966], [9.0213203, -0.9516254], [9.0194964, -0.948772], [9.0176296, -0.9449745], [9.0152478, -0.940351], [9.0130162, -0.937122], [9.0122545, -0.9357489], [9.0114069, -0.9335391], [9.010613, -0.9304603], [9.0097332, -0.9238093], [9.0098611, -0.9209461], [9.0099799, -0.9185582], [9.0097482, -0.9157311], [9.0093684, -0.9125991], [9.0095401, -0.9089732], [9.010216, -0.9050362], [9.0105379, -0.9037918], [9.0110958, -0.9018823], [9.0124133, -0.8971544], [9.0126514, -0.8961646], [9.0133971, -0.894416], [9.0140623, -0.893354], [9.0187669, -0.8882691], [9.0195608, -0.8872178], [9.0205908, -0.8855872], [9.0210199, -0.8832272], [9.0205264, -0.8794189], [9.0198076, -0.8743984], [9.0199515, -0.8710402], [9.0206498, -0.8669749], [9.0209601, -0.8653688], [9.0223288, -0.8597123], [9.0233159, -0.8538979], [9.0232623, -0.8512964], [9.0233481, -0.8500038], [9.0235305, -0.8492206], [9.0238845, -0.8481908], [9.0240669, -0.8472682], [9.0240455, -0.846174], [9.0238428, -0.8425222], [9.0221993, -0.8245164]], [[9.0221993, -0.8245164], [9.0187969, -0.8227634], [9.0101732, -0.8184133], [9.0045027, -0.8155528], [8.9964723, -0.8127464], [8.9914941, -0.8119311], [8.9850997, -0.8121456], [8.9823961, -0.8115878], [8.9797568, -0.8105794], [8.9761734, -0.8083266], [8.9701223, -0.8036063], [8.963642, -0.7986286], [8.9574622, -0.792621], [8.9545011, -0.7877292], [8.9528274, -0.7824082], [8.9499091, -0.7652436], [8.9469248, -0.7473391], [8.9458751, -0.7410414], [8.9430093, -0.7275345]], [[11.7704021, -0.0969457], [11.7703056, -0.0993811], [11.7698336, -0.1006686], [11.7687607, -0.101484], [11.7675698, -0.1019131], [11.7663896, -0.1023423], [11.7657459, -0.1025569], [11.7648596, -0.1027358]], [[11.7648596, -0.1027358], [11.7642438, -0.1027929], [11.7637074, -0.1027393], [11.7605639, -0.1012265], [11.7589974, -0.1001536], [11.7574914, -0.098893], [11.7559465, -0.0975412], [11.7548426, -0.0961525]], [[10.1860213, -0.7075916], [10.1868904, -0.7096192], [10.1884555, -0.713905], [10.1890897, -0.7191993], [10.1891596, -0.7257142], [10.187931, -0.7312576], [10.1865572, -0.73662], [10.18301, -0.7430263], [10.1795808, -0.7465651], [10.1761626, -0.7490253], [10.1740694, -0.7495702], [10.172244, -0.7494458], [10.1683947, -0.7479896], [10.1654649, -0.7473924], [10.1627827, -0.7471135], [10.161227, -0.7471993], [10.1592098, -0.7479514], [10.1544653, -0.7502359], [10.1520967, -0.7511686], [10.1504874, -0.751748], [10.1497496, -0.7520102], [10.147419, -0.7552667], [10.1454877, -0.7581632], [10.1439857, -0.7613816], [10.143403, -0.7632725], [10.1427626, -0.7652436], [10.1423764, -0.7680329], [10.1423335, -0.7697494], [10.1414108, -0.7765722], [10.1400448, -0.7877653], [10.140059, -0.7918272], [10.1401457, -0.7924325], [10.1406375, -0.7958637], [10.142076, -0.7994225], [10.1433131, -0.8030678], [10.1434707, -0.8041857], [10.1434922, -0.8069963], [10.1437926, -0.808391], [10.1445007, -0.8099143], [10.1452517, -0.8110085], [10.1468678, -0.8116698], [10.1503372, -0.8130039], [10.1517805, -0.8145032], [10.1524041, -0.8157278], [10.1528263, -0.8169517], [10.1531052, -0.8187969], [10.1535773, -0.8200198], [10.1550364, -0.8225301], [10.1557493, -0.824998], [10.1557767, -0.8258557], [10.1555514, -0.8273683], [10.1547367, -0.8286392], [10.1539421, -0.8297392]], [[10.8905301, -0.123882], [10.8880849, -0.1234864], [10.8847867, -0.1231689], [10.8829887, -0.1221131], [10.8799614, -0.1220685], [10.878702, -0.1217403], [10.8773616, -0.1212641], [10.8760211, -0.120541], [10.8751237, -0.1195621], [10.8734822, -0.1177811], [10.8717656, -0.1162361], [10.8696842, -0.1149916], [10.8682573, -0.1148092], [10.8673131, -0.1147448], [10.8666372, -0.114541], [10.8661973, -0.1141869], [10.8658433, -0.1134252], [10.8655429, -0.1126312], [10.8647511, -0.1108054], [10.8637281, -0.1093239], [10.862689, -0.1080393], [10.8614552, -0.1071488], [10.8597003, -0.1062605], [10.8577492, -0.1057436], [10.8564019, -0.1053785]], [[10.8829887, -0.1221131], [10.8820438, -0.1210641], [10.8817434, -0.1204847], [10.8811712, -0.1185657], [10.881046, -0.1160537], [10.8811426, -0.1144981], [10.8810782, -0.1131033], [10.8807126, -0.111405], [10.8798307, -0.1093768], [10.878896, -0.1080187], [10.8779436, -0.1071898], [10.8768835, -0.1065549]], [[12.6404786, -0.8706115], [12.6376247, -0.867876], [12.6366055, -0.8669963], [12.6354468, -0.866063], [12.6345134, -0.8655964], [12.6335907, -0.8654998], [12.6324212, -0.8657627], [12.6299965, -0.8666852]], [[13.6253536, -2.1792091], [13.6240125, -2.1782549], [13.6233473, -2.1775259], [13.6227035, -2.1766039], [13.6222315, -2.1755425], [13.6218774, -2.1741809], [13.6214483, -2.1724548], [13.6209977, -2.1711468], [13.6202574, -2.1696673], [13.6196244, -2.167641]], [[13.6274242, -2.1880647], [13.6268234, -2.1860277], [13.6264801, -2.1846125], [13.6259007, -2.1831544], [13.6251604, -2.1817392], [13.6246562, -2.1809781]], [[11.6629529, -0.148841], [11.6622341, -0.1483796], [11.6616011, -0.1480363], [11.6610324, -0.1476393], [11.6602492, -0.1471673], [11.6593909, -0.1467488], [11.6581035, -0.1460193], [11.6558289, -0.1448177], [11.6549921, -0.1441739], [11.6543913, -0.1439164], [11.653769, -0.1435624], [11.6529429, -0.1431762], [11.651634, -0.1424573], [11.6507757, -0.1417385], [11.6496491, -0.1412235], [11.6483831, -0.14073], [11.6476965, -0.1402687], [11.6473317, -0.1397429], [11.6469455, -0.1392172], [11.6463661, -0.1389061], [11.6457009, -0.1384126], [11.6451323, -0.1379941], [11.6442633, -0.1373504], [11.6436732, -0.1368247], [11.6431582, -0.1363097], [11.6421282, -0.1355694], [11.6405511, -0.1342391], [11.6401112, -0.1335095], [11.6398108, -0.1329731], [11.6395533, -0.1324044], [11.6390705, -0.1319538], [11.6386092, -0.1317393], [11.6382444, -0.1317393], [11.6375416, -0.1316642], [11.6370696, -0.1315998], [11.6367155, -0.1315086], [11.6363722, -0.1314067], [11.6360289, -0.1312672], [11.6356373, -0.1309668], [11.6354334, -0.1307629], [11.6351277, -0.1300548], [11.6350204, -0.1298349], [11.6347414, -0.1296096], [11.6336793, -0.1291912], [11.633057, -0.1288371], [11.6327351, -0.1286011], [11.6323472, -0.1284363], [11.6317143, -0.1281895], [11.6314568, -0.1278462], [11.6313066, -0.1275029], [11.630974, -0.1273312], [11.6305126, -0.1271918], [11.6299547, -0.1271166], [11.6294076, -0.1268913], [11.6289891, -0.1266446], [11.6285171, -0.1264193], [11.6281738, -0.1261511], [11.6279377, -0.1257863], [11.6275729, -0.1254108], [11.6269292, -0.1252176], [11.626146, -0.1251104], [11.625277, -0.1247349], [11.6246547, -0.1243057], [11.6232921, -0.123662], [11.6229917, -0.1233723], [11.6225733, -0.1233079], [11.6219135, -0.1230075], [11.6211571, -0.1227124], [11.6202237, -0.1223745], [11.619419, -0.1219346], [11.6187324, -0.1216128], [11.6175844, -0.1213231], [11.6163935, -0.1207759], [11.6154386, -0.1201858], [11.6143228, -0.1196279], [11.6124346, -0.1185658], [11.6110468, -0.1176416], [11.6097915, -0.1170408], [11.6091049, -0.1162898], [11.6084933, -0.1156031], [11.6072595, -0.1143693], [11.6061652, -0.1138007], [11.6050708, -0.113275], [11.6049099, -0.1129102], [11.6051674, -0.1124381], [11.6052425, -0.112127], [11.6049957, -0.1118158], [11.60447, -0.1115691], [11.6034078, -0.1114082], [11.6024315, -0.1108824], [11.6019809, -0.1102065], [11.6014659, -0.1094126], [11.6007149, -0.108683], [11.5996313, -0.1081573], [11.5987086, -0.1079642], [11.5971744, -0.1074814], [11.5963805, -0.1070093], [11.5953505, -0.1067626], [11.5935051, -0.1066124], [11.5925185, -0.106433], [11.5909195, -0.1060867], [11.587497, -0.1055824], [11.5863314, -0.1056767]], [[11.9494504, -0.1097425], [11.9494946, -0.1098686], [11.9495174, -0.1100429], [11.9496542, -0.1101288], [11.9497441, -0.1102897], [11.94985, -0.1105204], [11.9499326, -0.1106735], [11.9506092, -0.1120521]], [[12.6522696, -0.8591759], [12.6520634, -0.8642697], [12.6521212, -0.8666624], [12.6525446, -0.8693117], [12.6513059, -0.8693682], [12.6499119, -0.8703345], [12.6486299, -0.8713381], [12.6480763, -0.8739164], [12.647543, -0.875335], [12.6471801, -0.8760056], [12.6466374, -0.8757476], [12.6453035, -0.8743679], [12.6439972, -0.8733193], [12.642476, -0.8725959]]]}}, {"type": "Feature", "properties": {"name": "Komo", "osm_id": 1191530}, "geometry": {"type": "MultiLineString", "coordinates": [[[10.1691463, 0.2291614], [10.1690376, 0.2246183], [10.1687808, 0.2201077], [10.1671458, 0.218064], [10.1651702, 0.2170081], [10.1626156, 0.21585], [10.1588347, 0.2156797], [10.1564845, 0.2151687], [10.1508302, 0.2130569], [10.1473975, 0.2114434], [10.1439837, 0.2106726], [10.1388083, 0.2106964], [10.1365399, 0.2104564], [10.1351086, 0.2094563], [10.1340266, 0.2064166], [10.1334007, 0.1972159], [10.1276994, 0.1915952], [10.1222705, 0.1838491], [10.1209543, 0.1826308], [10.1201785, 0.1822719], [10.119127, 0.1820466], [10.1167989, 0.1818535], [10.1134328, 0.1824019], [10.1116919, 0.1830551], [10.1093745, 0.1827815], [10.1033558, 0.1806547], [10.1000752, 0.1789952]], [[10.1000752, 0.1789952], [10.0976801, 0.1772616], [10.0960687, 0.1754276], [10.0955128, 0.1735709], [10.0947404, 0.1703737], [10.094161, 0.1689575], [10.0930696, 0.1675663], [10.0919119, 0.1666566], [10.0894188, 0.1647947], [10.0859213, 0.1635716], [10.0831133, 0.1635262]], [[10.0831133, 0.1635262], [10.0813937, 0.1660178], [10.0795115, 0.1688223], [10.0774862, 0.170508], [10.0755143, 0.1712964], [10.0724888, 0.1721976], [10.0672468, 0.173003], [10.0616526, 0.1744077], [10.0561166, 0.176532], [10.046116, 0.1825854], [10.0397229, 0.1879689], [10.0326922, 0.1930663], [10.0296378, 0.1941487], [10.0267976, 0.1946824], [10.024488, 0.1945993], [10.0232005, 0.1942774], [10.0220925, 0.1936049], [10.0170377, 0.1888656], [10.002408, 0.1771114], [9.996383, 0.1741455], [9.9835252, 0.1723478], [9.9661099, 0.1707627], [9.9560009, 0.1711351], [9.9515104, 0.1720474], [9.9490404, 0.173507], [9.9394905, 0.1824375], [9.9291385, 0.1880571], [9.9152373, 0.1892402], [9.9096251, 0.1890203], [9.8985262, 0.1845079], [9.8763469, 0.1693058]], [[10.6042358, 0.5977573], [10.6045295, 0.5968911], [10.6044437, 0.5954106], [10.6051746, 0.5938333]], [[10.6051746, 0.5938333], [10.6055228, 0.5925585], [10.6055939, 0.591855], [10.605538, 0.5915484], [10.6051071, 0.5911775], [10.6048269, 0.5909545], [10.6048009, 0.5907474], [10.6049711, 0.5903966]], [[10.6049711, 0.5903966], [10.6052161, 0.5894886], [10.6047943, 0.5876327]], [[10.6047943, 0.5876327], [10.6048296, 0.5870859], [10.6049663, 0.5866695], [10.6051776, 0.5865328], [10.6054658, 0.5865042], [10.6055703, 0.5863787], [10.6055074, 0.5861889], [10.6053095, 0.5859197], [10.6052229, 0.585523], [10.6052954, 0.585332], [10.605488, 0.5851138], [10.6056238, 0.5847981], [10.6055214, 0.5844983], [10.6052403, 0.584397], [10.6048719, 0.5842957], [10.6045259, 0.5839699], [10.6043505, 0.5833861], [10.6044454, 0.5829433], [10.6048978, 0.5822138], [10.6049612, 0.5818733], [10.6048791, 0.581499], [10.6048216, 0.5811961], [10.6046291, 0.5808296], [10.6046412, 0.5803985], [10.604924, 0.5798803], [10.6049447, 0.5793542], [10.6048565, 0.5789725], [10.604554, 0.5787734], [10.6040591, 0.5787385], [10.6033737, 0.5786084], [10.6030192, 0.5782688], [10.6028632, 0.5779768], [10.6028342, 0.5775895], [10.6026164, 0.5771315], [10.6026863, 0.5768533], [10.6028656, 0.5765661], [10.6028787, 0.5761378], [10.60238, 0.5757829], [10.6021706, 0.5756983], [10.6018217, 0.5755896], [10.601709, 0.5753741], [10.6015783, 0.5752484], [10.6013335, 0.5750351], [10.6009398, 0.5743651]], [[10.6009398, 0.5743651], [10.6008909, 0.5738169], [10.6008251, 0.573134], [10.600664, 0.5727369], [10.6007229, 0.5724668], [10.6009675, 0.5723019], [10.6010104, 0.5711218], [10.6016327, 0.5689332], [10.6031133, 0.5682037], [10.6050659, 0.5676673], [10.6056024, 0.5667661], [10.6053663, 0.5657576], [10.6044007, 0.5649423], [10.6039212, 0.5645322]], [[10.6039212, 0.5645322], [10.6042356, 0.5643842], [10.6043298, 0.5640341], [10.6042589, 0.5634069], [10.6042683, 0.5623843], [10.6042064, 0.5617269], [10.6043523, 0.5611426], [10.6042284, 0.5604948], [10.6040839, 0.5603423], [10.6040981, 0.5601899], [10.6040155, 0.5597421], [10.603916, 0.5596407], [10.6037053, 0.5596504], [10.6034585, 0.5599399], [10.6033144, 0.5599471], [10.6032802, 0.5598187], [10.6034343, 0.5596571], [10.6035359, 0.5590799], [10.6037392, 0.5585765], [10.6038079, 0.5578276], [10.6039957, 0.5575074], [10.6044191, 0.5573593], [10.6047417, 0.5575394], [10.6048628, 0.5575028], [10.604851, 0.5573341], [10.6040651, 0.5566316], [10.6035414, 0.5563065], [10.6033883, 0.5564031], [10.6031371, 0.5571263], [10.6030503, 0.5572203], [10.6029338, 0.5572193], [10.6028679, 0.5571086], [10.602678, 0.556678], [10.6024571, 0.5564362], [10.6023813, 0.5557243], [10.6024404, 0.5554253], [10.6023566, 0.5553327], [10.6017832, 0.5554705], [10.6014305, 0.555762], [10.6011697, 0.5555986], [10.6012516, 0.5551923], [10.6011136, 0.5542688], [10.6009302, 0.5531293], [10.6007865, 0.5525219], [10.6010709, 0.5520692], [10.6015827, 0.5515916], [10.6019357, 0.5507806], [10.601816, 0.5499524], [10.6021322, 0.5489313], [10.6018466, 0.5484914], [10.6017442, 0.548194], [10.6017838, 0.5475571], [10.6016808, 0.547083], [10.6011363, 0.5466891], [10.6011187, 0.5464232], [10.6012928, 0.545771], [10.6017489, 0.545006], [10.6016542, 0.544537], [10.6023623, 0.5418763]], [[10.6023623, 0.5418763], [10.6028239, 0.541645], [10.6032345, 0.5413945], [10.6032406, 0.5409282], [10.6031524, 0.5405471], [10.6026057, 0.540184], [10.6025732, 0.5399973], [10.6026701, 0.5396778], [10.6033493, 0.5393445], [10.6035701, 0.5387124], [10.6033953, 0.53844], [10.6031215, 0.5382845], [10.6030276, 0.538111], [10.6030286, 0.5374763], [10.6030651, 0.537105], [10.6031822, 0.5367305], [10.6034026, 0.5365523], [10.603587, 0.5364909], [10.6038377, 0.5364902], [10.6040524, 0.5363007], [10.6039963, 0.5359935], [10.6037223, 0.5357928], [10.6035339, 0.5354273], [10.6035347, 0.5352716], [10.6037521, 0.5351402], [10.6042229, 0.5350391], [10.604352, 0.5348481], [10.6042547, 0.5346987], [10.6040396, 0.5346014], [10.6037167, 0.5346299], [10.6035203, 0.5345252], [10.6034873, 0.5342439], [10.603601, 0.5336993], [10.6038104, 0.5332574], [10.6040675, 0.5329489], [10.6039743, 0.5324941], [10.6037104, 0.5323541], [10.6037938, 0.5321638], [10.6044244, 0.5319194], [10.6044347, 0.531594], [10.6040626, 0.531235], [10.6036815, 0.5308939], [10.6035667, 0.5306434], [10.6037327, 0.5304839], [10.6042805, 0.5305065], [10.604459, 0.5303361], [10.6040965, 0.5297236], [10.6039408, 0.5293987], [10.604043, 0.5290907], [10.6043192, 0.5290321], [10.604566, 0.5288429], [10.6045735, 0.5284564], [10.6042812, 0.5282775], [10.604031, 0.5282654], [10.6040063, 0.5278781], [10.6041439, 0.5276715], [10.6044554, 0.5276491], [10.6048809, 0.5279436], [10.6052106, 0.527974], [10.6053574, 0.5277374], [10.6051611, 0.5274034], [10.604586, 0.5270007], [10.6045505, 0.5268138], [10.604731, 0.5266378], [10.6051834, 0.52647], [10.6055133, 0.5264207], [10.6054246, 0.5261539], [10.6051728, 0.5260436], [10.604655, 0.5259654], [10.6047073, 0.5257073], [10.6049179, 0.5255552], [10.6052553, 0.5254261], [10.6053899, 0.5252263], [10.6056265, 0.5245825]], [[10.6056265, 0.5245825], [10.6052591, 0.5219645], [10.6047226, 0.5172011], [10.6046797, 0.5150125], [10.6040789, 0.5127381], [10.6037356, 0.5104636], [10.6036926, 0.5064512], [10.6034995, 0.5027606], [10.6040031, 0.4998796], [10.603635, 0.4981355], [10.5994915, 0.4867728]], [[10.5994915, 0.4867728], [10.599658, 0.48649], [10.5995836, 0.4860633], [10.5992531, 0.48593], [10.5987684, 0.4855211], [10.5985102, 0.4845009], [10.5984481, 0.484167], [10.5985658, 0.4838331], [10.5985225, 0.4836704], [10.5982404, 0.4835953], [10.5976617, 0.483619], [10.5967671, 0.4836248], [10.5962874, 0.4834922], [10.5959692, 0.4831377], [10.5959276, 0.4827833], [10.5959367, 0.4824663], [10.5957633, 0.4822588], [10.5952314, 0.4819498], [10.5949693, 0.4817126], [10.5948586, 0.4813104], [10.5949608, 0.4809374], [10.5947338, 0.4801913], [10.5943192, 0.4797897], [10.5938491, 0.4796709]], [[10.5938491, 0.4796709], [10.5873786, 0.472413], [10.5830871, 0.4622853], [10.5758773, 0.4380818], [10.5775424, 0.4354812], [10.575019, 0.4265808], [10.5741607, 0.4143932], [10.5775939, 0.4083852], [10.5753623, 0.4097584], [10.5736457, 0.4083852], [10.576564, 0.4052953], [10.5763923, 0.3986007], [10.5782806, 0.3963692], [10.5787956, 0.3915628], [10.5803405, 0.386413], [10.5827438, 0.3786884], [10.5846321, 0.3750836], [10.5822288, 0.3740537], [10.5839454, 0.3731954], [10.5844604, 0.3713072], [10.5821773, 0.3697365], [10.5833789, 0.3676766], [10.5837737, 0.361351], [10.5813705, 0.3574029], [10.5820056, 0.3558322], [10.5811988, 0.3517382], [10.5796024, 0.3548023], [10.5741607, 0.3434986], [10.5754825, 0.338838], [10.574504, 0.3366322], [10.5777656, 0.333714], [10.5799972, 0.3338857], [10.581834, 0.3314567], [10.5801174, 0.3299118], [10.5815421, 0.3290793], [10.5813705, 0.3189514], [10.5840656, 0.3185823], [10.5784522, 0.3045321], [10.576564, 0.3028155], [10.577079, 0.2968074], [10.5741607, 0.2976657], [10.5703842, 0.2938892], [10.564376, 0.2890827], [10.5612861, 0.2906277], [10.5615779, 0.288027], [10.5595695, 0.2868512], [10.5575096, 0.2892544], [10.5549346, 0.2887394], [10.5556213, 0.2854779], [10.5521881, 0.2811864], [10.5540763, 0.2794698], [10.5512782, 0.2754959], [10.5516216, 0.2725777], [10.546815, 0.2681145], [10.5480167, 0.2638231], [10.543605, 0.259214], [10.5386268, 0.260244], [10.5307304, 0.258699], [10.5234691, 0.257815], [10.5257522, 0.2518326], [10.521804, 0.250631], [10.5227825, 0.2473437], [10.5200874, 0.2439363], [10.5132209, 0.2470262], [10.5130493, 0.2497727], [10.5065261, 0.2538926], [10.5015565, 0.2502877], [10.5018999, 0.2520043], [10.5009815, 0.2530085], [10.4938318, 0.2502877], [10.4928018, 0.2523476], [10.4909135, 0.2537209], [10.4874803, 0.2449662], [10.4807254, 0.2403057], [10.4730607, 0.2387865], [10.472374, 0.2352612], [10.4711124, 0.2337826], [10.4610444, 0.2252254], [10.4481098, 0.2162733], [10.4354669, 0.2089176], [10.4194423, 0.2009955], [10.4146358, 0.1965323], [10.411091, 0.1963864], [10.4070827, 0.1929275], [10.4033662, 0.1924382], [10.4033662, 0.1953565], [10.4030229, 0.1975881], [10.3971864, 0.1955281], [10.3931781, 0.1944724], [10.3933498, 0.1840011], [10.3889467, 0.1795637], [10.3879363, 0.1807986], [10.3872301, 0.1864301], [10.3855134, 0.1874601], [10.3844835, 0.1912366], [10.3820802, 0.1915799], [10.3815652, 0.1948415], [10.3783037, 0.1969014], [10.376587, 0.208231], [10.3649141, 0.2250537], [10.367489, 0.2283152], [10.3676607, 0.2322634], [10.3642274, 0.23501], [10.3601076, 0.2380998], [10.3614808, 0.2403314], [10.3602792, 0.2413614], [10.356846, 0.2537209], [10.3528978, 0.2525193], [10.3470613, 0.2571541], [10.3442546, 0.256785], [10.3376199, 0.2525193], [10.3256036, 0.2477128], [10.3164455, 0.249747], [10.3129656, 0.2481466], [10.3107807, 0.2499186], [10.3022577, 0.2494294], [10.3003016, 0.248182], [10.2941425, 0.2487717], [10.288808, 0.2451122], [10.2876064, 0.241679], [10.2827295, 0.2388603], [10.2797351, 0.239832], [10.2773119, 0.2396133], [10.2711195, 0.240927], [10.2681709, 0.2410369], [10.2664791, 0.2424674], [10.2646728, 0.2413665], [10.2632809, 0.2382348], [10.2602807, 0.2356261], [10.2587206, 0.235103], [10.2573168, 0.2354703], [10.2554285, 0.2371248], [10.2543434, 0.2408904], [10.2543071, 0.2429386], [10.254032, 0.2434361], [10.2522676, 0.2442019], [10.2518526, 0.2449745], [10.2521823, 0.2463114], [10.2519745, 0.2469945], [10.2477318, 0.2498095], [10.2459689, 0.2517618], [10.2455158, 0.25415], [10.2457539, 0.2561828], [10.2451677, 0.2584013], [10.2450762, 0.2598274], [10.2445451, 0.2607981], [10.2452594, 0.2639298], [10.2451127, 0.2659938], [10.2407274, 0.2681725], [10.2400214, 0.2695157], [10.241102, 0.2711457], [10.2418993, 0.2744299], [10.2417796, 0.2756144], [10.2405507, 0.2785792], [10.2386197, 0.2779938], [10.2366882, 0.2782699], [10.2347606, 0.2793211], [10.2328055, 0.2821526], [10.2311489, 0.2856154], [10.2306993, 0.2860718], [10.2302231, 0.2875187], [10.2306993, 0.2881963], [10.2305345, 0.289112], [10.2296554, 0.290101], [10.2296188, 0.2909801], [10.2299484, 0.2921339], [10.2288616, 0.2930256], [10.228758, 0.2940202], [10.2289778, 0.2946429], [10.2285748, 0.2954487], [10.2263919, 0.2959168], [10.2256693, 0.2954366], [10.2249302, 0.29587], [10.2251748, 0.297192], [10.2248204, 0.2981226], [10.2255529, 0.2989285], [10.2265419, 0.2992764], [10.2279922, 0.3007559], [10.2289228, 0.3010895], [10.2293074, 0.3006683], [10.229061, 0.299124], [10.229747, 0.2991299], [10.2300981, 0.299689], [10.2297287, 0.3012544], [10.229106, 0.3020785], [10.228062, 0.3024448], [10.226825, 0.3027997], [10.226194, 0.3035437], [10.226194, 0.3044227], [10.2267068, 0.3054667], [10.2267434, 0.3064007], [10.2262489, 0.3072431], [10.2253149, 0.3080673], [10.2244582, 0.3076337], [10.2237552, 0.3065091], [10.2234834, 0.3051736], [10.2239229, 0.3034704], [10.2233003, 0.3030675], [10.222879, 0.3035437], [10.2226409, 0.3048257], [10.2204432, 0.30706], [10.2197656, 0.3069501], [10.2193192, 0.3062071], [10.2187157, 0.3055669], [10.2181414, 0.305679], [10.217695, 0.3068965], [10.2170155, 0.3077939], [10.21542, 0.3080751], [10.2148023, 0.3100819], [10.2149305, 0.3107778], [10.2157037, 0.3114582], [10.2157638, 0.3119682], [10.2150587, 0.3122429], [10.2133805, 0.3133785], [10.2118171, 0.3131403], [10.2114007, 0.3137699], [10.2116339, 0.3147795], [10.2119636, 0.3151183], [10.2120185, 0.3161439], [10.2118171, 0.3168948], [10.2120371, 0.3178253], [10.212028, 0.3190525], [10.2122211, 0.3194816], [10.2132815, 0.3195248], [10.2136035, 0.3199482], [10.2135551, 0.3219054], [10.2139255, 0.3227623], [10.2139049, 0.3232223], [10.2134849, 0.3235679], [10.2128649, 0.3235156], [10.2123624, 0.3237124], [10.2124123, 0.3243029], [10.2125859, 0.3246958], [10.2140236, 0.325361], [10.214603, 0.3260538], [10.2141954, 0.3275343], [10.213058, 0.3294164], [10.2122428, 0.3298088], [10.2111912, 0.3295451], [10.2100754, 0.3281504], [10.209067, 0.327427], [10.2087235, 0.327614], [10.2083104, 0.3283757], [10.2080208, 0.3285473], [10.2075515, 0.3285589], [10.2073758, 0.3281109], [10.2080585, 0.3248199], [10.207994, 0.3242881], [10.2076507, 0.3232796], [10.2076336, 0.322788], [10.2079296, 0.3213055], [10.2083124, 0.3187181], [10.2073955, 0.3177929], [10.203621, 0.3153208], [10.2022485, 0.3144528], [10.2016258, 0.312886], [10.2014344, 0.3124046], [10.2003273, 0.3115336], [10.2000117, 0.3110382], [10.2001077, 0.3090662], [10.2004685, 0.3042687], [10.2003658, 0.3033779], [10.2000984, 0.302982], [10.1991419, 0.3027016], [10.1936245, 0.3033436], [10.1910197, 0.3047012], [10.1903504, 0.3049711], [10.189814, 0.3049228], [10.1895672, 0.304719], [10.1894975, 0.3043971], [10.1895483, 0.3033841], [10.1894896, 0.2981942], [10.1890795, 0.297437], [10.1883065, 0.2971531], [10.1871478, 0.2965544], [10.1863865, 0.2956235], [10.1862574, 0.2945482], [10.18556, 0.2923917], [10.1848519, 0.2906268], [10.1846883, 0.289959], [10.1844986, 0.2887627], [10.1844462, 0.2841957], [10.1846909, 0.2834011], [10.1854545, 0.2830263], [10.186075, 0.2830256], [10.1875985, 0.2834015], [10.1891971, 0.284077], [10.1898135, 0.2845463], [10.1912892, 0.285461], [10.192405, 0.2855683], [10.1933829, 0.2852553], [10.1942611, 0.284549], [10.19486, 0.2838747], [10.1952481, 0.2830256], [10.1953018, 0.282414], [10.1952452, 0.2820853], [10.194658, 0.2814055], [10.1937705, 0.2811277], [10.1929103, 0.2808412], [10.1911604, 0.2793778], [10.188607, 0.2781118], [10.1857357, 0.2761067], [10.1832539, 0.2742109], [10.1813543, 0.2721359], [10.180119, 0.2702976], [10.1797128, 0.269207], [10.1796174, 0.2681891], [10.1795733, 0.2674797], [10.1797532, 0.2663203], [10.1807749, 0.2631882], [10.1809995, 0.2608364], [10.180975, 0.2570986], [10.1805322, 0.2549187], [10.1784885, 0.2530453], [10.1756273, 0.2523981], [10.1748419, 0.2521483], [10.1740945, 0.2515466], [10.1729023, 0.2498094], [10.1722326, 0.2481828], [10.1718754, 0.2480392], [10.170552, 0.2477317], [10.1689852, 0.2473911], [10.1675886, 0.2467098], [10.1669755, 0.2453133], [10.1676568, 0.2400338], [10.1675886, 0.2383307], [10.1671118, 0.2371726], [10.1659537, 0.2352651], [10.1664305, 0.2330171], [10.1679293, 0.2307009], [10.168587, 0.2297252], [10.1691463, 0.2291614]]]}}, {"type": "Feature", "properties": {"name": "Ngouni\u00e9", "osm_id": 1192626}, "geometry": {"type": "MultiLineString", "coordinates": [[[12.0772118, -2.2031453], [12.0767934, -2.2038957], [12.0768041, -2.2044532], [12.0765574, -2.2048714], [12.0759244, -2.2049035], [12.0756991, -2.2045176], [12.0755167, -2.204925], [12.0756347, -2.2053645], [12.074594, -2.2055146], [12.0742721, -2.2059434], [12.0737464, -2.2059113], [12.0732636, -2.2054824], [12.0721371, -2.2056325], [12.0714397, -2.2060185], [12.0714933, -2.2066832], [12.0712037, -2.2070262], [12.0704527, -2.2069941], [12.0700342, -2.2075408], [12.0693798, -2.2076266], [12.0691545, -2.2080983], [12.0693476, -2.208763], [12.0691652, -2.2094706], [12.0693369, -2.2101139], [12.0698733, -2.2107035], [12.0707745, -2.2107464], [12.0712895, -2.2107571], [12.0722551, -2.2101889], [12.0727594, -2.2095242], [12.0734675, -2.2094384], [12.074079, -2.209803], [12.073843, -2.2111431], [12.0732743, -2.2113468], [12.0734675, -2.211797], [12.0734889, -2.2125153], [12.0738537, -2.2130192], [12.0735426, -2.2137161], [12.0735533, -2.2146488], [12.073049, -2.2155279], [12.0725448, -2.2163855], [12.0720405, -2.2167179], [12.0712788, -2.2164177], [12.0703346, -2.2155815], [12.0696909, -2.2150883], [12.0692725, -2.2143486], [12.0690043, -2.213834], [12.0686931, -2.2141449], [12.0686288, -2.2146809], [12.0688004, -2.2152384], [12.0692725, -2.2155708], [12.0693261, -2.2161068], [12.0689935, -2.2164391], [12.0690364, -2.2168465], [12.0698089, -2.2171467], [12.0706565, -2.217404], [12.0710427, -2.2178221], [12.070914, -2.2183903], [12.0706672, -2.2196125], [12.0703132, -2.220245], [12.0698197, -2.2202021], [12.0690794, -2.2205345], [12.069133, -2.2211777], [12.0697124, -2.2216816], [12.0703454, -2.2222605], [12.0704205, -2.2235577], [12.0703024, -2.2245012], [12.0697124, -2.225123], [12.069766, -2.225466], [12.070399, -2.2256161], [12.0709462, -2.2253803], [12.0712573, -2.225584], [12.071901, -2.2264845], [12.0727486, -2.2268169], [12.0733065, -2.2273743], [12.0739824, -2.2274065], [12.0741756, -2.2270956], [12.0749802, -2.2267525], [12.0761497, -2.2264738], [12.0769972, -2.2269669], [12.0773513, -2.2277388], [12.0775122, -2.228886], [12.0779199, -2.229958], [12.078156, -2.2309443], [12.0780272, -2.2316305], [12.0780594, -2.2324131], [12.0784134, -2.2329705], [12.0783813, -2.2335173], [12.0777912, -2.2345679], [12.077877, -2.235179], [12.0775981, -2.2357794], [12.0778877, -2.236369], [12.0780487, -2.237559], [12.0777697, -2.2382666], [12.0779628, -2.2386418], [12.0777268, -2.2390277], [12.0767827, -2.2398961], [12.076611, -2.2408181], [12.0760638, -2.2418151], [12.0761067, -2.2423082], [12.0768041, -2.2428657], [12.0767934, -2.2435518], [12.0765037, -2.2440771], [12.0761497, -2.2441307], [12.0758707, -2.2438091], [12.075624, -2.2443988], [12.0753665, -2.2448705], [12.0751626, -2.2454172], [12.075463, -2.2463392], [12.0757849, -2.2473148], [12.0756025, -2.247958], [12.0753128, -2.2480223], [12.074991, -2.2477007], [12.0749158, -2.2479902], [12.0753021, -2.2484083], [12.0754737, -2.2490408], [12.07483, -2.2494374], [12.0748944, -2.2503058], [12.0744116, -2.2510777], [12.0745618, -2.2519675], [12.0744438, -2.252675], [12.0740575, -2.2533076], [12.074315, -2.2534791], [12.0742507, -2.2540151], [12.0738644, -2.2541759], [12.073961, -2.2546047], [12.0742614, -2.2547334], [12.0741326, -2.2550121], [12.0731992, -2.2553766], [12.0729203, -2.2558376], [12.0729739, -2.2563307], [12.0732314, -2.2565988], [12.0735962, -2.2565559], [12.0738108, -2.2560413], [12.0739717, -2.2561378], [12.0739288, -2.2566524], [12.0735747, -2.2569525], [12.0731885, -2.2572205], [12.0727486, -2.2570383], [12.0720083, -2.256856], [12.0718474, -2.257585], [12.07218, -2.2579924], [12.0728345, -2.258046], [12.0728666, -2.2586464], [12.0733387, -2.2588286], [12.0735533, -2.2591717], [12.0732207, -2.2593968], [12.0732421, -2.2602008], [12.0731456, -2.2605117], [12.0732314, -2.2613372], [12.0728023, -2.2618304], [12.072577, -2.2626666], [12.0723624, -2.2627523], [12.0722766, -2.2623128], [12.0720512, -2.2626129], [12.07218, -2.2633312], [12.072062, -2.2638136], [12.071547, -2.2645641], [12.0716328, -2.265218], [12.0713539, -2.265947], [12.071032, -2.2663437], [12.0710749, -2.2674479], [12.0707531, -2.2679625], [12.0704527, -2.2694848], [12.0699269, -2.2698278], [12.069766, -2.2711143], [12.0702381, -2.2713823], [12.0701737, -2.2717789], [12.0698518, -2.272122], [12.0701308, -2.2725186], [12.0700128, -2.2728831], [12.0696694, -2.2729903], [12.0695729, -2.2733227], [12.0697553, -2.274384], [12.06953, -2.2748235], [12.0689613, -2.2750379], [12.0688219, -2.275649], [12.0683283, -2.2760349], [12.0681781, -2.2770212], [12.0683176, -2.2775894], [12.0682425, -2.2784899], [12.0679421, -2.2788329], [12.0674524, -2.2787354], [12.0668731, -2.2789284], [12.0669052, -2.27925], [12.0674792, -2.2793572], [12.0677851, -2.2798289], [12.06771, -2.2799897], [12.0673022, -2.2799254], [12.0668731, -2.2800647], [12.0667872, -2.2804828], [12.0670876, -2.2806115], [12.067549, -2.2803971], [12.0678065, -2.2805472], [12.0676885, -2.2809117], [12.0669804, -2.281244], [12.0665405, -2.2812547], [12.0666585, -2.2815549], [12.0670018, -2.281587], [12.0672164, -2.2818872], [12.0669374, -2.2825304], [12.0671949, -2.2828091], [12.0669696, -2.2830879], [12.066637, -2.2831951], [12.0667765, -2.2836453], [12.0672915, -2.2839133], [12.0673451, -2.2841492], [12.067152, -2.2842993], [12.0665727, -2.2845137], [12.0664225, -2.2850497], [12.0666522, -2.2854515], [12.0669374, -2.2859502], [12.0667443, -2.2862075], [12.0663044, -2.286111], [12.0660148, -2.2863254], [12.0657143, -2.287569], [12.0650813, -2.2884587], [12.0650921, -2.2893914], [12.0649462, -2.2904399], [12.0653914, -2.291276], [12.0663624, -2.2913564], [12.0668291, -2.2916298], [12.0668881, -2.2920318], [12.0668237, -2.2925839], [12.0669146, -2.2928063], [12.0671668, -2.2927312], [12.0673921, -2.2922971], [12.0677247, -2.2922596], [12.0678062, -2.2925672]], [[12.0678062, -2.2925672], [12.0675594, -2.2932319], [12.0670552, -2.293264], [12.0665402, -2.2935964], [12.066272, -2.294186], [12.0659179, -2.2945397], [12.0653815, -2.2944004], [12.0650596, -2.2946362], [12.0650918, -2.2951508], [12.0655317, -2.2955367], [12.0663149, -2.2956761], [12.0666046, -2.2959334], [12.0665724, -2.2962335], [12.0656819, -2.2967052], [12.0653171, -2.2974878], [12.0653708, -2.2986992], [12.0649309, -2.2994282], [12.0649953, -2.3002429], [12.0645768, -2.3008861], [12.0638151, -2.301808], [12.0630211, -2.3020439], [12.06271, -2.3017866], [12.0628817, -2.3008861], [12.0622165, -2.300736], [12.0617766, -2.3011541], [12.06109, -2.3008325], [12.0606608, -2.3014864], [12.0609827, -2.3022583], [12.0607144, -2.3029444], [12.0603926, -2.3027621], [12.0605642, -2.302194], [12.0602531, -2.301926], [12.0594163, -2.3018509], [12.058279, -2.3011434], [12.0575494, -2.3007039], [12.0559723, -2.3014436], [12.0545561, -2.3014543], [12.0530862, -2.3021511], [12.0522601, -2.3021618], [12.0507688, -2.3020546], [12.0495994, -2.3030087], [12.0498891, -2.3036198], [12.0495994, -2.3040057], [12.0490737, -2.3038342], [12.0484299, -2.3041236], [12.0483334, -2.3051527], [12.0479686, -2.3056566], [12.0474214, -2.3057102], [12.0469279, -2.3053671], [12.0463378, -2.3057102], [12.0461661, -2.3064499], [12.0457048, -2.3069001], [12.0449323, -2.3068144], [12.0442564, -2.3066428], [12.0439238, -2.3060532], [12.0431299, -2.3058281], [12.0420999, -2.3059568], [12.0413489, -2.3063105], [12.041027, -2.3068251], [12.0412094, -2.3075005], [12.0404691, -2.3078328], [12.0395465, -2.3077577], [12.0384092, -2.3075541], [12.0373041, -2.3081544], [12.0362312, -2.3080043], [12.0358235, -2.3081865], [12.034858, -2.3081865], [12.0342786, -2.3085832], [12.0342571, -2.3091085], [12.0332486, -2.3095266], [12.0327658, -2.3104699], [12.0321436, -2.3115741], [12.0315213, -2.3117135], [12.0309312, -2.312228], [12.0309419, -2.3134287], [12.0302875, -2.3144149], [12.0300836, -2.3155405], [12.0295686, -2.3173415], [12.0292039, -2.3178989], [12.0292146, -2.3184135], [12.0297296, -2.3198393], [12.0296223, -2.3217153], [12.0291502, -2.3226694], [12.0287318, -2.3229695], [12.0285065, -2.3225622], [12.0285279, -2.3217474], [12.0283026, -2.3210185], [12.0279808, -2.3210185], [12.0278628, -2.3214794], [12.0279164, -2.3220798], [12.0275516, -2.322798], [12.0273478, -2.3236878], [12.0268435, -2.3243953], [12.0262534, -2.3253172], [12.0257384, -2.3275791], [12.0253844, -2.328083], [12.0246763, -2.3282116], [12.023818, -2.3284689], [12.023303, -2.3290049], [12.0224661, -2.3295838], [12.0225305, -2.3302591], [12.0231635, -2.3310738], [12.0230026, -2.33191], [12.0225734, -2.3325317], [12.0213289, -2.3332607], [12.021007, -2.3330034], [12.0208783, -2.3321137], [12.020535, -2.3317492], [12.0200522, -2.331835], [12.019741, -2.3325425], [12.0196015, -2.3342148], [12.0191724, -2.3345149], [12.0187218, -2.3342684], [12.0176811, -2.3330249], [12.0170588, -2.3332178], [12.0165867, -2.3337645], [12.0158786, -2.3342791], [12.0152778, -2.3343327], [12.0141728, -2.3352117], [12.0131535, -2.3350617], [12.01266, -2.3346543], [12.0118553, -2.3344828], [12.0112438, -2.3347186], [12.0107503, -2.3354261], [12.0104284, -2.3359836], [12.0100529, -2.3362516], [12.0097632, -2.3364338], [12.0092053, -2.3365946], [12.0084757, -2.3379239], [12.0082719, -2.3387386], [12.00795, -2.3390923], [12.0074672, -2.3388136], [12.0071454, -2.337956], [12.0064587, -2.3375701], [12.005579, -2.3377202], [12.0053215, -2.3381168], [12.0058472, -2.3385563], [12.0060403, -2.3393925], [12.0067055, -2.3398642], [12.0063514, -2.3406467], [12.0058579, -2.340829], [12.0053429, -2.3403894], [12.005418, -2.3399714], [12.0049299, -2.3397248], [12.004785, -2.3392424], [12.005064, -2.3388672], [12.0046751, -2.3386609], [12.0043089, -2.338965], [12.003857, -2.3391406], [12.0033447, -2.3389717], [12.0029826, -2.3382455], [12.0022745, -2.3385242], [12.0015342, -2.3382133], [12.0012016, -2.3382669], [12.0014054, -2.338953], [12.0015235, -2.3394568], [12.0008583, -2.3396819], [12.0001716, -2.3396605], [11.9999034, -2.3395211], [11.9999785, -2.3388351], [11.9996888, -2.3384813], [11.9992489, -2.3386421], [11.9986481, -2.3395319], [11.9979937, -2.3394354], [11.9976289, -2.3389637], [11.9977469, -2.3377416], [11.9974465, -2.3374844], [11.9971032, -2.3376452], [11.9968993, -2.338224], [11.9968445, -2.3393045], [11.9965131, -2.3394793], [11.9966418, -2.3396676], [11.9970603, -2.3398711], [11.9969422, -2.3403101], [11.9962771, -2.3403097], [11.9959805, -2.3411395], [11.9952993, -2.3415213], [11.994146, -2.3411206], [11.9924186, -2.3411419], [11.9901655, -2.3420413], [11.988406, -2.3432093], [11.986228, -2.3438991], [11.9838784, -2.3434955], [11.9822477, -2.3425369], [11.9805095, -2.3421739], [11.9796942, -2.3412548], [11.9795439, -2.3400961], [11.979501, -2.3389782], [11.97875, -2.3379022], [11.9767545, -2.3370191], [11.9743933, -2.3370684], [11.9718603, -2.3374394], [11.9694339, -2.337538], [11.9680249, -2.3391503], [11.9666338, -2.3402525], [11.9656941, -2.3415754], [11.9655676, -2.3426978], [11.9660939, -2.343836], [11.9634874, -2.3459176], [11.9611496, -2.3472077], [11.9603003, -2.347924], [11.9597784, -2.3490416], [11.9602689, -2.3497009], [11.9609604, -2.3504301], [11.96156, -2.3519313], [11.9622185, -2.3532931], [11.9613965, -2.3545156], [11.9603425, -2.3547308], [11.95872, -2.3552033], [11.9575191, -2.3550994], [11.956158, -2.3548703], [11.955324, -2.3553768], [11.9547181, -2.35654], [11.9541823, -2.3571724], [11.953175, -2.3580085], [11.9525741, -2.3580835], [11.9521941, -2.3583089], [11.9521783, -2.3599831], [11.9520261, -2.3613346], [11.9516259, -2.3620904], [11.9514917, -2.3629479], [11.9512272, -2.3631166], [11.9511772, -2.3633711], [11.9508577, -2.363588], [11.950332, -2.3634628], [11.9499027, -2.3635981], [11.9494561, -2.3639151], [11.9485731, -2.3646303], [11.9480319, -2.365266], [11.9474071, -2.3659618], [11.9469322, -2.3664312], [11.9466348, -2.3673082], [11.946682, -2.3687796], [11.9459354, -2.3696575], [11.9454827, -2.370093], [11.9449431, -2.3700772], [11.9442149, -2.3701546], [11.9437805, -2.3695554], [11.9433843, -2.3696308], [11.9425165, -2.3703884], [11.9411818, -2.3707444], [11.9409033, -2.3712067], [11.9401549, -2.3715089], [11.9391968, -2.3725587], [11.9385035, -2.3738747], [11.9380612, -2.3740568], [11.9374562, -2.373777], [11.9369733, -2.3730414], [11.9366912, -2.3723146], [11.9366881, -2.372038], [11.9371067, -2.3719359], [11.9375753, -2.3710621], [11.9375292, -2.3686523], [11.9373629, -2.3683791], [11.9370356, -2.368395], [11.9359925, -2.3695009], [11.9356546, -2.3695395], [11.935269, -2.3691797], [11.9346329, -2.3688821], [11.933566, -2.3686468], [11.932652, -2.3686115], [11.9322004, -2.3674971], [11.9316061, -2.3650307], [11.9314316, -2.364703]], [[11.9314316, -2.364703], [11.931092, -2.3647384], [11.9309505, -2.3649765], [11.9310613, -2.3656579], [11.930893, -2.3674324], [11.9305934, -2.3687448], [11.9291448, -2.3721533], [11.9284208, -2.3732625], [11.9271252, -2.3737105], [11.9267511, -2.3734841], [11.9266052, -2.370916], [11.9264168, -2.370163], [11.9262713, -2.3690027], [11.9260933, -2.3686607], [11.9257561, -2.368656], [11.9255999, -2.3689573], [11.925808, -2.3699129], [11.9257371, -2.370654], [11.9252452, -2.371279], [11.9251609, -2.3718826], [11.9248208, -2.372318], [11.9248062, -2.3725992], [11.9246665, -2.3740235], [11.9247706, -2.3751379], [11.9239998, -2.3763489], [11.9235159, -2.3764147], [11.9232055, -2.3759644], [11.9227887, -2.3762997], [11.9215146, -2.3759538], [11.9207764, -2.375475], [11.9208119, -2.3750752], [11.920571, -2.374573], [11.9204116, -2.373959], [11.919961, -2.3728656], [11.9194138, -2.372008], [11.9188881, -2.3715042], [11.9179225, -2.3712362], [11.9167959, -2.3704536], [11.9161951, -2.3704643], [11.9155084, -2.3712255], [11.9151866, -2.3720723], [11.9152724, -2.3728441], [11.9149828, -2.3739054], [11.914382, -2.3743878], [11.9139421, -2.3749667], [11.9134808, -2.3751596], [11.9130623, -2.3749773], [11.9129336, -2.3745807], [11.9129979, -2.3738947], [11.9128477, -2.3734659], [11.9123354, -2.3731925], [11.9120538, -2.3728227], [11.9121611, -2.3723617], [11.9120967, -2.3719973], [11.9115388, -2.3712147], [11.9107717, -2.3703464], [11.9104123, -2.3701106], [11.9100207, -2.3701856], [11.9094682, -2.3698212], [11.9089343, -2.3698024], [11.9083526, -2.3697051], [11.9077515, -2.3698855], [11.9070434, -2.3702821], [11.9071305, -2.3708331], [11.9071293, -2.3713112], [11.906625, -2.3719196], [11.9061744, -2.372008], [11.9057399, -2.372284], [11.9054582, -2.3726271], [11.9051095, -2.3727852], [11.9048762, -2.3730371], [11.9050425, -2.3733801], [11.9053375, -2.3735516], [11.9053054, -2.3740983], [11.9049943, -2.3745378], [11.9045866, -2.374838], [11.904211, -2.3752668], [11.9039696, -2.3752507], [11.9035136, -2.3748916], [11.9029021, -2.3748701], [11.902312, -2.3750309], [11.9020127, -2.3754893], [11.902163, -2.3758216], [11.9028496, -2.3759609], [11.9032358, -2.3761861], [11.9031286, -2.3766684], [11.9027852, -2.3768507], [11.9018518, -2.3768614], [11.9016265, -2.3772902], [11.9011866, -2.377794], [11.9008219, -2.3780406], [11.9002854, -2.3779119], [11.9000722, -2.3779885], [11.89991, -2.3780394], [11.8995679, -2.3782496], [11.8993413, -2.3781493], [11.8988799, -2.3779655], [11.8971097, -2.3778905], [11.8963909, -2.3782442], [11.8964016, -2.378748], [11.8968093, -2.3794341], [11.8967771, -2.380163], [11.8960153, -2.3812886], [11.8960046, -2.3827464], [11.8957364, -2.3853299], [11.8954253, -2.3871843], [11.8962943, -2.3896177], [11.8976944, -2.3929086], [11.8984079, -2.3941842], [11.8984199, -2.3967573], [11.8988061, -2.3979686], [11.8999005, -2.3991477], [11.9005549, -2.4002733], [11.9005013, -2.4009486], [11.900158, -2.4017847], [11.9001687, -2.4025565], [11.8999005, -2.403457], [11.8994928, -2.4036606], [11.8987096, -2.4031354], [11.8980551, -2.4031032], [11.8975938, -2.403607], [11.8972397, -2.4045289], [11.8966604, -2.4049577], [11.8956626, -2.4053221], [11.8946541, -2.4059653], [11.8936134, -2.4070372], [11.8932486, -2.4089667], [11.8921865, -2.4105317], [11.8919397, -2.4114429], [11.8922294, -2.4117001], [11.8928087, -2.4115501], [11.8932486, -2.4121932], [11.8932701, -2.4132009], [11.8927014, -2.4141763], [11.8927765, -2.4149695], [11.8925191, -2.4152697], [11.8915213, -2.4154841], [11.8900407, -2.416363], [11.8897832, -2.4171777], [11.8891287, -2.4177673], [11.8889678, -2.4191072], [11.8888498, -2.4194931], [11.8891915, -2.4198448], [11.889331, -2.4207238], [11.888934, -2.4213133], [11.8884405, -2.4214527], [11.888183, -2.4219136], [11.8878694, -2.4228138], [11.8875929, -2.4236072], [11.886681, -2.4249257], [11.8854364, -2.4258476], [11.8847712, -2.4262335], [11.883988, -2.4261584], [11.8828508, -2.4265765], [11.8815097, -2.4265979], [11.8810805, -2.4270803], [11.8806514, -2.4290633], [11.8801793, -2.4296743], [11.879557, -2.4298029], [11.8771323, -2.4296958], [11.8749758, -2.4299316], [11.8733128, -2.4301031], [11.8715426, -2.4310785], [11.8687316, -2.4329758], [11.8675407, -2.4340049], [11.8668219, -2.4342621], [11.8664357, -2.4342192], [11.8661031, -2.4336404], [11.8656417, -2.4335011], [11.864719, -2.4338977], [11.8640002, -2.4346587], [11.8636032, -2.4347981], [11.8633779, -2.434573], [11.8630561, -2.4338762], [11.8625196, -2.4336618], [11.8619617, -2.4337583], [11.8615004, -2.4341013], [11.8612751, -2.4348302], [11.8612644, -2.4359022], [11.8610283, -2.4382068], [11.860567, -2.4386462], [11.8601056, -2.4384426], [11.8592044, -2.4373278], [11.8587109, -2.4371992], [11.8578526, -2.4375315], [11.8569728, -2.4375315], [11.8555244, -2.4378102], [11.8547627, -2.4384104], [11.8543657, -2.438314], [11.8538615, -2.4384962], [11.8532285, -2.4391608], [11.8526276, -2.439418], [11.8519732, -2.4393108], [11.8513295, -2.4385498], [11.8506535, -2.4384319], [11.847746, -2.4376279], [11.846362, -2.4366632], [11.8450785, -2.4345274], [11.8448254, -2.4342109], [11.8446203, -2.4340468]], [[11.8446203, -2.4340468], [11.8444261, -2.433978], [11.8441924, -2.4339704], [11.8439688, -2.4340257], [11.8437526, -2.4341473], [11.843551, -2.4343372], [11.8433677, -2.4346645], [11.8432534, -2.4350004], [11.8431708, -2.4354338], [11.8431326, -2.4364703], [11.8425211, -2.4374886], [11.8409332, -2.438464], [11.8394741, -2.4390965], [11.8375644, -2.4388392], [11.8363842, -2.4382175], [11.8346568, -2.4377673], [11.8319103, -2.437778], [11.8306013, -2.4374671], [11.8291637, -2.4366954], [11.8285092, -2.436749], [11.8278333, -2.4363738], [11.8268784, -2.4350017], [11.825827, -2.4346694], [11.8251511, -2.4348088], [11.8246468, -2.4352483], [11.8247649, -2.4357199], [11.8252369, -2.4364917], [11.8260738, -2.4371777], [11.8260952, -2.4378209], [11.825591, -2.4385712], [11.8249258, -2.4405971], [11.8248292, -2.4418727], [11.8244966, -2.4431697], [11.8241319, -2.4436521], [11.8217071, -2.4449705], [11.8203982, -2.4458924], [11.8199798, -2.446782], [11.8195506, -2.449912], [11.8185958, -2.4511554], [11.8176302, -2.4516914], [11.8163856, -2.4528276], [11.8164178, -2.4536744], [11.8169435, -2.4541138], [11.8170615, -2.4545855], [11.8162998, -2.4556038], [11.8156561, -2.4558182], [11.8146368, -2.4566221], [11.8134781, -2.4571366], [11.8103238, -2.4571044], [11.8072017, -2.4562898], [11.8063864, -2.456472], [11.8050667, -2.4574689], [11.8038651, -2.4576082], [11.8032106, -2.4572331], [11.8029639, -2.4566328], [11.8029746, -2.4560433], [11.8044444, -2.4549285], [11.8048521, -2.4535457], [11.8046697, -2.4526882], [11.8047341, -2.4515627], [11.8043586, -2.4507374], [11.8036076, -2.4505123], [11.8027815, -2.4506087], [11.802127, -2.451284], [11.8001851, -2.4527633], [11.7988654, -2.4533528], [11.7970094, -2.4538244], [11.793619, -2.4535886], [11.7914947, -2.4530955], [11.7881473, -2.4501585], [11.7860981, -2.4490009], [11.7843064, -2.4480147], [11.7833408, -2.4479397], [11.7828044, -2.4484328], [11.7824074, -2.4500513], [11.7812272, -2.4510804], [11.7802295, -2.4513269], [11.7792209, -2.4508981], [11.7778047, -2.4512626], [11.7771396, -2.45197], [11.7765924, -2.4521201], [11.7762598, -2.4524738], [11.7746826, -2.4532778], [11.7740818, -2.4529133], [11.7736205, -2.4530312], [11.7734059, -2.4534171], [11.7732882, -2.455229], [11.7726016, -2.4580803], [11.7740607, -2.4615102], [11.7738675, -2.4621963], [11.7723656, -2.4635469], [11.768825, -2.4660337], [11.7684173, -2.4666768], [11.7677092, -2.4715432], [11.7670225, -2.4753591], [11.7663788, -2.477117], [11.7651772, -2.4791964], [11.7628491, -2.4817582], [11.7619157, -2.4830766], [11.7602634, -2.4861422], [11.7601239, -2.487064], [11.7597883, -2.488583], [11.7588411, -2.4912597], [11.7589638, -2.4921326], [11.7597028, -2.4928065], [11.759786, -2.4934041], [11.7602098, -2.4937203], [11.7602444, -2.4943557], [11.7600751, -2.4951519], [11.7595648, -2.4954366], [11.7588662, -2.4961346], [11.7587779, -2.4968661], [11.7584511, -2.4972358], [11.7582696, -2.4979538], [11.7574417, -2.498608], [11.7572271, -2.4991975], [11.7575698, -2.5008468], [11.7573867, -2.5016815], [11.7559906, -2.5030723], [11.7557304, -2.504396], [11.7550814, -2.5065719], [11.75484, -2.5082976], [11.7549526, -2.5091444], [11.7556714, -2.509616], [11.7562525, -2.5096459], [11.7567263, -2.5098258], [11.7570516, -2.5102285], [11.7568439, -2.5112911], [11.756407, -2.5125161], [11.7565847, -2.5141729], [11.7568971, -2.5147853], [11.7575434, -2.5150455], [11.7584069, -2.5150299], [11.7591254, -2.5141628], [11.7597256, -2.5139078], [11.7603036, -2.5139764], [11.760537, -2.514371], [11.7607462, -2.5151387], [11.7614865, -2.5151092], [11.7619371, -2.515479], [11.7625594, -2.5152111], [11.7629456, -2.5154255], [11.7636108, -2.5161543], [11.763643, -2.5166367], [11.7632568, -2.5169046], [11.7628491, -2.5173227], [11.7631226, -2.5179657], [11.7629778, -2.5187267], [11.7624843, -2.5193377], [11.7621624, -2.5199916], [11.7612451, -2.5207043], [11.7606604, -2.5214385], [11.7595339, -2.5224836], [11.7594265, -2.5229605], [11.7598558, -2.5237109], [11.7598343, -2.5242146], [11.7594802, -2.5246434], [11.7590511, -2.5246219], [11.7578387, -2.5243432], [11.7573988, -2.524429], [11.7571171, -2.5249046], [11.7574256, -2.5251016], [11.7575704, -2.5254526], [11.7573022, -2.526026], [11.7567766, -2.5266476], [11.7562401, -2.5268835], [11.7548775, -2.5280625], [11.7545771, -2.5285019], [11.7540836, -2.5287807], [11.7534613, -2.5288557], [11.7529356, -2.5290915], [11.752249, -2.5299918], [11.7516804, -2.5315782], [11.7510903, -2.5317496], [11.7499745, -2.531905], [11.7490303, -2.5323391], [11.7484617, -2.5332931], [11.7485475, -2.5341398], [11.7489981, -2.5344614], [11.7490411, -2.5351902], [11.7486334, -2.5358119], [11.7480432, -2.5362514], [11.7472601, -2.5365514], [11.745243, -2.5372374], [11.7437946, -2.5385558], [11.7417884, -2.5395311], [11.7402112, -2.5409567], [11.739192, -2.5416641], [11.73666, -2.5443436], [11.7348361, -2.5461657], [11.7330551, -2.5474734], [11.7316604, -2.5478271], [11.7306947, -2.5484809]], [[11.7306947, -2.5484809], [11.7293751, -2.5485667], [11.7282808, -2.5481807], [11.7275298, -2.5484916], [11.7262422, -2.5489739], [11.7249656, -2.5499386], [11.7240429, -2.550378], [11.7230343, -2.5502708], [11.7221867, -2.5496598], [11.7218005, -2.5483201], [11.7213821, -2.5464551], [11.7207598, -2.5454262], [11.7193866, -2.5445151], [11.7181795, -2.5430842], [11.7179596, -2.541932], [11.71848, -2.5407905], [11.7194402, -2.539917], [11.7216396, -2.5390327], [11.7243003, -2.5377733], [11.7246168, -2.5369855], [11.724118, -2.5357368], [11.7229136, -2.5346784], [11.7213016, -2.5338772], [11.7199015, -2.5334323], [11.71929, -2.5339254], [11.7184638, -2.534397], [11.7174339, -2.53444], [11.7167579, -2.5339255], [11.7164576, -2.5329072], [11.716715, -2.531964], [11.7171978, -2.5311279], [11.7186999, -2.5299811], [11.7193973, -2.5298632], [11.7206096, -2.5292523], [11.7223156, -2.5288771], [11.722809, -2.5282554], [11.7230343, -2.5273444], [11.7228412, -2.5263368], [11.7220044, -2.5259403], [11.7204058, -2.5255758], [11.7193221, -2.5252436], [11.718657, -2.5252436], [11.717627, -2.5259724], [11.716758, -2.5263368], [11.7161679, -2.5264441], [11.7157388, -2.5258438], [11.7157387, -2.5251257], [11.7163503, -2.5222316], [11.7161464, -2.521042], [11.7154715, -2.519972], [11.7143986, -2.5193397], [11.7133675, -2.5183193], [11.7131315, -2.517419], [11.7133247, -2.5153074], [11.7142688, -2.5127564], [11.7144512, -2.5115666], [11.7149876, -2.5097766], [11.7143117, -2.5088012], [11.7136905, -2.5076565], [11.7136047, -2.5061665], [11.7131959, -2.5042994], [11.7122421, -2.5022864], [11.7112003, -2.5009659], [11.7099778, -2.4987268], [11.7092381, -2.4982562], [11.7073498, -2.4961875], [11.7062715, -2.4945583], [11.7055795, -2.494301], [11.7038093, -2.4946119], [11.7021345, -2.4946741], [11.700847, -2.4955316], [11.6992007, -2.4955809], [11.6983268, -2.4949227], [11.6979717, -2.4934521], [11.6974148, -2.4920715], [11.6970716, -2.4900779], [11.6959021, -2.4883093], [11.6937027, -2.4860369], [11.6933915, -2.4853081], [11.6926512, -2.4844184], [11.6918358, -2.4828106], [11.6904894, -2.4808384], [11.6898082, -2.4805168], [11.6887996, -2.4803238], [11.6864071, -2.4807633], [11.6855917, -2.4806132], [11.6845714, -2.4808577], [11.6836808, -2.4815544], [11.6822861, -2.4822404], [11.6808914, -2.4839125], [11.6801248, -2.4847282], [11.679251, -2.4848579], [11.6779409, -2.4843841], [11.6776625, -2.4838171], [11.6779742, -2.483443], [11.6781019, -2.4825941], [11.6785751, -2.4817066], [11.6785096, -2.4809326], [11.677706, -2.4794771], [11.6771041, -2.4778028], [11.6772875, -2.4769045], [11.6781137, -2.4754468], [11.678456, -2.4738475], [11.6780697, -2.4728721], [11.6772125, -2.4723277], [11.6757737, -2.4720575], [11.6750023, -2.471513], [11.6734515, -2.4700166], [11.6721903, -2.469485], [11.6714082, -2.4685439], [11.6710434, -2.4674398], [11.6703235, -2.4655297], [11.6703567, -2.4640419], [11.6708063, -2.4613386], [11.6704737, -2.4604489], [11.6699266, -2.4599237], [11.6688547, -2.459615], [11.6675447, -2.4596664], [11.6645943, -2.4602239], [11.6611026, -2.4606376], [11.6596172, -2.460301], [11.6575465, -2.4602474], [11.6559468, -2.4595593], [11.6547141, -2.4596793], [11.6528258, -2.4594971], [11.6515378, -2.4586332], [11.6502498, -2.4586804], [11.6488121, -2.4591198], [11.6472565, -2.4591305], [11.6460286, -2.4599891], [11.6448328, -2.4601402], [11.643084, -2.4597865], [11.6423105, -2.4602238], [11.6416131, -2.4602989], [11.6391036, -2.4597543], [11.6377732, -2.4592613], [11.6363142, -2.4578035], [11.6360019, -2.4567938], [11.6368173, -2.4553253], [11.6367959, -2.4543391], [11.6369783, -2.4532244], [11.6362595, -2.45301], [11.6351447, -2.451758], [11.6338883, -2.4503303], [11.6342854, -2.4489475], [11.6352617, -2.4468572], [11.6369031, -2.4459033], [11.6382765, -2.4453673], [11.640669, -2.4458497], [11.6414474, -2.4455184], [11.6422794, -2.4455409], [11.643363, -2.446227], [11.6459058, -2.4467093], [11.6469668, -2.44645], [11.647794, -2.4453266], [11.6480622, -2.4439385], [11.6484699, -2.4433758], [11.649296, -2.441532], [11.6494248, -2.4404816], [11.6490053, -2.4391074], [11.6483567, -2.4384063], [11.6469357, -2.4377267], [11.6459535, -2.4367931], [11.6448317, -2.4364811], [11.6428045, -2.4354211], [11.6408525, -2.434972], [11.6396497, -2.4341658], [11.6385339, -2.4339943], [11.6365169, -2.4330832], [11.6348872, -2.433021], [11.6333519, -2.4319148], [11.63169, -2.4305664], [11.6312813, -2.4298782], [11.6311739, -2.428742], [11.6312823, -2.4281224], [11.6322045, -2.4270976], [11.6326546, -2.4260729], [11.6331481, -2.4254511], [11.6343508, -2.4230843], [11.6343723, -2.4222483], [11.6351222, -2.4208204], [11.6359816, -2.4199972], [11.6373109, -2.4195985], [11.6390275, -2.4184623], [11.640595, -2.4181964], [11.6414307, -2.4179477], [11.6414843, -2.4171759], [11.6411088, -2.4157609], [11.640552, -2.4154308], [11.6396509, -2.4151736], [11.6381058, -2.4142303], [11.6365598, -2.4135957], [11.6346715, -2.4135527], [11.6328906, -2.4140459], [11.6314754, -2.4139087], [11.6308961, -2.4131798], [11.6311954, -2.4112803], [11.6315602, -2.4085147], [11.6321825, -2.4077643], [11.6335772, -2.4062851], [11.6343246, -2.4051248]], [[11.6343246, -2.4051248], [11.634972, -2.4041197], [11.6349516, -2.402932], [11.6334914, -2.4017828], [11.6320967, -2.4013326], [11.6307019, -2.4016328], [11.6303371, -2.4031764], [11.6298017, -2.4051402]], [[11.6298017, -2.4051402], [11.6288565, -2.4063923], [11.6266893, -2.4082575], [11.624844, -2.4090078], [11.6233634, -2.4099726], [11.6220984, -2.4116362], [11.6209075, -2.4125795], [11.6199312, -2.412751], [11.6191587, -2.4122579], [11.6178498, -2.4098139], [11.6173777, -2.407863], [11.6175483, -2.4070569], [11.6189645, -2.40457], [11.6196083, -2.4035838], [11.61978, -2.4025119], [11.6208089, -2.4005608], [11.6212937, -2.3971435], [11.6209054, -2.3951368], [11.6201651, -2.3943757], [11.6188562, -2.3943435], [11.6180622, -2.3952654], [11.6177404, -2.3970234], [11.6160667, -2.398567], [11.6152513, -2.4008717], [11.6143072, -2.4021473], [11.6133201, -2.4045807], [11.6122472, -2.4059635], [11.6094577, -2.4066495], [11.6067347, -2.4052903], [11.6052542, -2.4030178], [11.6043079, -2.4005394], [11.6045246, -2.3961787], [11.6068614, -2.3910206], [11.6079557, -2.3897127], [11.6092453, -2.3875817], [11.6091702, -2.3865419], [11.6085372, -2.3861453], [11.6070244, -2.3860274], [11.6061983, -2.3865098], [11.6043937, -2.3890696], [11.6035139, -2.38982], [11.6017877, -2.3898907], [11.6005121, -2.390133], [11.5993962, -2.3910977], [11.5970359, -2.3946136], [11.5954051, -2.3955141], [11.5929782, -2.3977523], [11.5890536, -2.3991158], [11.5860689, -2.3986099], [11.5844166, -2.3972807], [11.5823803, -2.3963073], [11.5822709, -2.3950724], [11.5831077, -2.3917923], [11.5853296, -2.3896013], [11.5865646, -2.3890395], [11.5891373, -2.38714], [11.5909633, -2.3850304], [11.5910374, -2.3841557], [11.5908969, -2.3833882], [11.59006, -2.3829594], [11.5876353, -2.3826164], [11.5857374, -2.3825156], [11.5843759, -2.3835297], [11.5819297, -2.3848161], [11.581007, -2.3858237], [11.5784513, -2.3876331], [11.5763281, -2.3886151], [11.5753422, -2.3887394], [11.5748465, -2.3880405], [11.574825, -2.3854035], [11.5756082, -2.3826486], [11.5764344, -2.3813944], [11.578151, -2.3794113], [11.5798032, -2.378007], [11.582893, -2.3763348], [11.587088, -2.3739978], [11.5886652, -2.3728615], [11.5902746, -2.370396], [11.5923774, -2.3676304], [11.592592, -2.3660867], [11.5914569, -2.36402], [11.5900397, -2.362528], [11.5884292, -2.3620776], [11.5872716, -2.3626352], [11.5859423, -2.3646632], [11.5846763, -2.3657137], [11.5824124, -2.3681042], [11.5803954, -2.3688116], [11.5792358, -2.3701068], [11.5784085, -2.3703747], [11.5771103, -2.3718325], [11.575914, -2.3723363], [11.5751469, -2.3733547], [11.573484, -2.3745553], [11.5719498, -2.3751127], [11.5701493, -2.3758974], [11.5671871, -2.3760625], [11.5659845, -2.376592], [11.5649759, -2.3767635], [11.5631525, -2.3765416], [11.5598701, -2.3771559], [11.557897, -2.3781271], [11.5564787, -2.3781571], [11.5545475, -2.3778355], [11.5507731, -2.3788561], [11.5484536, -2.3787788], [11.5469944, -2.378007], [11.5461147, -2.3763133], [11.546179, -2.3743195], [11.5465224, -2.3721541], [11.5459666, -2.3705161], [11.5451073, -2.36926], [11.5433907, -2.3692386], [11.5420378, -2.3699673], [11.5412653, -2.3719183], [11.540216, -2.3753614], [11.5394854, -2.3755631], [11.5383192, -2.3744696], [11.5375681, -2.3727115], [11.5349717, -2.3671158], [11.5339369, -2.3664624], [11.5328377, -2.3665593], [11.5320985, -2.367139], [11.5304197, -2.3686696], [11.5289822, -2.3697741], [11.5279696, -2.3701338], [11.5269407, -2.3707291], [11.5256784, -2.370877], [11.5240095, -2.3711873], [11.5225987, -2.3716292]], [[11.5225987, -2.3716292], [11.5211918, -2.3719593], [11.5199302, -2.3723633], [11.5178025, -2.3744698], [11.5159786, -2.3755417], [11.5147984, -2.3759062], [11.5133178, -2.3758097], [11.5117943, -2.3752309], [11.5109575, -2.3747163], [11.5104532, -2.373923], [11.5102279, -2.3727332], [11.5103889, -2.3715433], [11.5110647, -2.3706643], [11.5120635, -2.3698282], [11.5129764, -2.3691958], [11.5145472, -2.3676628], [11.5161395, -2.3658726], [11.5174162, -2.3649185], [11.5193098, -2.3630426], [11.5221905, -2.360963], [11.5245939, -2.3600089], [11.5257204, -2.3594193], [11.5266645, -2.3582294], [11.52704, -2.3571468], [11.5266538, -2.3559354], [11.52542, -2.3539737], [11.52439, -2.3525801], [11.5231883, -2.3516367], [11.5200126, -2.3504898], [11.5177488, -2.3496965], [11.5167081, -2.3497072], [11.5161609, -2.3499966], [11.5157425, -2.3508007], [11.5158606, -2.3515832], [11.516515, -2.3535449], [11.5167618, -2.3559675], [11.5166223, -2.3573504], [11.5162146, -2.3585296], [11.5153241, -2.3592049], [11.5135002, -2.3599661], [11.5117514, -2.3600625], [11.5106892, -2.3598266], [11.5092838, -2.3588619], [11.5082967, -2.3576827], [11.5075457, -2.3557639], [11.5062582, -2.3506076], [11.5061831, -2.3493963], [11.506505, -2.3481528], [11.5074706, -2.3455693], [11.5078568, -2.3438756], [11.5077174, -2.342557], [11.5071273, -2.3414422], [11.5060543, -2.340188], [11.5052921, -2.3397472], [11.5023825, -2.339317], [11.4997083, -2.3388962], [11.4978629, -2.3385424], [11.4955296, -2.3377868], [11.4943063, -2.3376473], [11.4929599, -2.3378243], [11.4918816, -2.3378779], [11.4910501, -2.3377331], [11.490503, -2.3376849], [11.4895427, -2.3378537], [11.4886469, -2.3377706], [11.4879763, -2.3376098], [11.4872307, -2.3372615], [11.4865923, -2.3365539], [11.4862919, -2.3356856], [11.4861741, -2.3348388], [11.48619, -2.3333701], [11.4862761, -2.331807], [11.4863616, -2.3306097], [11.4865818, -2.3293599], [11.4875903, -2.3273842], [11.4893229, -2.3247545], [11.4911198, -2.3221463], [11.4922464, -2.3204096], [11.4924717, -2.3192304], [11.4923537, -2.3183835], [11.4918816, -2.3175527], [11.4912432, -2.3168774], [11.4901435, -2.3164378], [11.4881158, -2.3157947], [11.4870643, -2.3155481], [11.4859915, -2.3156982], [11.4850527, -2.3162502], [11.4844251, -2.3168827], [11.48332, -2.3185014], [11.482864, -2.3190053], [11.4815497, -2.3208063], [11.4802622, -2.3218782], [11.4793396, -2.3225107], [11.4784276, -2.3225429], [11.4776659, -2.322232], [11.4773655, -2.3216746], [11.4772046, -2.319552], [11.4775264, -2.3172365], [11.477923, -2.31495], [11.4782337, -2.3124276], [11.478256, -2.3111368], [11.4779448, -2.3100219], [11.4774191, -2.3089928], [11.4744936, -2.3062967], [11.4711106, -2.303772], [11.4700377, -2.3031503], [11.4679134, -2.3024535], [11.4668405, -2.3020354], [11.4661002, -2.301628], [11.4651292, -2.3015315], [11.4631712, -2.3009526], [11.4625168, -2.3004274], [11.462109, -2.2995161], [11.4620125, -2.2987871], [11.4622378, -2.2979938], [11.4631497, -2.2974578], [11.4652848, -2.2962894], [11.4692116, -2.2958177], [11.470735, -2.2954639], [11.4718187, -2.2946706], [11.472516, -2.29362], [11.4741468, -2.2903504], [11.4754987, -2.2884636], [11.4765286, -2.2876917], [11.4781594, -2.2873594], [11.4806378, -2.2874451], [11.4816248, -2.2873165], [11.4826012, -2.2867483], [11.4829448, -2.2854598], [11.4822686, -2.2841325], [11.4799833, -2.2825138], [11.4782238, -2.2817955], [11.4765394, -2.2812917], [11.4747691, -2.2811309], [11.4690831, -2.2816874], [11.4675701, -2.2816454], [11.4656711, -2.2806484], [11.4636541, -2.2789118], [11.4618731, -2.2771322], [11.4597917, -2.2759637], [11.4578175, -2.2753633], [11.4564496, -2.2751596], [11.4534938, -2.275299], [11.4506292, -2.2750417], [11.447829, -2.2747094], [11.4452219, -2.2746986], [11.4428937, -2.2740232], [11.4418315, -2.2736481], [11.441499, -2.2729619], [11.4413595, -2.2718149], [11.4416921, -2.2709787], [11.4426577, -2.2701961], [11.4436233, -2.269853], [11.445533, -2.2694457], [11.4464772, -2.268781], [11.4473033, -2.2676125], [11.447593, -2.2666369], [11.4476681, -2.2641283], [11.447432, -2.2606013], [11.4475179, -2.2593792], [11.4479148, -2.2585965], [11.44858, -2.2577174], [11.4500824, -2.2566745], [11.4517343, -2.2552839], [11.453644, -2.2542654], [11.4555752, -2.2518802], [11.4558756, -2.2509743], [11.4556932, -2.2501434], [11.4553606, -2.249602], [11.4549529, -2.2486693], [11.4543199, -2.2466217], [11.4531076, -2.2446813], [11.4520883, -2.2438558], [11.4509189, -2.2434484], [11.4493954, -2.2434806], [11.447947, -2.2441452], [11.4459729, -2.2462036], [11.4442563, -2.2489588], [11.4438701, -2.2500844], [11.4438915, -2.2508778], [11.4444494, -2.2536544], [11.4442563, -2.2550373], [11.443398, -2.2556484], [11.4420247, -2.255895], [11.4407694, -2.2556162], [11.4386666, -2.2548765], [11.4368641, -2.2534828], [11.4352661, -2.2516284], [11.4329323, -2.2495673], [11.4313173, -2.247742], [11.4302766, -2.2459892], [11.4291028, -2.2433706]], [[11.4291028, -2.2433706], [11.4280558, -2.2417975], [11.4275909, -2.2404456], [11.4268113, -2.2374984], [11.426704, -2.2341321], [11.4263177, -2.2324812], [11.4246333, -2.2255985], [11.4241183, -2.2236151], [11.4224124, -2.2216425], [11.4207065, -2.2201523], [11.4198052, -2.2197557], [11.4180028, -2.2193268], [11.4164901, -2.2192089], [11.4142316, -2.2177991], [11.4130783, -2.2162714], [11.4117694, -2.2141326], [11.4112329, -2.2127282], [11.4111042, -2.2115382], [11.4110656, -2.2109322], [11.4111203, -2.2104661], [11.411579, -2.2096861], [11.4121865, -2.2089209], [11.4123246, -2.2086274], [11.4125325, -2.2082052], [11.4135396, -2.2064619], [11.4153635, -2.2032885], [11.4160716, -2.1998149], [11.4160287, -2.1976707], [11.4153957, -2.195966], [11.413722, -2.1937146], [11.4127243, -2.1933179], [11.4107608, -2.1934037], [11.4064758, -2.1944779], [11.4041519, -2.1946259], [11.4034116, -2.1942936], [11.4027357, -2.1929534], [11.4026391, -2.1921065], [11.4028537, -2.1913881], [11.4038622, -2.1902839], [11.4075744, -2.187593], [11.4091623, -2.1857275], [11.4096343, -2.1842373], [11.4098381, -2.1817715], [11.4095163, -2.1787803], [11.4088297, -2.1756925], [11.4068556, -2.1721439], [11.4045703, -2.1692063], [11.4017701, -2.1664188], [11.4004397, -2.1642102], [11.3992327, -2.1614066], [11.398589, -2.1610904], [11.3978863, -2.1611869], [11.397382, -2.161605], [11.3972157, -2.1622215], [11.3973284, -2.1632561], [11.3975966, -2.1638457], [11.3993897, -2.1664538], [11.4001179, -2.1678233], [11.4002466, -2.16941], [11.3998174, -2.1703749], [11.3988733, -2.1708466], [11.3975644, -2.1709753], [11.3965559, -2.1705464], [11.3934874, -2.1676088], [11.3930583, -2.1667726], [11.3930583, -2.1659578], [11.3944959, -2.1606615], [11.3944101, -2.1585601], [11.3937878, -2.1569948], [11.392436, -2.1554295], [11.3904834, -2.1546791], [11.3888319, -2.1550631], [11.3851189, -2.1582171], [11.3835096, -2.1592463], [11.3813209, -2.1596323], [11.3800549, -2.1591605], [11.3793039, -2.1576274], [11.3793576, -2.1563623], [11.3799476, -2.1549364], [11.3801837, -2.1536498], [11.3799262, -2.1525134], [11.3778877, -2.1484178], [11.3761175, -2.1452979], [11.3750338, -2.1441508], [11.3733923, -2.1429714], [11.3660431, -2.1373105], [11.3650346, -2.1358095], [11.3644981, -2.1340512], [11.3627386, -2.125517], [11.362288, -2.1245521], [11.3613438, -2.12363], [11.3609361, -2.1229009], [11.360228, -2.1190198], [11.3598633, -2.1145167], [11.359992, -2.1093489], [11.3594126, -2.1067543], [11.3583827, -2.1045671], [11.3570094, -2.1028517], [11.3528895, -2.1000426], [11.3462741, -2.0962102]], [[11.3462741, -2.0962102], [11.3440704, -2.0949176], [11.339736, -2.0920442], [11.3355517, -2.0882702], [11.3317966, -2.0826949], [11.3314962, -2.0809365], [11.331979, -2.0791996], [11.3338995, -2.0774412], [11.3348651, -2.0755971], [11.3347578, -2.0741818], [11.3338136, -2.0716086], [11.3325262, -2.0658188], [11.3327193, -2.0625593], [11.334393, -2.0594929], [11.3366031, -2.056405], [11.3390064, -2.0531455], [11.3409376, -2.050079], [11.3408947, -2.0479989], [11.3402509, -2.0470125], [11.3390493, -2.0467766], [11.3371396, -2.0466909], [11.3359487, -2.0464335], [11.3315177, -2.0443535], [11.3287711, -2.0425522], [11.325531, -2.0386279], [11.3210893, -2.0330953], [11.3195228, -2.0301039], [11.3188577, -2.0276592], [11.318407, -2.0265656], [11.3170767, -2.0251181]], [[11.3170767, -2.0251181], [11.3154885, -2.0244989], [11.3138151, -2.0241316], [11.3117981, -2.0240351], [11.3101065, -2.0241603], [11.3072758, -2.0249248], [11.3047726, -2.0251231], [11.3035154, -2.0253861], [11.3025838, -2.0258363], [11.3019326, -2.0264064], [11.3013589, -2.0271017], [11.3009684, -2.0278085], [11.3005562, -2.0295895], [11.3003931, -2.0309371], [11.3009405, -2.0337601], [11.3011434, -2.0360229], [11.3009405, -2.0374485], [11.3008761, -2.0379417], [11.300447, -2.0387137], [11.3002735, -2.0403697], [11.2998386, -2.0438037], [11.2987294, -2.0468682], [11.2975985, -2.0517583], [11.2952715, -2.0536709], [11.2931837, -2.0550184], [11.2919658, -2.0551705], [11.2887689, -2.0545403], [11.2857242, -2.0538882], [11.2823532, -2.0539752], [11.2805844, -2.0534324], [11.2789893, -2.0524807], [11.2776557, -2.0509324], [11.2769723, -2.0496287], [11.2761307, -2.0486355], [11.2743718, -2.047781], [11.2724662, -2.04742], [11.2716508, -2.0475272], [11.2704921, -2.0481919], [11.2695803, -2.0480864], [11.2685024, -2.0477123], [11.2641256, -2.0433597], [11.2622309, -2.0411154], [11.2612223, -2.0395714], [11.2593341, -2.0360332], [11.2561968, -2.0311741], [11.2552357, -2.0288065], [11.2530684, -2.0255898], [11.2510943, -2.0226734], [11.2491683, -2.0188759], [11.2482404, -2.0176554], [11.2471822, -2.0169839], [11.2453007, -2.016669], [11.2419534, -2.0164331], [11.2367606, -2.0167977], [11.234199, -2.0173913], [11.2237787, -2.0224804], [11.2186935, -2.0254374], [11.2170625, -2.028978], [11.2155292, -2.0305151]], [[11.2155292, -2.0305151], [11.2135649, -2.0315513], [11.2094021, -2.0331275], [11.2057114, -2.0345643], [11.2032223, -2.0356365], [11.2004435, -2.0376737], [11.1980295, -2.0394213], [11.1967814, -2.0400235], [11.1964738, -2.0401719], [11.1954117, -2.0404078], [11.1946499, -2.0404185], [11.1941135, -2.0402898], [11.1935449, -2.0399896], [11.1929655, -2.0393892], [11.1919355, -2.0377594], [11.1908948, -2.0363012], [11.1897683, -2.0352397], [11.18788, -2.0336314], [11.1859059, -2.0323019], [11.1839533, -2.0314012], [11.1785674, -2.0299859], [11.1727524, -2.0277986], [11.1704564, -2.0244747], [11.1692977, -2.0229951], [11.1689114, -2.0222767], [11.1686218, -2.0214082], [11.1679029, -2.0198535], [11.166991, -2.0186526], [11.1662936, -2.017752], [11.165564, -2.0164975], [11.1648452, -2.014857], [11.1629033, -2.0120799], [11.1610794, -2.0090348], [11.160264, -2.0076409], [11.1597919, -2.0069654], [11.1585903, -2.005593], [11.1578607, -2.0049282], [11.1569612, -2.0037607]], [[11.1569612, -2.0037607], [11.1565599, -2.0032233], [11.1559725, -2.0024192], [11.1555219, -2.0014434], [11.1550069, -1.9990952], [11.1545777, -1.9972939], [11.1541808, -1.9957821], [11.1533224, -1.9936805], [11.1528504, -1.9926833], [11.1523569, -1.9920721], [11.1511874, -1.9909141], [11.1468422, -1.988062], [11.1424541, -1.9857566], [11.1415422, -1.9850811], [11.140362, -1.9838588], [11.1390424, -1.9821539], [11.1369395, -1.9788729], [11.135931, -1.9773717], [11.1350512, -1.9765783], [11.1333239, -1.9759242], [11.1301911, -1.9756132], [11.1292469, -1.9755811], [11.1278629, -1.9753666], [11.1263931, -1.9744981], [11.1256421, -1.9732543], [11.1250305, -1.970756], [11.1241722, -1.9687294], [11.1236894, -1.9681182], [11.1227023, -1.9673784], [11.1222625, -1.9669495], [11.1215436, -1.9659201], [11.1206531, -1.9639257], [11.1189043, -1.9613737], [11.1165976, -1.958811], [11.1154818, -1.9577173], [11.1146235, -1.9575029], [11.1133146, -1.9577602], [11.1119628, -1.9582106], [11.1079717, -1.9590684], [11.1061267, -1.9595807], [11.1054718, -1.9598833], [11.1046457, -1.9604945], [11.1025643, -1.9619528], [11.1005915, -1.9631114], [11.0990113, -1.9636688], [11.0982406, -1.963722], [11.0977363, -1.9635826], [11.0971359, -1.9631326], [11.0958481, -1.961556], [11.0942602, -1.9596903], [11.093346, -1.9581944], [11.0928225, -1.9573099], [11.0921811, -1.9567314], [11.089282, -1.9549509], [11.0882091, -1.953557], [11.0876485, -1.9524414], [11.0867286, -1.9505546], [11.0863638, -1.9489891], [11.0861492, -1.9463514], [11.0858488, -1.9436493], [11.0858268, -1.9416956], [11.0860419, -1.939639], [11.0865027, -1.9378134], [11.086868, -1.9368296], [11.0869394, -1.936399], [11.086911, -1.9359075], [11.0866213, -1.9352427], [11.0860848, -1.9347494], [11.0852909, -1.9342133], [11.083703, -1.9337415], [11.082169, -1.9329131], [11.0807311, -1.9322403], [11.0798085, -1.931597], [11.0791523, -1.9310478], [11.0770305, -1.929188], [11.0751282, -1.9277726], [11.0741007, -1.926509], [11.0726899, -1.924788], [11.0718691, -1.9242626], [11.0707748, -1.923705], [11.0700545, -1.9231017], [11.0687041, -1.9217642], [11.0676634, -1.9207241], [11.0673049, -1.9201308], [11.0671954, -1.9196944], [11.0672797, -1.9171916], [11.067208, -1.9167484], [11.0654255, -1.9136872], [11.0643589, -1.9109448], [11.0635143, -1.9099514], [11.0626745, -1.9089826], [11.0622458, -1.9084365], [11.0611846, -1.9063701], [11.0608898, -1.9052315], [11.0610877, -1.9041308], [11.0618247, -1.9028385], [11.0627679, -1.9015796], [11.0631325, -1.9008621], [11.0631748, -1.9002015], [11.0630071, -1.8987207], [11.061083, -1.895872], [11.0603142, -1.8941635], [11.0603374, -1.8926084], [11.0611126, -1.8896627], [11.0616553, -1.8864215], [11.0617626, -1.8839123], [11.0610197, -1.8814167], [11.0569764, -1.8735859], [11.0559475, -1.8718595], [11.0544563, -1.8703261], [11.0515058, -1.8682458], [11.0481584, -1.8659189], [11.0439488, -1.8625764], [11.0431051, -1.8614902], [11.042649, -1.8602322], [11.0400113, -1.8316601]], [[11.0400113, -1.8316601], [11.0394134, -1.828143], [11.0370547, -1.8218785], [11.0347152, -1.8179107], [11.032184, -1.8139313], [11.0292418, -1.8102777], [11.0266256, -1.808517], [11.0231817, -1.8074917], [11.0193056, -1.8067697], [11.0145803, -1.8049905], [11.0116267, -1.8029408], [11.0092878, -1.7987586], [11.0078545, -1.7937538], [11.0064939, -1.7887502], [11.005522, -1.7865379], [11.0045671, -1.7850753], [11.001327, -1.7823086], [10.9992564, -1.7808544], [10.9973144, -1.7803998], [10.9938812, -1.7800566], [10.9912312, -1.7791386], [10.9900335, -1.7783968]], [[10.9900335, -1.7783968], [10.9895671, -1.7781079], [10.9881091, -1.7769896], [10.9861994, -1.7752953], [10.983839, -1.7721425], [10.9823799, -1.7689683], [10.9810298, -1.7642175], [10.9799123, -1.7606252], [10.9787965, -1.7562285], [10.978185, -1.7545813], [10.9765502, -1.7519973], [10.9689555, -1.7432247], [10.9667673, -1.7415539], [10.9633731, -1.7389621], [10.9572176, -1.7351711], [10.9536803, -1.7330692], [10.9506566, -1.7306857], [10.9495659, -1.7290506], [10.9486441, -1.7276687], [10.9479403, -1.7259871], [10.9477258, -1.723778], [10.9482697, -1.7191503], [10.9496108, -1.712124], [10.9509884, -1.7082075], [10.9523177, -1.7037455], [10.9525014, -1.6999282], [10.9522791, -1.6974343], [10.9519529, -1.6949088], [10.9512877, -1.6923565], [10.9503972, -1.6910803], [10.9496355, -1.6906406], [10.9488201, -1.6903832], [10.9479833, -1.6903296], [10.9464061, -1.6905334], [10.9448081, -1.6904876], [10.9435737, -1.6902867], [10.9410739, -1.6894717], [10.9391856, -1.6880668], [10.9385955, -1.6869515], [10.9381986, -1.6864582], [10.9370398, -1.6855252], [10.9363103, -1.6848174], [10.9356773, -1.6839702], [10.9351777, -1.681222], [10.935346, -1.6765376], [10.9352002, -1.6741391], [10.9338261, -1.6717936], [10.9336388, -1.6698571], [10.9335936, -1.6684381], [10.9340036, -1.6669293], [10.9344641, -1.6655266], [10.9348404, -1.6645271], [10.9350872, -1.6634118], [10.9325552, -1.6615136], [10.9293365, -1.6579316], [10.9274483, -1.655272], [10.9250176, -1.6528096], [10.9177067, -1.6451453], [10.9074537, -1.6314208], [10.9029958, -1.624202], [10.8992528, -1.6179938], [10.8975362, -1.6121167], [10.8972037, -1.6089208], [10.8975362, -1.6057677], [10.8992958, -1.5956008], [10.9019994, -1.5870639], [10.9051752, -1.5794279], [10.9064626, -1.5737223], [10.9061622, -1.5680167], [10.9026002, -1.5609812], [10.9020746, -1.5603699], [10.9012592, -1.5597264], [10.900315, -1.5592331], [10.8993709, -1.55904], [10.8980083, -1.5591472], [10.896002, -1.5597693], [10.8933198, -1.5606917], [10.891335, -1.5616247], [10.8887923, -1.5631906], [10.8865499, -1.5652068], [10.8843291, -1.5675663], [10.8827519, -1.5700759], [10.8801126, -1.5756099], [10.8772373, -1.5795566], [10.8745765, -1.5802001], [10.8735895, -1.5801465], [10.8723771, -1.5797282], [10.8715081, -1.5791169], [10.8708537, -1.5782375], [10.8699631, -1.5767467], [10.8694696, -1.5751916], [10.8693517, -1.5737867], [10.8695447, -1.5727356], [10.8699095, -1.5718455], [10.8705425, -1.5703011], [10.8715832, -1.5679202], [10.8718943, -1.5666869], [10.8720016, -1.5652711], [10.8718622, -1.5645955], [10.871669, -1.5639198], [10.8709824, -1.5621824], [10.8697271, -1.5603806], [10.8684933, -1.5582893], [10.867783, -1.5566091], [10.8664441, -1.5548466], [10.8649421, -1.5525086], [10.8613699, -1.5480853], [10.8589524, -1.5444372], [10.8568525, -1.5407326], [10.8559942, -1.5378583], [10.8554792, -1.5354988], [10.8553075, -1.5290638], [10.8552217, -1.5196687], [10.8555436, -1.5148424], [10.8553934, -1.5120324], [10.8544063, -1.508772], [10.8527755, -1.5037955], [10.8508014, -1.4989048], [10.8491277, -1.4959018], [10.8461237, -1.492341], [10.843935, -1.4907537], [10.8423042, -1.4900244], [10.8406734, -1.4895954], [10.8384847, -1.4895954], [10.8363819, -1.4899386], [10.8338499, -1.4910969], [10.832777, -1.4920836], [10.831747, -1.4934565], [10.831232, -1.4943145], [10.8313179, -1.4955157], [10.8316183, -1.4976178], [10.8317899, -1.5006209], [10.8317041, -1.5025085], [10.8311462, -1.5057689], [10.83076, -1.5078282], [10.8299875, -1.5094584], [10.8267259, -1.5133194], [10.8223056, -1.5155502], [10.8174562, -1.5170517], [10.8107185, -1.5168372], [10.8062124, -1.5146064], [10.8045602, -1.5130191], [10.8034658, -1.511346], [10.802768, -1.5095812], [10.8022213, -1.5073134], [10.8018779, -1.5033236], [10.8023071, -1.5007925], [10.8035516, -1.4989477], [10.8069849, -1.4962021], [10.8085084, -1.4944432], [10.8094739, -1.4927057], [10.8099246, -1.4905821], [10.8096456, -1.4885443], [10.8066173, -1.4832079], [10.802427, -1.4785732], [10.7996463, -1.4747946], [10.7983159, -1.4715769], [10.7974576, -1.4661285], [10.7964277, -1.4634686], [10.7952678, -1.4611501], [10.7929945, -1.4581059], [10.7914495, -1.4551028], [10.7890866, -1.4482039], [10.7885527, -1.4459648], [10.7874584, -1.4440342], [10.7837891, -1.4390147], [10.7798624, -1.4344242], [10.7766008, -1.4301963], [10.7732534, -1.4276028], [10.7687257, -1.4243833], [10.7656611, -1.4196096], [10.7642627, -1.4166842], [10.7629323, -1.4129517], [10.7609691, -1.4059335], [10.7596492, -1.4013895], [10.7595395, -1.3975263], [10.7600711, -1.3896493], [10.7599339, -1.383985], [10.7596707, -1.3813754], [10.7587588, -1.3785266], [10.757627, -1.3766095]], [[10.757627, -1.3766095], [10.7553385, -1.3748734], [10.7522486, -1.3723636], [10.7472489, -1.3682663], [10.7430862, -1.366443], [10.7393262, -1.3649711], [10.7354258, -1.3638902], [10.7318208, -1.3634183], [10.7262983, -1.3625427], [10.724418, -1.362024], [10.7231865, -1.361], [10.7120189, -1.345444], [10.7088826, -1.3426316], [10.7060931, -1.3410334], [10.69537, -1.336008], [10.6927081, -1.3344341], [10.69044, -1.3323893], [10.6874513, -1.3290192], [10.6757335, -1.3141173], [10.6750417, -1.312687], [10.6735613, -1.309938], [10.6713102, -1.3053696], [10.669422, -1.3013795], [10.6680916, -1.2989554], [10.6660936, -1.2957035], [10.6621478, -1.2910395], [10.6565473, -1.2840247], [10.6493376, -1.2758942], [10.6443572, -1.2701687], [10.6420419, -1.2679998], [10.6398011, -1.2664141], [10.6381751, -1.2657222], [10.6362918, -1.265617], [10.6344407, -1.2658458], [10.6318899, -1.2669017], [10.6299162, -1.2684739], [10.6276928, -1.2718002], [10.6262015, -1.2742352], [10.6244666, -1.2764797], [10.6229212, -1.2773602], [10.6213782, -1.2778035], [10.6194747, -1.2776798], [10.6180394, -1.2769476], [10.6169987, -1.2758214], [10.6157563, -1.2733843], [10.6138909, -1.2690722], [10.6125591, -1.2652538], [10.6116579, -1.2616927], [10.6108041, -1.258343], [10.6097245, -1.2565034], [10.6075251, -1.2545835], [10.6061947, -1.2538004], [10.6045688, -1.2530201], [10.6035447, -1.2523846], [10.6025813, -1.2515994], [10.6015921, -1.2504538], [10.6009698, -1.2495314], [10.6009054, -1.2493008], [10.6008786, -1.2481209], [10.6005728, -1.2469249], [10.6002188, -1.2444364], [10.6000578, -1.2426558], [10.5999184, -1.2417012], [10.5997038, -1.2409289], [10.5994785, -1.240178], [10.599221, -1.239631], [10.5984807, -1.2384618], [10.5978477, -1.2377539], [10.5970645, -1.2370674], [10.5930197, -1.2344395], [10.592258, -1.2336243], [10.5913889, -1.2314897], [10.5911422, -1.2300738], [10.5912495, -1.2289797], [10.5923545, -1.2231446], [10.5927944, -1.220109], [10.5934167, -1.2175776], [10.5939982, -1.2153336], [10.5942321, -1.213759], [10.5939553, -1.2113648], [10.5932687, -1.2100132], [10.592232, -1.2089628], [10.5912387, -1.2075591], [10.5909276, -1.2063685], [10.5909061, -1.2053924], [10.5907667, -1.2027965], [10.5909619, -1.2016359], [10.59096, -1.2000383], [10.5910027, -1.1975835], [10.591346, -1.1962105], [10.5918932, -1.1953845], [10.5928695, -1.194623], [10.593127, -1.1941832], [10.5931377, -1.1936576], [10.5924296, -1.1907507], [10.5916504, -1.1875158], [10.5917966, -1.1861705], [10.5919683, -1.1856985], [10.5921614, -1.1854839], [10.593009, -1.184894], [10.5942106, -1.1846473], [10.5945754, -1.1845293], [10.5948329, -1.184111], [10.5949938, -1.1835639], [10.5949938, -1.1799813], [10.5951333, -1.1793591], [10.5956436, -1.1784094], [10.5959095, -1.1778071], [10.5965871, -1.1768813], [10.5979411, -1.175077], [10.5980837, -1.1746823], [10.5981646, -1.1730237], [10.598073, -1.1718505], [10.5978177, -1.1707756], [10.5973542, -1.1700592], [10.5969465, -1.1697106], [10.596182, -1.1691618], [10.5956705, -1.1685889], [10.5956239, -1.1681802], [10.5958468, -1.167946], [10.5960935, -1.1675867], [10.5964924, -1.1674292], [10.5975186, -1.1672402], [10.5982286, -1.1671683], [10.599044, -1.1670396], [10.5998047, -1.1668305], [10.6012885, -1.1674515], [10.602665, -1.1679666], [10.6033662, -1.1684089], [10.6039259, -1.1693601], [10.6046712, -1.1713249], [10.6055081, -1.1724941], [10.6063664, -1.172891], [10.6071603, -1.1729446], [10.6089735, -1.1722688], [10.6101087, -1.1711953], [10.6110281, -1.1697213], [10.6112856, -1.1695336], [10.6125569, -1.1692654], [10.6135194, -1.1688088], [10.6138873, -1.168182], [10.6141064, -1.1670125], [10.6144688, -1.166485], [10.6160116, -1.1656076], [10.6179428, -1.164964], [10.6188226, -1.1645564], [10.6196659, -1.16387], [10.619992, -1.1628723], [10.6208396, -1.1621], [10.6221378, -1.1619284], [10.6239623, -1.1618828], [10.6245196, -1.1614671], [10.6250453, -1.1607592], [10.6251848, -1.1599011], [10.6246697, -1.1587426], [10.6245196, -1.1573374], [10.6249273, -1.1563613], [10.6255388, -1.155664], [10.6269534, -1.1552154], [10.6285858, -1.1550526], [10.6310534, -1.1543232], [10.631783, -1.1538619], [10.633285, -1.152328], [10.6354737, -1.1497751], [10.6372547, -1.1480803], [10.6385207, -1.1464391], [10.6396902, -1.1456882], [10.6407523, -1.1455702], [10.6413424, -1.1457526], [10.641793, -1.1462675], [10.6422865, -1.1478121], [10.6428344, -1.1494632], [10.6430483, -1.1509336], [10.6431019, -1.1523495], [10.6433916, -1.1533792], [10.6437135, -1.153996], [10.6439763, -1.1550151], [10.6440568, -1.1562165], [10.6444255, -1.1593186], [10.644834, -1.1617719], [10.6454086, -1.1633121], [10.6469321, -1.1643097], [10.6485951, -1.1644277], [10.6501722, -1.1639128], [10.6519411, -1.1625086], [10.6526291, -1.1620035], [10.6542921, -1.1608879], [10.6556332, -1.1599761], [10.6568348, -1.1588498], [10.658276, -1.1576832], [10.6605507, -1.1563085], [10.6620598, -1.1564256], [10.6641004, -1.1568096], [10.6652806, -1.1569168], [10.6663513, -1.1565972], [10.6669307, -1.1557069], [10.6673491, -1.1541516], [10.667789, -1.1527142], [10.6681635, -1.1518177], [10.6689296, -1.1497092], [10.6729652, -1.1451991], [10.6750575, -1.1427934], [10.6751362, -1.1427201], [10.6759562, -1.1413194], [10.6767636, -1.1397242], [10.6775751, -1.1380112], [10.6778473, -1.1370908], [10.6780297, -1.1361736], [10.6782174, -1.1351921], [10.6786251, -1.1337279], [10.6789845, -1.1323281], [10.6795317, -1.1315504], [10.6798053, -1.131293], [10.6801593, -1.1311535], [10.6805456, -1.1310355], [10.6814107, -1.1307773], [10.6821656, -1.1307298], [10.6826484, -1.1308746], [10.6831419, -1.1312286], [10.683732, -1.1315504], [10.6844026, -1.1316201], [10.6848478, -1.1314377], [10.6851375, -1.1310892], [10.6857169, -1.129936], [10.6860012, -1.1294265], [10.6866074, -1.1284772], [10.6875339, -1.1273514], [10.6902498, -1.1243313], [10.6911635, -1.1233501], [10.6948364, -1.1201157], [10.6963491, -1.1187695], [10.6978104, -1.1177214], [10.7013509, -1.1146534], [10.7021642, -1.1136474], [10.7025933, -1.1122208], [10.7028079, -1.1108692], [10.7028723, -1.1086916], [10.7019335, -1.1073205], [10.7016599, -1.1054843], [10.7014882, -1.1036929], [10.7011557, -1.1028884], [10.6996751, -1.1006679], [10.6987417, -1.0992627], [10.698339, -1.097489], [10.698005, -1.09531], [10.6986022, -1.0930251], [10.6989058, -1.0921796], [10.7002169, -1.0907456], [10.702014, -1.088922], [10.7031405, -1.0876777], [10.7036662, -1.0864548], [10.7037628, -1.0854572], [10.7034892, -1.0842129], [10.701934, -1.0815431], [10.7016419, -1.0795418], [10.7013273, -1.0774013], [10.700748, -1.0760926], [10.6990206, -1.0751165], [10.6977353, -1.0726177], [10.6985593, -1.0713728], [10.6988704, -1.0702893], [10.698173, -1.0657518], [10.6982588, -1.0645934], [10.6988177, -1.0608651], [10.6989455, -1.0583827], [10.6988096, -1.0572637], [10.6981945, -1.0563657], [10.6968244, -1.0550882], [10.6951277, -1.053938], [10.6943321, -1.0531154], [10.6939244, -1.0519462], [10.6936938, -1.0496291], [10.6935032, -1.0475833], [10.6933987, -1.0465612], [10.6934094, -1.0446518], [10.6938118, -1.0433592], [10.6954743, -1.0416046], [10.6960553, -1.0405353], [10.695979, -1.0398568], [10.6955767, -1.0390201], [10.6948498, -1.0384328], [10.6933558, -1.0375505], [10.6919718, -1.0364241], [10.6907701, -1.035877], [10.6891394, -1.0359414], [10.688163, -1.0365743], [10.6878519, -1.0373896], [10.6877982, -1.0386738], [10.6876427, -1.0407579], [10.6874013, -1.0415302], [10.6868917, -1.0419003], [10.6798053, -1.0433538], [10.6787002, -1.0433216], [10.6778741, -1.0428604], [10.6763971, -1.0404187], [10.6763226, -1.0403165], [10.6748834, -1.0383277], [10.6730379, -1.0369198], [10.6711276, -1.0360427], [10.6668147, -1.0347179], [10.6648688, -1.0337923], [10.663208, -1.0321338], [10.6628351, -1.0314185], [10.6626483, -1.0299555], [10.6626521, -1.0284088], [10.6630559, -1.0269486], [10.6636391, -1.0258558], [10.6647903, -1.0248925], [10.6658632, -1.0243883], [10.6671774, -1.0243776], [10.6686044, -1.0245117], [10.6698918, -1.0241255], [10.6707309, -1.0233992], [10.6710294, -1.0222938], [10.6709969, -1.021256], [10.6706321, -1.0199151], [10.6684756, -1.0161284], [10.6673706, -1.0147071], [10.6662118, -1.0136558], [10.6631363, -1.0117308], [10.6622122, -1.0110523], [10.6614182, -1.0100868], [10.6606543, -1.008362], [10.6595063, -1.006946], [10.6578487, -1.0054656], [10.6563535, -1.004197], [10.6559746, -1.0033959], [10.6559014, -1.0019364], [10.6556225, -1.0001664], [10.6543587, -0.9975789], [10.651891, -0.9951975], [10.6476295, -0.9919708], [10.643029, -0.9887612], [10.638366, -0.9853067], [10.6351111, -0.9818314], [10.6323216, -0.9781412], [10.6295299, -0.9737023], [10.6285, -0.9712028], [10.6280493, -0.9685505], [10.6277208, -0.9666542], [10.6268123, -0.96466], [10.6251633, -0.9632646], [10.6233537, -0.9625121], [10.6207559, -0.9615353], [10.6188097, -0.9603777], [10.6169504, -0.958255], [10.615413, -0.9552706], [10.6139511, -0.9512282], [10.6136781, -0.949657], [10.6133861, -0.9478564], [10.6130505, -0.9459078], [10.612366, -0.9436207], [10.6117674, -0.9424289], [10.6107822, -0.9413683], [10.6074937, -0.9394569], [10.6058192, -0.9386668], [10.6043259, -0.9380634], [10.6024074, -0.9379588], [10.5965173, -0.9376262], [10.5932557, -0.9370791], [10.5906486, -0.9359635], [10.587548, -0.9331529], [10.5847467, -0.9287306], [10.5836127, -0.9269288], [10.5828474, -0.924715], [10.5826365, -0.9232151], [10.5825085, -0.9211269], [10.5828944, -0.9179616], [10.5840522, -0.9121526], [10.5860338, -0.907781], [10.5891477, -0.9008757], [10.5898812, -0.8966595], [10.5891059, -0.8905626], [10.5884519, -0.8872654], [10.5882117, -0.8837146], [10.5896705, -0.8766239], [10.5918541, -0.8690531], [10.5917666, -0.8657605], [10.5912604, -0.863473], [10.59054, -0.8614149], [10.5889856, -0.8597556], [10.5861596, -0.8580591]], [[10.5861596, -0.8580591], [10.5824196, -0.8573415], [10.57904, -0.8573736], [10.576508, -0.8584464], [10.5689549, -0.8646899], [10.5664444, -0.8654194], [10.5637407, -0.8647542], [10.5616379, -0.86248], [10.5601144, -0.8575667], [10.5586338, -0.8478689], [10.5571532, -0.8406814], [10.555222, -0.8361329], [10.5507159, -0.8320563], [10.5467462, -0.8306188], [10.5421328, -0.8309836], [10.5386996, -0.8323782], [10.5326271, -0.8393083], [10.5303097, -0.841368], [10.5285716, -0.8421833], [10.5269838, -0.8424622], [10.5249881, -0.8424192], [10.5234861, -0.8419044], [10.5221557, -0.8410247], [10.5208898, -0.8382784], [10.5192375, -0.8341804], [10.5179071, -0.8283016], [10.5172563, -0.8260208], [10.5156791, -0.8228561], [10.5129638, -0.8195468], [10.5008054, -0.8095925], [10.4919433, -0.8002164], [10.4902911, -0.7980065], [10.4895615, -0.7961613], [10.486536, -0.7860127], [10.4853129, -0.7837814], [10.483489, -0.7826442], [10.4749274, -0.7813569], [10.4645204, -0.7781814], [10.4626751, -0.7774305], [10.4610228, -0.7757355], [10.4570102, -0.7701999], [10.4533839, -0.7646643], [10.448435, -0.7592942], [10.4366058, -0.7487803], [10.3989887, -0.7167533], [10.3949976, -0.7107027], [10.3934955, -0.7048667], [10.3934097, -0.7010046], [10.394268, -0.6970567], [10.4043102, -0.6672756], [10.4040098, -0.6641], [10.4024219, -0.6608387], [10.3989243, -0.6588004], [10.3877663, -0.6568478], [10.3845096, -0.6554681], [10.3818271, -0.6523519], [10.3805913, -0.6491754], [10.380235, -0.6460508], [10.3806323, -0.6429864], [10.3809737, -0.6418532], [10.3819179, -0.6406898], [10.3889015, -0.6343521], [10.3909255, -0.6323701], [10.3927412, -0.6291329], [10.3935323, -0.6245999], [10.3932592, -0.6213951], [10.3920364, -0.6162524], [10.389289, -0.6119776], [10.3846764, -0.6079917], [10.3789902, -0.6052024], [10.3649139, -0.5996666], [10.3548074, -0.5945599], [10.348649, -0.5925859], [10.3419113, -0.5916419], [10.3325128, -0.592071], [10.3264188, -0.5937231], [10.3165933, -0.596913], [10.3088235, -0.5999884], [10.3016138, -0.6025632], [10.2922102, -0.6068181], [10.2910579, -0.6074746], [10.2860355, -0.6119611]]]}}, {"type": "Feature", "properties": {"name": "Ivindo", "osm_id": 1192706}, "geometry": {"type": "MultiLineString", "coordinates": [[[13.2527008, 1.3906544], [13.2531542, 1.3904092], [13.2538059, 1.3902724], [13.2546937, 1.3898917], [13.2556915, 1.3891945], [13.256228, 1.3886743], [13.2566357, 1.388138], [13.2569092, 1.3874945], [13.2568985, 1.3870923], [13.2567698, 1.3866471], [13.2564694, 1.3862288], [13.2557452, 1.3854191], [13.2537389, 1.3836279], [13.2524782, 1.3824319], [13.2512927, 1.3812253], [13.2505095, 1.3803083], [13.24956, 1.3789193], [13.2481331, 1.3766615], [13.2473338, 1.3754709], [13.2464433, 1.374082], [13.2454401, 1.3725857], [13.2445979, 1.3716043], [13.24404, 1.3705425], [13.2434714, 1.3691052], [13.2431066, 1.3669064], [13.2429135, 1.3645575], [13.243171, 1.3629486], [13.243686, 1.3620262], [13.2447481, 1.3610931], [13.2462287, 1.3602457], [13.2484066, 1.3593662], [13.2508421, 1.3583043], [13.2520571, 1.3572344], [13.2523549, 1.3569475], [13.2525426, 1.3561431], [13.2525759, 1.3551614], [13.2522021, 1.3519849], [13.2497722, 1.3492941], [13.2463328, 1.3472452], [13.2440936, 1.3466239], [13.2420657, 1.3458511], [13.2413256, 1.3451759], [13.2408379, 1.3443611], [13.2405746, 1.3437923], [13.2404267, 1.3431278], [13.2410697, 1.3410355], [13.2418299, 1.3393732], [13.2431743, 1.337159], [13.2440078, 1.3360482], [13.2449503, 1.3350845], [13.2464754, 1.3346752], [13.2480517, 1.3347111], [13.2516881, 1.3354787], [13.2540715, 1.3367024], [13.2564561, 1.3381152], [13.2574725, 1.3385258], [13.2583642, 1.3386445], [13.2590496, 1.3384186], [13.2596688, 1.3377836], [13.2607372, 1.3353015], [13.2620323, 1.3322512], [13.2625687, 1.3307066], [13.2627812, 1.3293002], [13.2627812, 1.3278053], [13.2619009, 1.3265699], [13.2594788, 1.3257942], [13.2582235, 1.3251077], [13.2574774, 1.3242924], [13.2570004, 1.3230912], [13.2568636, 1.3219081], [13.2571399, 1.3207851], [13.2573545, 1.3195624], [13.2573652, 1.318286], [13.2573116, 1.3173314], [13.25681, 1.31661], [13.255552, 1.3158619], [13.2543826, 1.3149716], [13.2529664, 1.3139098], [13.2516146, 1.3124725], [13.2504022, 1.3112175], [13.2479453, 1.3091689], [13.2458854, 1.3074849], [13.2444477, 1.3061227], [13.2433426, 1.3048248], [13.2420444, 1.3030336], [13.2410413, 1.3019395], [13.2398933, 1.3012691], [13.2386595, 1.3008937], [13.2371414, 1.3005934], [13.2359612, 1.3005451], [13.2349312, 1.3008454], [13.2337028, 1.3015534], [13.2324475, 1.3023095], [13.2314014, 1.3027922], [13.2304144, 1.302878], [13.2293951, 1.3026581], [13.2286334, 1.3022184], [13.2279977, 1.3016633], [13.2274237, 1.3007409], [13.2270133, 1.2999552], [13.2267076, 1.2990435], [13.2265359, 1.2979762], [13.2264554, 1.2968768], [13.2266915, 1.2956755], [13.2272923, 1.2940076], [13.2278663, 1.2926453], [13.2281828, 1.2917712], [13.2282847, 1.2911866], [13.2283115, 1.2903392], [13.2282364, 1.2893739], [13.2278824, 1.2880331], [13.2275659, 1.2871428], [13.2271689, 1.2865583], [13.2265761, 1.2861721], [13.2254684, 1.2855339], [13.2240522, 1.2846383], [13.2230866, 1.2839947], [13.2220459, 1.2836729], [13.2209408, 1.2836729], [13.2198894, 1.2838124], [13.2189774, 1.2841771], [13.2180548, 1.284767], [13.2169175, 1.2856573], [13.2160163, 1.2865583], [13.2148576, 1.2877596], [13.2135701, 1.2885962], [13.2122612, 1.2889287], [13.2107806, 1.2890253], [13.2097077, 1.2887679], [13.2083559, 1.2880063], [13.2071543, 1.2870409], [13.2056951, 1.2856144], [13.2047832, 1.2848528], [13.2035601, 1.2842736], [13.202455, 1.2840376], [13.2013822, 1.2840859], [13.2003844, 1.2842951], [13.1994188, 1.2846919], [13.1984317, 1.2850459], [13.1975949, 1.2851531], [13.1966561, 1.2851049], [13.1958997, 1.2848528], [13.1947893, 1.284397], [13.1940865, 1.2841663], [13.1933999, 1.2841288], [13.1928021, 1.2841995], [13.1919622, 1.2844667], [13.1913829, 1.2848421], [13.1911254, 1.2852282], [13.1909001, 1.2859737], [13.1908464, 1.2865851], [13.1908572, 1.2872126], [13.1910074, 1.2883656], [13.1911844, 1.2895884], [13.1911254, 1.2901086], [13.1909484, 1.2906288], [13.1904817, 1.2912027], [13.1899345, 1.2914547], [13.1893659, 1.2915781], [13.1886631, 1.2914869], [13.1881374, 1.2911812], [13.187837, 1.2908487], [13.1874454, 1.2900282], [13.1872308, 1.2893524], [13.1870162, 1.2881243], [13.1867212, 1.287116], [13.1863269, 1.2863437], [13.1857449, 1.2857163], [13.1846613, 1.2846758], [13.1837118, 1.2837427], [13.1825745, 1.2822035], [13.1818557, 1.2808949], [13.1810832, 1.2786746], [13.1807935, 1.2770549], [13.180905, 1.2753024], [13.1814051, 1.2735796], [13.1819415, 1.2717562], [13.1820917, 1.2703081], [13.1818557, 1.2689245], [13.1815553, 1.2680664], [13.1805897, 1.2666719], [13.1790447, 1.2651917], [13.1782293, 1.2640333], [13.1778645, 1.2630894], [13.1774837, 1.2620972], [13.1768453, 1.2612284], [13.1761242, 1.2604363], [13.1755364, 1.2594371], [13.1752574, 1.2585039], [13.1752092, 1.2574045], [13.1752843, 1.2567341], [13.1754988, 1.2560047], [13.1759763, 1.2552968], [13.1776231, 1.2534519], [13.1785619, 1.2520521], [13.1787604, 1.2515104], [13.1789213, 1.2507006], [13.1789133, 1.2500409], [13.1786746, 1.2496065], [13.1780791, 1.2492203], [13.1772476, 1.2485124], [13.1762606, 1.247665], [13.1755471, 1.2469893], [13.1749517, 1.2465549], [13.1743616, 1.2461473], [13.1737179, 1.2459113], [13.1726557, 1.2458684], [13.1713092, 1.2458791], [13.1705099, 1.24604], [13.1698769, 1.2463296], [13.1693995, 1.2466889], [13.1691259, 1.2470268], [13.1688148, 1.2476597], [13.1683373, 1.2485231], [13.1678599, 1.2493008], [13.167302, 1.2499336], [13.1668299, 1.2502661], [13.166272, 1.2505289], [13.1656605, 1.2505933], [13.1652099, 1.2505611], [13.164711, 1.2503198], [13.1641853, 1.2498585], [13.1633967, 1.2489951], [13.1626189, 1.2476758], [13.1615996, 1.245863], [13.1606877, 1.2445544], [13.159883, 1.2436427], [13.1587082, 1.2427095], [13.1571203, 1.2416797], [13.1551838, 1.2405535], [13.1533706, 1.2393897], [13.152582, 1.2387086], [13.1521904, 1.2382366], [13.1519866, 1.2377271], [13.1519866, 1.237223], [13.1520778, 1.2366276], [13.1523192, 1.2360752], [13.1527322, 1.2357374], [13.153215, 1.2354907]], [[13.153215, 1.2354907], [13.1539875, 1.2353512], [13.1545991, 1.2353941], [13.1552964, 1.2354102], [13.1560367, 1.2353083], [13.1567824, 1.2350455], [13.157825, 1.2346031], [13.1586438, 1.2340104], [13.1597114, 1.2331523], [13.1606716, 1.2324068], [13.1615084, 1.2319402], [13.1622434, 1.2317686], [13.1633484, 1.2316184], [13.1647003, 1.2313986], [13.1663793, 1.2309534], [13.1684715, 1.2302026], [13.1706977, 1.2292211], [13.173219, 1.2281056], [13.1743401, 1.2276711], [13.1755954, 1.2272904], [13.1770009, 1.2269257], [13.1787577, 1.2265046], [13.1813461, 1.2260568], [13.1825906, 1.2258584], [13.1835025, 1.2255849], [13.1842911, 1.2251504], [13.1851923, 1.2244479], [13.1867909, 1.2231017], [13.1878585, 1.2222168], [13.1886792, 1.2213587], [13.1893873, 1.2204094], [13.1900847, 1.219385], [13.1911066, 1.2177573], [13.1918335, 1.2165103], [13.1919754, 1.2162425]], [[13.1919754, 1.2162425], [13.1918395, 1.2159774], [13.1916231, 1.2153776], [13.1914748, 1.2148896], [13.191269, 1.214235], [13.1910009, 1.2136054], [13.1904941, 1.2130107], [13.1902488, 1.2127424], [13.1899805, 1.2125509], [13.1896611, 1.2123925], [13.1893042, 1.2123411], [13.1890607, 1.2124206], [13.188864, 1.2125968], [13.1886783, 1.2128137], [13.1884445, 1.2131223], [13.1879145, 1.2136927], [13.1873907, 1.214207], [13.1869636, 1.2145436], [13.1864492, 1.2148802], [13.1858382, 1.2151857], [13.1851461, 1.2153945], [13.1837875, 1.2155745], [13.1812695, 1.2158975], [13.1748105, 1.2161132], [13.1688931, 1.2165536], [13.1660659, 1.2164065], [13.1645251, 1.2161625], [13.1626287, 1.2157185], [13.1610073, 1.2150278], [13.1594846, 1.2141961], [13.1570595, 1.2124482], [13.1542819, 1.2106721], [13.1518992, 1.2093893], [13.1493472, 1.2079515], [13.1470772, 1.2063163], [13.1446216, 1.2043997], [13.1432426, 1.2030647], [13.1411183, 1.2011018], [13.1381571, 1.1981842], [13.1363976, 1.1965752], [13.1350887, 1.1955669], [13.1340533, 1.1949984], [13.1327283, 1.1944621], [13.1313336, 1.1941296], [13.1287908, 1.1936791], [13.1251752, 1.1929282], [13.1223428, 1.1922202], [13.1204438, 1.191641], [13.1184482, 1.1908151], [13.1169462, 1.190032], [13.1155085, 1.1891525], [13.1143069, 1.1883265], [13.1130785, 1.1874094], [13.112247, 1.1866639], [13.1115121, 1.1860471], [13.1106752, 1.1850764], [13.1101012, 1.1842558], [13.1098545, 1.1833119], [13.1097472, 1.1820622], [13.1096184, 1.1805712], [13.1092107, 1.1786834], [13.1087279, 1.1769778], [13.1081271, 1.1752616], [13.1077301, 1.1733522], [13.1075048, 1.1713142], [13.1073546, 1.1695229], [13.1070435, 1.1676028], [13.1066036, 1.1660153], [13.1057668, 1.1638163], [13.104608, 1.1614993], [13.103106, 1.1592146], [13.1012285, 1.1567367], [13.0994475, 1.1546557], [13.0977684, 1.1528429], [13.0971515, 1.151899], [13.0968189, 1.1510891], [13.0967224, 1.1502471], [13.0969155, 1.1492656], [13.0972803, 1.1485844], [13.097924, 1.1478068], [13.0997479, 1.1463104], [13.1014967, 1.1448194], [13.1030708, 1.1432537], [13.104254, 1.1419446], [13.1053162, 1.1406252], [13.1061637, 1.1392522], [13.1069151, 1.1378367], [13.107301, 1.136592], [13.1076765, 1.1349723], [13.1078052, 1.1336421], [13.1077945, 1.1322584], [13.1074941, 1.1304027], [13.1070542, 1.1286006], [13.1064105, 1.1268736], [13.1055522, 1.1245459], [13.1045973, 1.1222932], [13.103342, 1.1197295], [13.1020407, 1.1174568], [13.1007671, 1.1153959], [13.0993402, 1.113272], [13.0972803, 1.1104616], [13.0951237, 1.1075546], [13.0930424, 1.1044867], [13.0914438, 1.1025237], [13.0902851, 1.1013116], [13.0895769, 1.1007752], [13.0885041, 1.1000136], [13.0869055, 1.0992949], [13.0851406, 1.0988927], [13.0832952, 1.0986406], [13.0819756, 1.0982759], [13.0809832, 1.0977234], [13.0801248, 1.0968331], [13.0797601, 1.0958945], [13.0796742, 1.0949774], [13.0798083, 1.0942587], [13.0803877, 1.0936419], [13.0810153, 1.0935024], [13.0818951, 1.0928803], [13.0823243, 1.0922259], [13.0826461, 1.0914536], [13.083256, 1.0891927], [13.0836653, 1.0871307], [13.0837941, 1.0850496], [13.0835795, 1.0829472], [13.0832577, 1.0812845], [13.0828178, 1.0799758], [13.0823135, 1.0790318], [13.0816376, 1.0782917], [13.0800819, 1.0769723], [13.07814, 1.0752452], [13.0761981, 1.0737434], [13.0743527, 1.0726386], [13.0723035, 1.0716731], [13.0707586, 1.0708472], [13.0698788, 1.0700641], [13.0691171, 1.0692918], [13.0684733, 1.0681118], [13.0676794, 1.06661], [13.0667674, 1.0651619], [13.0656516, 1.0637888], [13.064332, 1.0627161], [13.0632591, 1.0621529], [13.0621916, 1.0617292], [13.0611831, 1.0615683], [13.0602658, 1.0615898], [13.0589247, 1.0619169], [13.0576158, 1.0622602], [13.0562049, 1.0628877], [13.0549335, 1.0633865], [13.0536461, 1.0640355], [13.0522782, 1.0649366], [13.0513018, 1.0658216], [13.0503845, 1.0669318], [13.0496549, 1.0677471], [13.0488127, 1.0683424], [13.0481583, 1.0685033], [13.047654, 1.0685355], [13.0471981, 1.0683639], [13.0468869, 1.0681225], [13.0465972, 1.067798], [13.0462942, 1.0672563], [13.046034, 1.0665349], [13.0455565, 1.0643573], [13.0452239, 1.0630057], [13.045181, 1.0616971], [13.0456102, 1.060442], [13.0464578, 1.0594122], [13.0480349, 1.0578675], [13.0487859, 1.0569557], [13.0493867, 1.0561941], [13.0500519, 1.0551643], [13.0505991, 1.0539843], [13.0509853, 1.0527615], [13.0513716, 1.0511524], [13.0516505, 1.0496399], [13.051672, 1.0485028], [13.0515325, 1.0472263], [13.051039, 1.0457352], [13.0492902, 1.042678], [13.0474126, 1.0398568], [13.0461466, 1.0386232], [13.0444837, 1.0377972], [13.0424881, 1.037293], [13.0394947, 1.0367138], [13.03858, 1.0365286], [13.03339, 1.0346864], [13.0294847, 1.0331738], [13.0278432, 1.0326589], [13.0259979, 1.0322513], [13.0221516, 1.0319724], [13.0202687, 1.0317793], [13.0190992, 1.0317364], [13.0175435, 1.0317793], [13.015269, 1.032069], [13.0104518, 1.0326804], [13.0062997, 1.0333884], [13.0052805, 1.0336351], [13.0044007, 1.0340535], [13.0035531, 1.0346542], [13.0027592, 1.035684], [13.0023086, 1.0365421], [13.0018258, 1.0375612], [13.0008817, 1.0388485], [13.0001199, 1.0396101], [12.9993367, 1.0403288], [12.9978454, 1.0415946], [12.9961932, 1.0425815], [12.9928779, 1.0443622], [12.9906571, 1.0455851], [12.9882516, 1.0466888], [12.9865302, 1.0473556], [12.9848377, 1.0479355], [12.9839976, 1.0480404], [12.9830783, 1.0477791], [12.9824744, 1.0471303], [12.982168, 1.0464274], [12.9820868, 1.0456885], [12.9822401, 1.0450667], [12.9825645, 1.0421831], [12.9832134, 1.0378577], [12.9838804, 1.0346857], [12.9847636, 1.0321084], [12.9857911, 1.0298736], [12.9879452, 1.0259627], [12.9886211, 1.0243316], [12.9887022, 1.0235206], [12.9885851, 1.0226916], [12.9880443, 1.0216643], [12.987089, 1.0207181], [12.9848898, 1.01906], [12.9814379, 1.0164917], [12.980077, 1.015086], [12.9789504, 1.0133197], [12.9784034, 1.0119009], [12.9782564, 1.011193], [12.9779219, 1.009424], [12.9781151, 1.0077505], [12.9786515, 1.0060557], [12.9792056, 1.0047684], [12.9801193, 1.00336], [12.9809689, 1.002108], [12.9821491, 1.000145], [12.9826534, 0.9983964], [12.9827843, 0.9973836], [12.9827341, 0.996172], [12.9821598, 0.9946848], [12.9810691, 0.9928866], [12.9802394, 0.9922175], [12.9786462, 0.9913057], [12.977128, 0.990941], [12.9758567, 0.9907747], [12.9734802, 0.9904851], [12.9718012, 0.9901633], [12.9709787, 0.9899124], [12.9705459, 0.9896698], [12.9698968, 0.9892354], [12.9689097, 0.9883879], [12.9682924, 0.9875176], [12.9681265, 0.9868968], [12.9679602, 0.9861781], [12.9678851, 0.9855881], [12.9679656, 0.9850893], [12.9681104, 0.9845422], [12.9685396, 0.9837698], [12.9691136, 0.9830779], [12.9697895, 0.982504], [12.9706693, 0.9818443], [12.9720962, 0.980734], [12.9728472, 0.9797739], [12.9735124, 0.9780683], [12.9739308, 0.976545], [12.9740381, 0.9752899], [12.9737484, 0.973831], [12.9732543, 0.9725855], [12.9715919, 0.9699477], [12.9706371, 0.9681885], [12.970129, 0.9665642], [12.9700577, 0.9651526], [12.970047, 0.9631895], [12.9702616, 0.9616234], [12.9710126, 0.9600893], [12.9720211, 0.958727], [12.9733837, 0.9574504], [12.9745638, 0.9566137], [12.9761195, 0.9558306], [12.9779327, 0.9549617], [12.9798961, 0.9544575], [12.9825783, 0.9540069], [12.9849064, 0.9536851], [12.9871917, 0.9533633], [12.9888113, 0.9529328], [12.9899812, 0.9523871], [12.9907858, 0.9519151], [12.9923415, 0.9506815], [12.9931462, 0.9494907], [12.9935324, 0.9481176], [12.9937899, 0.9467874], [12.9936182, 0.9457576], [12.9931676, 0.9447921], [12.9921913, 0.9432474], [12.9908344, 0.941821], [12.989198, 0.9397503], [12.9886837, 0.9389577], [12.9883933, 0.937873], [12.9883182, 0.936811], [12.9885006, 0.9359099], [12.9889727, 0.9347728], [12.9896057, 0.9332924], [12.9898631, 0.9322625], [12.9899382, 0.93134], [12.9895842, 0.929688], [12.9889029, 0.9282934], [12.9884167, 0.9274672], [12.9888769, 0.9257468], [12.989202, 0.9243992], [12.9895474, 0.9230515], [12.9896558, 0.9219138], [12.9895271, 0.9208303], [12.9892833, 0.9198145], [12.9886805, 0.9187986], [12.9878474, 0.9182162], [12.9864522, 0.9177151], [12.9843999, 0.9172682], [12.980878, 0.916618], [12.9793337, 0.9163607], [12.9779114, 0.9158189], [12.9769226, 0.9151823], [12.976103, 0.9142478], [12.9753241, 0.9128663], [12.9742269, 0.9107059], [12.9737731, 0.9094531], [12.9736512, 0.9083628], [12.9737934, 0.907435], [12.9742811, 0.9063921], [12.9751819, 0.9050986], [12.9772612, 0.9032498], [12.9782297, 0.9026268], [12.9790357, 0.9023559], [12.9800517, 0.9022137], [12.981027, 0.9023288], [12.9821649, 0.9026335], [12.9834517, 0.9028706], [12.9851043, 0.9027758], [12.9873665, 0.9023694], [12.9888633, 0.901936], [12.9898095, 0.9015069], [12.9907215, 0.9009062], [12.99173, 0.8997798], [12.9926741, 0.8985247], [12.9933715, 0.8975377], [12.9947019, 0.8962397], [12.9971909, 0.8942658], [12.9993367, 0.8925923], [13.0010426, 0.8912192], [13.0023086, 0.8900177], [13.0039716, 0.8882477], [13.0054092, 0.8865956], [13.006922, 0.8847183], [13.008306, 0.882605], [13.0097651, 0.8800089], [13.0100887, 0.8792073], [13.0102597, 0.878635], [13.0103979, 0.8778292], [13.0105097, 0.8769247], [13.0104571, 0.8761354], [13.0100441, 0.874216], [13.0095291, 0.8734651], [13.0080914, 0.8724996], [13.0057096, 0.8714912], [13.0020618, 0.8700323], [12.9996554, 0.8687037], [12.9948539, 0.8655472], [12.9912074, 0.8622551], [12.9888176, 0.8600249], [12.9870298, 0.8587505], [12.9730865, 0.8506051], [12.9703901, 0.8498475], [12.9675224, 0.8494581], [12.9650088, 0.8497944], [12.9625837, 0.8506263], [12.9584769, 0.8536087], [12.9575033, 0.8542902], [12.9561668, 0.8546973], [12.9553348, 0.8545911], [12.9547418, 0.8541397], [12.9543085, 0.8533147], [12.9532456, 0.8501433], [12.9514918, 0.8459222], [12.9500055, 0.8413787], [12.9485786, 0.8376777], [12.9482782, 0.8365191], [12.9483104, 0.8354678], [12.948482, 0.8346847], [12.9506063, 0.8302219], [12.9517114, 0.8289239], [12.9528701, 0.8282266], [12.9540825, 0.8277009], [12.9559171, 0.8272182], [12.9566038, 0.8271967], [12.9571831, 0.827422], [12.9575264, 0.827894], [12.9574406, 0.8284948], [12.9571296, 0.8293439], [12.9559708, 0.8317453], [12.9556489, 0.8331292], [12.9559278, 0.8343521], [12.9569578, 0.8353391], [12.9577393, 0.8358641], [12.9591679, 0.8361544], [12.9608699, 0.8357862], [12.9621318, 0.8349713], [12.9643929, 0.8326357], [12.9736197, 0.8249332], [12.9744351, 0.823914], [12.9750931, 0.8227474], [12.9752903, 0.8217222], [12.9751719, 0.8204998], [12.9739363, 0.8172401], [12.9737654, 0.8160572], [12.9738048, 0.815124], [12.9791944, 0.7956315], [12.9796334, 0.7931852], [12.9796761, 0.7909905], [12.9797029, 0.7883729], [12.9794884, 0.7846611], [12.979145, 0.7804558], [12.9789412, 0.7788788], [12.9785764, 0.7776451], [12.9779863, 0.7767225], [12.9774177, 0.7761861], [12.9769885, 0.7759608], [12.9763931, 0.7759286], [12.9757225, 0.7761861], [12.9749071, 0.7765508], [12.9740596, 0.7769049], [12.9730403, 0.7769907], [12.9719782, 0.776862], [12.9705191, 0.7764114], [12.969296, 0.7758106], [12.9681694, 0.7748773], [12.9671287, 0.7737831], [12.9660666, 0.7723992], [12.964865, 0.7704038], [12.964071, 0.7685157], [12.963717, 0.7671103], [12.9636902, 0.7659034], [12.963894, 0.7651525], [12.9642105, 0.7644444], [12.9646343, 0.7639295], [12.9653317, 0.7632429], [12.9662399, 0.7623366], [12.9669653, 0.7613651], [12.9678368, 0.7597081], [12.969178, 0.7565648], [12.9700684, 0.7535288], [12.9706478, 0.7503963], [12.9714417, 0.7459764], [12.971828, 0.74323], [12.9719245, 0.7405051], [12.9716778, 0.7389603], [12.9709053, 0.7374369], [12.9694891, 0.7358706], [12.9679549, 0.7346691], [12.9669142, 0.7341864], [12.965498, 0.7339933], [12.962687, 0.7339718], [12.9602194, 0.7337143], [12.9575586, 0.7330814], [12.9545116, 0.7321373], [12.9508221, 0.7306216], [12.9493725, 0.7300775], [12.9474091, 0.7291013], [12.9460251, 0.7281894], [12.9447377, 0.7271059], [12.9433751, 0.7255933], [12.9415941, 0.7239304], [12.9400813, 0.7229434], [12.9383647, 0.7222676], [12.936734, 0.7216722], [12.93513, 0.721345], [12.9339713, 0.7212645], [12.9325175, 0.7213128], [12.9305541, 0.7214844], [12.9287302, 0.7214093], [12.927078, 0.7210124], [12.9256618, 0.7202722], [12.9240578, 0.7191457], [12.9230332, 0.7182017], [12.9218638, 0.7167534], [12.9215097, 0.7162492], [12.9211664, 0.7151442], [12.9209518, 0.7140392], [12.9208338, 0.7129128], [12.9207373, 0.7115932], [12.9208875, 0.7100269], [12.9209411, 0.7084499], [12.9208231, 0.7071089], [12.9205978, 0.7056928], [12.9201364, 0.7035579], [12.9195893, 0.7017556], [12.9190636, 0.7004897], [12.9184306, 0.6993847], [12.9177225, 0.6983334], [12.9173148, 0.6973035], [12.9171002, 0.6961878], [12.9173577, 0.6952544], [12.9178297, 0.6942675], [12.9185593, 0.693495], [12.9200506, 0.6923364], [12.9215634, 0.6910276], [12.9227114, 0.6897188], [12.9231191, 0.6890107], [12.9234087, 0.6878521], [12.9233873, 0.6865754], [12.9230225, 0.6853632], [12.9224646, 0.6841509], [12.9215848, 0.6830245], [12.920469, 0.6815654], [12.9196322, 0.6803317], [12.9187953, 0.6793125], [12.9179048, 0.6784328], [12.9168105, 0.6777033], [12.9149544, 0.6765876], [12.9132485, 0.6755148], [12.9115319, 0.6742596], [12.9099011, 0.6728113], [12.9085922, 0.6714274], [12.9076052, 0.6698611], [12.9070043, 0.6683484], [12.9063391, 0.666117], [12.9056096, 0.6628664], [12.9047727, 0.6598947], [12.9040539, 0.6579529], [12.9033458, 0.6563329], [12.9025948, 0.6546432], [12.9023641, 0.6535973], [12.902391, 0.6527497], [12.9027021, 0.6518325], [12.9032063, 0.6511083], [12.9042148, 0.649821], [12.9050732, 0.6482761], [12.9058778, 0.6465381], [12.9065537, 0.644532], [12.9070794, 0.6424936], [12.9074979, 0.6396077], [12.9078841, 0.6363786], [12.9080772, 0.6338896], [12.908163, 0.6318298], [12.9081201, 0.6296198], [12.9079056, 0.6279248], [12.9075408, 0.6261868], [12.9065966, 0.6232044], [12.9056096, 0.619943], [12.9046011, 0.6168962], [12.9034424, 0.6136777], [12.902112, 0.6102018], [12.9005241, 0.6074768], [12.8985929, 0.6045587], [12.8964472, 0.6021556], [12.8945267, 0.6006644], [12.8926706, 0.5995164], [12.8896558, 0.5980574], [12.8864694, 0.596652], [12.8839481, 0.595783], [12.8819203, 0.5954933], [12.8798653, 0.5955274], [12.8769636, 0.5954719], [12.8749466, 0.5954397], [12.8728008, 0.59515], [12.8709984, 0.5947316], [12.8691959, 0.593927], [12.8677046, 0.5928649], [12.866857, 0.5918886], [12.8665566, 0.5907085], [12.8664601, 0.5897537], [12.8663528, 0.5885951], [12.8661382, 0.5872326], [12.865752, 0.5862348], [12.864958, 0.585162], [12.8639173, 0.5839604], [12.8614819, 0.5813213], [12.8589391, 0.5789396], [12.8571474, 0.5772982], [12.8555488, 0.5757211], [12.8545564, 0.5746644], [12.8538859, 0.5737257], [12.8534245, 0.5726957], [12.8532314, 0.5716766], [12.8533173, 0.5703141], [12.8536928, 0.5692198], [12.8541219, 0.5684366], [12.8550661, 0.5673745], [12.855978, 0.566645], [12.857126, 0.5658403], [12.8582901, 0.5651698], [12.8588694, 0.5646871], [12.8593013, 0.5642418], [12.8597465, 0.563743], [12.860173, 0.5631744], [12.8605968, 0.5623644], [12.8609535, 0.5616413], [12.8611439, 0.561195], [12.8613049, 0.5607015], [12.8614604, 0.56009], [12.8615892, 0.5592102], [12.8617287, 0.5580838], [12.8618252, 0.5567964], [12.8618946, 0.5555501], [12.8618574, 0.5540392], [12.861675, 0.5526338], [12.8614926, 0.5516897], [12.8613317, 0.5507671], [12.8607845, 0.5498873], [12.8597331, 0.5491149], [12.8587246, 0.5482781], [12.8578019, 0.5472267], [12.8571582, 0.5462397], [12.8564715, 0.544727], [12.8559254, 0.543274], [12.855345, 0.5424633], [12.8546047, 0.541648], [12.8537249, 0.5409399], [12.852931, 0.5403391], [12.849769, 0.5385485], [12.8468257, 0.5369246], [12.8442025, 0.5350357], [12.8431373, 0.5342446], [12.8419404, 0.5330536], [12.8408418, 0.5320527], [12.8403396, 0.5314071], [12.839957, 0.5304825], [12.8397179, 0.5293109], [12.8394398, 0.5281187], [12.8382112, 0.5253092], [12.8371513, 0.5226955], [12.8367963, 0.5217142], [12.8362576, 0.5204051], [12.8359152, 0.5196448], [12.8353865, 0.5186781], [12.8347571, 0.5180285], [12.83446, 0.5177566], [12.8340773, 0.5175351], [12.8336543, 0.5174495], [12.833176, 0.5174243], [12.8326877, 0.5175865], [12.8317711, 0.5180488], [12.8311653, 0.5185429], [12.8306332, 0.5190557], [12.8300642, 0.5198764], [12.8295632, 0.5204558], [12.8292285, 0.5206949], [12.8287953, 0.5207726], [12.8278974, 0.5207667], [12.8270126, 0.5205276], [12.8258461, 0.5203253], [12.8246362, 0.5201634], [12.8234577, 0.5200493], [12.8220548, 0.5200892], [12.8212099, 0.5203283], [12.8197621, 0.5208985], [12.8178286, 0.5218552], [12.8162979, 0.5225903], [12.8154519, 0.5229125], [12.8147369, 0.5230334], [12.813891, 0.5230132], [12.8132767, 0.5228823], [12.8119676, 0.522409], [12.8110008, 0.5217041], [12.8104469, 0.5208079], [12.8098024, 0.51968], [12.8085335, 0.5174445], [12.8069827, 0.5147457], [12.8064892, 0.5136783], [12.8063382, 0.5131144], [12.8062677, 0.5124497], [12.8063986, 0.5114125], [12.8068215, 0.5100329], [12.8073754, 0.5091065], [12.8082818, 0.5079383], [12.8097521, 0.5066594], [12.8113835, 0.5055517], [12.8125819, 0.5047058], [12.8135386, 0.5039405], [12.8145355, 0.5029939], [12.8152807, 0.5020373], [12.8156634, 0.5013525], [12.8158548, 0.5005972], [12.8163079, 0.4982308], [12.8164691, 0.4962772], [12.8166201, 0.4936388], [12.8166101, 0.4927023], [12.8165093, 0.491373], [12.8162878, 0.4906681], [12.8158548, 0.4899028], [12.8152737, 0.4890727], [12.8149536, 0.4884509], [12.8148165, 0.4875913], [12.8148805, 0.4861648], [12.8152462, 0.4845371], [12.8156669, 0.4826168], [12.8168557, 0.4788858], [12.8176239, 0.4754475], [12.818264, 0.4723019], [12.8186298, 0.4695951], [12.8184103, 0.4684612], [12.8181726, 0.4675285], [12.8175873, 0.4666323], [12.8166728, 0.465407], [12.8157766, 0.4645474], [12.8141855, 0.4630477], [12.8122331, 0.4613651], [12.8112637, 0.4606838], [12.8104864, 0.4602312], [12.8096405, 0.459902], [12.8081682, 0.4596962], [12.806097, 0.4596962], [12.8036096, 0.4595454], [12.8014103, 0.4594996], [12.7995905, 0.4594082], [12.7981868, 0.459271], [12.7971305, 0.4589235], [12.7962984, 0.4583109], [12.7952833, 0.457657], [12.7947758, 0.4570672], [12.7945179, 0.4557776], [12.7939868, 0.455091], [12.7930695, 0.4545814], [12.7910417, 0.4538518], [12.7893305, 0.453235], [12.7877748, 0.4524518], [12.78638, 0.4513682], [12.7850711, 0.4502417], [12.7832901, 0.4485251], [12.7818203, 0.4473772], [12.7803719, 0.4466262], [12.778548, 0.4461541], [12.7764559, 0.4460147], [12.774986, 0.4459074], [12.7736235, 0.4454192], [12.7728617, 0.4444912], [12.7723145, 0.4432145], [12.7719712, 0.4418198], [12.771585, 0.4402964], [12.7712294, 0.4394601], [12.7706891, 0.4386335], [12.770099, 0.4379415], [12.7693963, 0.4373299], [12.7685809, 0.4368096], [12.7671164, 0.4362034], [12.7655125, 0.4355436], [12.7645415, 0.4349267], [12.7640211, 0.4343528], [12.7637529, 0.4336232], [12.7637744, 0.4329044], [12.7639997, 0.4318101], [12.7644181, 0.4308392], [12.7648258, 0.4298039], [12.7649867, 0.4289349], [12.7649438, 0.4281517], [12.7643967, 0.4272827], [12.7633345, 0.4263493], [12.7625084, 0.4254266], [12.7617144, 0.4241178], [12.7607381, 0.4224977], [12.7596223, 0.4211674], [12.7580023, 0.4195367], [12.7566934, 0.4179274], [12.7554273, 0.4162537], [12.7541935, 0.4152131], [12.7524984, 0.4141402], [12.7505243, 0.4131424], [12.7485931, 0.4119945], [12.7474558, 0.4109753], [12.7468228, 0.4098917], [12.7457178, 0.4074885], [12.7446771, 0.405729], [12.743572, 0.4039588], [12.7427995, 0.4025104], [12.7421611, 0.4012391], [12.7416301, 0.4004345], [12.740922, 0.3997747], [12.7397954, 0.3989915], [12.7378106, 0.3979615], [12.7360618, 0.3969638], [12.7342272, 0.3958265], [12.7326929, 0.3946571], [12.7298283, 0.3913635], [12.7282451, 0.3893369], [12.7258254, 0.3860896], [12.7249789, 0.384186], [12.7245712, 0.3832311], [12.7241313, 0.3824051], [12.7235359, 0.3814985], [12.723037, 0.3809996], [12.7224147, 0.3805007], [12.7216208, 0.3799858], [12.7206498, 0.3795888], [12.7191532, 0.3792509], [12.7185926, 0.3792294], [12.718008, 0.3792647], [12.7166748, 0.3794923], [12.7158701, 0.3794547], [12.715264, 0.3792079], [12.7148294, 0.3788915], [12.7143896, 0.3783765], [12.7136707, 0.3774538], [12.7131075, 0.3766706], [12.7121901, 0.3749058], [12.7108705, 0.3727145], [12.7105111, 0.372465], [12.7101973, 0.3723577], [12.7096528, 0.3722612], [12.708773, 0.3722558], [12.707271, 0.3723255], [12.7059969, 0.3722907], [12.7055329, 0.3721646], [12.7051493, 0.3719286], [12.7047658, 0.3715477], [12.7044485, 0.3710694], [12.7041703, 0.3700189], [12.7040577, 0.3690372], [12.7040428, 0.3680132], [12.70407, 0.366519], [12.7041811, 0.3658133], [12.7043742, 0.3652286], [12.704995, 0.3641168], [12.7052593, 0.3628361], [12.7052808, 0.3616559], [12.7048925, 0.3600176], [12.7036607, 0.3586627], [12.7018209, 0.3574107], [12.7003026, 0.3567959], [12.6991224, 0.3566296], [12.698248, 0.356769], [12.6976043, 0.3571338], [12.6963866, 0.3585071], [12.6960728, 0.3587592], [12.6956534, 0.3589181], [12.6945406, 0.358965], [12.6938385, 0.3591213], [12.6931241, 0.3593773], [12.6918617, 0.3601056], [12.6916096, 0.3602156], [12.6911992, 0.3602049], [12.6908746, 0.3601217], [12.6906171, 0.3599581], [12.6904431, 0.3597197], [12.689159, 0.3567012], [12.6884848, 0.3558947], [12.6876748, 0.3552563], [12.6861298, 0.3543927], [12.6850998, 0.3541459], [12.682246, 0.3545858], [12.6815808, 0.3548057], [12.6808395, 0.3552101], [12.6778257, 0.3585232], [12.6765436, 0.3589416], [12.6753366, 0.3590221], [12.6741457, 0.3588665], [12.6727509, 0.3581852], [12.672177, 0.3579975], [12.6714635, 0.3579277], [12.6685345, 0.3580458], [12.6671505, 0.3578044], [12.6658201, 0.3573645], [12.6646346, 0.3566939], [12.6639533, 0.3560395], [12.6619502, 0.3523197], [12.6613352, 0.3512314], [12.6601553, 0.349951], [12.6586532, 0.3487065], [12.6568615, 0.3477409], [12.6551986, 0.3473976], [12.6539755, 0.3474244], [12.6530635, 0.3476658], [12.6521569, 0.3483256], [12.6513684, 0.3504392], [12.6493029, 0.3555721], [12.6485896, 0.3564901], [12.6474523, 0.3572679], [12.6463419, 0.3576005], [12.6450384, 0.3575201], [12.6439675, 0.3571482], [12.6429248, 0.3562863], [12.6424303, 0.3551499], [12.6424634, 0.3538113], [12.6450851, 0.3493263], [12.6461381, 0.3466359], [12.6460791, 0.3449407], [12.6454192, 0.3434548], [12.6445341, 0.3424195], [12.6416588, 0.3407887], [12.6384723, 0.3392116], [12.6364982, 0.3382675], [12.6348889, 0.3377847], [12.630572, 0.337306], [12.6257908, 0.336744], [12.6248252, 0.3362613], [12.6240903, 0.3356122], [12.6236343, 0.3346841], [12.622261, 0.3289658], [12.6221484, 0.3278178], [12.6222415, 0.3269168], [12.622937, 0.324685], [12.6228511, 0.323462], [12.6222718, 0.3225768], [12.6214778, 0.3220029], [12.6180768, 0.3217239], [12.6151264, 0.3216005], [12.6132649, 0.3215952], [12.6122028, 0.3211821], [12.6111781, 0.319782], [12.6105237, 0.3180011], [12.6100087, 0.3163381], [12.6094293, 0.3154047], [12.6090217, 0.3150292], [12.6083726, 0.3148361], [12.6073909, 0.314702], [12.6045155, 0.3146001], [12.6024556, 0.3140851], [12.6007068, 0.313377], [12.5997519, 0.3126582], [12.5987221, 0.3109813], [12.5985449, 0.3103623], [12.5984913, 0.3094771], [12.5985503, 0.3090748], [12.5988561, 0.3085813], [12.5993282, 0.3080127], [12.6002777, 0.3072188], [12.6010823, 0.3067145], [12.6016509, 0.3062424], [12.6020217, 0.3057924], [12.6024234, 0.3048799], [12.6025414, 0.3043435], [12.6026192, 0.3037319], [12.6025549, 0.3034208], [12.6022974, 0.3032116], [12.6020452, 0.3030882], [12.6017234, 0.3030319], [12.6012513, 0.3031097], [12.6006602, 0.3030021], [12.6002562, 0.3027556], [12.5997841, 0.3024606], [12.5989312, 0.3017418], [12.5983143, 0.3012643], [12.5975096, 0.3009478], [12.5968713, 0.3008245], [12.5959915, 0.3006689], [12.5952834, 0.3003095], [12.594704, 0.2997516], [12.5939584, 0.2986197], [12.593497, 0.2978848], [12.5927621, 0.2969729], [12.592054, 0.2964042], [12.5914961, 0.2961414], [12.5910079, 0.2960019], [12.5903106, 0.2959375], [12.5895864, 0.2959644], [12.5889426, 0.2959536], [12.5883059, 0.2958766], [12.5879341, 0.2955889], [12.5877035, 0.2951061], [12.5876498, 0.2944248], [12.5875318, 0.2937006], [12.587226, 0.2928638], [12.5868505, 0.2922415], [12.5859815, 0.2914851], [12.5851768, 0.2912652], [12.5838303, 0.2911686], [12.5818026, 0.290836], [12.5810248, 0.2907609], [12.5797909, 0.2906644], [12.5789595, 0.2906697], [12.5779885, 0.2907824], [12.5772589, 0.2908521], [12.5769639, 0.2908441], [12.5766554, 0.2907448], [12.5762075, 0.2905035], [12.5757515, 0.2901977], [12.575368, 0.2899081], [12.5746867, 0.2897766], [12.5741798, 0.2895111], [12.573984, 0.2890148], [12.573764, 0.2888432], [12.5734495, 0.2886977], [12.5733402, 0.2886561], [12.5731558, 0.2885931], [12.5730781, 0.288522], [12.5730452, 0.288465], [12.5730278, 0.2883906], [12.5730325, 0.288284], [12.5730841, 0.2880721], [12.5731236, 0.2878749], [12.5731659, 0.2876738], [12.5731873, 0.2874324], [12.5731471, 0.2871695], [12.5730532, 0.2869201], [12.5729138, 0.2867404], [12.5726858, 0.2865982], [12.5723907, 0.286558], [12.5722539, 0.2865298], [12.5721239, 0.286444], [12.5720648, 0.2863461], [12.5720286, 0.2861986], [12.5720662, 0.2860135], [12.572211, 0.2856165], [12.5723988, 0.2852678], [12.5726509, 0.2848709], [12.5727743, 0.2845973], [12.572836, 0.2842728], [12.5727931, 0.2839965], [12.5726938, 0.2838356], [12.572329, 0.2835298], [12.5714707, 0.2829397], [12.5708526, 0.2825518], [12.5705051, 0.2824301], [12.5699419, 0.2822638], [12.5695664, 0.2820492], [12.5693035, 0.2818078], [12.5691801, 0.2815343], [12.5690728, 0.2807564], [12.5689119, 0.2800215], [12.5687134, 0.2794892], [12.5684988, 0.2789138], [12.568287, 0.2785678], [12.5680053, 0.2782566], [12.5675762, 0.2780689], [12.5672007, 0.2779562], [12.5664282, 0.2779562], [12.5649154, 0.2779723], [12.5628233, 0.277865], [12.5611818, 0.2775861], [12.5601625, 0.2771784], [12.5591862, 0.2763416], [12.5585747, 0.2752902], [12.5582743, 0.2741958], [12.5582099, 0.2729298], [12.5584996, 0.271739], [12.5588429, 0.2708699], [12.5595295, 0.2697863], [12.5604737, 0.2690675], [12.5610262, 0.2686598], [12.5614178, 0.2683433], [12.5617611, 0.2680268], [12.5619489, 0.2677318], [12.5621742, 0.2673831], [12.5624317, 0.2669593], [12.5628126, 0.2665033], [12.5632095, 0.2659723], [12.5636119, 0.2654841], [12.5639927, 0.2649959], [12.564218, 0.2644327], [12.5642556, 0.2639231], [12.5642352, 0.2628711], [12.5642575, 0.2613643], [12.564212, 0.2601462], [12.5641682, 0.2596899], [12.5640566, 0.259076], [12.5636882, 0.2576026], [12.5631301, 0.2554148], [12.5627283, 0.2548455], [12.562226, 0.2543544], [12.561472, 0.2539615], [12.5601609, 0.2536623], [12.5585759, 0.2534391], [12.5567788, 0.2532605], [12.5507186, 0.2525898]], [[12.5507186, 0.2525898], [12.5470452, 0.2524122], [12.5445672, 0.2524457], [12.5432389, 0.2525908], [12.5424803, 0.2527263], [12.540426, 0.2532828], [12.5394772, 0.2535619], [12.5385051, 0.2536847], [12.5321333, 0.2538851], [12.5273446, 0.2540047], [12.524896, 0.2541694], [12.5237712, 0.2540876], [12.5229423, 0.2538666], [12.5223436, 0.2535258], [12.5216161, 0.2528811], [12.52106, 0.2521597], [12.5207596, 0.2515826], [12.5204741, 0.2508089], [12.5202346, 0.2500261], [12.5199952, 0.2496485], [12.5196765, 0.2493539], [12.5192123, 0.2492065], [12.5187426, 0.2491328], [12.5179874, 0.2491144], [12.5165691, 0.2491236], [12.5152798, 0.2490775], [12.5136773, 0.2488289], [12.5079491, 0.2476456], [12.5056493, 0.247079], [12.5052363, 0.2470575], [12.5048339, 0.2470736], [12.5044852, 0.2471487], [12.5041902, 0.2472345], [12.5039139, 0.2473927], [12.5037396, 0.2475671], [12.5036216, 0.2477281], [12.5034714, 0.2481894], [12.5034606, 0.2485971], [12.503297, 0.2539443], [12.503289, 0.254691], [12.503171, 0.255442], [12.5029135, 0.2562359], [12.5025809, 0.256826], [12.5021624, 0.257341], [12.5014865, 0.2578989], [12.5009179, 0.2581778], [12.5003256, 0.2583461], [12.4998236, 0.2584139], [12.4992549, 0.2583817], [12.4976349, 0.2579204], [12.4954864, 0.2572583], [12.4944913, 0.2568368], [12.4934935, 0.2562896], [12.492528, 0.2556137], [12.4914578, 0.2546839], [12.4883598, 0.2511076], [12.4868524, 0.2496753], [12.4862301, 0.2490852], [12.4857473, 0.2487205], [12.4851375, 0.2483108], [12.4847442, 0.2481465], [12.4843848, 0.2481089], [12.48402, 0.2481143], [12.4833655, 0.2482323], [12.4824428, 0.2485005], [12.4803882, 0.2493734], [12.4788165, 0.2500347], [12.4768746, 0.2509038], [12.4731609, 0.2526367], [12.4722934, 0.2528027], [12.4715692, 0.252851], [12.4709308, 0.2527706], [12.470448, 0.252497], [12.4699759, 0.2520517], [12.4696491, 0.2516128], [12.4693429, 0.2511183], [12.468785, 0.2498309], [12.4677443, 0.2478246], [12.4653895, 0.2436237], [12.4650192, 0.2432059], [12.4644452, 0.2428143], [12.4628228, 0.242112], [12.4595851, 0.241205], [12.4585712, 0.2410441], [12.4581429, 0.2410617], [12.4577343, 0.2411352], [12.4572408, 0.2413337], [12.4564952, 0.2418219], [12.4547665, 0.2431474], [12.4539524, 0.243635], [12.4532819, 0.2439033], [12.4524772, 0.2440535], [12.4518219, 0.2440183], [12.4512809, 0.243973], [12.4506265, 0.2438282], [12.4493712, 0.243399], [12.4479926, 0.2429323], [12.4471344, 0.2427714], [12.4456966, 0.2427177], [12.4443294, 0.2429686], [12.4431538, 0.2434258], [12.4422616, 0.2438973], [12.4417591, 0.2443163], [12.4412119, 0.24496], [12.4407935, 0.2458398], [12.4404368, 0.2466096], [12.4402882, 0.2470657], [12.4402893, 0.2472748], [12.4403053, 0.2474867], [12.440418, 0.2478997], [12.4407291, 0.249155], [12.4408257, 0.2497182], [12.4407853, 0.2500121], [12.4406594, 0.2502708], [12.4401069, 0.2507965], [12.4390984, 0.2513597], [12.4369633, 0.2522341], [12.4345708, 0.2530495], [12.433115, 0.2535625], [12.4320334, 0.2539024], [12.4298823, 0.2546803], [12.4276829, 0.2553776], [12.4248183, 0.2562574], [12.4234128, 0.2567402], [12.4228227, 0.2569226], [12.4222318, 0.2569677], [12.4215567, 0.2569226], [12.4210417, 0.2567938], [12.4204663, 0.2565087], [12.4200547, 0.2561716], [12.4194968, 0.2553669], [12.4187243, 0.2536611], [12.4183488, 0.2527598], [12.4180591, 0.2523092], [12.4175918, 0.2517562], [12.4171257, 0.2514187], [12.4166965, 0.2511613], [12.4162888, 0.2510325], [12.4154413, 0.2509467], [12.4148622, 0.2510063], [12.4137783, 0.2513866], [12.4127376, 0.2519552], [12.4107098, 0.2533499], [12.409873, 0.2538542], [12.4091227, 0.2542277], [12.4081135, 0.2546374], [12.4070835, 0.2549378], [12.4057746, 0.2551094], [12.4040762, 0.2550729], [12.4028134, 0.2548949], [12.402057, 0.2547554], [12.4016869, 0.2546803], [12.4012148, 0.254514], [12.4005711, 0.254176], [12.399804, 0.2538542], [12.3991603, 0.2536289], [12.39845, 0.2535176], [12.3976958, 0.2534679], [12.3969072, 0.253484], [12.3957109, 0.2537308], [12.3951155, 0.2538703], [12.3948365, 0.2539078], [12.3945469, 0.2538864], [12.3942465, 0.2538005], [12.3938993, 0.2536353], [12.3935544, 0.253307], [12.3932326, 0.2528403], [12.3928678, 0.2521858], [12.3919505, 0.2505819], [12.3910874, 0.2492172], [12.3907006, 0.2487258], [12.3902392, 0.2482269], [12.3895955, 0.2475939], [12.3887908, 0.2467839], [12.388308, 0.2464406], [12.3878628, 0.2462743], [12.3874853, 0.2462556], [12.3870689, 0.2463011], [12.3865431, 0.2464406], [12.386055, 0.2466337], [12.3841721, 0.2478085], [12.3832548, 0.2484898], [12.3827452, 0.2488327], [12.3824608, 0.2489672], [12.3822463, 0.2490316], [12.3815006, 0.249155], [12.3803135, 0.2493169], [12.3799396, 0.2494017], [12.3795372, 0.2495788], [12.3790008, 0.249847], [12.3784429, 0.2502386], [12.3762544, 0.2523363], [12.375825, 0.2526043], [12.3750955, 0.2528993], [12.3743606, 0.2531139], [12.3737812, 0.2533177], [12.3732957, 0.2535199], [12.372762, 0.2537469], [12.3722631, 0.2539507], [12.3717213, 0.2541224], [12.3710078, 0.2542672], [12.3705281, 0.2542783], [12.3699725, 0.2541868], [12.3694682, 0.2540258], [12.3688728, 0.2537683], [12.3681432, 0.2533982], [12.3675799, 0.2530602], [12.3668699, 0.2525766], [12.3660994, 0.2519391], [12.3655415, 0.2513812], [12.3650157, 0.2508072], [12.3645598, 0.2501742], [12.3641682, 0.2494339], [12.3637872, 0.2484801], [12.3634493, 0.2473096], [12.3633206, 0.2468161], [12.3631597, 0.2463119], [12.3629558, 0.2458613], [12.3627734, 0.2456413], [12.3624998, 0.2454697], [12.3620975, 0.2452712], [12.3615833, 0.2451491], [12.3611534, 0.245121], [12.3605794, 0.2452551], [12.3598552, 0.2455018], [12.3592865, 0.2456306], [12.3587179, 0.2456252], [12.3583208, 0.24551], [12.3579884, 0.2453409], [12.357645, 0.2450566], [12.3572528, 0.2445467], [12.3567545, 0.2438067], [12.3562878, 0.2430342], [12.3558533, 0.2421169], [12.3557031, 0.24172], [12.3556066, 0.2413445], [12.3555864, 0.2411223], [12.3555422, 0.2402448], [12.355451, 0.2392416], [12.3553812, 0.2385604], [12.3553276, 0.2381044], [12.3553383, 0.2376001], [12.3553973, 0.2372032], [12.3558211, 0.2347999], [12.3558426, 0.2341347], [12.3557997, 0.2335661], [12.3556816, 0.2330404], [12.3554242, 0.2325576], [12.3551559, 0.2322894], [12.3546839, 0.2319675], [12.3543727, 0.2317422], [12.3540079, 0.2313667], [12.3539007, 0.2311414], [12.353847, 0.2307552], [12.3538792, 0.230326], [12.3539865, 0.2299398], [12.3541474, 0.2295858], [12.3543897, 0.2293261], [12.3551988, 0.2288669], [12.3562932, 0.2282983], [12.3568404, 0.227955], [12.357291, 0.2275795], [12.3576236, 0.2272147], [12.3583102, 0.2259702], [12.358557, 0.2254605], [12.3588252, 0.2250529], [12.3592222, 0.2244842], [12.3594475, 0.2241999], [12.3597854, 0.2238995], [12.3603862, 0.2235026], [12.3607832, 0.2233416], [12.3610246, 0.2232343], [12.3610944, 0.2231002], [12.3611104, 0.2229178], [12.3610514, 0.2227462], [12.3609441, 0.2225852], [12.3607081, 0.2223707], [12.3604828, 0.2221668], [12.3601878, 0.2218664], [12.360059, 0.2216518], [12.3599249, 0.2212388], [12.3598581, 0.2209041], [12.3598337, 0.2206594], [12.3597479, 0.2201981], [12.3596191, 0.219093], [12.3595977, 0.2182991], [12.3596191, 0.2178378], [12.3596895, 0.2174444], [12.3600644, 0.2164591], [12.3608637, 0.2148659], [12.3620224, 0.2128811], [12.3631489, 0.2109928], [12.3638356, 0.2099736], [12.3642111, 0.2092387], [12.3647368, 0.2079351], [12.3649406, 0.2062293], [12.3646831, 0.2044268], [12.3642218, 0.2032467], [12.3632455, 0.2022596], [12.3618829, 0.2012296], [12.3603809, 0.2000817], [12.3585248, 0.1987406], [12.3568725, 0.1975604], [12.3556924, 0.1958224], [12.355628, 0.1944491], [12.3558426, 0.1932475], [12.3565936, 0.1921853], [12.3584819, 0.1910802], [12.3609717, 0.1894924], [12.3623872, 0.1882693], [12.3632669, 0.1866814], [12.3635673, 0.1844499], [12.3637175, 0.1821324], [12.3639536, 0.179343], [12.364254, 0.1767895], [12.3643398, 0.1758561], [12.3645651, 0.1746115], [12.3648216, 0.1726627], [12.3649728, 0.1696441], [12.3652258, 0.1665423], [12.3654127, 0.1622734], [12.3656531, 0.1583236], [12.365756, 0.1576279], [12.3660028, 0.1564799], [12.3663139, 0.154774], [12.3663568, 0.1538513], [12.3662151, 0.1530176], [12.3656702, 0.1517592], [12.3652458, 0.1509408], [12.3649835, 0.1498173], [12.3648441, 0.1479827], [12.3645866, 0.1456223], [12.3642072, 0.1440923], [12.3638034, 0.1434551], [12.3631596, 0.1428758], [12.360692, 0.1406656], [12.3592651, 0.1396357], [12.3583531, 0.1387237], [12.3573446, 0.1373826], [12.3566984, 0.1362267], [12.3561859, 0.1351296], [12.3556387, 0.1335954], [12.3545053, 0.131408], [12.3541045, 0.1307844], [12.3534071, 0.1300119], [12.3521733, 0.1290463], [12.351551, 0.1286816], [12.350688, 0.1282906], [12.3492122, 0.1278447], [12.3463905, 0.1273619], [12.3441052, 0.1267504], [12.3430727, 0.1262151], [12.3418522, 0.1255166], [12.3400712, 0.1244437], [12.338376, 0.1236498], [12.3371617, 0.1232598], [12.3360371, 0.1230704], [12.3338377, 0.1230382], [12.3306706, 0.1230166], [12.3290312, 0.1230704], [12.3276687, 0.123124], [12.3266923, 0.1229309], [12.326113, 0.1226842], [12.3257043, 0.1223197], [12.3255229, 0.1219546], [12.3255551, 0.1212894], [12.325868, 0.120255], [12.3268425, 0.1182532], [12.3278618, 0.1160859], [12.3281575, 0.114994], [12.3281407, 0.1140475], [12.3279369, 0.1129746], [12.327379, 0.1117086], [12.3266494, 0.1111721], [12.3256086, 0.110421], [12.3244178, 0.1098418], [12.3215403, 0.1087391], [12.3203087, 0.1082324], [12.3196167, 0.1078569], [12.3189568, 0.1073205], [12.3185599, 0.1069021], [12.3184078, 0.1065778], [12.3183238, 0.1060652], [12.3183668, 0.1056146], [12.318474, 0.1050782], [12.3186135, 0.104531], [12.3188817, 0.1039624], [12.3200238, 0.1026401], [12.3204696, 0.1020526], [12.3207915, 0.1014733], [12.3213326, 0.1001532], [12.321521, 0.0991559], [12.3215425, 0.097922], [12.3214565, 0.0973331], [12.3211241, 0.0962805], [12.3208558, 0.0954544], [12.32077, 0.094918], [12.3207486, 0.0943708], [12.3206992, 0.0936332], [12.3205447, 0.0931155], [12.320373, 0.0927293], [12.3201092, 0.0925222], [12.3198473, 0.0924504], [12.3195255, 0.0925684], [12.3191902, 0.0927367], [12.3186457, 0.093019], [12.3179161, 0.0933945], [12.3172675, 0.0935798], [12.3168969, 0.0935769], [12.3165321, 0.0934159], [12.3161673, 0.093137], [12.3157434, 0.0926337], [12.3153584, 0.0919781], [12.3149872, 0.0915599], [12.3145473, 0.0912595], [12.3138285, 0.0904548], [12.3135817, 0.0897681], [12.3135032, 0.0889926], [12.3133671, 0.0879121], [12.3131558, 0.087019], [12.3127019, 0.0855839], [12.3120046, 0.0836634], [12.3114681, 0.0823974], [12.3107371, 0.0809302], [12.3103416, 0.0803268], [12.3098373, 0.0797152], [12.3087323, 0.0784492], [12.3080242, 0.0777519], [12.3072195, 0.0768936], [12.3068869, 0.0764429], [12.3065728, 0.0759001], [12.3062924, 0.0753086], [12.3054519, 0.0709854], [12.3048592, 0.0695765], [12.3040867, 0.0681603], [12.3036146, 0.0673664], [12.3029494, 0.0664544], [12.3022903, 0.065666], [12.3015976, 0.0651562], [12.3008037, 0.0648451], [12.2995551, 0.064482], [12.2988939, 0.0644159], [12.2981107, 0.0645125], [12.2974348, 0.0647485], [12.296664, 0.0652584], [12.2953641, 0.0661915], [12.2940284, 0.0671786], [12.2935241, 0.0675273], [12.2931486, 0.0677794], [12.2927422, 0.0679327], [12.292285, 0.0680315], [12.2916841, 0.0680852], [12.2909331, 0.0680637], [12.289934, 0.0678107], [12.2882402, 0.0669587], [12.287682, 0.0664975], [12.2874892, 0.0662398], [12.2873282, 0.0657785], [12.2866536, 0.063024], [12.2861159, 0.0615728], [12.2856867, 0.0608861], [12.2851501, 0.0602201], [12.284528, 0.0597167], [12.2838026, 0.0592584], [12.2818881, 0.0582181], [12.2786951, 0.0569153], [12.2748506, 0.0547171], [12.2724034, 0.0532086], [12.2719216, 0.0530863], [12.2714925, 0.053097], [12.2709024, 0.0533116], [12.2702211, 0.0537783], [12.269851, 0.053966], [12.2694339, 0.0541084], [12.2686332, 0.0543469], [12.2677106, 0.0545454], [12.2658223, 0.0547761], [12.2641915, 0.0549424], [12.2625292, 0.0549941], [12.2614288, 0.0549799], [12.2602057, 0.0548404], [12.257896, 0.0543119], [12.2527653, 0.0533545], [12.2502977, 0.0527322], [12.2478327, 0.0519779], [12.2447056, 0.0509821], [12.2422242, 0.0503987], [12.2419453, 0.0502217], [12.2416824, 0.0499105], [12.2414303, 0.0494599], [12.2411448, 0.0487588]], [[12.2411448, 0.0487588], [12.2420204, 0.0474], [12.2421813, 0.0472391], [12.2429752, 0.0460482], [12.2467052, 0.0420933], [12.2485435, 0.0400937], [12.2503865, 0.03821], [12.2581994, 0.028646], [12.2592723, 0.027439], [12.2601843, 0.0264144], [12.2606349, 0.0258189], [12.2608746, 0.0253166], [12.2611177, 0.0241721], [12.2614127, 0.022831], [12.2618043, 0.0218761], [12.262152, 0.0211607], [12.2624481, 0.0206745], [12.2652355, 0.0177618], [12.2672224, 0.0154173], [12.2690785, 0.013057], [12.2697329, 0.0118017], [12.2705912, 0.0103104], [12.2721147, 0.0082934], [12.2727585, 0.0075531], [12.2733164, 0.006491], [12.2734773, 0.0060618], [12.2736275, 0.0055039], [12.2736919, 0.0048173], [12.2736597, 0.0041843], [12.2733915, 0.0019205], [12.2731876, -0.0005257], [12.2732198, -0.0020492], [12.2733056, -0.0047529], [12.2734237, -0.006609], [12.2737241, -0.0081968], [12.274003, -0.0093019], [12.2745287, -0.0107825], [12.2749257, -0.0122952], [12.2752368, -0.0137651], [12.2753656, -0.014559], [12.2756553, -0.0157177], [12.2761595, -0.0169194], [12.2776937, -0.0190329], [12.2785091, -0.0205028], [12.2792387, -0.0225198], [12.2797108, -0.0240433], [12.2802579, -0.0252557], [12.2833693, -0.0296867], [12.2846675, -0.0314033], [12.2855365, -0.0325352], [12.2866738, -0.0334096], [12.2880685, -0.0346756], [12.288841, -0.035727], [12.2893774, -0.0371432], [12.2903323, -0.0392246], [12.2911692, -0.0411022], [12.291491, -0.0422287], [12.2917378, -0.044074], [12.2919631, -0.046134], [12.2923493, -0.0497496], [12.2925746, -0.0519597], [12.2927785, -0.0530648], [12.2930574, -0.0538373], [12.293508, -0.0543523], [12.2946346, -0.055232], [12.2959328, -0.0562727], [12.29707, -0.0573671], [12.2974563, -0.0583005], [12.297349, -0.0591266], [12.2968769, -0.0604677], [12.2962654, -0.0613153], [12.2956216, -0.0618517], [12.2948062, -0.0625062], [12.2936368, -0.0634181], [12.2930574, -0.0638473], [12.2925961, -0.0643837], [12.2922635, -0.0651669], [12.2921884, -0.0656175], [12.2922099, -0.0660145], [12.2923279, -0.0665617], [12.2925317, -0.0670981], [12.2927785, -0.0676453], [12.292875, -0.0682783], [12.292875, -0.0686967], [12.2928321, -0.0691151], [12.2926819, -0.0694048], [12.2923171, -0.0697589], [12.2918773, -0.0699734], [12.2908795, -0.0701451], [12.2894096, -0.0703919], [12.2862768, -0.0708961], [12.2815776, -0.0719261], [12.2776508, -0.0725162], [12.2764707, -0.0729561], [12.2755694, -0.0734389], [12.2750974, -0.0738251], [12.2749364, -0.0740611], [12.2748721, -0.074501], [12.2749579, -0.0750696], [12.2751725, -0.0758099], [12.2754943, -0.0768399], [12.2755265, -0.0779986], [12.27543, -0.0783956], [12.2747862, -0.0801444], [12.2736275, -0.0824403], [12.2731018, -0.0831914], [12.2725654, -0.08376], [12.2722435, -0.0842106], [12.2719324, -0.0845968], [12.2717607, -0.0849616], [12.2716749, -0.0855302], [12.2716749, -0.0860238], [12.2718251, -0.0864261], [12.2724205, -0.0872254], [12.2733217, -0.0882822], [12.2738045, -0.0889527], [12.2742176, -0.0896072], [12.2748989, -0.0909483], [12.2755104, -0.0925254], [12.2759986, -0.0935339], [12.2769535, -0.0948965], [12.2772324, -0.0953257], [12.2772847, -0.0957054], [12.2771895, -0.096141], [12.2768676, -0.0963771], [12.2763955, -0.0964522], [12.2760522, -0.0964415], [12.2755158, -0.0963342], [12.2746146, -0.0963449], [12.2740888, -0.0963663], [12.2734344, -0.0965917], [12.2730696, -0.0968599], [12.2728014, -0.0972676], [12.272619, -0.0977396], [12.2722328, -0.0982332], [12.2712564, -0.0989627], [12.2704303, -0.0992202], [12.2691214, -0.0993704], [12.2682309, -0.099585], [12.2672224, -0.0999069], [12.2664606, -0.1004648], [12.2658813, -0.1009476], [12.2656238, -0.1013231], [12.2655916, -0.1017093], [12.2656882, -0.1020955], [12.2659778, -0.1029109], [12.2661068, -0.1038836], [12.266053, -0.1045846], [12.2657525, -0.1055073], [12.264698, -0.107496], [12.2646421, -0.1080769], [12.2644704, -0.1085167], [12.2641593, -0.108962], [12.2639018, -0.1095735], [12.2637516, -0.11011], [12.2636872, -0.110625], [12.2637141, -0.1111399], [12.2637677, -0.1117408], [12.2638106, -0.1121377], [12.2637945, -0.1126527], [12.2637248, -0.1131516], [12.2636282, -0.1135915], [12.2633921, -0.1143049], [12.2630811, -0.1150238], [12.2629523, -0.1152062], [12.2627807, -0.1153993], [12.2624803, -0.1155978], [12.2620833, -0.1158284], [12.2611285, -0.1160645], [12.2583604, -0.1161932], [12.2555993, -0.1161457], [12.252006, -0.1158603], [12.2481573, -0.1154207], [12.2445094, -0.1147663], [12.2415268, -0.1141225], [12.2383599, -0.113523], [12.234714, -0.1130389], [12.2332334, -0.1128029], [12.2315045, -0.1125086], [12.229988, -0.112186], [12.2286308, -0.111789], [12.2277671, -0.1114135], [12.2271448, -0.1111882], [12.2265874, -0.1111127], [12.2259915, -0.111156], [12.2253531, -0.111274], [12.224586, -0.111494], [12.2236526, -0.1120197], [12.2223973, -0.1129156], [12.2211689, -0.11379], [12.2199355, -0.1147472], [12.2182935, -0.1160698], [12.2165947, -0.1175268], [12.213031, -0.1210426], [12.2093189, -0.1245509], [12.2068727, -0.1266967], [12.2054243, -0.1280807], [12.2050059, -0.1286279], [12.2047589, -0.1291468], [12.2045982, -0.1296525], [12.2044855, -0.1301246], [12.2042549, -0.1310312], [12.2041154, -0.1317232], [12.2039652, -0.1321845], [12.2037935, -0.1324742], [12.2033, -0.1330267], [12.2030103, -0.1332413], [12.2026659, -0.1334041], [12.2014117, -0.1337348], [12.200371, -0.1339762], [12.1997541, -0.1341479], [12.1993732, -0.1343356], [12.198056, -0.1352763], [12.1973616, -0.1356768], [12.1969002, -0.1359879], [12.1963855, -0.1363475], [12.1949368, -0.1372646], [12.1942932, -0.138037], [12.1939357, -0.1390636], [12.1938962, -0.1398502], [12.193982, -0.1405798], [12.1943253, -0.1414113], [12.1954036, -0.1429294], [12.1955752, -0.1434229], [12.195704, -0.144292], [12.1956618, -0.1450766], [12.195586, -0.1456009], [12.1953928, -0.1461051], [12.1947276, -0.1467274], [12.1914715, -0.1489498], [12.1833658, -0.1529716], [12.1796965, -0.1544629], [12.1777874, -0.1552457], [12.1764994, -0.155643], [12.1751261, -0.1558683], [12.174375, -0.1559112], [12.1733773, -0.1558147], [12.1715212, -0.1555035], [12.1666082, -0.1543687]], [[12.9886837, 0.9389577], [12.9879695, 0.9387419], [12.9872131, 0.9385917], [12.9867035, 0.9385112], [12.9858184, 0.938463], [12.9846489, 0.9384093], [12.9839516, 0.9382592], [12.9831308, 0.9379427], [12.9821867, 0.9374868], [12.9809529, 0.9367949], [12.9802501, 0.9363711], [12.9798371, 0.9358884], [12.979719, 0.93547], [12.979762, 0.935116], [12.9799551, 0.9347406], [12.9803091, 0.9341559], [12.9810548, 0.9333031], [12.9818058, 0.9323269], [12.9826641, 0.9311898], [12.983458, 0.9302404], [12.9840696, 0.9296558], [12.9846704, 0.9292428], [12.9852068, 0.9289049], [12.9862153, 0.9283899], [12.9870576, 0.9279501], [12.9877946, 0.9276862], [12.9884167, 0.9274672]]]}}, {"type": "Feature", "properties": {"name": "Nyanga", "osm_id": 3144820}, "geometry": {"type": "MultiLineString", "coordinates": [[[12.0372388, -2.7964338], [12.0364451, -2.7966153], [12.0355436, -2.796991], [12.0352328, -2.7973011], [12.0347822, -2.7980084], [12.0341339, -2.7988749], [12.0327392, -2.7999894], [12.0309153, -2.8016824], [12.0303512, -2.8024341], [12.029804, -2.8033664], [12.0295356, -2.8041065], [12.0294821, -2.804663], [12.0295787, -2.8053703], [12.0299432, -2.8068712], [12.0303404, -2.8079099], [12.0307801, -2.8093251], [12.0309412, -2.8103317], [12.0308876, -2.8112747], [12.0307544, -2.8124199], [12.0302651, -2.8142865], [12.029778, -2.8177778], [12.0287845, -2.8197303], [12.0266709, -2.8211447], [12.0254588, -2.8217763], [12.0239458, -2.8223771], [12.0227873, -2.8227086], [12.0217142, -2.8228807], [12.0206523, -2.8229122], [12.0193861, -2.8226664], [12.0169935, -2.8215733], [12.0149979, -2.8207483], [12.0134425, -2.8199868], [12.0126271, -2.8193974], [12.0117042, -2.8184443], [12.0099127, -2.815979], [12.0091615, -2.8152296], [12.0085823, -2.8148753], [12.0079491, -2.814758], [12.0072412, -2.8147467], [12.0062818, -2.8150989], [12.0056963, -2.8153361], [12.0051491, -2.8157326], [12.0045803, -2.8164726], [12.0038617, -2.8177043], [12.0037219, -2.8186372], [12.003808, -2.8199117], [12.0042476, -2.8210269], [12.0050418, -2.8219585], [12.0057283, -2.8224628], [12.0070588, -2.8231051], [12.008507, -2.8236737], [12.0138928, -2.8264383], [12.0167682, -2.8279599], [12.0177126, -2.8287737], [12.0185921, -2.8300603], [12.0199869, -2.8331893], [12.0209954, -2.8362754], [12.0211673, -2.838825], [12.020916, -2.8416525], [12.0205663, -2.8440978], [12.0200298, -2.8460266], [12.0194292, -2.847569], [12.018399, -2.8488555], [12.0171332, -2.8499264], [12.0155516, -2.8507394], [12.0139423, -2.8513822], [12.0122516, -2.8520695], [12.0113287, -2.8522416], [12.0105243, -2.852241], [12.0095692, -2.8520059], [12.0084641, -2.8514701], [12.0061252, -2.8505807], [12.003808, -2.8498729], [12.0011041, -2.8491127], [11.9991944, -2.848759], [11.9979393, -2.8486834], [11.9970059, -2.8487799], [11.9962719, -2.8492392], [11.9952569, -2.8500449], [11.9937977, -2.8520166], [11.9925854, -2.8535275], [11.991384, -2.854652], [11.990118, -2.8555628], [11.9888046, -2.8567614], [11.9880321, -2.8577473], [11.9870925, -2.8587132], [11.9857726, -2.8601711], [11.9836655, -2.8622692], [11.9803331, -2.8637072], [11.977844, -2.8651645], [11.9762411, -2.866984], [11.9765565, -2.868722], [11.9781873, -2.8705222], [11.9791315, -2.8722795], [11.9799318, -2.8749134], [11.9788739, -2.8802817], [11.9780373, -2.8823406], [11.9774577, -2.8833462], [11.9769323, -2.8840336], [11.9761491, -2.8845908], [11.9754365, -2.8849214], [11.9717288, -2.885823], [11.9697609, -2.8862823], [11.9683707, -2.8865088], [11.9665036, -2.8864644], [11.9649374, -2.8865624], [11.9625446, -2.8867216], [11.9612574, -2.8869374], [11.9599654, -2.887343], [11.9583928, -2.8879875], [11.9566868, -2.8891218], [11.9541977, -2.8901933], [11.9538116, -2.8903984], [11.9531464, -2.890377], [11.9525777, -2.8902147], [11.9518802, -2.8894646], [11.9506143, -2.8878252], [11.9495199, -2.8862287], [11.9486189, -2.8855444], [11.9476531, -2.8852], [11.945915, -2.8850928], [11.9429968, -2.8850928], [11.9414198, -2.8852765], [11.9399069, -2.8860358], [11.9383619, -2.8872359], [11.936817, -2.8886932], [11.935787, -2.8904076], [11.9347999, -2.8931507], [11.9340275, -2.8960223], [11.9315877, -2.9001798], [11.9304225, -2.901337], [11.9283196, -2.9021085], [11.9257876, -2.9023657], [11.9234273, -2.9024085], [11.9211957, -2.9027514], [11.9192216, -2.90378], [11.9171617, -2.9038229], [11.914973, -2.9034372], [11.9116256, -2.9036515], [11.9077632, -2.9041658], [11.9058749, -2.9048944], [11.9011116, -2.9069104], [11.8969488, -2.9090105], [11.8959832, -2.909632], [11.8953716, -2.9103392], [11.8949211, -2.9112071], [11.8946313, -2.9119678], [11.8939447, -2.9135216], [11.8933975, -2.9146466], [11.8910265, -2.9183111], [11.8895888, -2.9203255], [11.8868851, -2.9233257], [11.8834305, -2.9262616], [11.8811559, -2.9288974], [11.8789243, -2.9317261], [11.8759203, -2.9333119], [11.873517, -2.9337833], [11.8704271, -2.9338691], [11.8640756, -2.9326261], [11.8601703, -2.9309975], [11.8574667, -2.9308261], [11.8558359, -2.9312118], [11.8535184, -2.9328404], [11.8526601, -2.9337833], [11.8523597, -2.9348548], [11.851716, -2.9392693], [11.8518018, -2.9416694], [11.8524885, -2.9433837], [11.8544626, -2.9459553], [11.859312, -2.9504125], [11.8624878, -2.9535412], [11.8636465, -2.955127], [11.8649125, -2.9570985], [11.8654704, -2.9587485], [11.865685, -2.9603128], [11.865642, -2.9612128], [11.8649769, -2.9628415], [11.8639898, -2.9642129], [11.8620801, -2.9654344], [11.8600201, -2.9659701], [11.8574452, -2.9660772], [11.8533039, -2.9657986], [11.8494415, -2.9649843], [11.8454075, -2.9640415], [11.8439269, -2.96387], [11.8422317, -2.9640415], [11.8394637, -2.9648558], [11.8357944, -2.9665915], [11.8351722, -2.9671487], [11.8345713, -2.9682844], [11.8342495, -2.9693987], [11.8341422, -2.9701487], [11.8343568, -2.9711344], [11.8350649, -2.9728059], [11.837511, -2.9761702], [11.8404293, -2.9793845], [11.8442487, -2.9828131], [11.846652, -2.9850416], [11.8472099, -2.9860274], [11.8475961, -2.9870131], [11.847639, -2.9883416], [11.847403, -2.9899274], [11.8468666, -2.9914702], [11.8439054, -2.9977701], [11.8404131, -3.0066253], [11.8388843, -3.010627], [11.8367385, -3.0140984], [11.8361592, -3.0148591], [11.8355477, -3.0153841], [11.8350648, -3.0155126], [11.834456, -3.0155716], [11.8338632, -3.0154269], [11.8317174, -3.0144841], [11.8310094, -3.0139698], [11.8305587, -3.0134127], [11.830194, -3.0127484], [11.8300437, -3.012127], [11.8300438, -3.0112806], [11.8300974, -3.0109377], [11.8302154, -3.0106914], [11.8304407, -3.0105199], [11.8306982, -3.0101235], [11.8310844, -3.0089664], [11.8318033, -3.0059129], [11.8324041, -3.0025272], [11.8322324, -2.9995272], [11.8316316, -2.9969559], [11.8301296, -2.9941273], [11.8282413, -2.992413], [11.825838, -2.9912559], [11.8237352, -2.9907416], [11.8210744, -2.9906559], [11.8190574, -2.9911702], [11.8176841, -2.9920702], [11.8150234, -2.9946416], [11.813178, -2.9978987], [11.8123626, -3.0005558], [11.8123626, -3.0025701], [11.812706, -3.0045843], [11.8146371, -3.0074985], [11.8161821, -3.0099413], [11.8172764, -3.0136055], [11.8180918, -3.0164769], [11.8188643, -3.018384], [11.8206882, -3.0212553], [11.8221902, -3.0227553], [11.8227052, -3.0236552], [11.8228769, -3.0245552], [11.8227481, -3.0252837], [11.8222332, -3.0262266], [11.820817, -3.0274265], [11.8174696, -3.0294836], [11.8148517, -3.0312835], [11.8131351, -3.0323549], [11.8127489, -3.0329977], [11.8125343, -3.0336405], [11.8126201, -3.0348833], [11.8131351, -3.0393403], [11.812706, -3.0412687], [11.812529, -3.0416973], [11.8122661, -3.0421526], [11.8119013, -3.0425062], [11.8114614, -3.0427686], [11.8109196, -3.0430365], [11.8102598, -3.0431115], [11.8087577, -3.0428115], [11.8075132, -3.042533], [11.8067622, -3.0426401], [11.8054211, -3.0431544], [11.8028676, -3.0437329], [11.8016553, -3.0436151], [11.798501, -3.0434543], [11.7958402, -3.04384], [11.793952, -3.0446114], [11.7934155, -3.0451471], [11.7929005, -3.0462613], [11.7924714, -3.0470756], [11.7911625, -3.0489612]], [[11.7911625, -3.0489612], [11.7903042, -3.0507182], [11.7901754, -3.0516824], [11.7904329, -3.0527967], [11.7908621, -3.0536752], [11.7913127, -3.0539966], [11.7919993, -3.0539323], [11.7927933, -3.0540609], [11.7938232, -3.0546394], [11.7945528, -3.0555179], [11.7950034, -3.0564607], [11.7953038, -3.0598676], [11.7962694, -3.0614104], [11.7965913, -3.0624817], [11.7965483, -3.0643459], [11.7958617, -3.0664671], [11.7914414, -3.0712453], [11.7887163, -3.0739665], [11.7871713, -3.0757664], [11.7851972, -3.077052], [11.7835664, -3.0775234], [11.7796182, -3.0776519], [11.7773866, -3.0785518], [11.7744684, -3.0794089], [11.7718505, -3.0800946], [11.7703485, -3.0812945], [11.7694044, -3.08318], [11.7692756, -3.0847227], [11.7695331, -3.0868654], [11.7700481, -3.0886223], [11.771121, -3.0900793], [11.7723226, -3.0911078], [11.7743825, -3.0920506], [11.7755413, -3.0923506], [11.7770862, -3.092222], [11.7796182, -3.0923934], [11.781249, -3.0932505], [11.7825365, -3.0944503], [11.7836952, -3.095993], [11.7839527, -3.0971929], [11.7838668, -3.0988213], [11.7829227, -3.1014353], [11.7808628, -3.1054634], [11.7788887, -3.1076489], [11.7765283, -3.1086345], [11.7750692, -3.1087631], [11.7740821, -3.108506], [11.773653, -3.1079917], [11.7733097, -3.1072632], [11.7710781, -3.1003212], [11.7696189, -3.0972358], [11.7676448, -3.0951788], [11.7658424, -3.0943218], [11.763997, -3.0940218], [11.7615938, -3.0946218], [11.7602634, -3.0955217], [11.7589759, -3.0965073], [11.7582893, -3.0971072], [11.7565727, -3.0983928], [11.7538261, -3.0998498], [11.7515087, -3.101521], [11.7501783, -3.102678], [11.7487192, -3.1037494], [11.7463588, -3.1043921], [11.7429256, -3.1055063], [11.7377328, -3.107906], [11.7357587, -3.1088916], [11.7343854, -3.1101772], [11.7333126, -3.1115056], [11.7321538, -3.1130911], [11.7306518, -3.1151909], [11.7305231, -3.1164764], [11.7299223, -3.1211901], [11.7294931, -3.1231613], [11.7276907, -3.1258181], [11.7262315, -3.1265894], [11.7236995, -3.1272751], [11.7215967, -3.1272751], [11.7187213, -3.126418], [11.7170476, -3.1252182], [11.7160177, -3.1239755], [11.7150306, -3.1220043], [11.7147731, -3.1208045], [11.715331, -3.1187904], [11.715846, -3.116305], [11.7159748, -3.1121912], [11.7156314, -3.1070061], [11.7143011, -3.1035351], [11.7132711, -3.1027637], [11.7110824, -3.1023352], [11.7085504, -3.1030209], [11.7056751, -3.1047778], [11.7011261, -3.1084631], [11.6971349, -3.1118484], [11.6942167, -3.113991], [11.6910839, -3.115148], [11.6885519, -3.1160479], [11.6877794, -3.116905], [11.687479, -3.1178048], [11.6876077, -3.1190047], [11.6880798, -3.1198617], [11.6891956, -3.1203759], [11.690998, -3.1214472], [11.6922426, -3.1229899], [11.6933155, -3.1250896], [11.6939163, -3.1272322], [11.6939592, -3.1295033], [11.6934013, -3.130746], [11.6927146, -3.1315173], [11.6918993, -3.131903], [11.6903114, -3.1323315], [11.6883373, -3.1331885], [11.6862773, -3.1346883], [11.6846895, -3.1364024], [11.6832304, -3.1384164], [11.68087, -3.1406018], [11.678853, -3.1421872], [11.6752481, -3.1435585], [11.669712, -3.1448868], [11.6648197, -3.1461724], [11.6633176, -3.1469008], [11.6624164, -3.1477578], [11.6619014, -3.148872], [11.6618156, -3.1497718], [11.6621589, -3.1508859], [11.664648, -3.155171], [11.6659355, -3.1570992], [11.6673946, -3.1587275], [11.6699695, -3.1607415], [11.6718578, -3.1618984], [11.6727054, -3.1621127], [11.6735315, -3.1621984], [11.6754198, -3.1621127], [11.6771793, -3.1615985], [11.6800117, -3.1603987], [11.6817284, -3.1600559], [11.6833162, -3.1600559], [11.6848182, -3.1603558], [11.6857195, -3.1608272], [11.6862988, -3.1617377], [11.6864705, -3.1626912], [11.6864877, -3.1634861], [11.6861873, -3.1649001], [11.6852689, -3.1662049], [11.6843047, -3.1673762]], [[11.6843047, -3.1673762], [11.6837519, -3.1681032], [11.6826618, -3.1690972], [11.6816211, -3.16989], [11.678881, -3.1715311], [11.6748255, -3.1750233], [11.671006, -3.1771872], [11.668446, -3.1790597], [11.6668003, -3.1807866], [11.6656995, -3.1823377], [11.6646975, -3.1848787], [11.664176, -3.1871797], [11.6641974, -3.188508]], [[11.6641974, -3.188508], [11.6640323, -3.1899027], [11.6636073, -3.1919787], [11.6628306, -3.194584], [11.6622662, -3.1963064], [11.661365, -3.197849], [11.6599983, -3.1990401], [11.6584541, -3.2006058], [11.6578741, -3.2023463], [11.6584538, -3.2042404], [11.6582315, -3.2047388], [11.6555137, -3.2074524], [11.6547347, -3.2083967], [11.6545844, -3.209568], [11.654849, -3.210382], [11.6549693, -3.2117296], [11.6545086, -3.2132434], [11.6548934, -3.2143341], [11.6547332, -3.2155338], [11.6547909, -3.2163006], [11.6543982, -3.217152], [11.6526526, -3.2176075], [11.6521168, -3.2181375], [11.6515874, -3.2191658], [11.6509438, -3.2199512], [11.6501704, -3.2205605], [11.6499566, -3.2210228], [11.6504804, -3.2223602], [11.6507794, -3.2229897], [11.6508329, -3.2233203], [11.6506521, -3.223621], [11.6502029, -3.2239476], [11.6495624, -3.2242918], [11.6484798, -3.2246381], [11.6470215, -3.2244661], [11.6462259, -3.22472], [11.6455894, -3.2253381], [11.6453576, -3.2261929], [11.6455931, -3.2282262], [11.6450863, -3.2291257], [11.6439675, -3.2296853], [11.6422246, -3.2297559], [11.6410237, -3.2301758], [11.6402139, -3.2307826], [11.639627, -3.2310622], [11.6391256, -3.2314992], [11.6383172, -3.2319731], [11.6377146, -3.2327818], [11.6374402, -3.2333368], [11.6366002, -3.2343675], [11.6367476, -3.235348], [11.6366725, -3.2358715], [11.6359748, -3.2367914], [11.6349103, -3.2372321], [11.6342409, -3.2371672], [11.6329807, -3.2361569], [11.6317749, -3.2356621], [11.6311048, -3.235694], [11.6305598, -3.2360784], [11.6304323, -3.2368396], [11.6306522, -3.2377257], [11.6313895, -3.239789], [11.6324681, -3.2413521], [11.6350504, -3.2448631], [11.6399328, -3.2488842], [11.6432326, -3.2530278], [11.6461104, -3.2572517], [11.6486934, -3.2601771], [11.650243, -3.2609578], [11.6523299, -3.2623013], [11.6548212, -3.2637943], [11.6573031, -3.2647528], [11.6598444, -3.265426], [11.6613623, -3.2656374], [11.6625546, -3.2661838], [11.6640359, -3.267525], [11.6659202, -3.2698081], [11.6674218, -3.2716274], [11.668106, -3.2732739], [11.6685248, -3.2749203], [11.6696738, -3.2770014], [11.6712911, -3.2783725], [11.6733348, -3.2794267], [11.6752124, -3.2798522], [11.6764247, -3.2801806], [11.6772216, -3.2812879], [11.6770306, -3.2821455], [11.67638, -3.2823053], [11.6757285, -3.2825757], [11.6750765, -3.2832532], [11.6743946, -3.2839958], [11.6740532, -3.2849521], [11.6741241, -3.2858185], [11.6735359, -3.2872603], [11.6726813, -3.2884547], [11.6722856, -3.2905847], [11.6710579, -3.2925264], [11.6703788, -3.2949375], [11.6699557, -3.2975809], [11.6706669, -3.3006716], [11.671791, -3.3027198], [11.6737099, -3.3036974], [11.6755782, -3.3036636], [11.6793835, -3.3022532], [11.6816013, -3.3026668], [11.6827756, -3.3041728], [11.6828831, -3.3062387], [11.6818173, -3.3088517], [11.6817748, -3.3106958], [11.6835366, -3.3128529], [11.6870909, -3.3149475], [11.6899412, -3.3146429], [11.693046, -3.313723], [11.69479, -3.3142799], [11.6958012, -3.3166398], [11.6958093, -3.3184637], [11.6954091, -3.319253], [11.6942525, -3.3225397], [11.6933756, -3.3270162], [11.6919028, -3.3299259], [11.6887956, -3.3329911], [11.6850698, -3.3370491], [11.6835326, -3.337931], [11.6819865, -3.3389515], [11.679275, -3.3394165], [11.6778808, -3.3398916], [11.6747506, -3.3423937], [11.6730415, -3.3427057], [11.6715588, -3.3425987], [11.669551, -3.342862], [11.6672224, -3.3446362], [11.6655129, -3.3451535], [11.6640346, -3.3452576], [11.662361, -3.3440366], [11.6610115, -3.3428864], [11.6592008, -3.3430576], [11.6580713, -3.3446481], [11.6570966, -3.3453861], [11.6573977, -3.3461633], [11.6602414, -3.3487549], [11.6608863, -3.3504058], [11.6601944, -3.3518821], [11.6587909, -3.3531219], [11.6567355, -3.3545805], [11.6542798, -3.3556712], [11.6520828, -3.3553707], [11.6503721, -3.3542408], [11.6479729, -3.3506873], [11.6463798, -3.3475538], [11.6444725, -3.3446833], [11.639685, -3.3418897], [11.6363144, -3.3397244], [11.6335143, -3.3372395], [11.6303658, -3.3353258], [11.6276736, -3.3352152], [11.6238038, -3.3359421], [11.6200286, -3.3360198], [11.6151489, -3.3355032], [11.6114812, -3.333867], [11.6087466, -3.333848], [11.6068936, -3.335499], [11.6067582, -3.3363447], [11.6084194, -3.3375469], [11.6091675, -3.3397936], [11.6084519, -3.3420608], [11.607001, -3.3435362], [11.6050841, -3.344193], [11.6035159, -3.343805], [11.6023633, -3.3414652], [11.601889, -3.3361228], [11.6020818, -3.3337111], [11.6036174, -3.3287655], [11.6035631, -3.3267178], [11.6028564, -3.3247786], [11.6004293, -3.3230392], [11.596864, -3.3221552], [11.5935477, -3.3225026], [11.5906116, -3.3232402], [11.5889053, -3.3242627], [11.5853581, -3.3269995], [11.5829252, -3.3278776], [11.5809407, -3.3275995], [11.5792131, -3.3261426], [11.5777285, -3.3243998], [11.5774841, -3.3230854], [11.5780669, -3.3218039], [11.5788861, -3.3212419], [11.5809316, -3.3204343], [11.5823669, -3.3204529], [11.5834909, -3.3196927], [11.5842682, -3.3185772], [11.584572, -3.3172259], [11.5839001, -3.3164], [11.5827581, -3.3155262], [11.5806115, -3.3145669], [11.5784376, -3.3129767], [11.5768369, -3.3109111], [11.5760719, -3.3082418], [11.5753001, -3.3058515], [11.5748196, -3.3026216], [11.5742935, -3.3009597], [11.5729812, -3.299564], [11.5696736, -3.2973177], [11.5675535, -3.2954396], [11.5646564, -3.2936944], [11.5610047, -3.2924423], [11.5589264, -3.2906003], [11.5576406, -3.2888183], [11.5568168, -3.2856864], [11.5569241, -3.2838609], [11.5588525, -3.2818139], [11.5590828, -3.2801324], [11.5584773, -3.2789393], [11.555047, -3.2756806], [11.5535616, -3.274596], [11.552973, -3.2736096], [11.5528261, -3.2721348], [11.5520516, -3.2697483], [11.5504482, -3.2677146], [11.5485685, -3.2653299], [11.5468519, -3.2637179], [11.5454848, -3.2626688], [11.5438908, -3.2618433], [11.5421648, -3.2611618], [11.5401169, -3.2604482], [11.5381133, -3.2593958], [11.5359487, -3.2578292], [11.5344655, -3.2565894], [11.5339156, -3.2554433], [11.5331136, -3.2538633], [11.5325423, -3.2530586], [11.5309786, -3.2513327], [11.529203, -3.2490699], [11.5282581, -3.2478514], [11.527281, -3.2469595], [11.5262203, -3.2464295], [11.5251206, -3.2463853], [11.5241175, -3.2469195], [11.5235382, -3.2479345], [11.5224546, -3.2490966], [11.5211993, -3.2498785], [11.5200862, -3.2498143], [11.5190911, -3.249418], [11.5185949, -3.2484298], [11.5181684, -3.2463169], [11.5180936, -3.2448566], [11.517874, -3.2438837], [11.5172845, -3.2424948], [11.5164518, -3.2410575], [11.5153869, -3.2398672], [11.5140592, -3.2388965], [11.5117042, -3.2375013], [11.5087474, -3.2360723], [11.5069889, -3.2354339], [11.5047547, -3.2337093], [11.503427, -3.232997], [11.5004497, -3.2321936], [11.4982074, -3.2313367], [11.4970124, -3.2304423], [11.4962037, -3.2293979], [11.4957773, -3.2277375], [11.4954782, -3.2266101], [11.4947983, -3.2254505], [11.4938032, -3.2242026], [11.4910405, -3.221787], [11.4898308, -3.2207534], [11.4885889, -3.2202714], [11.4864773, -3.2187744], [11.4853796, -3.2181023], [11.4847237, -3.2180006], [11.4840131, -3.2177969], [11.483069, -3.217347], [11.4822788, -3.2171988], [11.4816764, -3.2169167], [11.480831, -3.2162936], [11.4796552, -3.215733], [11.4784073, -3.2154322], [11.476975, -3.2153706], [11.4756527, -3.2155661], [11.4749218, -3.2160629], [11.4741373, -3.2167739], [11.4729034, -3.2176523], [11.471514, -3.2182789], [11.4704854, -3.2184356], [11.4694353, -3.2183352], [11.467874, -3.2177279], [11.4667853, -3.2168623], [11.4658117, -3.2159277], [11.4644518, -3.2136487], [11.4632797, -3.2119214], [11.4616516, -3.2104325], [11.460061, -3.2092809]], [[11.460061, -3.2092809], [11.4583175, -3.2085794], [11.4561557, -3.2077867], [11.4540689, -3.2066352], [11.4525964, -3.2055077], [11.4514779, -3.2037483], [11.4504801, -3.2026503], [11.4493483, -3.2004543], [11.4479294, -3.1983373], [11.4468109, -3.1966702], [11.4460882, -3.1959357], [11.445164, -3.1949964], [11.442793, -3.1935744], [11.4399821, -3.1923506], [11.4376431, -3.1915632], [11.4347785, -3.1900742], [11.4325791, -3.1882853], [11.4297144, -3.1852001], [11.4278369, -3.1832344], [11.4261954, -3.1823614], [11.4224886, -3.1820722], [11.4210349, -3.1823936], [11.4201593, -3.1835911], [11.4201143, -3.1850383], [11.4210993, -3.1878246], [11.4210671, -3.1892922], [11.4203053, -3.1904706], [11.4178591, -3.1916757], [11.41537, -3.1921095], [11.41281, -3.193007], [11.4106943, -3.194374], [11.40904, -3.1961908], [11.4077096, -3.1971041], [11.4068227, -3.1973208], [11.4059769, -3.1973478], [11.4051455, -3.1977655], [11.4044639, -3.1985898], [11.4039707, -3.1990483], [11.4028174, -3.1995492], [11.400886, -3.1997365], [11.3999875, -3.2000418], [11.3990246, -3.2001329], [11.3975858, -3.199745], [11.3965967, -3.198675], [11.3963971, -3.1979418], [11.3964229, -3.1971443], [11.3967415, -3.1959702], [11.3972157, -3.1947371], [11.3972924, -3.193471], [11.3972404, -3.1921513], [11.3976245, -3.1908026], [11.3991614, -3.188304], [11.3996362, -3.1863303], [11.3996416, -3.184868], [11.3999017, -3.18219], [11.4003443, -3.1793512], [11.4000707, -3.1781728], [11.3988316, -3.1763384], [11.397689, -3.175361], [11.3967609, -3.174978], [11.3956183, -3.175002], [11.3937461, -3.1756983], [11.3912731, -3.1775301], [11.3894653, -3.1787352], [11.3870352, -3.1795012], [11.3829153, -3.1816651], [11.3809304, -3.1816865], [11.3793426, -3.1811991], [11.378066, -3.1803474], [11.3775295, -3.178762], [11.377465, -3.1772195], [11.3783899, -3.1757829], [11.3799155, -3.1739392], [11.3813596, -3.1729025], [11.3830054, -3.1721288], [11.3835698, -3.1706207], [11.3834196, -3.1688585], [11.3829046, -3.1673319], [11.3817888, -3.1658268], [11.3802546, -3.1650501], [11.3784092, -3.1647609], [11.3768685, -3.1654979], [11.3754073, -3.1667791], [11.3728624, -3.1701172], [11.3713496, -3.1719383], [11.370148, -3.1743378], [11.3691416, -3.1766452], [11.3677275, -3.1790383], [11.3663178, -3.1800583], [11.3646066, -3.1799886], [11.3626189, -3.179418], [11.3597652, -3.1785987], [11.3582135, -3.1778984], [11.3571125, -3.1770909], [11.3560825, -3.1753234], [11.3545643, -3.1724203], [11.3529925, -3.1703635], [11.3509744, -3.1692418], [11.348561, -3.1682708], [11.3464265, -3.1680497], [11.343916, -3.1686228], [11.3409871, -3.1696137], [11.3378703, -3.1707706], [11.3355261, -3.1710599], [11.3339617, -3.1705124], [11.3323223, -3.1693222], [11.3309663, -3.1675355], [11.3296037, -3.1653288], [11.329432, -3.1638946], [11.3290779, -3.1621284], [11.328284, -3.1596886], [11.3283913, -3.1579585], [11.329668, -3.1559927], [11.3306873, -3.1538449], [11.3309448, -3.1520666], [11.3303333, -3.1506739], [11.3294696, -3.1500365], [11.3283591, -3.1497526], [11.3274154, -3.150017], [11.3263532, -3.1506981], [11.3235743, -3.152654], [11.3225012, -3.1539841], [11.3219433, -3.1552776], [11.3216858, -3.1567212], [11.3210313, -3.1586656], [11.3199209, -3.161258], [11.3195185, -3.164386], [11.3201838, -3.1684567], [11.3210099, -3.1715955], [11.3211923, -3.1732452], [11.32101, -3.1752591], [11.3198673, -3.1771123], [11.3182097, -3.1784942], [11.3159673, -3.1785666], [11.3138645, -3.1778034], [11.3121586, -3.1765071], [11.3113808, -3.175069], [11.3110321, -3.1734916], [11.3111957, -3.1709769], [11.3110804, -3.1676158], [11.3110643, -3.1650073], [11.3116919, -3.1607116], [11.3116651, -3.1585477], [11.3110804, -3.1566891], [11.3100558, -3.1553232], [11.3087811, -3.1545936], [11.3074529, -3.1546461], [11.305879, -3.1554667], [11.3039081, -3.1569194], [11.3009899, -3.1605134], [11.3000029, -3.162822], [11.299732, -3.1651573], [11.298989, -3.1661964], [11.2969076, -3.167198], [11.2957971, -3.1679425], [11.2934851, -3.1702939], [11.2920098, -3.1710277], [11.2902611, -3.170792], [11.2882869, -3.1700101], [11.286109, -3.1686791], [11.2839096, -3.1678836], [11.2815922, -3.166957], [11.278631, -3.1651573], [11.2762063, -3.1641182], [11.2731378, -3.1627042], [11.2718933, -3.1617615], [11.2705683, -3.1599671], [11.2697797, -3.1580014], [11.2697904, -3.1565337], [11.2703269, -3.1552375], [11.2713997, -3.1536253], [11.2730091, -3.1523023], [11.2751441, -3.1509096], [11.2761419, -3.1492492], [11.2766247, -3.1477494], [11.2765711, -3.1457515], [11.2775367, -3.1432394], [11.278674, -3.1414182], [11.2803584, -3.1390614], [11.2810986, -3.1367582], [11.2814205, -3.1336515], [11.2810829, -3.1312096], [11.2807017, -3.1296985], [11.2794518, -3.1281344], [11.2778049, -3.1270952], [11.2759864, -3.1270095], [11.2743717, -3.1275237], [11.2729018, -3.1287878], [11.2717002, -3.1305019], [11.2713998, -3.1320981], [11.2719094, -3.1340425], [11.2715178, -3.135719], [11.2704074, -3.1376794], [11.2702089, -3.1403148], [11.2695115, -3.1421574], [11.2683823, -3.1441901], [11.2671887, -3.1454087], [11.2657671, -3.1466031], [11.2637823, -3.147353], [11.2617546, -3.147037], [11.2594907, -3.146046], [11.2569158, -3.1441178], [11.2553924, -3.1424145], [11.2540459, -3.1414263], [11.2522917, -3.1408451], [11.2499636, -3.1408183], [11.248483, -3.1405505], [11.2472277, -3.13934], [11.2456291, -3.1363618], [11.244819, -3.1339996], [11.2447815, -3.1318838], [11.2448137, -3.1304108], [11.2445455, -3.128745], [11.2430327, -3.1264953], [11.2424534, -3.1245536], [11.2423032, -3.1215406], [11.2423246, -3.1192855], [11.241713, -3.117009], [11.2406723, -3.1151717], [11.2394962, -3.1142651], [11.2375047, -3.1133692], [11.2351309, -3.1133344], [11.2330656, -3.1138004], [11.2308019, -3.1149467], [11.2285703, -3.117175], [11.2262153, -3.1184713], [11.2240963, -3.119082], [11.2226721, -3.1197998], [11.2207436, -3.1203675], [11.2194079, -3.1205068], [11.2178737, -3.1197676], [11.2156742, -3.1173679], [11.2141537, -3.1157329], [11.2125469, -3.114005], [11.210063, -3.11184], [11.2074237, -3.1094295], [11.2042587, -3.1072762], [11.201429, -3.1057978], [11.1979556, -3.1050265], [11.1947208, -3.1039338], [11.1917972, -3.1024018], [11.1887985, -3.100077], [11.1864033, -3.0988343], [11.1839544, -3.0979987], [11.1804299, -3.0967988], [11.1775761, -3.0952989], [11.1753982, -3.0935848], [11.1715895, -3.0900549], [11.17042, -3.0883997], [11.1689394, -3.0874114], [11.1670405, -3.0866481], [11.1652433, -3.086557], [11.1644252, -3.0869855], [11.1638217, -3.0878212], [11.1627488, -3.0885389], [11.1613434, -3.0885604], [11.1595194, -3.0875319], [11.158806, -3.0865516], [11.1584144, -3.0852607], [11.1585377, -3.0839483], [11.159282, -3.0821787], [11.1604919, -3.0803519], [11.1626708, -3.0776076], [11.1632687, -3.0759862], [11.1633516, -3.074919], [11.1632629, -3.0738576], [11.1628167, -3.0727608], [11.162188, -3.0722185], [11.1610497, -3.0717083], [11.1595085, -3.0715208], [11.1568749, -3.0715422], [11.1548846, -3.0723511], [11.151902, -3.0748152], [11.1481254, -3.0773435], [11.1461246, -3.0793737], [11.1446735, -3.0801263], [11.143024, -3.0802308], [11.1419939, -3.0795023], [11.1409371, -3.0781684], [11.1390703, -3.0769793], [11.1378795, -3.075083], [11.1375308, -3.0735671], [11.1373699, -3.0718422], [11.1372035, -3.0679372], [11.1377077, -3.0652829], [11.137697, -3.0621144], [11.1371821, -3.0602984], [11.1364659, -3.0593155], [11.1348915, -3.0585361], [11.1331373, -3.0584772], [11.1294251, -3.0587718], [11.1275905, -3.05867], [11.1254447, -3.0579227], [11.1244362, -3.0578933], [11.1231916, -3.0587986], [11.1214214, -3.059752], [11.1199516, -3.0597841], [11.1178058, -3.0591628], [11.1153381, -3.0588199], [11.1137449, -3.05747], [11.1121302, -3.055488], [11.1115401, -3.053656], [11.1114758, -3.0514169], [11.1116965, -3.0484503], [11.1111234, -3.0454838], [11.1108781, -3.0428854], [11.1113773, -3.040583], [11.1123404, -3.0389711], [11.1133464, -3.0369521], [11.1134316, -3.0354128], [11.1125083, -3.0345055], [11.1109018, -3.0338473], [11.1083619, -3.0335641], [11.1056638, -3.0338977], [11.1044975, -3.0344335], [11.1014867, -3.0368907], [11.098752, -3.0396962], [11.0971867, -3.0408733], [11.0959133, -3.041064], [11.0945648, -3.0401404], [11.0914943, -3.0365866], [11.0894752, -3.0340827], [11.0884707, -3.0320179], [11.0881207, -3.0291604], [11.0874912, -3.0258722], [11.0866766, -3.0239859], [11.0855631, -3.0226367], [11.0843773, -3.0219458], [11.0821937, -3.0212977], [11.0799616, -3.0210302], [11.075952, -3.0212022], [11.0732728, -3.0211814], [11.0716695, -3.020725], [11.0706857, -3.0196615], [11.0698932, -3.0177363], [11.0694862, -3.0152952], [11.0702058, -3.0121898], [11.0703776, -3.0093942], [11.0708176, -3.0065821], [11.0709732, -3.0040833], [11.0710323, -3.0014772], [11.071676, -2.9984344], [11.0715043, -2.9967951], [11.0705602, -2.994888], [11.0698363, -2.9930196], [11.0695195, -2.9913738], [11.0686183, -2.9897023], [11.0673845, -2.9882773], [11.0658824, -2.9873238], [11.0643696, -2.9870881], [11.0630608, -2.9873238], [11.0622775, -2.9880845], [11.0614729, -2.9893488], [11.0611617, -2.9904417], [11.0611295, -2.9917166], [11.0611296, -2.9929595], [11.0608399, -2.9939398], [11.0600889, -2.9953701], [11.0585975, -2.997213], [11.0575568, -2.998113], [11.0566664, -2.9985416], [11.0560012, -2.9985844], [11.0553789, -2.998413], [11.0547995, -2.9978344], [11.0542631, -2.9971059], [11.0535121, -2.9954987], [11.0531902, -2.9938702], [11.0526967, -2.9909559], [11.0526872, -2.9883096], [11.0528898, -2.984956], [11.0535979, -2.9831238], [11.054424, -2.9817095], [11.0551965, -2.9810024], [11.0561084, -2.9804238], [11.0578465, -2.9796845], [11.0592413, -2.9786988], [11.0596275, -2.9781631], [11.0597348, -2.9776059], [11.0594237, -2.9768773], [11.0582542, -2.9758809], [11.0569667, -2.9751844], [11.0550142, -2.9746809], [11.052761, -2.9747988], [11.0495638, -2.9750666], [11.047461, -2.9747773], [11.0457873, -2.9738774], [11.0427403, -2.9703202], [11.0407702, -2.9689052], [11.0371089, -2.9675394], [11.0344561, -2.9659808], [11.0325452, -2.964892], [11.0308602, -2.9645298], [11.0292181, -2.9638675], [11.0273855, -2.9626577], [11.0248124, -2.9609128], [11.0229992, -2.9594556], [11.0212355, -2.9588215], [11.0194417, -2.9589394], [11.017371, -2.9593251], [11.0151672, -2.9592306], [11.0137189, -2.9593914], [11.0129141, -2.9599699], [11.0121568, -2.9613265], [11.0110302, -2.9629144], [11.009378, -2.9643502]], [[11.009378, -2.9643502], [11.0072035, -2.9650748], [11.0045789, -2.9652223], [11.0030901, -2.9647501], [11.0020197, -2.9636136], [11.0016422, -2.9620375], [11.0017903, -2.9608686], [11.0028223, -2.9595969], [11.00541, -2.9574573], [11.0069533, -2.9568243], [11.0091205, -2.9559864], [11.0102202, -2.9549032], [11.0114808, -2.9528878], [11.0120494, -2.9515977], [11.0120066, -2.9499241], [11.0125001, -2.9484497], [11.0139163, -2.946864], [11.0162874, -2.945321], [11.018078, -2.9447403], [11.0200403, -2.9443847], [11.0227418, -2.9433839], [11.0250164, -2.9421152], [11.0263414, -2.9405273], [11.027087, -2.9384573], [11.026984, -2.9368179], [11.0262351, -2.9356907], [11.0253243, -2.9350628], [11.0243217, -2.9347917], [11.0230801, -2.9351705], [11.0215595, -2.9363422], [11.0197047, -2.9377245], [11.0178387, -2.9391151], [11.0147209, -2.9421324], [11.0122694, -2.9435382], [11.0084875, -2.9451261]], [[11.0084875, -2.9451261], [11.0028781, -2.9486215], [11.0003637, -2.9496703], [10.997944, -2.9495843], [10.9964133, -2.9489395], [10.9951718, -2.9477868], [10.9938766, -2.9467198], [10.9930442, -2.9459268], [10.9927021, -2.944892], [10.9926964, -2.9434256], [10.9933707, -2.9422218], [10.9947531, -2.9405252], [10.9950507, -2.9392562], [10.9947923, -2.937863], [10.9931655, -2.9351648], [10.9920027, -2.933716], [10.9908294, -2.9330589], [10.9895207, -2.9327461], [10.9874299, -2.9329395], [10.9851179, -2.9334197], [10.9836752, -2.9343533], [10.982447, -2.9355441], [10.9811061, -2.936346], [10.9798091, -2.9367578], [10.9780878, -2.9364187], [10.9766612, -2.9357168], [10.9755595, -2.9345099], [10.9744891, -2.9338908], [10.9729788, -2.9335718], [10.9708818, -2.9336209], [10.9683194, -2.9331675], [10.9655236, -2.9334858], [10.9630005, -2.9344833], [10.9606573, -2.9360412], [10.9597149, -2.9371877], [10.9592244, -2.9385178], [10.9578541, -2.9407694], [10.956792, -2.9422746], [10.9555779, -2.9431002], [10.9535284, -2.9433496], [10.9492025, -2.9432576], [10.9467545, -2.943989], [10.9453793, -2.9442703], [10.9436196, -2.9448847], [10.9426647, -2.9455026], [10.941742, -2.9457883], [10.9400961, -2.9456739], [10.9384142, -2.9444961], [10.9360628, -2.9416163], [10.9344267, -2.938166], [10.9280516, -2.9303056], [10.9259094, -2.9270838], [10.9235414, -2.9242889], [10.9216986, -2.9234289], [10.9198903, -2.9237444], [10.9181337, -2.924914], [10.9138372, -2.9265567], [10.9113138, -2.9267716], [10.9082396, -2.926333], [10.9069824, -2.9257654], [10.9063452, -2.9248796], [10.9059448, -2.9235996], [10.9053636, -2.9228732], [10.9045071, -2.9226132], [10.9032622, -2.9227836], [10.9011032, -2.9225236], [10.8987725, -2.9218886], [10.8965286, -2.9207345], [10.894255, -2.9201008], [10.8927218, -2.9199922], [10.8912464, -2.9200124], [10.8901925, -2.9205412], [10.889616, -2.9213791], [10.889304, -2.9226007], [10.8886066, -2.9232026], [10.8875474, -2.923366], [10.8861094, -2.9230478], [10.8848694, -2.9221879], [10.8841243, -2.9210811], [10.883068, -2.9203279], [10.8821984, -2.9203022], [10.8813908, -2.9208872], [10.8804488, -2.9214114], [10.8792164, -2.9217296], [10.8778874, -2.9225194], [10.8765963, -2.9239853], [10.8747687, -2.9266942], [10.8726531, -2.9292785], [10.8692651, -2.9319487], [10.8673265, -2.9331604], [10.8653236, -2.9343293], [10.8627933, -2.9355797], [10.8618858, -2.9363832], [10.8607852, -2.9376367], [10.8595679, -2.9384094], [10.8589456, -2.9392509], [10.858262, -2.9396219], [10.857319, -2.9396077], [10.8561735, -2.9394762], [10.8556568, -2.9396772], [10.8552793, -2.9404129], [10.853871, -2.9412866], [10.8513137, -2.9423171], [10.8498194, -2.9433366], [10.8475525, -2.9452776], [10.8456649, -2.9464573], [10.8442888, -2.9466337], [10.8424378, -2.9463235], [10.8407273, -2.9461579], [10.8396065, -2.9464573], [10.8384617, -2.9465911], [10.8376519, -2.9464452], [10.8366899, -2.9457215], [10.8361427, -2.9446696], [10.8356, -2.9420487], [10.8357035, -2.9404433], [10.8364626, -2.938566]], [[10.8364626, -2.938566], [10.8370309, -2.9359704], [10.8379629, -2.9349079], [10.8388735, -2.9337704], [10.8394501, -2.9317524], [10.8396271, -2.9302989], [10.8404337, -2.9291835], [10.8424073, -2.9273633], [10.8429797, -2.9264694], [10.8430832, -2.9258917], [10.8428031, -2.9251437], [10.840465, -2.9232708], [10.838687, -2.9226627], [10.8356974, -2.9226749], [10.8317579, -2.9227053], [10.8297668, -2.9229485], [10.8281837, -2.9233559], [10.8267102, -2.9230823], [10.8251575, -2.9223343], [10.8242684, -2.921483], [10.8235623, -2.9199264], [10.8228734, -2.9191181], [10.8192396, -2.9176733], [10.8144945, -2.9146093], [10.8122733, -2.9116362], [10.8112658, -2.9095206], [10.8102076, -2.9057731], [10.8093067, -2.9044996], [10.8072875, -2.9032524], [10.8051503, -2.9027616], [10.8037899, -2.9030552], [10.8023952, -2.9034388], [10.7996615, -2.9022601], [10.7967239, -2.9005951], [10.7937606, -2.898032], [10.7915891, -2.8954175], [10.7899862, -2.8938381], [10.7883254, -2.8926358], [10.7864199, -2.8919329], [10.7836648, -2.8914679], [10.7784763, -2.8903621], [10.7756074, -2.8894213], [10.7741868, -2.8882962], [10.7730231, -2.8866843], [10.772142, -2.8849252], [10.7715454, -2.8822893], [10.7718909, -2.8794776], [10.7724917, -2.8762994], [10.7730926, -2.8740599], [10.7736504, -2.8715632], [10.7748177, -2.8690687], [10.7751482, -2.8677057], [10.7750344, -2.8664155], [10.7743585, -2.865419], [10.7723523, -2.863876], [10.7691766, -2.8625001], [10.7661445, -2.8619965], [10.7628358, -2.8616171], [10.7615268, -2.8608757], [10.7606277, -2.8594698], [10.7600355, -2.8573031], [10.759939, -2.8550742], [10.7603574, -2.8535441], [10.7610226, -2.8503038], [10.7614947, -2.8479527], [10.7611584, -2.8465246], [10.7594763, -2.8438953], [10.7576198, -2.8412551], [10.7547179, -2.8384965], [10.7542192, -2.836756], [10.7535982, -2.8357498], [10.752579, -2.8354733], [10.7507658, -2.8353854], [10.7493067, -2.8353126], [10.747118, -2.8342752], [10.7444144, -2.8320914], [10.7416142, -2.8305398], [10.7393332, -2.8288574], [10.7371294, -2.8271665], [10.7345073, -2.8253159], [10.7315169, -2.8223531], [10.7299412, -2.8201818], [10.7289219, -2.818043], [10.72845, -2.8159942], [10.7283211, -2.8138144], [10.7285464, -2.8120099], [10.7291794, -2.8102482], [10.7302094, -2.8083473], [10.7319797, -2.8054433], [10.7332243, -2.8029593], [10.7334816, -2.8012147], [10.7329345, -2.7985507], [10.7319689, -2.7947851], [10.7311858, -2.7933255], [10.7297159, -2.7922131], [10.727892, -2.7915767], [10.7266688, -2.7915465], [10.7251454, -2.7917181]], [[10.7251454, -2.7917181], [10.7220447, -2.793167], [10.7200385, -2.7943693], [10.7184506, -2.79447], [10.7148242, -2.7941398], [10.711348, -2.7946113], [10.7089449, -2.7945408], [10.7071423, -2.7949114], [10.705812, -2.7958675], [10.7044172, -2.797719], [10.7034967, -2.8015298], [10.7026577, -2.8063132], [10.7023519, -2.8075188], [10.701204, -2.8091262], [10.7009196, -2.8103853], [10.7001922, -2.8111784], [10.6972075, -2.8128822], [10.6963169, -2.8136429], [10.6956326, -2.8148326], [10.6958139, -2.8166232], [10.695727, -2.8183173], [10.6946305, -2.8202483], [10.6918935, -2.8221751], [10.6893068, -2.8231159], [10.6859873, -2.8232531], [10.680728, -2.8231693], [10.677799, -2.8235337], [10.6770996, -2.8238917], [10.6762326, -2.8247553], [10.6754708, -2.8262877], [10.6749987, -2.826577], [10.6746326, -2.8263578]], [[10.6746326, -2.8263578], [10.6741726, -2.8260627], [10.6736576, -2.8253125], [10.6731105, -2.8248839], [10.6719209, -2.8239852], [10.6710505, -2.8223871], [10.6702996, -2.8216584], [10.6699133, -2.8203404], [10.6700742, -2.819183], [10.6697996, -2.8183366], [10.6686838, -2.8168171], [10.6669564, -2.8148625], [10.6656368, -2.8123828], [10.665007, -2.809691], [10.6645274, -2.8068277], [10.6632828, -2.8033228], [10.6603431, -2.798662], [10.6569767, -2.7932098], [10.6556547, -2.7907643], [10.6535518, -2.7883575], [10.6521463, -2.7874316], [10.6495553, -2.7871261], [10.6483161, -2.7862206], [10.647136, -2.7841675], [10.6429389, -2.7797107], [10.640673, -2.7778364], [10.6372526, -2.7762183], [10.6357635, -2.7757682], [10.634454, -2.7761749], [10.6332733, -2.7773102], [10.6317273, -2.7791309], [10.6302231, -2.7796003], [10.6286996, -2.7791555], [10.6273477, -2.7796753], [10.6258007, -2.7813363], [10.6205436, -2.784146], [10.619181, -2.7845125], [10.6176879, -2.7856591], [10.616413, -2.7863494], [10.6154591, -2.7869816], [10.6140976, -2.7881603], [10.6125119, -2.7899489], [10.6112588, -2.7905372], [10.6094818, -2.7904868], [10.6086919, -2.7909187], [10.6077129, -2.7914181], [10.6066561, -2.7913881], [10.6048859, -2.7917995], [10.6015985, -2.7941484], [10.6000214, -2.7955823], [10.5992489, -2.7976634], [10.5979829, -2.7990094], [10.5966418, -2.800231], [10.5956225, -2.8019091]], [[10.5956225, -2.8019091], [10.5947643, -2.8038037], [10.594524, -2.805289], [10.5952984, -2.8072814], [10.5978646, -2.8099597], [10.5989992, -2.8113747], [10.5996952, -2.8136195], [10.5994399, -2.81677], [10.5996159, -2.8180494], [10.6000129, -2.8196011], [10.6005686, -2.8215107], [10.6007337, -2.8246374], [10.6000988, -2.8271798]], [[10.6000988, -2.8271798], [10.5990922, -2.82767], [10.5977104, -2.8280816], [10.5955625, -2.8279401], [10.5936507, -2.8283238], [10.5906744, -2.829869], [10.5876018, -2.8307584], [10.5845612, -2.8305719], [10.5823468, -2.8296568], [10.5791195, -2.8274257], [10.5765682, -2.8268086], [10.5740684, -2.8264935], [10.5691846, -2.8262642], [10.5656054, -2.8255398], [10.5632065, -2.8255762], [10.5615135, -2.8259824], [10.5591124, -2.8275029], [10.5565825, -2.8287717], [10.5558357, -2.8296611], [10.5544883, -2.8324407], [10.5538338, -2.8337845], [10.5531579, -2.8354969], [10.5524004, -2.8364956], [10.5511043, -2.8371171], [10.5491452, -2.8373571], [10.5465704, -2.8389216], [10.5448216, -2.8392152], [10.5436692, -2.839841], [10.54215, -2.8409147], [10.5406845, -2.8415169], [10.5386632, -2.8416562], [10.5374079, -2.8422842], [10.5369347, -2.8426378], [10.5364359, -2.8431704], [10.5359381, -2.8435657], [10.5352171, -2.8440758], [10.5340884, -2.8444358], [10.5333889, -2.8448816], [10.5325478, -2.8462103], [10.5310736, -2.8474576], [10.5284271, -2.8478266]], [[10.5284271, -2.8478266], [10.5267999, -2.8482598], [10.5260996, -2.8490071], [10.5261743, -2.8500898], [10.5266997, -2.8510867], [10.5271067, -2.852609], [10.5268419, -2.8536546], [10.5256212, -2.8547327], [10.5253231, -2.8556822], [10.5257182, -2.8569109], [10.5253302, -2.8576896], [10.5227139, -2.8601763], [10.5208916, -2.8618702], [10.5199112, -2.8640102], [10.5192421, -2.8650252], [10.5169968, -2.8665873], [10.5152351, -2.8688999], [10.5134572, -2.8700306], [10.5123589, -2.8706125], [10.5115857, -2.8720047], [10.5103166, -2.8728669], [10.5100667, -2.8737078], [10.5103993, -2.8749875], [10.511281, -2.8761776], [10.5114331, -2.8771535], [10.5106254, -2.8781585], [10.5089353, -2.8795017], [10.5085408, -2.8806369], [10.5083725, -2.8820768], [10.5087062, -2.8832688], [10.5092455, -2.8840344], [10.5096775, -2.8846715], [10.5097261, -2.885742], [10.5099056, -2.8865026], [10.5107933, -2.8884742], [10.5110665, -2.8893312], [10.5107253, -2.8901927], [10.5078456, -2.8918433], [10.5067361, -2.8926902], [10.5042034, -2.8957713], [10.5033253, -2.8966717], [10.5024254, -2.8975294], [10.5015801, -2.8982839], [10.4999743, -2.8996712], [10.4985332, -2.9018622], [10.4965986, -2.9054891], [10.4932884, -2.9117815], [10.4915341, -2.9159068], [10.4904205, -2.9201561], [10.4909411, -2.9236147], [10.4921054, -2.9266875], [10.4938079, -2.9290544], [10.4966039, -2.9312687], [10.498488, -2.9332258], [10.4991275, -2.9354544], [10.4987222, -2.9375131], [10.4974278, -2.9396234], [10.4965962, -2.9412649], [10.4962581, -2.9431421], [10.4966994, -2.9463466], [10.4966471, -2.949219], [10.4958048, -2.9521988], [10.4943259, -2.9544632], [10.4923213, -2.9564919], [10.4902128, -2.9574126], [10.4877996, -2.9571541], [10.4852577, -2.9565634], [10.4824269, -2.9550392], [10.4800698, -2.9546693], [10.4783913, -2.9554371], [10.4772707, -2.9568798], [10.4775951, -2.95856], [10.478864, -2.959719], [10.4812783, -2.9603348], [10.4847446, -2.9602903], [10.4868269, -2.9604601], [10.4883996, -2.961814], [10.4891248, -2.9632751], [10.4890351, -2.9648637], [10.4883427, -2.9665881], [10.4863253, -2.969152], [10.4838573, -2.9716195], [10.4808777, -2.9759022], [10.4781771, -2.9789635], [10.4731806, -2.9818844], [10.4687897, -2.9833698], [10.4665124, -2.9847373], [10.4652284, -2.9865613], [10.4640517, -2.9890496], [10.4632431, -2.9926119], [10.4629564, -2.9975383], [10.4624063, -3.002004], [10.4616845, -3.0054518], [10.4607439, -3.0069629], [10.4593614, -3.0082374], [10.4578471, -3.0088271], [10.4557442, -3.0091057]], [[10.4557442, -3.0091057], [10.4534291, -3.0088333], [10.4511952, -3.0077986], [10.4498415, -3.0067904], [10.4480839, -3.0044772], [10.4467078, -3.002591], [10.4444575, -3.0002773], [10.4425478, -2.9985844], [10.4411615, -2.9979592], [10.4399729, -2.9977487], [10.4385566, -2.9979416], [10.4374098, -2.998447], [10.4366684, -2.9990558], [10.4361941, -2.9997712], [10.4359388, -3.0008558], [10.4359783, -3.0016259], [10.4367896, -3.0035335], [10.4369902, -3.0046058], [10.4369259, -3.0056879], [10.4362843, -3.0073063], [10.4355955, -3.00827], [10.4346728, -3.0094271], [10.4324412, -3.0110556], [10.429425, -3.0123203], [10.4266691, -3.012427], [10.4247118, -3.0118932], [10.4221415, -3.0106485], [10.4205297, -3.00914], [10.4186439, -3.0061486], [10.4183006, -3.0040486], [10.4184012, -3.0018851], [10.4190087, -3.0002773], [10.4201454, -2.9990232], [10.4218197, -2.9983487], [10.4241172, -2.9975899], [10.4250491, -2.9971273], [10.4255533, -2.9962809], [10.4261488, -2.9950059], [10.4261348, -2.994107], [10.4259932, -2.9930988], [10.425564, -2.9920916], [10.4249011, -2.9909266], [10.4233432, -2.9898416], [10.4219733, -2.9895088], [10.4205215, -2.9894988], [10.4191058, -2.9898869], [10.416509, -2.9914809], [10.4137248, -2.9922139], [10.4104561, -2.9913161], [10.405405, -2.9891375], [10.4027682, -2.9887008], [10.399906, -2.9888212], [10.3969093, -2.9898599], [10.3947387, -2.9916379], [10.3922678, -2.9948605], [10.3899685, -2.9969474], [10.3864005, -2.9985951], [10.3827469, -2.9988161], [10.378797, -2.9979844], [10.3764325, -2.9960606], [10.3753781, -2.9935051], [10.3755683, -2.9907354], [10.3761146, -2.9885567], [10.3773905, -2.9860566], [10.379114, -2.983883], [10.380891, -2.9822345], [10.3840435, -2.9807654], [10.3936647, -2.9795692], [10.3961676, -2.9781851], [10.3975725, -2.9760416], [10.3978792, -2.973461], [10.3967785, -2.9730094], [10.3942551, -2.9737663], [10.391331, -2.9743287], [10.3883211, -2.9753839], [10.3850264, -2.9758229], [10.3821469, -2.97493], [10.3803515, -2.9730117], [10.3799021, -2.9703309], [10.3806102, -2.9672773], [10.3805029, -2.9656701], [10.3800148, -2.9638575], [10.3782976, -2.961354], [10.375765, -2.9590433], [10.3734186, -2.9570101], [10.370729, -2.9533912], [10.3680352, -2.9520267], [10.366002, -2.9518828], [10.3641191, -2.952446], [10.3628782, -2.9537463], [10.3624807, -2.9557812], [10.3630527, -2.957244], [10.3645903, -2.9583319], [10.3673829, -2.9587708]], [[10.3673829, -2.9587708], [10.369328, -2.9594775], [10.3703937, -2.9611899], [10.3701946, -2.9620086], [10.3701551, -2.962171], [10.3698679, -2.9633518], [10.3687994, -2.9644768], [10.3680793, -2.964483], [10.3680337, -2.9644834], [10.3670229, -2.964492], [10.366429, -2.9642117], [10.3653751, -2.9637143], [10.3617662, -2.9623219], [10.3590485, -2.9609271], [10.3580985, -2.9592252], [10.3579829, -2.9590181], [10.35775, -2.9569921], [10.3581079, -2.9550296], [10.3596437, -2.9525069], [10.3619421, -2.9499393], [10.3632147, -2.9489117], [10.3633941, -2.9487669], [10.3642726, -2.9480575], [10.3676645, -2.9465345], [10.3683764, -2.9460433], [10.3697476, -2.9450972], [10.3698206, -2.9448849], [10.3701236, -2.9440041], [10.3706632, -2.9424356], [10.370373, -2.9403696], [10.3693183, -2.9385075], [10.3683682, -2.9377785], [10.3646231, -2.9374404], [10.3630832, -2.9373014], [10.3630691, -2.9372988], [10.3616402, -2.9370352], [10.3603332, -2.9374565], [10.3596996, -2.9376607], [10.3591943, -2.9378236], [10.3584984, -2.9385036], [10.3576148, -2.9393669], [10.3556251, -2.9422061], [10.3553711, -2.9423538], [10.3539084, -2.9432045], [10.3537928, -2.9432717], [10.3534429, -2.9432915], [10.3512374, -2.943416], [10.3490575, -2.9426409], [10.3473474, -2.9409595], [10.34716, -2.9407753], [10.3458848, -2.9382561], [10.3454741, -2.9375027], [10.3450799, -2.9367797], [10.3434842, -2.9357974], [10.3411442, -2.9354306], [10.3375168, -2.935996], [10.3328369, -2.9373839], [10.3304475, -2.9391772], [10.32914, -2.9401585], [10.3265315, -2.9433446], [10.3257158, -2.9455584], [10.325291, -2.9467113], [10.3252112, -2.9471287], [10.3242979, -2.9519066], [10.3235109, -2.9542598], [10.3226386, -2.9559909], [10.3212512, -2.9577006], [10.3208839, -2.9578583], [10.3172826, -2.9594042], [10.314344, -2.960947], [10.3130576, -2.9619859], [10.3110912, -2.963574], [10.3100223, -2.9647148], [10.3092282, -2.9655623], [10.3083736, -2.9672475], [10.3072889, -2.9693864], [10.3072446, -2.9694738], [10.3069283, -2.9708507], [10.3068712, -2.9717435], [10.3068529, -2.9720304], [10.3072406, -2.9735563], [10.3072775, -2.9737015], [10.3084677, -2.9754847], [10.3089885, -2.9758002], [10.3108526, -2.9769297], [10.3133471, -2.9778468], [10.3145711, -2.9787498], [10.3148681, -2.980071], [10.3146609, -2.9812615], [10.3146586, -2.981265], [10.3142675, -2.981864], [10.3136899, -2.9824834], [10.3121717, -2.9829648], [10.309486, -2.9834824], [10.3047885, -2.9842169], [10.3008778, -2.9853225], [10.300063, -2.9855529], [10.2964211, -2.9852923], [10.2953822, -2.9849048], [10.2924208, -2.9838003], [10.2881949, -2.983063], [10.2840763, -2.9837401], [10.2813751, -2.9838084], [10.2776268, -2.9825023], [10.2774386, -2.9824367], [10.277322, -2.9823213], [10.2730627, -2.9781081], [10.2695024, -2.9759559], [10.2675932, -2.974327], [10.2662688, -2.9731971], [10.2630448, -2.9712953], [10.2577972, -2.9663451]], [[10.2577972, -2.9663451], [10.2554113, -2.9663291], [10.2511099, -2.9627809], [10.246499, -2.9599201]], [[12.5081921, -2.3930842], [12.5083852, -2.3933897], [12.5078808, -2.3942365], [12.5077307, -2.3954586], [12.5074611, -2.396883], [12.5076958, -2.3975784], [12.5083154, -2.3978973], [12.5090182, -2.3978062], [12.5096619, -2.3974926], [12.5100159, -2.3976186], [12.5103592, -2.3982135], [12.51015, -2.3987602], [12.5094687, -2.3989103], [12.5085139, -2.3986744], [12.5078916, -2.3988673], [12.5075265, -2.3994073], [12.507569, -2.4002046], [12.5081692, -2.4008343], [12.5082966, -2.4013864], [12.508015, -2.4018259], [12.5074303, -2.4019117], [12.5068402, -2.4016652], [12.5059283, -2.400411], [12.5052953, -2.400076], [12.5047803, -2.400277], [12.5044154, -2.400829], [12.5042867, -2.401633], [12.5046676, -2.4024476], [12.5052416, -2.4027692], [12.5067276, -2.4028496], [12.5073445, -2.4033588], [12.5085997, -2.4039698], [12.5097089, -2.4041986], [12.5099813, -2.4045989], [12.5098181, -2.4052923], [12.5092126, -2.4056715], [12.5084522, -2.4058082], [12.5077038, -2.405374], [12.5071299, -2.4054705], [12.5067812, -2.40576], [12.5068295, -2.4063067], [12.5072694, -2.4067998], [12.5086587, -2.4073036], [12.5090825, -2.4076359], [12.5092005, -2.4084559], [12.5094794, -2.4089114], [12.5099515, -2.4090722], [12.5104752, -2.4089583], [12.5108702, -2.4091231], [12.5110807, -2.4096457], [12.5108581, -2.4104121], [12.5109708, -2.4111518], [12.511357, -2.4120629], [12.5111961, -2.4129312], [12.5103807, -2.4141746], [12.5103002, -2.4148191], [12.5106275, -2.4152706], [12.5114536, -2.4152197], [12.5118505, -2.4154314], [12.5117969, -2.4159433], [12.5116038, -2.4167044], [12.5117754, -2.4173368], [12.5119927, -2.4177495], [12.5125748, -2.4178728], [12.5132453, -2.4175833], [12.5138394, -2.4175659], [12.5143155, -2.4178058], [12.5144309, -2.4183498], [12.5141465, -2.4189876], [12.5131273, -2.4199899], [12.5128269, -2.4206598], [12.5130388, -2.4215656], [12.5135511, -2.4222034], [12.5142753, -2.4226643], [12.5146039, -2.4233945], [12.5144925, -2.4239104], [12.5132399, -2.4242347], [12.5126659, -2.4247546], [12.5123977, -2.4254941], [12.5125962, -2.4261641], [12.513138, -2.4265554], [12.5138998, -2.4264161], [12.5144094, -2.4259873], [12.5149404, -2.4258371], [12.5153884, -2.4259122], [12.5156324, -2.4262874], [12.5155627, -2.4268448], [12.5151443, -2.427638], [12.5147111, -2.4285786], [12.5146642, -2.429069], [12.5145059, -2.4297711], [12.5138675, -2.4299748], [12.5132024, -2.4296747], [12.5128376, -2.4297497], [12.5128054, -2.4301463], [12.5134599, -2.4310896], [12.5141143, -2.4314541], [12.5153482, -2.4314648], [12.5162145, -2.4314407], [12.5167912, -2.4318346], [12.5169146, -2.4325795], [12.5164774, -2.4334934], [12.515772, -2.4336247], [12.5150692, -2.4333513], [12.5143665, -2.433421], [12.5141251, -2.4341445], [12.5142592, -2.4347502], [12.5147474, -2.4352808], [12.5153616, -2.4353076], [12.5158149, -2.4355809], [12.5159919, -2.4362563], [12.5157559, -2.4368351], [12.5152302, -2.4371995], [12.5144792, -2.4370066], [12.5141144, -2.4365564], [12.5133365, -2.435656], [12.5127089, -2.4355274], [12.5121295, -2.4360204], [12.5118076, -2.436953], [12.5117539, -2.4379284], [12.5122046, -2.4391504], [12.5124299, -2.4405439], [12.5127196, -2.4408976], [12.5132346, -2.441187], [12.5133633, -2.4418301], [12.5132024, -2.4421196], [12.5124728, -2.4426663], [12.5121295, -2.4434863], [12.5122905, -2.4441563], [12.5130897, -2.4448262], [12.5133097, -2.4453353], [12.5131863, -2.4457373], [12.5127089, -2.4460428], [12.5119257, -2.445957], [12.5106811, -2.4452603], [12.5102037, -2.4451263], [12.5097477, -2.445271], [12.5092005, -2.4469325], [12.5092287, -2.4477619], [12.5097075, -2.4484412], [12.5104075, -2.448878], [12.5106919, -2.4492585], [12.5106757, -2.4497408], [12.510327, -2.4500624], [12.5096243, -2.450057], [12.5087821, -2.4496444], [12.5080097, -2.4486207], [12.5070763, -2.4480365], [12.5057673, -2.4476399], [12.5049412, -2.4480579], [12.5042492, -2.4491084], [12.5032675, -2.4496766], [12.5018781, -2.4500249], [12.5010144, -2.4498374], [12.5002741, -2.4491621], [12.4998772, -2.4475327], [12.4995393, -2.4469753], [12.4990618, -2.4468252], [12.4984449, -2.4470932], [12.4981177, -2.4478757], [12.4981445, -2.4484652], [12.4985441, -2.4491888], [12.4985683, -2.4499123], [12.498402, -2.4503196], [12.4978467, -2.4505555], [12.4971413, -2.4504375], [12.4968195, -2.4500677], [12.4967658, -2.4494836], [12.496959, -2.448476], [12.4965513, -2.4476828], [12.4960658, -2.4474041], [12.4955803, -2.4473398], [12.4950922, -2.4475649], [12.4948615, -2.448267], [12.495422, -2.4495935], [12.4954247, -2.4502232], [12.4949097, -2.4507109], [12.4939871, -2.4507163], [12.4936196, -2.4502929], [12.4932307, -2.4495908], [12.4925816, -2.4491406], [12.4915516, -2.4487654], [12.4911653, -2.4473719], [12.4906021, -2.4468011], [12.4898779, -2.4464983], [12.4890518, -2.4466002], [12.4883436, -2.4465251], [12.4876986, -2.446101], [12.4869891, -2.4458699], [12.4863213, -2.4461151], [12.4860584, -2.4466269], [12.4861335, -2.4471147], [12.4865466, -2.4478972], [12.486509, -2.4481544], [12.4852269, -2.4489235], [12.4847924, -2.4494782], [12.4847388, -2.4503518], [12.4849426, -2.4511772], [12.484889, -2.4513487], [12.4843955, -2.4515416], [12.4828612, -2.4519758], [12.482314, -2.4524528], [12.4820405, -2.4532246], [12.4817025, -2.4537069], [12.4812734, -2.4538891], [12.4808174, -2.4537712], [12.4801576, -2.452785], [12.4797338, -2.4524474], [12.4793207, -2.4525599], [12.4789237, -2.4532138], [12.4788647, -2.4540928], [12.4793207, -2.4551647], [12.4793315, -2.4555506], [12.479133, -2.4565823], [12.4793851, -2.4577212], [12.4792456, -2.458241], [12.4787199, -2.4586912], [12.4778669, -2.4587448], [12.4772822, -2.4582517], [12.4769121, -2.457212], [12.4764668, -2.4568797], [12.4758338, -2.4569869], [12.4751472, -2.4575657], [12.474718, -2.4584661], [12.4747341, -2.4592915], [12.4750506, -2.4597095], [12.4756085, -2.4598221], [12.4761342, -2.4596345], [12.4765205, -2.4595595], [12.4769068, -2.459731], [12.4768745, -2.460149], [12.4766063, -2.4604384], [12.4758338, -2.4603634], [12.4753189, -2.4606528], [12.4747181, -2.4614674], [12.4740958, -2.4615103], [12.4733447, -2.46091], [12.4727761, -2.459672], [12.472186, -2.4595058], [12.4717676, -2.4598917], [12.4715128, -2.4615933], [12.471655, -2.4624482], [12.472111, -2.4630002], [12.4726045, -2.4640829], [12.4723899, -2.464801], [12.4715032, -2.4654051]], [[12.5027999, -2.213835], [12.5035219, -2.2143184], [12.5038451, -2.2150011], [12.503596, -2.216074], [12.5028483, -2.2165367], [12.5020371, -2.2164467], [12.5012965, -2.2159903], [12.5007096, -2.215975], [12.5000314, -2.2169739], [12.5002256, -2.2176739], [12.5009131, -2.2178535], [12.5015083, -2.218218], [12.5021784, -2.2188316], [12.5024386, -2.2197155], [12.5020968, -2.2204927], [12.502216, -2.2210209], [12.502629, -2.2210312], [12.5030063, -2.2206783], [12.503704, -2.2203504], [12.5042522, -2.220457], [12.504464, -2.2207876], [12.5042867, -2.221085], [12.5034533, -2.2213257], [12.5032429, -2.2216659], [12.5037067, -2.2225161], [12.5045443, -2.2233039], [12.5049291, -2.2242847], [12.5060651, -2.2244534], [12.5064907, -2.2246347], [12.5063799, -2.2249154], [12.5058885, -2.2251091], [12.5037232, -2.2253968], [12.5032914, -2.2257729], [12.5028402, -2.2261659], [12.502663, -2.2265865], [12.5018378, -2.2270818], [12.5003121, -2.2276489], [12.5000684, -2.2281476], [12.5000989, -2.2286837], [12.5007579, -2.2297558], [12.5019216, -2.2300137], [12.5026864, -2.230421], [12.5033295, -2.2314758], [12.5034243, -2.2327921], [12.5028041, -2.2338779], [12.502294, -2.2339589], [12.5016717, -2.2335666], [12.5013187, -2.2324753], [12.5018002, -2.2317078], [12.501534, -2.2314383], [12.501201, -2.2311735], [12.5000312, -2.2312926], [12.4982938, -2.2313769], [12.4978827, -2.2322381], [12.4971227, -2.2329747], [12.495509, -2.2330044], [12.4943689, -2.2334201], [12.4929492, -2.2333613], [12.4918037, -2.2336511], [12.4915685, -2.2341975], [12.4910861, -2.2345689], [12.4908903, -2.2350523], [12.4913242, -2.2369406], [12.491896, -2.2377346], [12.4927418, -2.238584], [12.4925736, -2.2401667], [12.4919022, -2.2410512], [12.4918464, -2.2416142], [12.4922268, -2.2418908], [12.4921995, -2.2421301], [12.4918481, -2.2428302], [12.4920925, -2.2431843], [12.492008, -2.2435723], [12.4916245, -2.2441097], [12.4915609, -2.2446878], [12.4912454, -2.2447452], [12.4906501, -2.2445274], [12.4904515, -2.2436462], [12.4896277, -2.2433522], [12.4870887, -2.2435231], [12.4867344, -2.2437915], [12.4868202, -2.2445848], [12.4870201, -2.2454651], [12.487519, -2.2460715], [12.4878151, -2.2465313], [12.4876751, -2.2471157], [12.4869015, -2.2477541], [12.4869254, -2.2482431], [12.4874425, -2.2482083], [12.488316, -2.2485245], [12.4883129, -2.2489131], [12.4876494, -2.2495135], [12.4867136, -2.2507011], [12.4865862, -2.2511251], [12.4867828, -2.251325], [12.4876508, -2.2511388], [12.4882889, -2.251024], [12.4892372, -2.2512618], [12.4903129, -2.2520516], [12.4916227, -2.2552295], [12.492247, -2.2561161], [12.4926443, -2.2569453], [12.492892, -2.2584967], [12.4931572, -2.2594906], [12.4928989, -2.2603351], [12.4931259, -2.2609049], [12.494239, -2.2614015], [12.4951541, -2.2612604], [12.4958325, -2.2614678], [12.4957701, -2.2619776], [12.4952218, -2.2623255], [12.4948093, -2.2628165], [12.4947906, -2.2640886], [12.4946349, -2.264626], [12.4939871, -2.2648694], [12.4921542, -2.2650617], [12.4911021, -2.2655139], [12.4900561, -2.266703], [12.488898, -2.2671822], [12.4878862, -2.2678254], [12.4858843, -2.2681962], [12.4850177, -2.2692281], [12.4847284, -2.2700996], [12.4851174, -2.2702905], [12.4857335, -2.269901], [12.4862872, -2.2699723], [12.486839, -2.2704226], [12.4874405, -2.2702503], [12.4874723, -2.2705284], [12.4872424, -2.2710326], [12.4872244, -2.2715866], [12.4874901, -2.2725079], [12.4887016, -2.2738857], [12.4890892, -2.2748962], [12.4890282, -2.2752717], [12.4884635, -2.2756534], [12.4879529, -2.2764239], [12.4880529, -2.2772941], [12.4878792, -2.2776897], [12.4872369, -2.2779317], [12.4856034, -2.2778348], [12.4837303, -2.2781295], [12.4820129, -2.2785583], [12.4809434, -2.278514], [12.480261, -2.2788253], [12.4800499, -2.2791476], [12.480088, -2.2795695], [12.4804881, -2.279741], [12.4813257, -2.2804569], [12.4814281, -2.2811977], [12.4809698, -2.2822697], [12.4803539, -2.2825822], [12.4787175, -2.2827814], [12.4773443, -2.2832974], [12.4753825, -2.2847222], [12.474473, -2.2849761], [12.4735884, -2.2845202], [12.4727937, -2.2835131], [12.4723781, -2.283244], [12.4717879, -2.2836598], [12.4716794, -2.2840928], [12.4721889, -2.2849186], [12.4727439, -2.2858371], [12.4725958, -2.2862985], [12.4720738, -2.2864112], [12.4714536, -2.2858896], [12.4711567, -2.2853273], [12.4707975, -2.2850514], [12.4698819, -2.2854228], [12.4698013, -2.2858939], [12.4701136, -2.2863628], [12.4702119, -2.2868233], [12.4699462, -2.2873765], [12.4685631, -2.2888594], [12.4683897, -2.2892969], [12.468154, -2.2914651], [12.4678322, -2.2917174], [12.4670446, -2.2918418], [12.465836, -2.2916363], [12.4654374, -2.2916674], [12.4653132, -2.2920783], [12.4645913, -2.2923772], [12.4634713, -2.292427], [12.4624374, -2.2929624], [12.4613789, -2.2928993], [12.4610183, -2.2934339], [12.4612516, -2.2948449], [12.4616843, -2.2957454], [12.4628221, -2.29687], [12.4633493, -2.2970904], [12.463839, -2.2967755], [12.4646939, -2.2967931], [12.4654567, -2.2970276], [12.4662395, -2.2981136], [12.4673838, -2.2988634], [12.4680357, -2.3017528], [12.4679849, -2.3039895], [12.4675727, -2.3042339], [12.4666984, -2.3041748], [12.4650757, -2.3048727], [12.4637147, -2.3049854], [12.4631365, -2.3051561], [12.4630069, -2.3059369], [12.4632461, -2.3063778], [12.4637495, -2.3063632], [12.4640834, -2.3065082], [12.4645268, -2.3072963], [12.4652641, -2.3079012], [12.466432, -2.3093184], [12.4665905, -2.3119434], [12.4675056, -2.3142797], [12.4680371, -2.3160057], [12.468465, -2.3160463], [12.4691173, -2.3150907], [12.4695246, -2.3149975], [12.4701397, -2.3155831], [12.4699743, -2.3160818], [12.4700173, -2.3166061], [12.4706517, -2.3171567], [12.4709485, -2.3171124], [12.4727661, -2.3140968], [12.4732371, -2.3135152], [12.4736335, -2.3134814], [12.4737781, -2.3141362], [12.473519, -2.314574], [12.4735972, -2.3151029], [12.4748468, -2.3180598], [12.4753293, -2.3201569], [12.4750766, -2.3212454], [12.4733017, -2.3230657], [12.4724933, -2.3243913], [12.471473, -2.3251192], [12.4696568, -2.3255292], [12.4681616, -2.3254822], [12.4671649, -2.3261448], [12.4666745, -2.3268057], [12.4660096, -2.3270184], [12.464954, -2.3269457], [12.4644378, -2.3275322], [12.4643686, -2.3283497], [12.4649566, -2.3286548], [12.4659433, -2.3283621], [12.4671941, -2.3281505], [12.4682504, -2.3284894], [12.4700375, -2.32834], [12.4706536, -2.3284851], [12.4709332, -2.3291906], [12.4705739, -2.3303616], [12.4705885, -2.3313085], [12.4711387, -2.3319157], [12.4729227, -2.3324855], [12.4740765, -2.3325559], [12.4746447, -2.3329751], [12.4755902, -2.3347664], [12.4761979, -2.3383504], [12.4765744, -2.3385689], [12.4781389, -2.3383677], [12.4785444, -2.3378178], [12.479004, -2.3358633], [12.4795633, -2.3345562], [12.4802264, -2.3337566], [12.4809145, -2.3333554], [12.4819168, -2.3335243], [12.4851657, -2.3336197], [12.4870334, -2.332799], [12.4884899, -2.3323644], [12.4891598, -2.3317938], [12.4899918, -2.3296415], [12.4907813, -2.3287852], [12.4916705, -2.3284892], [12.4924769, -2.3286692], [12.4926713, -2.329394], [12.4924421, -2.330567], [12.4926442, -2.3308582], [12.493569, -2.3304272], [12.4946805, -2.3296029], [12.4952468, -2.32838], [12.495676, -2.328178], [12.4958366, -2.3283967], [12.495802, -2.3290122], [12.4960041, -2.3301009], [12.4957017, -2.3305124], [12.4952249, -2.3305131], [12.4947199, -2.3307634], [12.494632, -2.3310649], [12.4952441, -2.3319696], [12.4958068, -2.3324544], [12.496382, -2.3326155], [12.4973373, -2.3323618], [12.4978439, -2.3315602], [12.4983134, -2.3308304], [12.4986708, -2.330636], [12.4992111, -2.3307702], [12.4993944, -2.3312628], [12.4992227, -2.3317095], [12.4980211, -2.3331481], [12.4973562, -2.3333509], [12.4970651, -2.333753], [12.4971309, -2.3342582], [12.4975616, -2.3345217], [12.4987162, -2.3360266], [12.49931, -2.33614], [12.5002286, -2.3357976], [12.5008978, -2.3357166], [12.5020435, -2.3359567], [12.5024041, -2.3366076], [12.5021735, -2.3376693], [12.5016813, -2.3386936], [12.5010071, -2.3392192], [12.5008687, -2.3397834], [12.5011739, -2.3401548], [12.5016287, -2.3399784], [12.5020066, -2.3394786], [12.5023971, -2.3394271], [12.5026795, -2.3398469], [12.5027705, -2.3410854], [12.5024877, -2.3417636], [12.5028192, -2.3419745], [12.5047631, -2.3420685], [12.5055923, -2.34228], [12.5063749, -2.3431466], [12.5064722, -2.3440631], [12.5057943, -2.3449248], [12.505739, -2.3454392], [12.5062011, -2.34659], [12.5075268, -2.3473121], [12.5085908, -2.34847], [12.5093999, -2.3488248], [12.5104833, -2.3487189], [12.511028, -2.3489215], [12.5110618, -2.3494603], [12.510443, -2.3501892], [12.5092177, -2.3505928], [12.5089768, -2.3501747], [12.5084453, -2.3499859], [12.5076783, -2.3503373], [12.507205, -2.3511436], [12.5072063, -2.3517521], [12.50767, -2.3524673], [12.5082778, -2.3526858], [12.5092082, -2.3528546], [12.5094034, -2.3531852], [12.5084059, -2.3541002], [12.5073337, -2.3541686], [12.5054386, -2.3538132], [12.505053, -2.3540981], [12.5050911, -2.3545823], [12.5054913, -2.3551023], [12.5067871, -2.3554218], [12.507583, -2.3562331], [12.5077809, -2.357393], [12.5075677, -2.3581439], [12.5066817, -2.3585284], [12.5060075, -2.3583278], [12.5057864, -2.3575989], [12.5055653, -2.3570816], [12.5045249, -2.356844], [12.5039146, -2.3570412], [12.5038655, -2.3574853], [12.5043156, -2.3580747], [12.5045737, -2.3599333], [12.5051808, -2.3612068], [12.5050739, -2.3617118], [12.5047356, -2.361626], [12.5040341, -2.3612553], [12.5036529, -2.3608625], [12.5037629, -2.3598527], [12.5033348, -2.3593522], [12.5028026, -2.3593473], [12.5014709, -2.3603321], [12.5004838, -2.3623171], [12.4995868, -2.3638399], [12.4985209, -2.3647818], [12.4978881, -2.3657901], [12.4979088, -2.3677157], [12.498266, -2.3682343], [12.4993127, -2.3685553], [12.5007076, -2.3682329], [12.5012551, -2.3686327], [12.5012661, -2.3697171], [12.5016398, -2.3700892], [12.5021755, -2.3700131], [12.5031626, -2.3695254], [12.503913, -2.3698844], [12.5045256, -2.3706535], [12.5043158, -2.3713603], [12.5034228, -2.3719855], [12.5012041, -2.3721404], [12.5003313, -2.3725692], [12.5002622, -2.372977], [12.5017698, -2.3737317], [12.5029847, -2.3743206], [12.5039254, -2.3767025], [12.504575, -2.3780114], [12.5048632, -2.3783741], [12.5053399, -2.3784021], [12.5055955, -2.3780348], [12.5059322, -2.3770511], [12.5066929, -2.3767149], [12.507945, -2.377137], [12.5090102, -2.3769614], [12.5096203, -2.376959], [12.5098934, -2.3773774], [12.5097314, -2.3781754], [12.5093077, -2.3787493], [12.5086848, -2.3787521], [12.5080868, -2.3783066], [12.5075575, -2.3783776], [12.5074395, -2.3787598], [12.507677, -2.3791756], [12.5082993, -2.3797223], [12.5089859, -2.3806228], [12.5096618, -2.3809872], [12.5104142, -2.3812284], [12.5105121, -2.3816411], [12.5102358, -2.3818448], [12.509576, -2.3817805], [12.5087942, -2.3815393], [12.5083664, -2.381684], [12.5083047, -2.3821664], [12.5086963, -2.3825952], [12.5096297, -2.382831], [12.5101232, -2.3833884], [12.5107991, -2.3850285], [12.5107026, -2.3855967], [12.509576, -2.3860576], [12.5093829, -2.3868937], [12.5094795, -2.3875047], [12.5101447, -2.3879978], [12.5110137, -2.388105], [12.5115823, -2.3878906], [12.5121295, -2.3870973], [12.5125479, -2.3868186], [12.5129341, -2.3870331], [12.5132131, -2.3879764], [12.513374, -2.3886731], [12.5132185, -2.3893967], [12.5126445, -2.3897451], [12.5120973, -2.3896057], [12.5115461, -2.3893659], [12.5110593, -2.3893618], [12.5108367, -2.3896754], [12.5110352, -2.3900667], [12.5123441, -2.3909456], [12.5134223, -2.391353], [12.5138247, -2.3918997], [12.5135779, -2.3921677], [12.5132775, -2.3923713], [12.5128698, -2.3925214], [12.512438, -2.3924464], [12.5117701, -2.3916853], [12.511121, -2.3913638], [12.5099193, -2.3912994], [12.5080847, -2.3918676], [12.5071835, -2.3919051], [12.506926, -2.3922535], [12.506969, -2.3926715], [12.5073767, -2.3928216], [12.5081921, -2.3930842]], [[12.5051772, -2.1306365], [12.5049787, -2.1312074], [12.504394, -2.1316068], [12.5039327, -2.1315103], [12.5035035, -2.130867], [12.5029778, -2.1306633], [12.502731, -2.1310975], [12.5028491, -2.1317462], [12.5033748, -2.1328397], [12.5031281, -2.1335688], [12.5026237, -2.1342227], [12.5021517, -2.1341316], [12.5017762, -2.1334616], [12.5014329, -2.1335474], [12.5011861, -2.1341156], [12.50139, -2.1344908], [12.5013846, -2.1351126], [12.5019586, -2.1355737], [12.5021625, -2.135831], [12.5018942, -2.1362384], [12.5013846, -2.1363939], [12.5008857, -2.1368281], [12.5007248, -2.1376965], [12.5004029, -2.1382326], [12.4996626, -2.1384684], [12.4994695, -2.1387686], [12.4996948, -2.1389831], [12.4999523, -2.138758], [12.5007355, -2.1385114], [12.500875, -2.1387794], [12.5007891, -2.1390903], [12.500124, -2.1391653], [12.4993622, -2.1396693], [12.4986541, -2.1402589], [12.4982517, -2.1401061], [12.4979674, -2.1402857], [12.4980854, -2.140752], [12.4984784, -2.1411702], [12.4989357, -2.1412345], [12.4991422, -2.1413846], [12.4991691, -2.1416634], [12.498858, -2.1419208], [12.4978709, -2.142044], [12.4975276, -2.1427034], [12.4968409, -2.1432395], [12.496798, -2.1440865], [12.4965619, -2.1445475], [12.4961972, -2.1446761], [12.4955105, -2.1445046], [12.4944806, -2.1440972], [12.4940327, -2.1442875], [12.4939924, -2.1446171], [12.4942553, -2.1446975], [12.4946951, -2.14518], [12.4954784, -2.145566], [12.4956178, -2.1458233], [12.4954033, -2.1461664], [12.4948025, -2.1461664], [12.4945235, -2.1457483], [12.4941158, -2.1455874], [12.4938369, -2.1459734], [12.4940837, -2.1471742], [12.4939013, -2.1477397], [12.4933219, -2.1478979], [12.4934077, -2.1484071], [12.4932038, -2.1490718], [12.4929571, -2.1495757], [12.4920988, -2.1496615], [12.4918628, -2.150144], [12.4912941, -2.1507229], [12.4903392, -2.1508837], [12.4901354, -2.1514627], [12.4898672, -2.1516208], [12.4896312, -2.1512429], [12.4892664, -2.151066], [12.4884188, -2.1513233], [12.4873138, -2.1518915], [12.4867987, -2.1524919], [12.4859404, -2.1527171], [12.4849642, -2.1526635], [12.4844706, -2.1528243], [12.4840897, -2.1532156], [12.4842131, -2.1536605], [12.484138, -2.1539607], [12.4833173, -2.1543413], [12.4831617, -2.1547327], [12.483269, -2.1552044], [12.4830114, -2.1556225], [12.4825931, -2.1556011], [12.4820673, -2.1557833], [12.4818313, -2.1560514], [12.4818205, -2.1565017], [12.4821103, -2.1567054], [12.4820995, -2.1571342], [12.4817884, -2.1571343], [12.48137, -2.1567589], [12.4809301, -2.1568233], [12.4809622, -2.1571127], [12.48137, -2.1575524], [12.4820459, -2.1577775], [12.4821102, -2.1581205], [12.4816919, -2.1586244], [12.4812734, -2.1588282], [12.4804795, -2.1587424], [12.4801469, -2.1589676], [12.4801469, -2.1594179], [12.4805224, -2.159643], [12.4812197, -2.1596001], [12.4818206, -2.1591391], [12.4822389, -2.158989], [12.4824428, -2.1592999], [12.4821746, -2.1599218], [12.4814558, -2.1606079], [12.480973, -2.1612511], [12.4804043, -2.1614549], [12.4801254, -2.1612619], [12.4800074, -2.1604793], [12.4796748, -2.1604042], [12.4792028, -2.1606507], [12.4784088, -2.1614978], [12.4781406, -2.1621517], [12.4781728, -2.1634705], [12.4775183, -2.1643925], [12.4771321, -2.1644139], [12.4766708, -2.1636313], [12.4763462, -2.1633498], [12.4759573, -2.1634007], [12.4758661, -2.1638671], [12.4752764, -2.1644026], [12.4752982, -2.1648844], [12.4755293, -2.1654197], [12.4758754, -2.1654902], [12.4761744, -2.1648054], [12.4765109, -2.1647556], [12.4767752, -2.1655912], [12.4763863, -2.1659563], [12.4752843, -2.1659896], [12.475168, -2.1664643], [12.4754504, -2.1667398], [12.4760153, -2.1667429], [12.4763164, -2.1668756], [12.4762894, -2.1675051], [12.4765385, -2.1677597], [12.4772875, -2.167613], [12.4774869, -2.1682112], [12.4773692, -2.1689777], [12.4768493, -2.169392], [12.4762995, -2.1692872], [12.4759989, -2.1687092], [12.4756718, -2.1686241], [12.4754213, -2.1688449], [12.4753715, -2.1694487], [12.4759045, -2.1698817], [12.4765205, -2.169946], [12.4770009, -2.1699264], [12.4773568, -2.1702555], [12.477545, -2.1708391], [12.4778648, -2.1711074], [12.4784054, -2.1708328], [12.4788962, -2.1709317], [12.4791259, -2.1714463], [12.4790726, -2.1722778], [12.4794263, -2.1722826], [12.4801718, -2.1719], [12.4806293, -2.1719774], [12.4813593, -2.1726982], [12.4813789, -2.1729708], [12.4811588, -2.1735643], [12.4809792, -2.1741713], [12.4812481, -2.1742926], [12.4822359, -2.1738934], [12.4825729, -2.1733982], [12.4827841, -2.1724568], [12.4831786, -2.1724568], [12.4832547, -2.1727957], [12.4853313, -2.1746516], [12.4856864, -2.1753827], [12.4864233, -2.1760125], [12.4873595, -2.1759077], [12.4878156, -2.1760768], [12.4881721, -2.1766942], [12.4881775, -2.1775864], [12.4885659, -2.178238], [12.4890291, -2.178491], [12.4891433, -2.1789308], [12.4889729, -2.1792624], [12.4883707, -2.1793868], [12.48829, -2.1796303], [12.4885707, -2.179824], [12.4895525, -2.1798854], [12.4898863, -2.1800464], [12.4899808, -2.1804929], [12.4896547, -2.1808345], [12.4894242, -2.1814529], [12.4895703, -2.1819547], [12.4892428, -2.1823818], [12.4883291, -2.1825651], [12.4877408, -2.1831337], [12.4875248, -2.183861], [12.4879444, -2.1842896], [12.4888158, -2.1841241], [12.4898859, -2.1847626], [12.4899136, -2.1853775], [12.4895052, -2.1860173], [12.4893813, -2.1864462], [12.4896686, -2.1868632], [12.4901697, -2.1867789], [12.4904133, -2.1863431], [12.4904534, -2.1857402], [12.4906804, -2.1852246], [12.4916427, -2.1850538], [12.4921082, -2.1852457], [12.4923618, -2.1855747], [12.4920842, -2.1860706], [12.4914053, -2.1864496], [12.4914969, -2.1870386], [12.4919126, -2.18703], [12.4931356, -2.1864876], [12.4934443, -2.1859515], [12.4937631, -2.1855382], [12.4941816, -2.1852619], [12.4949181, -2.1853755], [12.4951637, -2.1858571], [12.4949731, -2.1863013], [12.4949907, -2.1867166], [12.4953915, -2.1871924], [12.4963827, -2.1879782], [12.4967475, -2.1888605], [12.4970375, -2.1893941], [12.4981388, -2.189908], [12.4990331, -2.1901646], [12.4996989, -2.1906086], [12.5001419, -2.1915444], [12.5011865, -2.1923144], [12.5013214, -2.192773], [12.5010404, -2.1931568], [12.5000471, -2.1932045], [12.4991463, -2.1926676], [12.4990804, -2.1922056], [12.4988489, -2.1919538], [12.4983575, -2.1909897], [12.4977622, -2.1903886], [12.4968603, -2.1903721], [12.4954462, -2.1912166], [12.4941385, -2.1928893], [12.4942113, -2.1932647], [12.4945297, -2.1934521], [12.4955244, -2.1931588], [12.496353, -2.1931402], [12.4968852, -2.1932612], [12.49717, -2.1937082], [12.4970542, -2.1940301], [12.4964927, -2.1941649], [12.496189, -2.1946996], [12.4962703, -2.1953175], [12.496577, -2.1960211], [12.4963367, -2.1970842], [12.4964544, -2.1976091], [12.4967756, -2.1981186], [12.4968492, -2.1985827], [12.4966049, -2.1987856], [12.4962508, -2.1986248], [12.4959719, -2.1982282], [12.4952582, -2.1978836], [12.4946052, -2.1972989], [12.4945315, -2.1968873], [12.4947367, -2.1962185], [12.4945865, -2.1959539], [12.4941158, -2.1959768], [12.4938652, -2.1965404], [12.4938729, -2.1972536], [12.4935821, -2.1983624], [12.4937434, -2.1990326], [12.4933813, -2.1995687], [12.4927846, -2.1995517], [12.4924496, -2.1997464], [12.4925352, -2.2001103], [12.4930071, -2.2003496], [12.4934049, -2.2007618], [12.4934617, -2.201191], [12.4931322, -2.2012964], [12.4922712, -2.2011415], [12.4912729, -2.2004906], [12.4908625, -2.2007189], [12.4908224, -2.2015115], [12.4912827, -2.2022779], [12.4913727, -2.2027302], [12.4910813, -2.2030671], [12.4906542, -2.2029813], [12.49027, -2.2023581], [12.4898365, -2.2021701], [12.4894902, -2.2023681], [12.4894705, -2.2027393], [12.4899641, -2.2031723], [12.4902286, -2.2036354], [12.4898824, -2.204086], [12.489202, -2.2041675], [12.4881977, -2.2041461], [12.4869004, -2.2053137], [12.4857153, -2.205896], [12.4855054, -2.206567], [12.4849092, -2.2070513], [12.483991, -2.2073722], [12.4837496, -2.2078895], [12.4831779, -2.2085009], [12.4825065, -2.208689], [12.4817826, -2.2093031], [12.4808403, -2.2106983], [12.4810446, -2.21106], [12.4815484, -2.2110309], [12.4829634, -2.2105163], [12.4835615, -2.2105633], [12.4846743, -2.2115082], [12.4871517, -2.2118382], [12.4880854, -2.2118417], [12.4900326, -2.2112475], [12.4910031, -2.2108975], [12.4915067, -2.2110621], [12.4914121, -2.2115006], [12.4912107, -2.211807], [12.4913076, -2.2124825], [12.4916911, -2.2125727], [12.4931476, -2.2122269], [12.4937594, -2.2123997], [12.4937725, -2.2127463], [12.4931627, -2.2130499], [12.4927883, -2.2136675], [12.4930848, -2.2142849], [12.4940543, -2.2143793], [12.4947564, -2.2140115], [12.4950721, -2.2140047], [12.4954296, -2.2145889], [12.4959792, -2.2146124], [12.4962629, -2.2141407], [12.4963722, -2.2137187], [12.496825, -2.2131378], [12.497016, -2.2121708], [12.4970065, -2.2114352], [12.4972586, -2.2112101], [12.4979873, -2.2113826], [12.4985224, -2.211827], [12.4989695, -2.2119689], [12.4998374, -2.2119605], [12.5007629, -2.2128058], [12.5007663, -2.2133398], [12.5010895, -2.2137624], [12.501824, -2.2141103], [12.5023057, -2.2138543], [12.5027999, -2.213835]], [[12.450104, -2.0328214], [12.4499629, -2.0331111], [12.4493873, -2.0332883], [12.4489421, -2.0335658], [12.4487114, -2.0338861], [12.449044, -2.0339692], [12.4492585, -2.0343981], [12.4491952, -2.0351208], [12.4494429, -2.0357417], [12.4493484, -2.0358898], [12.4490413, -2.0357463], [12.4488669, -2.0360921], [12.4489955, -2.0363248], [12.4491509, -2.0364878], [12.4491077, -2.0366423], [12.448871, -2.0367153], [12.4488804, -2.0368078], [12.4492318, -2.0369392], [12.4490474, -2.037297], [12.4487396, -2.0375316], [12.4488428, -2.0379471], [12.4487597, -2.0381669], [12.4490545, -2.0384345], [12.4490113, -2.0386485], [12.4486568, -2.0387013], [12.4485164, -2.0389034], [12.4485895, -2.039093], [12.4484569, -2.0391506], [12.4483205, -2.0389228], [12.4482943, -2.0385422], [12.4480811, -2.0384457], [12.4479658, -2.0385958], [12.4481213, -2.0388531], [12.4481106, -2.0391962], [12.4478149, -2.0394388], [12.4476479, -2.0395313], [12.4474534, -2.0397162], [12.4476331, -2.0400432], [12.4473546, -2.0401713], [12.4469311, -2.0399992], [12.4467817, -2.0400838], [12.4468368, -2.0404031], [12.4467004, -2.040452], [12.446524, -2.0402282], [12.4463645, -2.0402952], [12.4463564, -2.0405578], [12.446211, -2.0406677], [12.44591, -2.040531], [12.4458552, -2.0406436], [12.4460138, -2.040783], [12.4459769, -2.0409653], [12.445828, -2.0410618], [12.4456054, -2.0407937], [12.4453854, -2.0409171], [12.4455303, -2.0411369], [12.4454754, -2.0413335], [12.4456513, -2.0414979], [12.4459815, -2.0413764], [12.4461163, -2.041541], [12.4459245, -2.0417949], [12.4455839, -2.041874], [12.4454069, -2.0421501], [12.445246, -2.0421662], [12.4450958, -2.0418445], [12.4448932, -2.0420817], [12.4447551, -2.0424155], [12.4450367, -2.0427291], [12.4450669, -2.0429864], [12.4448986, -2.0432276], [12.4445513, -2.0433456], [12.4444038, -2.0434742], [12.4446076, -2.0436565], [12.444452, -2.044332], [12.4446773, -2.0444071], [12.4448356, -2.0447287], [12.4450367, -2.0450504], [12.4451467, -2.0454525], [12.4452084, -2.0458867], [12.4455236, -2.045941], [12.4456724, -2.0458559], [12.4459594, -2.0459216], [12.4461364, -2.0463102], [12.4465502, -2.0463424], [12.446803, -2.0468731], [12.4470833, -2.0469696], [12.4471396, -2.0470769], [12.4468781, -2.0473061], [12.4468473, -2.0475889], [12.4471289, -2.047822], [12.4477009, -2.0479837], [12.4479242, -2.0478398], [12.4480704, -2.0475091], [12.4484271, -2.0474481], [12.4486899, -2.0476478], [12.4487865, -2.0479292], [12.4486436, -2.0482482], [12.4487476, -2.0485082], [12.4490628, -2.0486208], [12.4490172, -2.0482884], [12.4492639, -2.048153], [12.4493766, -2.0484358], [12.4494624, -2.0487656], [12.4499238, -2.048771], [12.450006, -2.0484615], [12.4502385, -2.0485165], [12.4506605, -2.0488732], [12.4507321, -2.0491791], [12.4503925, -2.0493191], [12.4506145, -2.0493848], [12.4508223, -2.0492909], [12.4510342, -2.0492856], [12.4512166, -2.0494973], [12.451179, -2.0500951], [12.4510181, -2.0508295], [12.4505609, -2.0509234], [12.4506294, -2.0511996], [12.4508736, -2.0513445], [12.4512226, -2.0513341], [12.4513842, -2.0515063], [12.4511388, -2.0518186], [12.4511307, -2.0520894], [12.4513828, -2.0519554], [12.4515438, -2.0521377], [12.4513748, -2.052395], [12.4514097, -2.0527917], [12.4520802, -2.0534243], [12.4517205, -2.0536974], [12.4518382, -2.0538901], [12.4520844, -2.0537394], [12.452271, -2.0537758], [12.4522686, -2.0539771], [12.4524785, -2.0540475], [12.4526944, -2.0538451], [12.4530083, -2.0539121], [12.4531531, -2.0541105], [12.4534321, -2.0538853], [12.4538612, -2.0539496], [12.4542743, -2.0538102], [12.4545372, -2.0538826], [12.4545372, -2.0543731], [12.4546713, -2.054609], [12.4549952, -2.0545303], [12.4551635, -2.054607], [12.4551353, -2.0548355], [12.4548107, -2.0549709], [12.454859, -2.0553274], [12.4552453, -2.0555955], [12.4557656, -2.0557174], [12.4559212, -2.0555553], [12.4560714, -2.0555526], [12.4561357, -2.0558581], [12.4564951, -2.0560833], [12.4567365, -2.0560619], [12.4568371, -2.0557308], [12.4570879, -2.0557536], [12.4572891, -2.056153], [12.4572686, -2.0564758], [12.4574145, -2.0566861], [12.4575989, -2.056474], [12.4575493, -2.0560606], [12.4576754, -2.0559521], [12.457874, -2.0561425], [12.4578741, -2.0565663], [12.4576599, -2.0571458], [12.4578108, -2.0574363], [12.4580481, -2.0575026], [12.4581152, -2.0572922], [12.4583458, -2.0570751], [12.4585843, -2.0572015], [12.4588013, -2.0573762], [12.4589135, -2.0572431], [12.4587838, -2.0570198], [12.4588569, -2.056766], [12.4589818, -2.0566982], [12.4591136, -2.056852], [12.459066, -2.0571704], [12.4590244, -2.057507], [12.4587803, -2.0577513], [12.4586248, -2.0580789], [12.458775, -2.0582518], [12.4589359, -2.0581259], [12.4590647, -2.0578203], [12.459349, -2.0576739], [12.4595904, -2.0578169], [12.4594402, -2.0584247], [12.4595475, -2.0585038], [12.4597406, -2.0584046], [12.4601403, -2.0585466], [12.4603897, -2.058812], [12.4603092, -2.0592717], [12.4606633, -2.0597154], [12.4609637, -2.0597878], [12.461366, -2.0601576], [12.4617402, -2.0601375], [12.4619159, -2.0602783], [12.4618381, -2.0606455], [12.4620993, -2.0609676], [12.4619582, -2.0610806], [12.4617081, -2.06106], [12.4615727, -2.0613297], [12.4616667, -2.061569], [12.4618763, -2.0615651], [12.4622095, -2.0612999], [12.4623824, -2.0613164], [12.4626745, -2.061746], [12.4626688, -2.0618976], [12.4624212, -2.0618792], [12.4622909, -2.0619817], [12.4622985, -2.0623262], [12.4624107, -2.0624441], [12.4625478, -2.0624066], [12.4625784, -2.0622163], [12.4627426, -2.0621197], [12.4629014, -2.0621946], [12.4628865, -2.0624518], [12.4626313, -2.0627731], [12.4626789, -2.0629118], [12.4630853, -2.0629212], [12.4631792, -2.0630579], [12.4629814, -2.0632733], [12.4630571, -2.0634084], [12.4632731, -2.0634104], [12.4633938, -2.0632536], [12.4635923, -2.0632938], [12.463762, -2.0636256], [12.4637385, -2.0638555], [12.4638418, -2.0640473], [12.4638015, -2.064238], [12.4634528, -2.0643298], [12.4633563, -2.0645455], [12.4634743, -2.0647734], [12.4638283, -2.0646608], [12.4641455, -2.064674], [12.4642481, -2.0644514], [12.4644533, -2.0644564], [12.4644881, -2.0646166], [12.4643862, -2.0647332], [12.4643862, -2.0648913], [12.4647617, -2.0649717], [12.4646759, -2.065154], [12.4644962, -2.0653109], [12.464413, -2.0654786], [12.46459, -2.0656209], [12.4647724, -2.0655732], [12.4649333, -2.0653599], [12.465137, -2.0652763], [12.465405, -2.0654093], [12.4654903, -2.0658255], [12.465618, -2.0660144], [12.4654658, -2.0663173], [12.4656227, -2.0664728], [12.465958, -2.0663227], [12.4662583, -2.066387], [12.46652, -2.0667703], [12.4668943, -2.0669498], [12.4668704, -2.0672124], [12.4666617, -2.067684], [12.4669202, -2.0679303], [12.467169, -2.0679618], [12.4672052, -2.0676817], [12.4675458, -2.0678184], [12.4678255, -2.0683066], [12.4682392, -2.068457], [12.4683264, -2.0688544], [12.4686617, -2.0688664], [12.4691928, -2.0691693], [12.4694744, -2.0690594], [12.4698096, -2.0691693], [12.47022, -2.0697081], [12.4702924, -2.0701236], [12.4706491, -2.0707374], [12.4708288, -2.0712494], [12.4710488, -2.071244], [12.4711671, -2.0710123], [12.4714355, -2.0710701], [12.4715755, -2.071368], [12.4717911, -2.0713633], [12.4718253, -2.0711287], [12.4719903, -2.0710778], [12.4722129, -2.0712118], [12.4723577, -2.0716729], [12.4726957, -2.0719074], [12.47298, -2.0718418], [12.4731731, -2.0719034], [12.4732053, -2.072209], [12.4729156, -2.0723591], [12.4728908, -2.0725562], [12.4729733, -2.0727103], [12.4733314, -2.0728577], [12.4734897, -2.073174], [12.4736975, -2.0731887], [12.4739322, -2.072989], [12.4741012, -2.0731686], [12.4741221, -2.0735069], [12.4744703, -2.073561], [12.474555, -2.0736799], [12.4743491, -2.0739178], [12.4743771, -2.0740719], [12.4745833, -2.074155], [12.4748455, -2.074096], [12.4748548, -2.0743426], [12.4746054, -2.0742997], [12.4742343, -2.0744144], [12.4739437, -2.0743682], [12.4738775, -2.0742007], [12.4737559, -2.0741768], [12.473652, -2.0744185], [12.4737984, -2.0747946], [12.4740589, -2.0748713], [12.4743439, -2.0746817], [12.4745062, -2.0747528], [12.4746162, -2.075045], [12.4748559, -2.0751877], [12.4749723, -2.0755931], [12.4752157, -2.0759322], [12.475048, -2.0761922], [12.4747664, -2.076294], [12.4746636, -2.0759921], [12.4744912, -2.0759154], [12.4744038, -2.0763195], [12.4749156, -2.0773635], [12.4751345, -2.0774359], [12.4751325, -2.0777522], [12.4750104, -2.0778916], [12.4746698, -2.0778058], [12.4746322, -2.0781275], [12.4750238, -2.0787198], [12.4754154, -2.0787975], [12.4757098, -2.0791393], [12.475929, -2.0791647], [12.4762281, -2.0790656], [12.4762147, -2.0792854], [12.4759411, -2.0793497], [12.4754315, -2.0795722], [12.4753511, -2.0797947], [12.4756488, -2.0800895], [12.4756783, -2.0804862], [12.4754396, -2.0815048], [12.4756032, -2.0817514], [12.4757419, -2.0822596], [12.4755963, -2.0824677], [12.4754017, -2.0823799], [12.4752592, -2.082451], [12.4751352, -2.0830005], [12.4753377, -2.0831774], [12.4754638, -2.0835312], [12.475906, -2.0833566], [12.4763107, -2.0834072], [12.4764441, -2.0836049], [12.4762603, -2.083818], [12.475807, -2.0838904], [12.4757266, -2.0843273], [12.4758446, -2.0850268], [12.4756891, -2.0853539], [12.4753873, -2.085386], [12.4753913, -2.0857291], [12.4756569, -2.0861151], [12.4760699, -2.0863188], [12.4763274, -2.0860401], [12.4766825, -2.0859456], [12.4767908, -2.0860334], [12.4767499, -2.0862733], [12.4765608, -2.0862813], [12.4764293, -2.0864153], [12.476306, -2.0868549], [12.47666, -2.0878467], [12.4767136, -2.0882514], [12.4764991, -2.0887687], [12.4765983, -2.0891842], [12.4764615, -2.0894014], [12.4764454, -2.0895702], [12.4766922, -2.0897002], [12.4769175, -2.0895729], [12.4772742, -2.0891119], [12.4775559, -2.0890528], [12.4778241, -2.0892673], [12.4781191, -2.0902001], [12.4779636, -2.090629], [12.4776149, -2.0906826], [12.4773333, -2.0911731], [12.4769658, -2.0912455], [12.4769685, -2.0914733], [12.4771053, -2.0916207], [12.4775612, -2.0917869], [12.4778508, -2.0921086], [12.477891, -2.0924902], [12.4781564, -2.0924966], [12.4782152, -2.0921555], [12.4785367, -2.0923525], [12.4786324, -2.0929396], [12.4783519, -2.0930629], [12.4779946, -2.0929023], [12.4779452, -2.0931063], [12.4781362, -2.093332], [12.4783786, -2.093301], [12.4785737, -2.0934106], [12.4786099, -2.0935975], [12.4784463, -2.0938214], [12.4781513, -2.0937436], [12.4779388, -2.0937838], [12.4778979, -2.0940008], [12.4780844, -2.0942634], [12.4781463, -2.0946276], [12.4782702, -2.0947557], [12.4783032, -2.0949905], [12.4781441, -2.0952242], [12.4782334, -2.0955308], [12.4784121, -2.0955542], [12.4786622, -2.0952045], [12.4789479, -2.0950088], [12.4791652, -2.0950999], [12.4791263, -2.0954735], [12.4787601, -2.0958042], [12.4785536, -2.096294], [12.4786233, -2.0966733], [12.4789452, -2.0967779], [12.4795363, -2.0971431], [12.4794407, -2.0976852], [12.4794857, -2.0979653], [12.4793609, -2.0981395], [12.4791759, -2.0980376], [12.4789613, -2.0980805], [12.4788288, -2.0990087], [12.4788947, -2.0992293], [12.4787477, -2.0993702], [12.4784751, -2.0993517], [12.4783913, -2.0998295], [12.4787065, -2.1004205], [12.4791866, -2.1007342], [12.4795688, -2.100826], [12.4794092, -2.1013734], [12.4792295, -2.1022218], [12.4793851, -2.1023531], [12.4795283, -2.1020842], [12.4796823, -2.1021531], [12.4795717, -2.102441], [12.4794044, -2.1027058], [12.4790696, -2.1029137], [12.4789902, -2.1031474], [12.4792176, -2.1034432], [12.4802088, -2.1039918], [12.4802816, -2.1045208], [12.4801267, -2.1047641], [12.4799135, -2.1047038], [12.4797552, -2.1047976], [12.4797832, -2.1049827], [12.4800633, -2.1051946], [12.48013, -2.105404], [12.4798343, -2.1055226], [12.4798545, -2.1057491], [12.4800664, -2.1059341], [12.4800677, -2.1063201], [12.4806431, -2.10669], [12.4809569, -2.1065506], [12.4812733, -2.1065533], [12.4817025, -2.1066524], [12.4820619, -2.1071189], [12.4820459, -2.107608], [12.4822604, -2.1079471], [12.4825394, -2.108057], [12.4829793, -2.1078372], [12.4833092, -2.1077353], [12.4835747, -2.1078693], [12.4837946, -2.1083089], [12.4838161, -2.1088665], [12.4836457, -2.1093972], [12.4837651, -2.1095741], [12.4836605, -2.1100458], [12.4839558, -2.1107142], [12.4841707, -2.1108786], [12.4843644, -2.1108429], [12.4847733, -2.1105357], [12.4848722, -2.1105966], [12.4847267, -2.1108258], [12.4846717, -2.1112091], [12.4845403, -2.1114074], [12.4845041, -2.1115857], [12.4847951, -2.1116889], [12.484948, -2.1115522], [12.4851572, -2.1116755], [12.4853503, -2.1121097], [12.4858761, -2.1123831], [12.4859234, -2.1127584], [12.4861317, -2.112887], [12.4864732, -2.1127369], [12.4868021, -2.1127155], [12.4868055, -2.1128763], [12.4863724, -2.1132301], [12.4861607, -2.113273], [12.486145, -2.1134767], [12.4863602, -2.1137769], [12.4865654, -2.1136697], [12.4867719, -2.113273], [12.487067, -2.1130157], [12.4873996, -2.1131658], [12.4876949, -2.1131457], [12.4878508, -2.1133507], [12.4877228, -2.1137716], [12.4878636, -2.1139377], [12.4880486, -2.113852], [12.4883437, -2.113852], [12.4884818, -2.1140158], [12.4885019, -2.1143619], [12.4885743, -2.1146038], [12.4889552, -2.1146373], [12.4894594, -2.1144899], [12.4897384, -2.1146776], [12.490299, -2.1144577], [12.490999, -2.1146561], [12.4911719, -2.1149112], [12.4909533, -2.1151342], [12.4909021, -2.1153121], [12.490993, -2.1155071], [12.491282, -2.1155004], [12.4915489, -2.1152189], [12.4919325, -2.115235], [12.4921484, -2.1156408], [12.4921444, -2.1159715], [12.4922007, -2.1162362], [12.49241, -2.1162296], [12.4926032, -2.1160555], [12.4924639, -2.1158254], [12.4924642, -2.1155794], [12.4927116, -2.1155272], [12.4931528, -2.1157229], [12.4932628, -2.1161035], [12.4934651, -2.1162633], [12.4937692, -2.1162945], [12.4939163, -2.1164211], [12.4940601, -2.1167602], [12.4942297, -2.1167736], [12.4945047, -2.1164144], [12.4950009, -2.1164894], [12.4953476, -2.1164725], [12.4956782, -2.116284], [12.4958887, -2.1163894], [12.4958485, -2.116654], [12.4954998, -2.1167863], [12.4954998, -2.1170724], [12.4957787, -2.1173552], [12.4960792, -2.1173954], [12.4959934, -2.1170577], [12.4960886, -2.116879], [12.4963877, -2.1169148], [12.4964386, -2.1172542], [12.4965191, -2.1176437], [12.4968303, -2.1176399], [12.4968411, -2.1172679], [12.4970451, -2.1172529], [12.4972922, -2.1175553], [12.4976577, -2.1178062], [12.4979058, -2.1174933], [12.4982732, -2.1175214], [12.498579, -2.1179636], [12.4986494, -2.1184598], [12.4988807, -2.118747], [12.4991181, -2.1187745], [12.4994856, -2.118422], [12.4996519, -2.1184891], [12.4996905, -2.1189714], [12.4998365, -2.1191588], [12.5001391, -2.1191799], [12.500476, -2.1192972], [12.5007744, -2.1195317], [12.5011137, -2.1195826], [12.5014811, -2.1198131], [12.5017305, -2.1198051], [12.5019317, -2.1200222], [12.5021966, -2.1206602], [12.5021771, -2.1212177], [12.502385, -2.1215607], [12.5024575, -2.1220325], [12.5021078, -2.1223441], [12.5016991, -2.1223662], [12.5014932, -2.1226248], [12.5016823, -2.1228205], [12.5015884, -2.1230617], [12.5012069, -2.123379], [12.5008629, -2.1234497], [12.5007382, -2.1235857], [12.5008911, -2.123831], [12.5008428, -2.124075], [12.5005089, -2.124146], [12.5005183, -2.1243832], [12.5010198, -2.1246861], [12.5013685, -2.1247665], [12.5014758, -2.1249702], [12.5014342, -2.1254915], [12.5013283, -2.1258413], [12.5009876, -2.1260478], [12.5009179, -2.1262783], [12.501111, -2.1263747], [12.5014034, -2.1261522], [12.5016313, -2.1262192], [12.5016582, -2.126439], [12.5014383, -2.126691], [12.5013498, -2.1269644], [12.501567, -2.1272646], [12.5017815, -2.1273075], [12.5021108, -2.1272311], [12.502263, -2.1273584], [12.5022778, -2.1277203], [12.5023717, -2.1279507], [12.5026184, -2.1280526], [12.5030744, -2.1278972], [12.5034285, -2.1279374], [12.5036752, -2.1283743], [12.503879, -2.1284011], [12.5040078, -2.1281331], [12.5042116, -2.1281867], [12.5044504, -2.1284841], [12.5043886, -2.1286744], [12.5045174, -2.1292159], [12.5045442, -2.1299342], [12.5049627, -2.1304381], [12.5051772, -2.1306365]], [[12.4471546, -1.9220507], [12.447257, -1.9227304], [12.4475055, -1.9232394], [12.4483119, -1.9234375], [12.448801, -1.9238371], [12.4490627, -1.9243327], [12.4496936, -1.9245742], [12.4499694, -1.9253373], [12.4504919, -1.9254999], [12.450806, -1.9257725], [12.4507961, -1.9264487], [12.4510669, -1.9269272], [12.4516542, -1.9275023], [12.4522389, -1.9277638], [12.4528826, -1.9283101], [12.4533806, -1.9289018], [12.4538751, -1.9292017], [12.4544877, -1.9297286], [12.4549393, -1.9300679], [12.4550165, -1.9304141], [12.4552617, -1.9306573], [12.4556844, -1.9307494], [12.4558333, -1.9312068], [12.4561346, -1.9315884], [12.4569956, -1.9318571], [12.4575724, -1.9323028], [12.4580854, -1.9325286], [12.45856, -1.932889], [12.4588974, -1.9335181], [12.4592308, -1.9339126], [12.4596017, -1.9342427], [12.4603055, -1.9343547], [12.4604167, -1.9348731], [12.4606345, -1.9351712], [12.4604091, -1.935565], [12.4603232, -1.935932], [12.4606879, -1.9359476], [12.4606765, -1.9365849], [12.4608815, -1.9368238], [12.4610164, -1.937283], [12.4613659, -1.9376724], [12.4618288, -1.9377758], [12.4619762, -1.938205], [12.4622363, -1.9383555], [12.4627767, -1.9383546], [12.4631439, -1.938758], [12.462866, -1.9391223], [12.4624699, -1.9396172], [12.4626586, -1.9399244], [12.4624137, -1.9403994], [12.4619023, -1.940556], [12.4613625, -1.940912], [12.4612983, -1.9412543], [12.4613307, -1.9415966], [12.4612385, -1.9417352], [12.4610015, -1.9417506], [12.4609274, -1.9421994], [12.4610571, -1.9425195], [12.4614346, -1.9426773], [12.4613918, -1.9429706], [12.4615314, -1.9430976], [12.4614867, -1.9433843], [12.4620053, -1.9436335], [12.4622509, -1.9438282], [12.4623797, -1.9441632], [12.4619452, -1.9444016], [12.4621174, -1.9446562], [12.4621233, -1.9450449], [12.4617511, -1.9454411], [12.4619475, -1.9459124], [12.4623671, -1.9464099], [12.462586, -1.94688], [12.4619335, -1.9478527], [12.4613116, -1.9482856], [12.4612529, -1.9488256], [12.4613716, -1.9494018], [12.4611155, -1.9497285], [12.460667, -1.949635], [12.4602563, -1.9497052], [12.4600601, -1.9499095], [12.4601808, -1.9502162], [12.4598667, -1.9504391], [12.4594185, -1.9508978], [12.4590801, -1.9511291], [12.4591415, -1.9516077], [12.4589059, -1.9520339], [12.4582832, -1.9523138], [12.4582524, -1.9526407], [12.4580176, -1.9530913], [12.4578686, -1.9536121], [12.4574414, -1.9540728], [12.4573501, -1.954911], [12.4571775, -1.9554824], [12.4573248, -1.9562589], [12.4577853, -1.9568738], [12.4577457, -1.957564], [12.4573901, -1.9579663], [12.4573216, -1.9585151], [12.4570439, -1.9588924], [12.4566843, -1.9589521], [12.4565178, -1.9595694], [12.4567642, -1.9598819], [12.456783, -1.9605201], [12.4563915, -1.9610958], [12.4561072, -1.96165], [12.4562488, -1.9621004], [12.4561383, -1.9625079], [12.456306, -1.9629949], [12.4564099, -1.9635686], [12.4564589, -1.9640147], [12.4564139, -1.964691], [12.4565854, -1.9648123], [12.4566031, -1.96509], [12.4567745, -1.9653542], [12.4568083, -1.9657766], [12.4566275, -1.9662579], [12.4565043, -1.9667878], [12.4567941, -1.9670551], [12.4570003, -1.9674974], [12.4567719, -1.967811], [12.4565528, -1.9683555], [12.4563588, -1.9688825], [12.4562684, -1.9692729], [12.4563071, -1.9699087], [12.4565778, -1.9707346], [12.4563523, -1.9710821], [12.4557351, -1.9711561], [12.4554986, -1.9717866], [12.4555922, -1.9723493], [12.4559979, -1.9728251], [12.4557972, -1.9733178], [12.4557239, -1.9738031], [12.4559503, -1.9741121], [12.4558531, -1.9745788], [12.4561868, -1.9752884], [12.456155, -1.9756422], [12.4564046, -1.9759683], [12.456268, -1.97623], [12.4558833, -1.976366], [12.4552566, -1.9765829], [12.45441, -1.9764407], [12.4539388, -1.9760867], [12.4535384, -1.9758703], [12.4531827, -1.9760516], [12.4531917, -1.9764474], [12.4529246, -1.9767261], [12.4521027, -1.9766668], [12.4514239, -1.9768379], [12.4508348, -1.9771607], [12.450137, -1.97755], [12.4496939, -1.9781038], [12.4495786, -1.9785548], [12.448977, -1.97885], [12.448686, -1.97912], [12.448096, -1.979743], [12.4474871, -1.9797764], [12.4472752, -1.9802816], [12.4468191, -1.9807023], [12.4469048, -1.9811576], [12.4466949, -1.981586], [12.4467907, -1.9819393], [12.4469489, -1.9823248], [12.4465492, -1.9827961], [12.446324, -1.9830767], [12.4460023, -1.9827569], [12.445906, -1.9830072], [12.4460996, -1.983465], [12.4460912, -1.9837608], [12.4459003, -1.9839601], [12.4455186, -1.9838333], [12.4456028, -1.984148], [12.4455029, -1.9843591], [12.4453764, -1.9846521], [12.4452621, -1.9851818], [12.4456682, -1.9853416], [12.4461881, -1.9855855], [12.4462519, -1.9860707], [12.4457743, -1.9865774], [12.445597, -1.9871377], [12.4452747, -1.9875184], [12.4456064, -1.9875721], [12.4456841, -1.9879643], [12.4453381, -1.9881316], [12.4452742, -1.9883119], [12.4455214, -1.9884065], [12.4455975, -1.9887242], [12.4454063, -1.9891452], [12.4453297, -1.9898585], [12.4448707, -1.9901004], [12.4448858, -1.9902893], [12.4451531, -1.9903883], [12.4450602, -1.9906601], [12.4448073, -1.9908299], [12.4447797, -1.9909997], [12.4450249, -1.9910927], [12.4450325, -1.9912786], [12.4448759, -1.9915111], [12.4449598, -1.9916223], [12.4451599, -1.9916087], [12.4455492, -1.9917423], [12.445583, -1.9918691], [12.4453003, -1.9919423], [12.4452714, -1.9920994], [12.4451062, -1.9921563], [12.4450657, -1.9923451], [12.44536, -1.9922508], [12.4453908, -1.9924805], [12.4456133, -1.9925754], [12.4455004, -1.9928295], [12.4457103, -1.9930043], [12.4453462, -1.9932487], [12.445294, -1.9934374], [12.445608, -1.9936004], [12.4456567, -1.9939478], [12.4460386, -1.9939291], [12.4462488, -1.9941195], [12.446165, -1.9946182], [12.4463621, -1.9948865], [12.4465795, -1.994884], [12.4466263, -1.9950868], [12.4463128, -1.9952711], [12.4460636, -1.9949836], [12.4457477, -1.9948053], [12.4455666, -1.9951458], [12.445805, -1.995194], [12.445885, -1.9953656], [12.4461736, -1.9953977], [12.4463969, -1.995698], [12.4466824, -1.9956551], [12.4465776, -1.995966], [12.4466792, -1.9962663], [12.4466544, -1.9964583], [12.446458, -1.9965593], [12.4464944, -1.9967397], [12.4467066, -1.9968324], [12.446734, -1.9969858], [12.446529, -1.9971633], [12.4465118, -1.9973194], [12.4467886, -1.9973957], [12.446949, -1.9975204], [12.4471523, -1.9974735], [12.4473658, -1.9976479], [12.4476427, -1.9975891], [12.4478531, -1.9980398], [12.4481559, -1.9979763], [12.4482144, -1.9982138], [12.4486156, -1.998167], [12.4488987, -1.9984204], [12.4491323, -1.9986483], [12.4493313, -1.9988576], [12.4495363, -1.9988045], [12.4497639, -1.9985159], [12.4501868, -1.9985714], [12.450303, -1.9987895], [12.4501155, -1.9990128], [12.4501747, -1.9993058], [12.4503146, -1.9994843], [12.450251, -1.9995948], [12.4500059, -1.9995476], [12.4498913, -1.9998177], [12.4502413, -1.9999935], [12.4505443, -1.9999913], [12.4508403, -2.0002642], [12.4510129, -2.000119], [12.4511771, -2.0003484], [12.451411, -2.0003044], [12.4515248, -2.0004094], [12.4513447, -2.0005229], [12.4510381, -2.0005461], [12.4507147, -2.0008607], [12.4509368, -2.0011574], [12.4510913, -2.0009465], [12.4511752, -2.0010824], [12.4509982, -2.0015082], [12.4511967, -2.0016337], [12.4512934, -2.0014987], [12.4514009, -2.0015075], [12.4514444, -2.0017502], [12.451381, -2.0019999], [12.4516223, -2.0023583], [12.4515486, -2.0026399], [12.4515555, -2.0027125], [12.4520305, -2.0027397], [12.4520686, -2.0029764], [12.4522476, -2.003134], [12.4521853, -2.0038225], [12.4522753, -2.0041378], [12.452263, -2.0045735], [12.4520147, -2.0048644], [12.4521188, -2.0049744], [12.4523592, -2.0048835], [12.4525074, -2.0046695], [12.4527395, -2.0046383], [12.4528389, -2.0047797], [12.4525757, -2.0049331], [12.4523716, -2.0051347], [12.4524891, -2.0057845], [12.4526489, -2.005819], [12.4527689, -2.0062572], [12.4526368, -2.0063736], [12.4526327, -2.006487], [12.4529238, -2.0065414], [12.4529265, -2.0067574], [12.4527387, -2.0068999], [12.4526851, -2.0071205], [12.4527865, -2.0073146], [12.4527617, -2.0075209], [12.452576, -2.0075343], [12.4523977, -2.0077111], [12.4525776, -2.0078609], [12.4527764, -2.0077962], [12.4528735, -2.0079883], [12.4526387, -2.0082438], [12.4525987, -2.0085184], [12.4530147, -2.0089323], [12.4532137, -2.0087953], [12.4533245, -2.0089921], [12.4534246, -2.0092587], [12.453657, -2.009052], [12.4539082, -2.009132], [12.4540257, -2.0092686], [12.4539609, -2.0094051], [12.4537693, -2.0093716], [12.4536589, -2.009541], [12.4538705, -2.0098015], [12.4541088, -2.0098368], [12.4541648, -2.0100651], [12.4540116, -2.010333], [12.4541748, -2.0105097], [12.4543941, -2.0105201], [12.4543392, -2.0108305], [12.4546477, -2.0110651], [12.4547927, -2.0108588], [12.4550612, -2.0109181], [12.4551836, -2.0110827], [12.4549626, -2.0112527], [12.4548909, -2.0115229], [12.4545089, -2.0118305], [12.4545615, -2.0119986], [12.4548811, -2.0120507], [12.4551771, -2.0119995], [12.455281, -2.0121115], [12.4551721, -2.0124374], [12.4554341, -2.0129143], [12.4552507, -2.0130696], [12.4551953, -2.0132301], [12.4554157, -2.0133477], [12.4555342, -2.013133], [12.4557069, -2.0131538], [12.4559021, -2.0134743], [12.4560457, -2.0132198], [12.4562214, -2.0131986], [12.4563006, -2.0135741], [12.4562366, -2.0138431], [12.4564786, -2.0138502], [12.4566622, -2.0136662], [12.4568642, -2.0138945], [12.4568815, -2.0144047], [12.4570115, -2.0146683], [12.4573251, -2.0147559], [12.4574763, -2.0149829], [12.457381, -2.0152629], [12.4573823, -2.0154196], [12.4575351, -2.0154435], [12.4576261, -2.0155664], [12.4574326, -2.0159624], [12.4573568, -2.0162289], [12.4574948, -2.016258], [12.4575991, -2.0160267], [12.4578292, -2.0158535], [12.4579559, -2.0159626], [12.4578091, -2.0162325], [12.4578693, -2.0164828], [12.4575784, -2.0167753], [12.4573626, -2.0168641], [12.4574888, -2.0175135], [12.4576662, -2.017783], [12.4576777, -2.0183433], [12.4575203, -2.0185948], [12.4574542, -2.018814], [12.4576866, -2.0189202], [12.4577224, -2.0193684], [12.4578242, -2.01978], [12.4576738, -2.0202078], [12.4579484, -2.0207283], [12.4578774, -2.0212814], [12.4581015, -2.0216737], [12.4580029, -2.0219387], [12.4579043, -2.0220858], [12.4579003, -2.0223049], [12.4578278, -2.0227431], [12.4581012, -2.0228582], [12.4581135, -2.023049], [12.4578469, -2.0230897], [12.4578823, -2.0232461], [12.4581675, -2.0234088], [12.4581373, -2.0235842], [12.4579266, -2.023624], [12.4578808, -2.0238], [12.4580119, -2.0239519], [12.4582557, -2.0238626], [12.4582922, -2.0235802], [12.4584793, -2.023607], [12.4584893, -2.0238053], [12.4583807, -2.0239606], [12.4583243, -2.0241534], [12.4584583, -2.0243567], [12.4587478, -2.0243128], [12.4588233, -2.0245261], [12.4583544, -2.0252187], [12.4580572, -2.0253216], [12.457924, -2.0256239], [12.4580451, -2.0257516], [12.4578442, -2.026217], [12.4573997, -2.0263114], [12.4571291, -2.0266391], [12.4571529, -2.0270186], [12.4570399, -2.0273548], [12.4566158, -2.0275732], [12.4565507, -2.0277847], [12.4568175, -2.0279647], [12.4568269, -2.0281394], [12.4565881, -2.0281672], [12.4565398, -2.0283084], [12.456797, -2.0285479], [12.4565606, -2.0286303], [12.4563023, -2.028452], [12.4562899, -2.0282562], [12.4561966, -2.0280203], [12.4558726, -2.0279345], [12.4557075, -2.0282668], [12.4553855, -2.0285554], [12.4550857, -2.0287061], [12.4551388, -2.0289608], [12.455106, -2.0293443], [12.45518, -2.029618], [12.4547808, -2.0296292], [12.4546434, -2.0298273], [12.4543236, -2.0299717], [12.4543063, -2.0304428], [12.454117, -2.0304866], [12.4540349, -2.0302515], [12.45386, -2.0303068], [12.4538644, -2.030664], [12.4536156, -2.0307566], [12.4532994, -2.0306162], [12.4528812, -2.0307974], [12.4523346, -2.03116], [12.4519824, -2.0310013], [12.4517965, -2.0312285], [12.4518358, -2.0316325], [12.4515694, -2.0322081], [12.4510847, -2.0324711], [12.4506024, -2.0327562], [12.450104, -2.0328214]], [[12.4511955, -1.8710214], [12.4502771, -1.8714588], [12.4493245, -1.8717806], [12.4483423, -1.8718846], [12.447143, -1.87207], [12.4465037, -1.8722297], [12.4455125, -1.8724716], [12.4449411, -1.8729285], [12.4440174, -1.8733941], [12.4432283, -1.873876], [12.442211, -1.8743512], [12.4417056, -1.8750127], [12.4416046, -1.8758513], [12.4415419, -1.8769583], [12.4416334, -1.8778943], [12.4418638, -1.8786946], [12.4425343, -1.8791438], [12.4433044, -1.879547], [12.4438696, -1.8799415], [12.4447714, -1.8801685], [12.4450984, -1.8803428], [12.4457, -1.880949], [12.445878, -1.881081], [12.4465974, -1.8819262], [12.4471984, -1.8821016], [12.447445, -1.882305], [12.447645, -1.882544], [12.4480517, -1.8830914], [12.4482391, -1.8835991], [12.4484565, -1.8841986], [12.4482478, -1.8847982], [12.447651, -1.8854806], [12.4475163, -1.8862958], [12.4473641, -1.8872625], [12.4471925, -1.8878724], [12.4474724, -1.8888756], [12.4472344, -1.8895188], [12.4471837, -1.8903001], [12.4472897, -1.8911608], [12.44759, -1.8919095], [12.4479962, -1.8925083], [12.4480928, -1.893169], [12.448195, -1.8940464], [12.4484069, -1.8949347], [12.4486884, -1.8956187], [12.4486478, -1.8964606], [12.4481777, -1.8970114], [12.4480052, -1.8978007], [12.448123, -1.8986195], [12.4479653, -1.8994624], [12.447811, -1.9003602], [12.4472486, -1.9010667], [12.4471717, -1.9017917], [12.4469028, -1.9024862], [12.4464977, -1.9032778], [12.4463312, -1.9040286], [12.445946, -1.9049445], [12.4455129, -1.9058529], [12.4453818, -1.9066245], [12.4451861, -1.9073899], [12.4444396, -1.907946], [12.443486, -1.9081267], [12.4428609, -1.9083984], [12.4420044, -1.9090927], [12.4418421, -1.9098185], [12.4421546, -1.910703], [12.4426961, -1.910938], [12.4427297, -1.9114665], [12.4421625, -1.91192], [12.4421964, -1.9127435], [12.4429663, -1.9134399], [12.4432671, -1.914175], [12.4443142, -1.9145316], [12.4447075, -1.9147578], [12.444897, -1.9152736], [12.4452813, -1.9156045], [12.4448555, -1.9159354], [12.4443716, -1.9164282], [12.4444157, -1.9171637], [12.4445944, -1.9178812], [12.4452352, -1.9182814], [12.4457364, -1.9186086], [12.4458905, -1.9194943], [12.4465167, -1.9194794], [12.4469761, -1.9200883], [12.4468278, -1.9206005], [12.446986, -1.9209433], [12.4469255, -1.9216444], [12.4471546, -1.9220507]], [[12.4324931, -2.5227471], [12.4324598, -2.5229176], [12.4320817, -2.5235822], [12.432543, -2.5250238], [12.4324571, -2.5255758], [12.4319904, -2.5256348], [12.4311053, -2.5251042], [12.4304455, -2.5252382], [12.4295792, -2.526034], [12.4287021, -2.5264226], [12.4284553, -2.527055], [12.428568, -2.527682], [12.4284446, -2.5280089], [12.4280047, -2.5285555], [12.4280154, -2.5290914], [12.4275916, -2.5296113], [12.4271678, -2.5303133], [12.4265402, -2.5306028], [12.4264088, -2.5310154], [12.4259569, -2.5312539], [12.4252904, -2.5312352], [12.4247753, -2.5315781], [12.4245393, -2.532232], [12.4243033, -2.5328644], [12.4240672, -2.5333681], [12.4237454, -2.5335932], [12.4234772, -2.5340541], [12.4234986, -2.5343864], [12.4237239, -2.5347937], [12.42396, -2.5352331], [12.4240029, -2.535769], [12.4240672, -2.5375268], [12.4240243, -2.5380735], [12.424078, -2.5383736], [12.4242282, -2.5387487], [12.4242604, -2.538947], [12.4241584, -2.5393597], [12.4240243, -2.5396544], [12.423917, -2.540126], [12.4239063, -2.5404797], [12.4240029, -2.5408281], [12.4241853, -2.5411818], [12.4244428, -2.5415355], [12.4244964, -2.5418892], [12.4243569, -2.5422214], [12.4241423, -2.5426609], [12.4239063, -2.5430467], [12.4234342, -2.5433683], [12.4227261, -2.543647], [12.4219108, -2.5439471], [12.4213099, -2.5443115], [12.421031, -2.5448153], [12.4210203, -2.5453083], [12.420913, -2.5456834], [12.4208701, -2.5458121], [12.4206769, -2.5458871], [12.4204194, -2.5458656], [12.4200976, -2.5455441], [12.4196899, -2.5451904], [12.4193144, -2.5451047], [12.4185097, -2.5451047], [12.417748, -2.5451368], [12.417233, -2.5448582], [12.4168467, -2.5448689], [12.4165678, -2.5452118], [12.4160313, -2.545244], [12.4158597, -2.5451689], [12.4157953, -2.5448474], [12.4159133, -2.5445526], [12.415672, -2.5443838], [12.4153125, -2.5445794], [12.4150765, -2.5446652], [12.4146473, -2.5442365], [12.4139285, -2.5443758], [12.4135637, -2.5446009], [12.4133277, -2.5441936], [12.4129844, -2.5437756], [12.4123728, -2.5439257], [12.4120617, -2.5447509], [12.4117505, -2.5459299], [12.411654, -2.5470017], [12.411088, -2.5472295], [12.4108439, -2.5476074], [12.4103772, -2.547677], [12.4102914, -2.5478753], [12.4104737, -2.5482772], [12.4118363, -2.5491025], [12.4123031, -2.5495313], [12.4123943, -2.5500886], [12.4112999, -2.5510291], [12.4110746, -2.551841], [12.4106025, -2.5523287], [12.40924, -2.5530361], [12.4090308, -2.5535131], [12.4092614, -2.5539793], [12.4102592, -2.5543223], [12.4108922, -2.5559515], [12.4106455, -2.5567446], [12.4107527, -2.5591883], [12.4105167, -2.5594911], [12.4105811, -2.5597617], [12.4113107, -2.5602387], [12.4117894, -2.5610774], [12.4116674, -2.5619053], [12.4112517, -2.5624466], [12.4105274, -2.5622001], [12.4100232, -2.5616428], [12.4095296, -2.5614231], [12.4081349, -2.5610533], [12.4077406, -2.5611203], [12.4074965, -2.5616267], [12.4070298, -2.5618893], [12.406268, -2.5626047], [12.4061608, -2.5631165], [12.4055814, -2.5638186], [12.4051523, -2.5647618], [12.4042028, -2.5650726], [12.4036824, -2.5655013], [12.4037039, -2.5665731], [12.4041759, -2.5676395], [12.4039076, -2.5682129], [12.402663, -2.5686737], [12.4006782, -2.5684406], [12.3997663, -2.5684648], [12.3991441, -2.5688989], [12.3985661, -2.5687636], [12.3982885, -2.568982], [12.3982482, -2.5695902], [12.3986398, -2.5713855], [12.3983662, -2.5731379], [12.397524, -2.5734433], [12.3965718, -2.5732183], [12.3947935, -2.5737542], [12.3942625, -2.5743329], [12.3940915, -2.5753245], [12.3933304, -2.5758231], [12.3925164, -2.5760485], [12.3918968, -2.5767351], [12.3908293, -2.5773581], [12.3905396, -2.5780467], [12.3895525, -2.5786952], [12.3884582, -2.5803832], [12.387278, -2.5813746], [12.3853951, -2.5835718], [12.3847138, -2.585008], [12.3845368, -2.5866371], [12.3842632, -2.588352], [12.3843383, -2.5904634], [12.3841881, -2.592189], [12.3830186, -2.5934591], [12.3827075, -2.5944505], [12.3826431, -2.5966851], [12.3823856, -2.5978588], [12.3810446, -2.5987591], [12.3791671, -2.5993378], [12.377901, -2.5992146], [12.3749398, -2.5984911], [12.3722147, -2.5983464], [12.3707556, -2.5989305], [12.3692213, -2.6006239], [12.3677676, -2.6030622], [12.3663246, -2.6035177], [12.365139, -2.6041287], [12.3646723, -2.6049432], [12.3653482, -2.6058864], [12.3659705, -2.6069581], [12.3660135, -2.6079012], [12.3649674, -2.6099216], [12.3639427, -2.6113631], [12.3627358, -2.613587], [12.3614081, -2.6146722], [12.3605525, -2.6156287], [12.3597102, -2.6169952], [12.3582994, -2.6181581], [12.3566471, -2.6186136], [12.3553704, -2.6193156], [12.3534499, -2.621995], [12.3525809, -2.6224987], [12.3518836, -2.6224559], [12.3512935, -2.6219843], [12.3512881, -2.6212555], [12.3520981, -2.6193692], [12.3525809, -2.6175633], [12.3526024, -2.6161646], [12.3520606, -2.6153474], [12.3512184, -2.614498], [12.3500275, -2.6141925], [12.3486435, -2.6142837], [12.3479032, -2.6150071], [12.3476886, -2.6158967], [12.3467337, -2.6183832], [12.3466908, -2.6200739], [12.3471522, -2.6215074], [12.347238, -2.6225952], [12.3476456, -2.6246315], [12.3474284, -2.6260088], [12.3469322, -2.6269251], [12.3448884, -2.6280291], [12.3442661, -2.6288007], [12.3435687, -2.6294437], [12.342453, -2.6295509], [12.340983, -2.6290365], [12.3397291, -2.6288275]], [[12.3397291, -2.6288275], [12.3387649, -2.6292401], [12.3377376, -2.6302368], [12.3376357, -2.6310084], [12.3368632, -2.6337307], [12.336638, -2.6345293], [12.3361765, -2.6356384], [12.335869, -2.6362288], [12.3356348, -2.6365281], [12.3353934, -2.6366941], [12.3351091, -2.6367103], [12.3336392, -2.6361958], [12.3330973, -2.635893], [12.3329472, -2.6355421], [12.3328828, -2.6352258], [12.3331082, -2.6341434], [12.3331135, -2.6338272], [12.333017, -2.6335218], [12.332164, -2.6317051], [12.3318797, -2.6314158], [12.3316544, -2.6313087], [12.3313969, -2.6313192], [12.3311448, -2.6314373], [12.3309463, -2.6316194], [12.3307747, -2.6319088], [12.3306512, -2.6323643], [12.3305762, -2.6331146], [12.3305225, -2.6335486], [12.330391, -2.6341059], [12.3301201, -2.6346203], [12.3298413, -2.6348347], [12.329353, -2.6350382], [12.3286074, -2.6350383], [12.3278134, -2.6349471], [12.327159, -2.6347543], [12.3267889, -2.6347489], [12.3260593, -2.6348347], [12.325421, -2.634899], [12.3247288, -2.634915], [12.3232055, -2.6347061], [12.3227869, -2.6347275], [12.3223311, -2.6348347], [12.3205714, -2.6354455], [12.3202121, -2.6357671], [12.3200405, -2.6360404], [12.3199974, -2.6362601], [12.3200458, -2.6364691], [12.320153, -2.6366727], [12.3203838, -2.6367853], [12.3207055, -2.6368388], [12.3210864, -2.6369138], [12.3213816, -2.6370372], [12.3216122, -2.637289], [12.3217303, -2.6374766], [12.3218723, -2.6377578], [12.3218751, -2.63805], [12.3218321, -2.6385804], [12.3217624, -2.6388216], [12.3215747, -2.6390252], [12.3214244, -2.6391538], [12.3211991, -2.6391538], [12.3209792, -2.6389717], [12.3206305, -2.638484], [12.3204857, -2.6383393], [12.3202711, -2.6382643], [12.3200619, -2.6383179], [12.3189568, -2.6391324], [12.3183667, -2.6396468], [12.3183024, -2.639813], [12.3183292, -2.6400702], [12.3183989, -2.6402255], [12.3194236, -2.641008], [12.3196568, -2.6412034], [12.3197561, -2.6414206], [12.3198741, -2.6418385], [12.3201853, -2.6421547], [12.3206412, -2.6425726], [12.3210422, -2.6429933], [12.3211831, -2.6431729], [12.3212715, -2.6433818], [12.3211724, -2.6436605], [12.3209684, -2.6438158], [12.3201476, -2.6440676], [12.3196918, -2.644116], [12.3191606, -2.644073], [12.318576, -2.6438535], [12.3180662, -2.6435854], [12.3176104, -2.6431461], [12.3165106, -2.6419725], [12.3159152, -2.6415974], [12.3154538, -2.6413615], [12.3151374, -2.6413349], [12.3148584, -2.6414205], [12.3147136, -2.6415385], [12.3145956, -2.6418064], [12.314566, -2.6420046], [12.3147029, -2.6422566], [12.3148959, -2.6426262], [12.3148905, -2.6432907], [12.3145366, -2.6438427], [12.3143756, -2.64425], [12.3142361, -2.6447268], [12.3142575, -2.6462166], [12.3141396, -2.647074], [12.3139732, -2.6477599], [12.3137373, -2.6480279], [12.3134905, -2.6481726], [12.3132168, -2.6482207], [12.3116505, -2.64791], [12.311248, -2.6477921], [12.3108458, -2.6474706], [12.309966, -2.646656], [12.3094672, -2.6465382], [12.3091507, -2.6465274], [12.3088931, -2.6466346], [12.3079276, -2.6470847], [12.3074394, -2.6473259], [12.307037, -2.647701], [12.3067743, -2.6480386], [12.3064577, -2.6482475], [12.3062485, -2.6483012], [12.3056209, -2.6482744], [12.3052883, -2.6483118], [12.3042369, -2.6493031], [12.3037004, -2.6495871], [12.3032283, -2.6495603], [12.3022788, -2.6487512], [12.3012863, -2.6487458], [12.2990548, -2.6501284], [12.2987758, -2.6507018], [12.2987007, -2.6520254], [12.2980463, -2.6537615], [12.2946452, -2.657652], [12.2926711, -2.6594096], [12.2910082, -2.6599562], [12.2894739, -2.6600526], [12.2879772, -2.6596132], [12.287296, -2.6598812], [12.2870546, -2.6604117], [12.2880899, -2.6621211], [12.2883152, -2.6630213], [12.287886, -2.6635036], [12.2850107, -2.6648754], [12.2822856, -2.6672439], [12.2806441, -2.6685193], [12.2794747, -2.6683692], [12.2777473, -2.6681602], [12.2764706, -2.6686371], [12.2748076, -2.6687229], [12.2728442, -2.6680477], [12.2711705, -2.6681013], [12.2705483, -2.6686693], [12.2703605, -2.6710003], [12.269765, -2.6720881], [12.2686922, -2.6731384], [12.2674799, -2.6744137], [12.2664016, -2.6746441], [12.2661387, -2.6741458], [12.2656345, -2.6738028], [12.2648298, -2.6739422], [12.2636604, -2.6745317], [12.263238, -2.6749985], [12.2626519, -2.6756462], [12.2622335, -2.6771895], [12.2628343, -2.6788506], [12.2641325, -2.6805439], [12.2648326, -2.6814361], [12.2656184, -2.6818996], [12.2662031, -2.6825051], [12.2668897, -2.682816], [12.2675228, -2.6823444], [12.2676515, -2.6812513], [12.2681772, -2.6811227], [12.2689712, -2.6819158], [12.2706342, -2.6821891], [12.2718358, -2.6820551], [12.2729623, -2.6812191], [12.2734451, -2.681187], [12.2737025, -2.6815084], [12.2737562, -2.6828052], [12.274754, -2.6832232], [12.2752046, -2.6827302], [12.2756552, -2.6827517], [12.2761488, -2.683116], [12.2768569, -2.6834161], [12.2775435, -2.6836305], [12.278316, -2.6843807], [12.2787666, -2.6854524], [12.2787881, -2.6864169], [12.2790456, -2.6882817], [12.2791743, -2.6898249], [12.2791099, -2.6911324], [12.278831, -2.6920541], [12.2784447, -2.6925042], [12.2777152, -2.69274], [12.2769427, -2.6928471], [12.2762775, -2.6926971], [12.2756123, -2.6921612], [12.275269, -2.6916254], [12.2748613, -2.6908752], [12.2740459, -2.690275], [12.2735524, -2.689975], [12.2731662, -2.6899107], [12.2724795, -2.6901464], [12.2721362, -2.6905537], [12.2720504, -2.6911753], [12.2720933, -2.6917111], [12.271986, -2.6923327], [12.271868, -2.6928043], [12.271471, -2.693533], [12.2709131, -2.6940046], [12.2705912, -2.6946047], [12.2702801, -2.6950441], [12.2699475, -2.6950441], [12.2697329, -2.6948191], [12.2697437, -2.6945619], [12.269851, -2.6941225], [12.2698402, -2.6939081], [12.2697115, -2.693608], [12.2694433, -2.6934366], [12.269057, -2.6932329], [12.2681987, -2.6924506], [12.2673297, -2.6917862], [12.2670615, -2.6915932], [12.266525, -2.6914432], [12.2660744, -2.6915504], [12.2651946, -2.6919362], [12.2643471, -2.692322], [12.2634566, -2.6927721], [12.2628665, -2.6928257], [12.2623086, -2.6926435], [12.2614717, -2.6920969], [12.2607636, -2.6915611], [12.2600555, -2.6913467], [12.2589826, -2.6909609], [12.2577166, -2.6907252], [12.2569442, -2.6903608], [12.2565794, -2.6901464], [12.2556245, -2.6902536], [12.2552383, -2.690618], [12.2549486, -2.6915397], [12.2541546, -2.6929007], [12.2535109, -2.6931686], [12.2529316, -2.6926221], [12.2525024, -2.6918826], [12.2518694, -2.6917058], [12.2517944, -2.6907358], [12.2514617, -2.6902965], [12.2500133, -2.6905966], [12.2483825, -2.6908966], [12.2468805, -2.691754], [12.2463441, -2.6920755], [12.2455609, -2.6923756], [12.2453999, -2.6927614], [12.2460866, -2.6932329], [12.2460866, -2.6938974], [12.2455716, -2.6944332], [12.2440052, -2.6952049], [12.2429108, -2.6955692], [12.2418165, -2.6963837], [12.2413444, -2.6973483], [12.2402286, -2.6974126], [12.2394132, -2.6970482], [12.2380399, -2.6972197], [12.2373962, -2.6974769], [12.2367739, -2.6976055], [12.2358942, -2.6979484], [12.235111, -2.6990951], [12.2338557, -2.6990737], [12.2331476, -2.6986235], [12.2325468, -2.6984414], [12.2316026, -2.6990201], [12.2307443, -2.6990951], [12.2297144, -2.699004], [12.2288775, -2.6983235], [12.2281909, -2.6985486], [12.2270322, -2.6988058], [12.2260451, -2.6981842], [12.224586, -2.6973911], [12.2234434, -2.6969249], [12.2220218, -2.6960301], [12.2213888, -2.6960837], [12.221024, -2.6963837], [12.2209382, -2.6969196], [12.2211313, -2.6975197], [12.2209382, -2.6982913], [12.2203588, -2.6989344], [12.2190499, -2.6994488], [12.2176552, -2.6996202], [12.2166466, -2.6994702], [12.2158098, -2.6989129], [12.213943, -2.6964266], [12.2130632, -2.6960622], [12.2115826, -2.6961051], [12.2101235, -2.6965338], [12.2096085, -2.6973268], [12.2095656, -2.6983556], [12.209351, -2.6996202], [12.2082138, -2.7013992], [12.2071624, -2.7017636], [12.2064113, -2.7027496], [12.205596, -2.702921], [12.2036218, -2.7019565], [12.2028494, -2.7017422], [12.2022486, -2.702621], [12.2016477, -2.7033712], [12.2008753, -2.7038856], [12.199738, -2.7035855], [12.1985578, -2.7037999], [12.1974634, -2.704893], [12.1964121, -2.7055788], [12.1939873, -2.705836], [12.192421, -2.7062219], [12.1907902, -2.7075507], [12.1890306, -2.7076365], [12.186799, -2.7069934], [12.1845674, -2.7070792], [12.182765, -2.707315], [12.1809839, -2.7089011], [12.1774005, -2.7133378], [12.1752548, -2.7157169], [12.173109, -2.7166386], [12.1730876, -2.7166601], [12.1696973, -2.7168958], [12.1666073, -2.7168529], [12.1639681, -2.7175388], [12.1617579, -2.7189534], [12.1593332, -2.721354], [12.1577024, -2.7229829], [12.1555137, -2.7251262], [12.1537541, -2.7268838], [12.1512651, -2.7279555], [12.1489477, -2.7291986], [12.1483898, -2.7303989], [12.1486473, -2.7327565], [12.1493768, -2.7346426], [12.1505785, -2.7370432], [12.1503639, -2.7383292], [12.1495485, -2.7393579], [12.1471452, -2.7403439], [12.1428108, -2.7410083], [12.1404075, -2.7402581], [12.1392917, -2.7392293], [12.1379184, -2.7371289], [12.1344423, -2.7298845], [12.1334982, -2.7267338], [12.1319747, -2.7232187], [12.1311808, -2.7219327], [12.1301937, -2.7212468], [12.1289491, -2.7209896], [12.1271038, -2.7210325], [12.1251511, -2.7212896], [12.1231556, -2.7217612], [12.1203231, -2.7220398], [12.117834, -2.7217183], [12.1159029, -2.7206681], [12.1141433, -2.7197679], [12.1120405, -2.7189963], [12.1106242, -2.7187605], [12.1092725, -2.7191464], [12.1086073, -2.7211611], [12.1081566, -2.7238616], [12.1093369, -2.7266481], [12.1092081, -2.7272375], [12.1078133, -2.7279126], [12.1070086, -2.7280626], [12.1066921, -2.728652], [12.1067404, -2.7291128], [12.1064722, -2.7295415], [12.1067243, -2.7307204], [12.106204, -2.7313848], [12.1036291, -2.7327136], [12.1026635, -2.732928], [12.1018589, -2.7337853], [12.1019715, -2.734214], [12.1022129, -2.7347284], [12.1021485, -2.7352213], [12.1007215, -2.7358107], [12.0998954, -2.7359286], [12.0979213, -2.7369146], [12.0959043, -2.740151], [12.0956039, -2.7418442], [12.0962261, -2.7431516], [12.096033, -2.7442447], [12.0951103, -2.7459379], [12.0948636, -2.747749], [12.0947885, -2.7488314], [12.0953679, -2.7495816], [12.0950299, -2.750171], [12.094692, -2.7505835], [12.0944452, -2.7511033], [12.0943272, -2.751473], [12.0943111, -2.7518106], [12.0943164, -2.7520892], [12.0941287, -2.7522446], [12.0935171, -2.7526089], [12.0927608, -2.7528286], [12.0919239, -2.7530323], [12.090733, -2.7532305], [12.0898747, -2.7535037], [12.0892954, -2.7538146], [12.0884854, -2.7544093], [12.0874929, -2.7551541], [12.0872784, -2.7554381], [12.0870423, -2.7558614], [12.0869135, -2.7561936], [12.0868868, -2.7565151], [12.0869672, -2.756917], [12.0869887, -2.7571045], [12.0869457, -2.757351], [12.0866454, -2.7576725], [12.0861518, -2.7581118], [12.0857549, -2.7581815], [12.0855456, -2.7581601], [12.0853794, -2.7579725], [12.0852023, -2.7577582], [12.0850521, -2.7577207], [12.0848322, -2.7577368], [12.0845532, -2.7578118], [12.0841777, -2.7581225], [12.0801705, -2.7584923], [12.0798111, -2.7589048], [12.0803475, -2.7602122], [12.0813989, -2.7619483], [12.0816427, -2.7627453], [12.082107, -2.764263], [12.0822787, -2.7674136], [12.0822787, -2.7721288], [12.0831156, -2.7738863], [12.0847463, -2.774765], [12.0869993, -2.775858], [12.0883298, -2.7777227], [12.0888662, -2.7810018], [12.0880508, -2.7828236], [12.0866346, -2.783788], [12.0845532, -2.7838309], [12.0818495, -2.7830379], [12.0808195, -2.7833165], [12.0799183, -2.7850312], [12.0770216, -2.7855241], [12.0738887, -2.7853097], [12.0730573, -2.7855295], [12.0724081, -2.7858241], [12.0719253, -2.7862206], [12.0714211, -2.7866118], [12.0711422, -2.7868206], [12.0709759, -2.7871422], [12.070874, -2.7877209], [12.0708042, -2.7879191], [12.0704609, -2.7881549], [12.0698494, -2.7884121], [12.0686691, -2.7888032], [12.0684975, -2.7889479], [12.0683956, -2.7891783], [12.0683526, -2.7897462], [12.0682669, -2.7903249], [12.068138, -2.7906357], [12.0677626, -2.7910643], [12.0671511, -2.7918252], [12.0668792, -2.7922888], [12.0665288, -2.7928861], [12.0661747, -2.7934004], [12.0658314, -2.7935398], [12.0654666, -2.7935719], [12.0644903, -2.793379], [12.0629024, -2.7928861], [12.0615291, -2.7924466], [12.0608103, -2.7923717], [12.0599627, -2.7925002], [12.059319, -2.792661], [12.0586645, -2.7929771], [12.058171, -2.7934969], [12.0574415, -2.7941184], [12.0571625, -2.7946542], [12.0569909, -2.7953936], [12.0566797, -2.7970117], [12.0565081, -2.7974725], [12.0561218, -2.7981691], [12.055596, -2.7986727], [12.0545125, -2.7993907], [12.0535791, -2.8001033], [12.0533001, -2.8002373], [12.052989, -2.8003444], [12.0523131, -2.8003552], [12.0510471, -2.8002266], [12.0504141, -2.800098], [12.0498133, -2.8000551], [12.0491695, -2.8002587], [12.0487189, -2.8006337], [12.0478606, -2.8021554], [12.0467448, -2.8037522], [12.0464444, -2.8043844], [12.0461118, -2.8052845], [12.0461118, -2.8057024], [12.0463371, -2.8061739], [12.0467662, -2.806549], [12.0476567, -2.8073635], [12.0480859, -2.8080707], [12.0481396, -2.8090351], [12.0478821, -2.8097852], [12.0473671, -2.8106425], [12.0467448, -2.8110711], [12.0460796, -2.8112426], [12.045114, -2.8111783], [12.0442343, -2.8108782], [12.0437192, -2.8105675], [12.0432042, -2.8098602], [12.0429682, -2.8093245], [12.0425498, -2.8087993], [12.0419919, -2.8083814], [12.0412087, -2.8080064], [12.0404362, -2.8077278], [12.0393848, -2.8072991], [12.0384407, -2.806699], [12.0380652, -2.8062382], [12.0379901, -2.8057346], [12.0380545, -2.8051666], [12.0382476, -2.8045558], [12.0386445, -2.8039343], [12.0390415, -2.8035271], [12.0397711, -2.8029484], [12.0401788, -2.8023912], [12.0405864, -2.8014053], [12.0409405, -2.800023], [12.0410478, -2.7988656], [12.0409512, -2.798019], [12.0406723, -2.7974833], [12.0402216, -2.7970975], [12.0393204, -2.796701], [12.0381081, -2.7964331], [12.0372388, -2.7964338]]]}}]}